o Touchpad
v 24.753216 -19.172167 56.256824
v 24.915758 -19.267651 56.168049
v 27.240196 -19.174469 56.153736
v 27.968433 -19.254841 56.076973
v 21.580837 -19.171867 56.377129
v 21.542603 -19.281364 56.267136
v 25.072393 -19.440702 56.083977
v 17.714645 -19.485842 56.250820
v 17.748678 -19.296278 56.372028
v 17.793217 -19.172367 56.504044
v 21.513577 -19.462624 56.165146
v 21.502666 -19.787306 56.079369
v 25.342533 -20.178049 55.913727
v 17.699333 -20.202671 56.037231
v 21.501165 -20.190361 55.975681
v 25.217625 -19.768890 56.009510
v 17.701633 -19.806623 56.151333
v 13.402467 -19.828543 56.232708
v 8.707051 -19.540791 56.444794
v 8.699645 -20.231897 56.183060
v 13.399464 -20.216682 56.106895
v 8.702847 -19.852364 56.321686
v 13.411874 -19.512064 56.345104
v 13.433393 -19.312990 56.480427
v 13.460818 -19.172569 56.627254
v 8.712457 -19.331207 56.585114
v 8.718461 -19.172668 56.734043
v 3.701004 -19.172569 56.812008
v 3.701674 -19.350525 56.678696
v -1.454055 -19.587032 56.597721
v 3.701634 -19.571318 56.546383
v -1.454055 -19.360434 56.722633
v -1.454055 -19.172468 56.843742
v -6.609114 -19.172569 56.812008
v -6.609784 -19.350525 56.678696
v -11.620567 -19.331207 56.585114
v -11.615162 -19.540791 56.444794
v -6.609745 -19.571318 56.546383
v -11.626572 -19.172668 56.734043
v -16.368929 -19.172569 56.627254
v -16.341503 -19.312990 56.480427
v -20.622755 -19.485842 56.250820
v -20.701326 -19.172367 56.504044
v -20.656788 -19.296278 56.372028
v -16.319984 -19.512064 56.345104
v -16.310577 -19.828543 56.232708
v -11.610958 -19.852364 56.321686
v -20.607445 -20.202671 56.037231
v -16.307575 -20.216682 56.106895
v -20.609745 -19.806623 56.151333
v -11.607756 -20.231897 56.183060
v -16.305271 -20.631046 55.931339
v -11.605453 -20.645258 55.996098
v -6.604901 -20.660471 56.064957
v -6.606331 -20.248110 56.264034
v -6.608273 -19.877787 56.416363
v -1.454055 -19.890900 56.465111
v -1.454055 -20.256517 56.305771
v 3.696790 -20.660471 56.064957
v -1.454055 -20.668278 56.100384
v 3.698221 -20.248110 56.264034
v 3.700163 -19.877787 56.416363
v -1.454055 -21.128181 55.828453
v 3.695509 -21.119774 55.799927
v -6.602148 -21.631224 55.449722
v -6.603620 -21.119774 55.799927
v 3.694037 -21.631224 55.449722
v -1.454055 -21.638329 55.469139
v -1.454055 -22.175100 55.041962
v 3.692296 -22.711370 54.559639
v -1.454055 -22.714674 54.566147
v 3.692816 -22.169996 55.030849
v -6.600407 -22.711370 54.559639
v -6.600927 -22.169996 55.030849
v -11.598847 -22.159986 55.009434
v -16.298666 -22.150679 54.989216
v -16.300770 -21.604099 55.376751
v -11.597946 -22.705065 54.547028
v -11.600850 -21.617212 55.412186
v -16.297865 -22.699158 54.535019
v -16.297565 -23.246838 54.013859
v -11.597646 -23.249943 54.021263
v -20.600437 -22.142172 54.970802
v -20.599737 -22.693754 54.524109
v -20.599537 -23.243837 54.007057
v -20.599436 -23.789715 53.422043
v -24.403070 -23.788614 53.419140
v -24.403172 -23.241335 54.001049
v -24.403372 -22.688950 54.514496
v -16.297464 -23.791018 53.425243
v -20.599436 -24.344902 52.741844
v -11.597547 -23.792316 53.428848
v -16.297464 -24.345200 52.742641
v -11.597547 -24.345604 52.743446
v -16.297367 -24.923109 51.939144
v -11.597547 -24.923109 51.939144
v -6.600156 -24.923109 51.939144
v -6.600186 -23.793818 53.432655
v -6.600166 -24.345901 52.744442
v -1.454055 -24.346102 52.744946
v 3.692046 -24.923109 51.939144
v -1.454055 -24.923109 51.939144
v 3.692055 -24.345901 52.744442
v 3.692075 -23.793818 53.432655
v -1.454055 -23.794519 53.434547
v -1.454055 -23.255146 54.033279
v 3.692146 -23.253345 54.029175
v -6.600256 -23.253345 54.029175
v 8.689535 -23.249943 54.021263
v 8.689436 -23.792316 53.428848
v 8.689836 -22.705065 54.547028
v 13.389355 -23.791018 53.425243
v 13.389455 -23.246838 54.013859
v 13.389755 -22.699158 54.535019
v 13.390556 -22.150679 54.989216
v 17.692327 -22.142172 54.970802
v 17.691626 -22.693754 54.524109
v 8.690737 -22.159986 55.009434
v 17.691425 -23.243837 54.007057
v 17.691326 -23.789715 53.422043
v 21.494961 -23.788614 53.419140
v 21.495060 -23.241335 54.001049
v 21.495260 -22.688950 54.514496
v 25.649801 -22.683643 54.503990
v 25.619173 -22.126356 54.936867
v 25.668419 -23.238533 53.994442
v 21.495760 -22.134563 54.954487
v 21.497063 -21.581480 55.315804
v 21.498564 -21.061522 55.602856
v 25.573435 -21.570169 55.285374
v 25.512981 -21.048311 55.558613
v 17.695930 -21.073935 55.644890
v 17.693928 -21.592087 55.344425
v 13.392658 -21.604099 55.376751
v 8.695141 -21.103359 55.744572
v 8.692739 -21.617212 55.412186
v 13.395061 -21.088047 55.692532
v 13.397161 -20.631046 55.931339
v 17.697533 -20.617933 55.872189
v 8.697342 -20.645258 55.996098
v 21.499866 -20.606424 55.819843
v 25.438515 -20.594416 55.765690
v 30.148144 -20.580000 55.701435
v 30.449108 -21.032198 55.504566
v 35.846039 -21.014484 55.445614
v 29.761208 -20.164137 55.843060
v 34.468533 -20.149525 55.767895
v 35.243210 -20.564386 55.631977
v 29.257965 -19.749474 55.934242
v 33.461147 -19.729557 55.856277
v 32.249287 -19.396564 55.921936
v 28.654938 -19.418684 56.002899
v 30.860971 -19.242428 55.989990
v 29.217426 -19.193087 56.065456
v 30.694525 -21.555958 55.247444
v 36.337971 -21.540443 55.205807
v 36.711498 -22.104538 54.890030
v 31.004595 -22.676939 54.490479
v 30.880787 -22.116047 54.914551
v 36.959515 -22.669533 54.475464
v 37.109848 -23.230827 53.976425
v 37.190517 -23.784109 53.407230
v 31.119997 -23.785912 53.411835
v 31.079659 -23.234829 53.985935
v 25.675722 -24.344400 52.740242
v 31.108887 -24.344002 52.739243
v 37.168400 -24.343498 52.738140
v 25.678526 -23.787413 53.415936
v 37.010162 -24.923109 51.939144
v 31.029818 -24.923109 51.939144
v 25.621777 -25.518530 50.852589
v 30.893497 -25.518530 50.852589
v 36.737522 -25.518530 50.852589
v 25.655909 -24.923109 51.939144
v 21.494961 -24.923109 51.939144
v 21.494961 -25.518530 50.852589
v 17.691326 -24.344902 52.741844
v 21.494961 -24.344702 52.741043
v 17.691326 -24.923109 51.939144
v 17.691326 -25.518530 50.852589
v 13.389256 -26.125261 49.320347
v 13.389256 -25.518530 50.852589
v 17.691326 -26.125261 49.320347
v 13.389256 -24.923109 51.939144
v 21.494961 -26.125261 49.320347
v 25.576136 -26.125261 49.320347
v 17.676613 -26.647316 47.455212
v 21.480247 -26.647316 47.455212
v 25.510880 -26.647316 47.455212
v 25.417997 -26.988516 45.369686
v 30.493649 -26.647316 47.455212
v 30.710636 -26.125261 49.320347
v 30.254736 -26.988516 45.369686
v 21.436108 -26.988516 45.369686
v 17.549702 -27.209709 43.104099
v 21.353336 -27.209709 43.104099
v 17.632475 -26.988516 45.369686
v 25.285582 -27.209709 43.104099
v 29.628990 -27.371752 40.698494
v 29.973291 -27.209812 43.104099
v 21.222622 -27.371752 40.698494
v 25.101522 -27.371752 40.698494
v 24.893337 -27.499765 38.265858
v 21.065285 -27.499765 38.265858
v 20.902740 -27.618967 35.919502
v 24.688759 -27.618967 35.919502
v 29.268272 -27.499765 38.265858
v 28.937782 -27.618967 35.919502
v 24.436937 -27.718151 33.489971
v 33.916748 -27.499765 38.265858
v 33.418411 -27.618967 35.919502
v 32.928482 -27.718151 33.489971
v 28.583971 -27.718151 33.489971
v 28.152895 -27.786512 30.808420
v 32.389507 -27.786512 30.808420
v 31.786482 -27.816837 28.206541
v 27.660461 -27.816837 28.206541
v 24.086931 -27.786512 30.808420
v 23.677372 -27.816837 28.206541
v 20.361866 -27.786512 30.808420
v 19.980034 -27.816837 28.206541
v 19.585688 -27.802225 26.015919
v 23.247097 -27.802225 26.015919
v 27.122293 -27.802225 26.015919
v 30.228216 -27.735168 24.150785
v 22.631058 -27.737768 24.160694
v 26.384747 -27.736668 24.155989
v 31.104382 -27.802225 26.015919
v 25.294390 -27.614262 22.545780
v 29.042675 -27.608355 22.524961
v 27.559774 -27.479847 21.260153
v 24.046198 -27.488352 21.291580
v 20.651121 -27.494957 21.319906
v 21.664509 -27.618765 22.564697
v 18.271334 -27.620567 22.579708
v 19.056822 -27.738270 24.164495
v 17.493353 -27.497459 21.342525
v 14.135009 -27.497858 21.364244
v 14.709413 -27.621067 22.594223
v 15.313541 -27.738373 24.168100
v 11.480081 -27.802225 26.015919
v 15.782051 -27.802225 26.015919
v 11.053007 -27.738470 24.172403
v 10.573087 -27.621668 22.611437
v 6.305046 -27.622168 22.629454
v 10.138105 -27.498161 21.390167
v 6.665091 -27.738670 24.176908
v 5.991570 -27.498558 21.417191
v 2.071305 -27.412586 20.600073
v 2.184004 -27.499062 21.442013
v 9.845749 -27.414888 20.565544
v 5.777613 -27.413588 20.583561
v 2.347787 -27.622768 22.645967
v -1.454055 -27.738871 24.183014
v 2.539855 -27.738770 24.181013
v -1.454055 -27.623070 22.653875
v -1.454055 -27.499361 21.453821
v -1.454055 -27.412186 20.607981
v -5.255898 -27.622768 22.645967
v -5.092114 -27.499062 21.442013
v -4.979415 -27.412586 20.600073
v -1.454055 -27.343224 19.939295
v -4.892259 -27.344723 19.939295
v -8.685724 -27.413588 20.583561
v -8.521510 -27.347927 19.939295
v -8.899681 -27.498558 21.417191
v -13.481197 -27.621668 22.611437
v -9.213157 -27.622168 22.629454
v -13.046216 -27.498161 21.390167
v -12.753860 -27.414888 20.565544
v -12.532866 -27.351530 19.939295
v -16.381840 -27.355032 19.939295
v -17.043119 -27.497858 21.364244
v -16.663685 -27.416088 20.548328
v -19.894920 -27.416889 20.533817
v -23.559233 -27.494957 21.319906
v -22.802967 -27.416187 20.518602
v -22.175219 -27.359936 19.938995
v -20.401464 -27.497459 21.342525
v -19.524195 -27.357733 19.939295
v -21.179443 -27.620567 22.579708
v -25.539167 -27.737768 24.160694
v -24.572620 -27.618765 22.564697
v -17.617523 -27.621067 22.594223
v -21.964933 -27.738270 24.164495
v -18.221653 -27.738373 24.168100
v -14.388191 -27.802225 26.015919
v -13.961118 -27.738470 24.172403
v -18.690163 -27.802225 26.015919
v -22.493799 -27.802225 26.015919
v -26.585484 -27.816837 28.206541
v -26.155207 -27.802225 26.015919
v -19.084509 -27.816837 28.206541
v -22.888144 -27.816837 28.206541
v -23.269978 -27.786512 30.808420
v -23.592960 -27.718151 33.489971
v -27.345049 -27.718151 33.489971
v -26.995041 -27.786512 30.808420
v -19.789326 -27.718151 33.489971
v -19.466343 -27.786512 30.808420
v -15.164371 -27.786512 30.808420
v -15.487355 -27.718151 33.489971
v -10.888716 -27.718151 33.489971
v -10.606097 -27.786512 30.808420
v -14.782537 -27.816837 28.206541
v -10.271985 -27.816837 28.206541
v -9.926922 -27.802225 26.015919
v -5.645530 -27.802225 26.015919
v -5.842712 -27.816837 28.206541
v -6.033629 -27.786512 30.808420
v -6.195121 -27.718151 33.489971
v -1.454055 -27.816837 28.206541
v -1.454055 -27.786512 30.808420
v -1.454055 -27.718151 33.489971
v 3.125519 -27.786512 30.808420
v 3.287010 -27.718151 33.489971
v 3.395926 -27.618967 35.919502
v -1.454055 -27.618967 35.919502
v -6.304036 -27.618967 35.919502
v -6.385338 -27.499765 38.265858
v -11.221597 -27.499765 38.265858
v -1.454055 -27.499765 38.265858
v -11.079311 -27.618967 35.919502
v -15.705147 -27.618967 35.919502
v -15.867789 -27.499765 38.265858
v -20.169760 -27.499765 38.265858
v -20.007118 -27.618967 35.919502
v -23.810852 -27.618967 35.919502
v -27.801449 -27.499765 38.265858
v -27.596869 -27.618967 35.919502
v -23.973396 -27.499765 38.265858
v -24.130733 -27.371752 40.698494
v -24.261446 -27.209709 43.104099
v -28.193693 -27.209709 43.104099
v -20.457813 -27.209709 43.104099
v -20.327097 -27.371752 40.698494
v -28.009634 -27.371752 40.698494
v -32.537102 -27.371752 40.698494
v -32.881401 -27.209709 43.104099
v -37.946941 -27.209709 43.104099
v -32.176384 -27.499765 38.265858
v -36.824860 -27.499765 38.265858
v -37.388954 -27.371752 40.698494
v -36.326523 -27.618967 35.919502
v -31.845894 -27.618967 35.919502
v -31.492081 -27.718151 33.489971
v -35.836594 -27.718151 33.489971
v -31.061005 -27.786512 30.808420
v -35.297619 -27.786512 30.808420
v -34.694592 -27.816837 28.206541
v -30.568573 -27.816837 28.206541
v -30.030403 -27.802225 26.015919
v -34.012493 -27.802225 26.015919
v -33.136326 -27.735168 24.150785
v -31.950787 -27.608355 22.524961
v -29.292856 -27.736668 24.155989
v -28.202501 -27.614262 22.545780
v -26.954308 -27.488352 21.291580
v -30.467886 -27.479847 21.260153
v -25.743147 -27.412685 20.499386
v -28.699337 -27.407780 20.478067
v -26.706490 -27.374453 20.072611
v -24.550602 -27.362038 19.938194
v -33.162846 -26.988516 45.369686
v -38.426861 -26.988516 45.369686
v -38.860641 -26.647316 47.455212
v -33.401760 -26.647316 47.455212
v -39.279907 -26.125261 49.320347
v -33.618748 -26.125261 49.320347
v -39.645630 -25.518530 50.852589
v -28.418989 -26.647316 47.455212
v -28.484247 -26.125261 49.320347
v -33.801609 -25.518530 50.852589
v -28.529886 -25.518530 50.852589
v -28.564020 -24.923109 51.939144
v -24.403070 -26.125261 49.320347
v -24.403070 -25.518530 50.852589
v -24.403070 -24.923109 51.939144
v -33.937927 -24.923109 51.939144
v -40.076511 -24.343498 52.738140
v -39.918274 -24.923109 51.939144
v -34.016998 -24.344002 52.739243
v -28.583834 -24.344400 52.740242
v -24.403070 -24.344702 52.741043
v -34.028107 -23.785912 53.411835
v -28.586637 -23.787413 53.415936
v -28.576530 -23.238533 53.994442
v -33.987770 -23.234829 53.985935
v -33.912704 -22.676939 54.490479
v -28.557913 -22.683643 54.503990
v -28.527283 -22.126356 54.936867
v -33.788898 -22.116047 54.914551
v -33.602634 -21.555958 55.247444
v -28.481546 -21.570169 55.285374
v -24.403872 -22.134563 54.954487
v -24.405172 -21.581480 55.315804
v -28.421091 -21.048311 55.558613
v -24.406675 -21.061522 55.602856
v -20.604040 -21.073935 55.644890
v -20.602037 -21.592087 55.344425
v -20.605642 -20.617933 55.872189
v -16.303171 -21.088047 55.692532
v -24.407976 -20.606424 55.819843
v -24.409275 -20.190361 55.975681
v -28.250643 -20.178049 55.913727
v -28.346626 -20.594416 55.765690
v -33.056255 -20.580000 55.701435
v -37.376644 -20.149525 55.767895
v -38.151321 -20.564386 55.631977
v -38.754147 -21.014484 55.445614
v -32.669319 -20.164137 55.843060
v -33.357220 -21.032198 55.504566
v -32.166077 -19.749474 55.934242
v -27.980505 -19.440702 56.083977
v -35.157398 -19.396564 55.921936
v -36.369259 -19.729557 55.856277
v -31.563047 -19.418684 56.002899
v -28.125734 -19.768890 56.009510
v -24.410778 -19.787306 56.079369
v -24.421688 -19.462624 56.165146
v -24.450712 -19.281364 56.267136
v -27.823870 -19.267651 56.167950
v -27.661325 -19.172167 56.256824
v -24.488947 -19.171867 56.377129
v -30.876545 -19.254841 56.076973
v -30.148306 -19.174469 56.153736
v -32.125538 -19.193087 56.065456
v -33.769081 -19.242428 55.989990
v -39.246082 -21.540443 55.205807
v -39.619606 -22.104538 54.890030
v -39.867622 -22.669533 54.475464
v -40.017960 -23.230827 53.976425
v -40.098629 -23.784109 53.407230
v -11.603251 -21.103359 55.744572
v -20.599436 -24.923109 51.939144
v -20.599436 -25.518530 50.852589
v -20.599436 -26.125261 49.320347
v -16.297367 -26.125261 49.320347
v -16.297367 -25.518530 50.852589
v -11.597547 -25.518530 50.852589
v -11.597547 -26.125261 49.320347
v -6.600156 -26.125261 49.320347
v -6.600156 -25.518530 50.852589
v -1.454055 -25.518530 50.852589
v 3.692046 -25.518530 50.852589
v 3.692046 -26.125261 49.320347
v -1.454055 -26.125261 49.320347
v -1.454055 -26.647316 47.455212
v 3.662630 -26.988516 45.369686
v -1.454055 -26.988516 45.369686
v 3.684689 -26.647316 47.455212
v -6.570740 -26.988516 45.369686
v -6.592800 -26.647316 47.455212
v -11.584636 -26.647316 47.455212
v -16.238613 -26.988516 45.369686
v -16.282652 -26.647316 47.455212
v -11.546001 -26.988516 45.369686
v -11.473638 -27.209709 43.104099
v -11.359247 -27.371752 40.698494
v -6.463997 -27.371752 40.698494
v -6.529354 -27.209709 43.104099
v -16.025127 -27.371752 40.698494
v -16.155842 -27.209709 43.104099
v -1.454055 -27.209812 43.104099
v 3.555886 -27.371752 40.698494
v -1.454055 -27.371752 40.698494
v 3.621243 -27.209812 43.104099
v 8.565527 -27.209812 43.104099
v 13.117017 -27.371752 40.698494
v 8.451137 -27.371752 40.698494
v 13.247730 -27.209812 43.104099
v 8.637891 -26.988516 45.369686
v 13.330503 -26.988516 45.369686
v 13.374542 -26.647316 47.455212
v 8.676525 -26.647316 47.455212
v 8.689436 -26.125261 49.320347
v 8.689436 -25.518530 50.852589
v 8.689436 -24.923109 51.939144
v 8.689436 -24.345604 52.743446
v 13.389355 -24.345200 52.742641
v 8.313486 -27.499765 38.265858
v 12.797036 -27.618967 35.919502
v 8.171202 -27.618967 35.919502
v 12.959679 -27.499765 38.265858
v 3.477227 -27.499765 38.265858
v 17.261650 -27.499765 38.265858
v 17.099007 -27.618967 35.919502
v 17.418987 -27.371752 40.698494
v 16.881216 -27.718151 33.489971
v 12.256261 -27.786512 30.808420
v 12.579245 -27.718151 33.489971
v 20.684849 -27.718151 33.489971
v 16.558233 -27.786512 30.808420
v 16.176397 -27.816837 28.206541
v 11.874427 -27.816837 28.206541
v 7.363874 -27.816837 28.206541
v 2.737419 -27.802225 26.015919
v 2.934602 -27.816837 28.206541
v 7.018811 -27.802225 26.015919
v 7.697987 -27.786512 30.808420
v 7.980605 -27.718151 33.489971
v -1.454055 -27.802225 26.015919
v -20.584724 -26.647316 47.455212
v -24.344217 -26.988516 45.369686
v -24.388357 -26.647316 47.455212
v -20.540585 -26.988516 45.369686
v -28.326109 -26.988516 45.369686
v -5.447966 -27.738770 24.181013
v -9.573201 -27.738670 24.176908
v 1.984148 -27.344723 19.939295
v 5.613400 -27.347927 19.939295
v 9.624756 -27.351530 19.939295
v 13.473729 -27.355032 19.939295
v 13.755575 -27.416088 20.548328
v 16.616085 -27.357733 19.939295
v 16.986809 -27.416889 20.533817
v 19.894857 -27.416187 20.518602
v 19.267109 -27.359936 19.938995
v 22.835035 -27.412685 20.499386
v 21.642490 -27.362038 19.938194
v 23.798380 -27.374453 20.072611
v 25.791225 -27.407780 20.478067
v 34.480843 -27.371752 40.698494
v 35.038834 -27.209709 43.104099
v 35.518749 -26.988516 45.369686
v 35.952534 -26.647316 47.455212
v 36.371799 -26.125261 49.320347
v 66.328056 -25.149300 7.880966
v 65.198463 -24.922499 6.608660
v 65.198463 -25.996641 6.608660
v 66.328056 -26.223539 7.880965
v 66.328056 -27.081093 7.880965
v 65.198463 -26.854294 6.608660
v 63.782429 -26.708164 5.665583
v 63.782429 -25.850611 5.665583
v 63.782429 -24.776371 5.665583
v 67.424919 -25.746222 11.072323
v 67.424919 -26.820463 11.072323
v 67.316223 -27.106113 12.770210
v 67.316223 -26.031872 12.770210
v 66.779152 -26.284494 14.384625
v 66.779152 -27.358635 14.384625
v 66.779152 -28.216288 14.384625
v 67.316223 -27.963665 12.770210
v 67.424919 -27.678015 11.072323
v 67.082817 -26.512192 9.405762
v 67.082817 -25.437954 9.405762
v 67.082817 -27.369745 9.405762
v 65.836029 -27.567717 15.800666
v 65.836029 -26.493477 15.800666
v 64.563713 -26.663626 16.930258
v 64.563713 -27.737869 16.930258
v 64.563713 -28.595419 16.930258
v 65.836029 -28.425272 15.800666
v 63.038975 -27.873789 17.685118
v 63.038975 -26.799545 17.685118
v 61.372314 -26.893129 18.027119
v 61.372314 -27.967367 18.027119
v 61.372314 -28.824923 18.027119
v 63.038975 -28.731339 17.685118
v 60.470123 -24.790880 5.019818
v 60.470123 -25.865124 5.019818
v 62.168007 -25.804369 5.128513
v 62.168007 -24.730129 5.128513
v 62.168007 -26.661924 5.128512
v 60.470123 -26.722673 5.019818
v 59.674423 -28.010706 17.918425
v 59.674423 -26.936464 17.918425
v 58.060108 -26.933062 17.381353
v 58.060108 -28.007303 17.381353
v 58.060108 -28.864855 17.381353
v 59.674423 -28.868259 17.918425
v 57.278721 -25.229471 6.116700
v 57.278721 -26.303709 6.116699
v 58.803467 -26.040176 5.361888
v 58.803467 -24.965937 5.361888
v 58.803467 -26.897730 5.361887
v 57.278721 -27.161264 6.116699
v 58.060108 -26.933062 17.381353
v 58.060108 -28.007303 17.381353
v 56.643967 -27.960463 16.438326
v 56.643967 -26.886322 16.438326
v 55.514477 -26.793941 15.166011
v 55.514477 -27.868181 15.166011
v 55.514477 -28.725733 15.166011
v 56.643967 -28.818115 16.438326
v 58.060108 -28.864855 17.381353
v 55.063385 -25.896053 8.662311
v 55.063385 -26.970293 8.662311
v 56.006405 -26.629997 7.246260
v 56.006405 -25.555754 7.246260
v 56.006405 -27.487549 7.246260
v 55.063385 -27.827847 8.662311
v 54.759617 -27.728060 13.641275
v 54.759617 -26.653818 13.641275
v 54.417614 -26.458746 11.974613
v 54.417614 -27.532988 11.974613
v 54.417614 -28.390640 11.974613
v 54.759617 -28.585609 13.641275
v 54.526310 -27.275864 10.276726
v 54.526310 -26.201622 10.276726
v 54.526310 -28.133413 10.276726
v 62.806862 -21.417122 -12.246214
v 65.024109 -19.096188 -17.447372
v 63.630085 -19.060957 -17.775461
v 60.533768 -23.325499 -7.492009
v 58.906349 -23.188477 -8.069534
v 61.286335 -21.321739 -12.689803
v 67.017654 -19.043343 -17.013792
v 65.023209 -21.447449 -11.673913
v 63.132751 -23.450306 -6.715648
v 58.191521 -25.066822 -2.716433
v 66.528427 -23.455112 -5.818081
v 65.349892 -25.123672 -1.299055
v 68.007820 -21.347961 -10.982717
v 61.857231 -25.043600 -2.302977
v 61.707901 -26.218731 1.400305
v 64.009819 -27.010126 4.575878
v 62.023979 -26.956879 3.959187
v 64.515465 -26.299301 2.241112
v 60.034332 -27.025537 3.868968
v 59.117832 -26.288691 1.300818
v 56.909294 -26.744593 2.482153
v 55.001522 -27.358332 4.335637
v 53.351578 -27.048258 3.062742
v 58.174007 -27.283264 4.452470
v 55.460121 -26.184603 0.417864
v 56.507740 -27.649984 5.526501
v 58.678741 -27.489544 5.210303
v 57.117382 -27.765591 6.000756
v 55.819843 -28.103586 7.174265
v 53.313938 -27.901808 6.252607
v 55.100010 -28.045237 6.907852
v 53.990940 -28.435575 8.553504
v 53.220463 -28.787483 10.420451
v 50.320217 -28.843834 10.781267
v 51.776794 -28.391539 8.359114
v 54.862801 -28.453993 8.635886
v 54.322826 -28.767267 10.290837
v 54.368065 -28.972446 11.987021
v 55.013229 -28.406351 8.655704
v 54.475357 -28.713821 10.280228
v 54.219334 -29.030298 12.024455
v 53.014675 -29.078138 12.324217
v 51.060467 -29.426046 14.992256
v 53.599995 -29.284922 14.080559
v 54.571747 -29.229771 13.722444
v 49.797260 -29.206253 13.123919
v 44.979439 -29.458574 14.705005
v 43.088783 -29.849216 18.250313
v 45.140484 -29.748829 17.457819
v 41.565052 -29.703886 16.271177
v 43.577213 -29.359585 13.817126
v 45.828888 -28.880665 10.916184
v 42.256058 -29.756834 17.031845
v 47.701832 -29.751730 17.850163
v 48.559078 -29.599497 16.301004
v 47.297874 -28.890276 11.053105
v 49.419727 -28.340292 8.120064
v 48.119392 -28.300558 7.903645
v 50.248253 -27.652590 5.114970
v 51.387856 -27.746571 5.543365
v 52.310764 -26.877108 2.342390
v 47.467121 -28.271931 7.731343
v 49.618500 -27.599241 4.871997
v 51.693325 -26.792034 1.969914
v 49.221958 -27.565712 4.719013
v 51.313587 -26.739786 1.740594
v 53.277916 -25.751221 -1.311917
v 53.689972 -25.810871 -1.058106
v 54.402191 -25.914366 -0.621867
v 56.581207 -24.704704 -4.013830
v 55.740971 -24.592806 -4.453255
v 57.978531 -23.074375 -8.456734
v 55.278263 -24.533155 -4.694256
v 57.478291 -23.018526 -8.662133
v 55.070782 -24.458590 -4.784585
v 59.591244 -21.115158 -13.203654
v 60.332695 -21.221552 -12.996172
v 57.261108 -22.949667 -8.730534
v 59.816944 -21.176411 -13.156914
v 62.232861 -18.975481 -18.119762
v 64.681206 -16.372999 -23.475254
v 65.149422 -16.376402 -23.384876
v 64.447502 -16.329561 -23.496374
v 62.001957 -18.923536 -18.150888
v 62.733597 -18.999905 -17.999157
v 61.914986 -18.779711 -18.106251
v 64.342712 -16.041008 -23.373465
v 59.507969 -20.966328 -13.168424
v 61.902973 -18.627678 -18.040194
v 59.498264 -20.812092 -13.107170
v 64.357323 -16.190540 -23.444330
v 66.789253 -13.152676 -29.106489
v 69.073860 -10.122319 -34.619320
v 66.881836 -13.287595 -29.164040
v 66.772240 -13.005746 -29.030624
v 68.979477 -9.990104 -34.557968
v 68.960457 -9.845777 -34.477596
v 70.696777 -7.027095 -39.263992
v 70.676369 -6.884971 -39.180122
v 66.763634 -12.931681 -28.992388
v 68.950851 -9.773014 -34.437061
v 70.666153 -6.813318 -39.137882
v 68.944740 -9.727273 -34.411640
v 72.164268 -3.907070 -43.498203
v 72.157463 -3.862562 -43.471077
v 70.659645 -6.768269 -39.111259
v 72.175179 -3.977542 -43.540840
v 72.196495 -4.116854 -43.625011
v 73.733742 -1.112481 -48.041286
v 73.711624 -0.977672 -47.962116
v 73.700211 -0.908802 -47.921780
v 75.275589 2.156265 -52.386490
v 75.263481 2.223614 -52.347057
v 75.255280 2.267653 -52.319527
v 73.692909 -0.864673 -47.894756
v 73.682495 -0.804120 -47.855721
v 72.165169 -3.749413 -43.395111
v 73.698914 -0.753866 -47.815887
v 72.147957 -3.801117 -43.433044
v 75.243668 2.328746 -52.278397
v 75.258484 2.379240 -52.235256
v 73.771469 -0.740655 -47.786263
v 75.329742 2.391471 -52.201622
v 76.832954 5.695447 -56.587673
v 76.901718 5.708999 -56.547638
v 76.820648 5.641190 -56.636917
v 78.385521 8.791642 -60.379593
v 76.834259 5.576663 -56.682755
v 78.377815 8.734713 -60.435341
v 78.395226 8.667403 -60.486084
v 76.843460 5.532285 -56.712883
v 79.903549 11.144925 -63.231094
v 79.918869 11.102288 -63.265324
v 78.406540 8.623195 -60.519016
v 79.879837 11.210783 -63.178047
v 81.556801 13.368973 -64.845306
v 79.879730 11.264730 -63.117199
v 81.566612 13.321032 -64.909668
v 81.597633 13.258678 -64.963310
v 81.617653 13.218443 -64.998047
v 83.715889 15.258129 -65.728279
v 83.740417 15.220296 -65.762909
v 83.677963 15.316681 -65.674835
v 85.996094 17.194126 -65.781929
v 86.039932 17.138880 -65.834572
v 85.966866 17.230560 -65.715271
v 83.658043 15.358518 -65.608574
v 83.687469 15.346207 -65.535515
v 85.982574 17.209742 -65.639099
v 81.791206 13.289504 -64.592690
v 83.834488 15.240414 -65.329330
v 81.600136 13.366171 -64.778450
v 86.084862 17.077925 -65.422913
v 88.489975 18.459536 -64.690567
v 86.315277 16.781265 -64.936279
v 88.338547 18.802336 -65.180000
v 84.167488 15.001404 -64.863327
v 88.271194 18.954670 -65.397682
v 90.462608 20.320366 -64.635918
v 90.428375 20.522543 -64.922371
v 88.266479 18.981995 -65.473953
v 90.423676 20.489716 -64.848404
v 92.310028 21.723097 -64.028488
v 92.323944 21.761631 -64.098351
v 92.323639 21.538734 -63.825809
v 93.799637 22.533106 -62.869179
v 93.797127 22.716066 -63.074150
v 93.816750 22.755600 -63.144417
v 94.770187 23.560507 -62.203087
v 94.751968 23.529678 -62.121918
v 92.376091 21.738510 -64.155807
v 94.832138 23.541090 -62.257637
v 93.875999 22.736483 -63.198158
v 93.943359 22.695349 -63.236794
v 94.903503 23.503157 -62.292767
v 94.949638 23.478535 -62.315487
v 93.986893 22.668825 -63.261715
v 92.436646 21.692768 -64.199341
v 92.475777 21.663143 -64.227463
v 90.559891 20.411045 -65.064194
v 90.525261 20.443674 -65.032967
v 92.533623 21.619404 -64.268898
v 94.050056 22.629992 -63.298149
v 90.610542 20.363403 -65.109734
v 88.382782 18.862288 -65.623390
v 88.428520 18.812145 -65.671631
v 88.520203 18.711857 -65.768112
v 90.712120 20.267822 -65.201118
v 92.650223 21.531528 -64.352272
v 92.761124 21.414026 -64.392303
v 90.814217 20.146315 -65.246353
v 94.295067 22.444828 -63.399433
v 94.176468 22.552423 -63.371109
v 95.132896 23.379847 -62.406967
v 95.581993 24.076057 -61.516586
v 95.252007 23.291271 -62.412369
v 95.695801 24.026615 -61.559425
v 95.814789 23.961760 -61.537609
v 95.012299 23.444904 -62.346619
v 95.893562 23.889194 -61.366554
v 95.309860 23.187380 -62.278755
v 96.166206 24.464899 -60.881531
v 96.041000 24.505535 -60.927975
v 96.252983 24.415554 -60.698669
v 96.009361 23.742865 -60.855907
v 96.583374 24.705009 -59.722614
v 96.384895 24.311462 -60.165199
v 96.367088 24.814005 -60.427734
v 96.454552 24.780075 -60.244667
v 96.564362 24.996164 -59.974033
v 96.694374 25.049610 -59.343182
v 96.689064 24.936512 -59.461590
v 96.572357 25.103058 -59.848225
v 96.495499 25.093651 -60.019676
v 96.478180 25.022488 -60.159893
v 96.344269 25.034397 -60.231960
v 96.408714 25.127779 -60.044792
v 96.235069 24.835222 -60.492287
v 96.275009 25.129381 -60.062012
v 96.105446 24.847534 -60.497093
v 96.211250 25.038301 -60.244873
v 96.127670 25.040806 -60.252979
v 96.025284 24.854740 -60.500595
v 95.957222 24.860746 -60.503601
v 96.056610 25.042906 -60.259888
v 96.118561 25.131184 -60.082432
v 96.190628 25.130281 -60.073025
v 96.247276 25.143393 -59.875149
v 96.455872 25.088547 -59.360298
v 96.333855 25.142193 -59.856834
v 96.172913 25.144495 -59.890961
v 96.283607 25.088144 -59.397732
v 96.363884 25.088446 -59.380413
v 96.606491 24.973446 -58.310272
v 96.838089 24.717121 -56.492184
v 96.939484 24.727730 -56.499489
v 96.514511 24.967239 -58.315384
v 96.709488 24.980150 -58.303867
v 97.052284 24.739342 -56.507397
v 96.842690 24.987156 -58.290958
v 97.182899 24.752151 -56.514702
v 97.327522 24.280436 -53.783104
v 97.442024 24.288343 -53.790714
v 97.571732 24.297251 -53.799118
v 97.929749 23.573116 -50.483517
v 98.026131 23.524874 -50.499233
v 97.800049 23.570913 -50.481419
v 97.666023 24.254915 -53.823143
v 97.276680 24.715117 -56.543327
v 97.278885 24.577198 -56.615494
v 97.674431 24.109587 -53.877689
v 96.938881 24.824816 -58.409367
v 96.940880 24.950125 -58.312477
v 97.189201 24.263620 -56.808861
v 96.839394 24.560682 -58.641068
v 96.645325 24.106787 -59.066643
v 96.239868 23.457315 -59.815395
v 97.007240 23.699228 -57.201401
v 96.615005 22.806444 -57.925236
v 95.506531 22.606371 -61.016045
v 96.464966 21.287413 -56.913952
v 95.625435 20.853935 -58.751064
v 95.620926 21.933479 -59.920090
v 97.229843 21.953297 -54.612736
v 96.981621 20.705503 -54.508446
v 97.443420 22.986603 -54.367519
v 97.974594 22.931654 -50.670185
v 97.837776 21.999537 -50.942921
v 97.599365 23.730356 -54.035023
v 97.611069 20.779867 -51.263905
v 97.453033 17.955891 -48.000942
v 97.276978 19.473223 -51.536736
v 98.073677 20.768957 -47.305534
v 97.826065 19.386646 -47.632320
v 97.920143 17.858505 -43.867020
v 98.189774 19.403158 -43.565956
v 97.939064 16.280722 -40.117035
v 98.224312 18.010538 -39.834984
v 97.535904 14.495358 -40.413494
v 97.531898 16.260805 -44.195210
v 96.876526 14.377354 -44.610077
v 95.745438 9.631625 -41.253635
v 96.857315 12.372799 -40.775417
v 96.819077 16.301943 -48.476261
v 95.788773 14.250143 -49.123135
v 95.805389 11.975750 -45.171371
v 94.236816 9.422282 -45.920624
v 94.097397 6.733015 -41.907207
v 91.810486 4.138260 -42.795486
v 92.088928 7.083133 -46.899284
v 94.306076 12.067532 -49.946754
v 92.314926 10.021218 -50.952137
v 90.398148 11.219990 -55.621120
v 92.490784 12.777654 -54.602428
v 94.337807 14.526485 -53.578434
v 89.629578 5.156273 -47.941799
v 90.050446 8.282494 -51.997150
v 87.747437 7.022599 -52.939770
v 84.629898 2.972000 -49.731266
v 85.448212 6.141949 -53.798828
v 86.146721 9.081336 -57.340431
v 88.271194 10.004975 -56.527119
v 87.126785 3.839650 -48.882622
v 86.442986 0.672370 -44.677441
v 88.683853 -0.911496 -39.567055
v 89.165466 2.050371 -43.768738
v 83.724098 -0.189309 -45.507267
v 85.739967 -2.360296 -40.425808
v 82.793579 -3.236674 -41.228714
v 85.061577 -5.139422 -36.229130
v 81.089394 -0.728214 -46.243813
v 81.901299 -6.064803 -36.997002
v 78.887566 -6.591514 -37.674000
v 79.966904 -3.747061 -41.935436
v 77.495834 -4.021791 -42.521645
v 76.261856 -6.869678 -38.234989
v 78.773552 -1.041438 -46.858849
v 77.010918 -1.226050 -47.324657
v 75.616798 -4.191200 -42.962929
v 74.265808 -7.049426 -38.655060
v 74.279114 -4.276064 -43.273106
v 72.848366 -7.148341 -38.947514
v 71.262672 -10.091593 -34.252300
v 72.784607 -9.976091 -33.965549
v 74.922981 -9.771111 -33.553886
v 73.330490 -12.911964 -28.033247
v 76.394577 -12.540339 -27.466951
v 77.735443 -9.457337 -33.003204
v 71.000145 -13.146370 -28.459320
v 67.194214 -16.376303 -22.988028
v 69.325882 -13.271180 -28.761087
v 71.574448 -16.028399 -22.169710
v 69.036423 -16.266706 -22.640625
v 74.913475 -15.623343 -21.558176
v 73.341003 -18.489254 -15.769902
v 69.745049 -18.856377 -16.459707
v 76.056175 -20.443769 -9.360986
v 71.833176 -21.053604 -10.182597
v 78.687683 -14.943848 -20.878981
v 77.372734 -17.828676 -15.027150
v 81.407570 -16.761341 -14.314225
v 85.274155 -15.077065 -13.629927
v 84.219627 -17.732895 -7.906590
v 86.249512 -12.199541 -19.543409
v 80.233841 -19.397652 -8.605343
v 82.531654 -13.882016 -20.204987
v 83.501999 -10.870077 -26.125078
v 87.683868 -6.286938 -30.872635
v 87.041405 -9.210532 -25.434772
v 84.338638 -7.898261 -31.618490
v 80.961075 -8.883533 -32.346928
v 79.886841 -11.902679 -26.813280
v 90.306274 -6.692174 -24.774496
v 89.645294 -9.658116 -18.901646
v 90.812119 -3.834990 -30.164213
v 92.429535 -6.424251 -18.353365
v 93.432014 -0.732020 -29.559082
v 93.007835 -3.498045 -24.210697
v 94.857162 0.188746 -23.809446
v 94.312874 -2.664506 -17.972528
v 95.537262 0.953333 -17.712502
v 96.067719 3.725736 -23.524796
v 96.451660 6.243584 -28.806322
v 95.251808 2.832324 -29.123001
v 95.488808 5.129158 -33.477619
v 96.781143 10.352656 -36.952763
v 96.667641 8.381067 -33.122707
v 95.632141 7.316495 -37.359219
v 93.914131 4.124787 -37.918209
v 93.713150 1.722685 -33.965149
v 91.190849 -1.253566 -34.642941
v 91.503319 1.316164 -38.692692
v 88.210625 -3.605598 -35.425926
v 97.399689 10.893600 -32.842960
v 97.694244 11.119396 -28.349520
v 97.907127 14.661402 -36.367050
v 97.211617 8.887271 -28.559404
v 97.485153 12.694680 -36.635986
v 97.849083 13.008554 -32.602150
v 98.180069 15.067657 -32.364540
v 98.390862 16.643339 -32.181179
v 98.210098 16.571877 -36.104118
v 98.399467 18.035360 -35.901844
v 98.302773 14.960864 -27.986301
v 98.062271 13.296103 -28.143940
v 97.784523 11.055440 -22.970108
v 97.648705 10.224961 -17.161518
v 97.341339 8.453678 -17.256001
v 98.062271 12.786458 -22.844797
v 97.372169 8.790996 -23.136253
v 96.893745 6.136147 -17.384714
v 96.727295 5.599036 -11.414381
v 96.269890 3.267763 -11.517172
v 96.344955 3.761456 -17.526739
v 96.853012 6.470461 -23.310810
v 95.708809 0.878500 -11.636878
v 95.551262 0.451328 -5.892032
v 94.147835 -4.723953 -6.142693
v 94.881783 -1.947839 -11.803523
v 94.988876 -1.915581 -5.994092
v 94.229507 -4.357963 -0.951207
v 93.392677 -6.571483 3.723244
v 94.788696 -2.047648 -0.867269
v 93.946754 -4.334533 3.789123
v 92.544937 -9.271581 3.618071
v 93.381973 -7.121214 -1.074574
v 92.066818 -10.729658 -1.262206
v 89.131447 -16.535048 3.174011
v 90.009605 -14.466131 -1.560287
v 90.853554 -12.106061 -6.719880
v 91.218666 -12.832399 3.444879
v 92.858307 -8.356227 -6.366760
v 93.626778 -5.590341 -12.047539
v 91.685783 -9.359454 -12.420364
v 88.800949 -12.565763 -12.973251
v 87.866737 -15.266932 -7.255630
v 86.936020 -17.613491 -2.015000
v 86.001198 -19.661085 2.775791
v 83.189728 -20.056633 -2.585517
v 82.196060 -22.071400 2.277925
v 85.054466 -21.465469 7.143910
v 81.249832 -23.800316 6.628418
v 77.178162 -25.255289 6.111233
v 78.084251 -23.627262 1.708075
v 79.114464 -21.680553 -3.231013
v 74.852524 -22.675528 -3.983984
v 73.303062 -24.867546 1.564139
v 67.376472 -26.295099 3.283766
v 69.527657 -26.472553 4.891193
v 70.205551 -27.097904 7.426326
v 73.332390 -26.223536 6.180985
v 69.165337 -24.990456 -0.254335
v 70.546051 -23.231916 -4.876936
v 72.734764 -27.298681 9.781090
v 70.041298 -27.840254 10.254305
v 69.665771 -28.368717 12.740483
v 72.135139 -28.023615 12.786021
v 76.372757 -26.524403 9.926218
v 75.644913 -27.394464 13.100699
v 78.815201 -26.932558 16.395388
v 79.531120 -26.214828 13.750769
v 75.214043 -27.938641 15.671453
v 80.358948 -25.196836 10.455982
v 71.260880 -28.609030 15.742414
v 67.423409 -29.089750 17.144144
v 68.758385 -29.107164 18.262222
v 70.149902 -29.110769 19.451967
v 72.457024 -28.726831 17.995590
v 75.299515 -28.230196 17.675409
v 68.864670 -28.759661 14.998961
v 67.528404 -28.820713 14.633742
v 68.153946 -28.523952 12.799734
v 67.516487 -28.583607 12.799734
v 66.961411 -28.843834 14.461090
v 65.976440 -29.061325 15.931281
v 66.408417 -29.070534 16.299704
v 64.935837 -29.269207 17.630371
v 65.593704 -29.341570 18.850439
v 64.655380 -29.237980 17.106310
v 63.092216 -29.375702 17.882292
v 63.252655 -29.412533 18.458494
v 63.627083 -29.497808 19.792465
v 61.432659 -29.504713 18.800194
v 61.537350 -29.586088 20.110445
v 61.587696 -29.689178 22.008207
v 63.928349 -29.609108 21.744776
v 66.519615 -29.459377 20.911146
v 63.868797 -29.723806 24.176004
v 65.988457 -29.650444 23.949104
v 67.640800 -29.581984 23.951807
v 68.502960 -29.392418 21.589140
v 69.700806 -29.351280 22.045740
v 68.754883 -29.530039 24.041687
v 71.726982 -29.105267 20.793842
v 70.225761 -29.332863 22.238810
v 69.259720 -29.506418 24.076618
v 71.254066 -29.107767 20.400198
v 73.260529 -28.782482 19.317949
v 75.565750 -28.358406 19.012182
v 75.677147 -28.412256 19.581678
v 73.598923 -28.804701 19.866428
v 73.678398 -28.756956 19.987635
v 75.702568 -28.373022 19.721003
v 71.844887 -29.051619 20.881119
v 71.884224 -28.895382 20.910145
v 73.704811 -28.602623 20.027971
v 75.711075 -28.221586 19.767443
v 77.712822 -27.826145 20.079216
v 77.702522 -27.319801 20.123856
v 73.704811 -28.242807 20.027971
v 77.702522 -27.679615 20.123856
v 75.711075 -27.861675 19.767443
v 79.478676 -26.904636 21.092405
v 80.915436 -26.239052 22.534166
v 80.880310 -25.750324 22.551283
v 79.478676 -26.544821 21.092405
v 80.880310 -26.110140 22.551283
v 79.504295 -27.042658 21.059977
v 79.580963 -27.041456 20.962891
v 81.020531 -26.210728 22.482924
v 79.966904 -26.778124 20.549728
v 81.532074 -25.832695 22.192669
v 77.893387 -27.726553 19.437855
v 77.743767 -27.850464 19.945198
v 78.259911 -27.428493 18.272833
v 80.920349 -26.129557 19.569168
v 82.785881 -24.912590 21.458424
v 82.091171 -25.231167 17.745470
v 84.928658 -22.954874 19.943897
v 83.361588 -24.356903 23.834406
v 83.129677 -24.218283 14.802792
v 84.722984 -22.714266 23.486202
v 86.164841 -19.971361 23.429857
v 86.099686 -21.509607 15.825388
v 88.100639 -18.193300 16.387081
v 87.018593 -19.401663 20.185110
v 88.316429 -16.286530 20.354561
v 87.443359 -16.996153 23.482100
v 89.402580 -14.944054 16.630295
v 89.208206 -13.843189 20.372175
v 90.275543 -12.436656 16.697754
v 88.314529 -14.656701 23.459080
v 88.057396 -13.260678 26.197981
v 89.831451 -11.763766 20.319328
v 87.488304 -15.131319 26.249125
v 86.651764 -17.354568 26.310278
v 88.920853 -12.662053 23.403931
v 89.405281 -10.721252 23.359493
v 88.835686 -10.055772 26.126015
v 88.518204 -11.448092 26.155640
v 90.656479 -8.187113 20.249367
v 89.735069 -9.230407 23.328966
v 90.323982 -9.740193 20.277594
v 91.343575 -8.303964 16.664326
v 92.400612 -6.502835 12.646103
v 91.954010 -8.533204 12.627687
v 92.704071 -4.953197 12.658614
v 91.662460 -6.749722 16.654318
v 90.871773 -10.335114 16.679138
v 91.799980 -6.079154 16.650013
v 90.799408 -7.519036 20.237257
v 90.801102 -7.349848 20.234154
v 91.800484 -5.907604 16.649014
v 92.835388 -4.282959 12.664020
v 92.834694 -4.110038 12.665520
v 93.861885 -2.147157 8.389165
v 93.859985 -1.974125 8.392138
v 92.742210 -4.052407 12.665922
v 93.767105 -1.916444 8.393128
v 91.708496 -5.850423 16.648712
v 90.709328 -7.293459 20.233152
v 91.578690 -5.850423 16.648712
v 92.612488 -4.052407 12.665922
v 90.579605 -7.293459 20.233152
v 89.546211 -8.364439 23.311253
v 90.467216 -7.293459 20.233152
v 91.466286 -5.850423 16.648712
v 89.788315 -8.364439 23.311253
v 89.658600 -8.364439 23.311253
v 88.755814 -9.228296 26.108301
v 87.698784 -10.049966 28.849403
v 88.643410 -9.228296 26.108301
v 88.885521 -9.228296 26.108301
v 87.940895 -10.049966 28.849403
v 87.811180 -10.049966 28.849403
v 86.779274 -10.743175 31.703606
v 85.502052 -11.221496 34.839954
v 86.666885 -10.743175 31.703606
v 86.908989 -10.743175 31.703606
v 85.744270 -11.221496 34.839954
v 85.614456 -11.221496 34.839954
v 84.374664 -11.540474 38.051571
v 83.117470 -11.755464 41.131573
v 83.247185 -11.755464 41.131573
v 83.004959 -11.755464 41.131573
v 84.262177 -11.540474 38.051571
v 84.504379 -11.540474 38.051571
v 84.593361 -11.592720 38.057980
v 85.826843 -11.434581 34.859173
v 84.583557 -11.749558 38.077095
v 85.834053 -11.274741 34.844757
v 83.327248 -11.962344 41.157192
v 83.336365 -11.807207 41.137974
v 82.071854 -11.915202 44.115288
v 81.981674 -11.863757 44.109882
v 80.717064 -11.862858 47.016529
v 80.806046 -12.067637 47.032543
v 80.808548 -11.914104 47.020535
v 82.065445 -12.069436 44.131599
v 81.944542 -12.524536 44.180046
v 81.691017 -13.478172 44.281631
v 82.914795 -13.423524 41.339157
v 83.194931 -12.431055 41.215546
v 80.475960 -13.432134 47.140442
v 80.698853 -12.511126 47.067577
v 79.632111 -12.438362 49.462872
v 78.918884 -12.353489 50.950771
v 78.748642 -13.240966 50.982403
v 79.438744 -13.336148 49.509510
v 79.725792 -12.002979 49.440350
v 79.001755 -11.921410 50.935360
v 78.996559 -11.768174 50.929951
v 79.724190 -11.849747 49.432446
v 78.420158 -12.269014 51.912014
v 78.486603 -11.684503 51.895500
v 78.494713 -11.837936 51.899803
v 78.065842 -11.767475 52.715717
v 77.997177 -12.197453 52.727428
v 77.664192 -12.141203 53.369297
v 77.728844 -11.712128 53.356686
v 77.719131 -11.558593 53.347874
v 78.055725 -11.613742 52.711521
v 77.960144 -11.562496 52.710114
v 77.506958 -11.510051 53.314049
v 77.628250 -11.508450 53.333458
v 77.831635 -11.562696 52.707813
v 78.262314 -11.633357 51.893497
v 78.391724 -11.633357 51.893997
v 78.902573 -11.717131 50.928150
v 78.772766 -11.717131 50.928150
v 79.501701 -11.798701 49.429840
v 79.631416 -11.798701 49.429840
v 80.587349 -11.862858 47.016529
v 78.660362 -11.717131 50.928150
v 79.389198 -11.798701 49.429840
v 80.474953 -11.862858 47.016529
v 81.739555 -11.863757 44.109882
v 81.644379 -11.863757 44.109882
v 79.294121 -11.798701 49.429840
v 80.379768 -11.862858 47.016529
v 81.851959 -11.863757 44.109882
v 80.302002 -11.862858 47.016529
v 79.147087 -11.798701 49.429840
v 79.216248 -11.798701 49.429840
v 80.232841 -11.862858 47.016529
v 81.497345 -11.863757 44.109882
v 81.566612 -11.863757 44.109882
v 82.832016 -11.755464 41.131573
v 82.762856 -11.755464 41.131573
v 84.020058 -11.540474 38.051571
v 84.089218 -11.540474 38.051571
v 84.167084 -11.540474 38.051571
v 82.909882 -11.755464 41.131573
v 85.329109 -11.221496 34.839954
v 85.406975 -11.221496 34.839954
v 86.571693 -10.743175 31.703606
v 86.493927 -10.743175 31.703606
v 87.525833 -10.049966 28.849403
v 87.603600 -10.049966 28.849403
v 88.548233 -9.228296 26.108301
v 88.470459 -9.228296 26.108301
v 89.373253 -8.364439 23.311253
v 89.451118 -8.364439 23.311253
v 90.372025 -7.293459 20.233152
v 90.294266 -7.293459 20.233152
v 91.293335 -5.850423 16.648712
v 91.371201 -5.850423 16.648712
v 92.404907 -4.052407 12.665922
v 92.327042 -4.052407 12.665922
v 92.499992 -4.052407 12.665922
v 93.524895 -1.916444 8.393128
v 93.351936 -1.916444 8.393128
v 93.429802 -1.916444 8.393128
v 94.392548 0.434627 3.905125
v 94.314789 0.434627 3.905125
v 94.487732 0.434627 3.905125
v 95.335182 2.877969 -0.723176
v 95.162224 2.877969 -0.723176
v 95.239998 2.877969 -0.723176
v 96.008766 5.489699 -5.717038
v 95.930901 5.489699 -5.717038
v 96.103859 5.489699 -5.717038
v 96.830589 8.345973 -11.301732
v 96.657639 8.345973 -11.301732
v 96.735405 8.345973 -11.301732
v 97.338531 11.179147 -17.110575
v 97.260658 11.179147 -17.110575
v 97.433617 11.179147 -17.110575
v 97.831665 13.721576 -22.776937
v 97.658714 13.721576 -22.776937
v 97.736588 13.721576 -22.776937
v 97.958183 15.869160 -27.900129
v 97.880409 15.869160 -27.900129
v 98.053368 15.869160 -27.900129
v 98.127228 17.517805 -32.079090
v 97.954269 17.517805 -32.079090
v 98.032143 17.517805 -32.079090
v 98.032143 18.868690 -35.786041
v 97.954269 18.868690 -35.786041
v 98.127228 18.868690 -35.786041
v 98.127228 20.122789 -39.492989
v 97.954269 20.122789 -39.492989
v 98.032143 20.122789 -39.492989
v 97.984001 21.327648 -43.200035
v 97.906235 21.327648 -43.200035
v 97.935059 22.530500 -46.906982
v 97.762108 22.530500 -46.906982
v 97.839882 22.530500 -46.906982
v 98.079185 21.327648 -43.200035
v 98.191582 21.327648 -43.200035
v 98.369339 20.122789 -39.492989
v 98.239624 20.122789 -39.492989
v 98.177170 22.530500 -46.906982
v 98.047462 22.530500 -46.906982
v 98.321297 21.327648 -43.200035
v 98.417679 21.276802 -43.209843
v 98.479141 19.917709 -39.526718
v 98.466026 20.071545 -39.501499
v 98.287163 22.328724 -46.953224
v 98.273857 22.480057 -46.918598
v 98.429893 21.124369 -43.239170
v 98.354919 20.592402 -43.340462
v 98.219604 21.837894 -47.064423
v 98.401161 19.338301 -39.620605
v 98.039246 23.375542 -50.541771
v 98.466324 18.816845 -35.793346
v 98.480637 18.661409 -35.815063
v 98.369339 18.868690 -35.786041
v 98.369339 17.517805 -32.079090
v 98.479836 17.308321 -32.103710
v 98.466125 17.465460 -32.085293
v 98.391663 15.816213 -27.905130
v 98.177773 13.506687 -22.792654
v 98.169067 13.667829 -22.780842
v 98.073883 13.721576 -22.776937
v 98.295471 15.869160 -27.900129
v 98.403275 15.657173 -27.920345
v 98.165756 15.869160 -27.900129
v 97.944168 13.721576 -22.776937
v 98.239624 17.517805 -32.079090
v 98.239624 18.868690 -35.786041
v 97.546120 11.179147 -17.110575
v 97.072701 8.345973 -11.301732
v 96.942986 8.345973 -11.301732
v 97.675827 11.179147 -17.110575
v 97.770111 11.124599 -17.113476
v 97.776314 10.960855 -17.122282
v 97.171890 8.123649 -11.310810
v 97.166679 8.290395 -11.304005
v 96.439949 5.433189 -5.718910
v 95.674980 2.649559 -0.729525
v 95.670876 2.820859 -0.724764
v 95.577286 2.877969 -0.723176
v 96.346062 5.489699 -5.717038
v 96.444748 5.263651 -5.724504
v 96.315033 4.524513 -5.749007
v 96.005264 2.759216 -5.807588
v 97.041176 7.381337 -11.341238
v 95.238686 0.201936 -0.797923
v 95.545563 1.923453 -0.749799
v 94.696617 -0.502134 3.883306
v 94.392548 -2.163330 3.844441
v 93.431717 -4.427105 8.349290
v 93.732468 -2.832507 8.377213
v 94.826126 0.204813 3.899800
v 94.823128 0.377173 3.903793
v 94.729851 0.434627 3.905125
v 94.600136 0.434627 3.905125
v 93.637390 -1.916444 8.393128
v 95.447578 2.877969 -0.723176
v 96.216354 5.489699 -5.717038
v 92.990517 -6.514695 8.309194
v 92.440147 -8.678991 8.260711
v 91.597702 -11.307165 8.152525
v 91.393822 -10.645686 12.604466
v 90.547783 -13.205429 12.499674
v 90.280342 -14.786214 7.933293
v 89.243744 -16.577684 12.236242
v 87.190544 -20.071348 11.790151
v 84.096931 -22.995110 11.136979
v 88.196426 -18.408289 7.598569
v 97.590553 23.567110 -50.477818
v 97.509987 23.565409 -50.476112
v 97.138168 24.266424 -53.769798
v 97.226639 24.273233 -53.776203
v 97.687042 23.568913 -50.479519
v 97.437523 23.563807 -50.474613
v 97.055786 24.259920 -53.763596
v 96.712288 24.625139 -56.152184
v 96.741310 24.707413 -56.486378
v 96.414322 24.961933 -58.324787
v 96.083939 25.059019 -59.480801
v 96.322342 24.927906 -58.367527
v 96.183319 25.088547 -59.421055
v 96.074234 25.145895 -59.911777
v 95.974144 25.117168 -59.971233
v 96.021881 25.132284 -60.095043
v 95.957123 25.105560 -60.101444
v 95.890167 25.042805 -60.232967
v 95.895172 25.027592 -60.103249
v 95.974144 25.117168 -59.971233
v 95.960732 25.045809 -60.269196
v 95.864235 24.869354 -60.507202
v 95.794380 24.870955 -60.467766
v 95.633736 24.580700 -60.721092
v 95.795685 24.855940 -60.341755
v 95.639046 24.596615 -60.834888
v 95.705902 24.585905 -60.882229
v 95.329277 24.174845 -61.393478
v 95.392723 24.156229 -61.447929
v 95.468796 24.123800 -61.475750
v 95.790680 24.565388 -60.894146
v 95.850037 24.551775 -60.901451
v 95.519043 24.102781 -61.493664
v 95.921097 24.535160 -60.910553
v 95.316666 24.154428 -61.296093
v 95.361305 24.045130 -60.997330
v 95.469292 23.797115 -60.338856
v 95.893265 24.315769 -59.441864
v 95.711311 24.499731 -60.327747
v 94.809113 23.039148 -61.364750
v 94.768082 23.379047 -61.885406
v 94.862663 22.604568 -60.701874
v 93.806343 22.121645 -62.411274
v 95.609116 23.479734 -59.500420
v 93.815247 21.595884 -61.826958
v 92.393906 20.594807 -62.788307
v 92.354568 21.124269 -63.370312
v 90.550186 19.939434 -64.157906
v 90.662186 19.452806 -63.547264
v 88.683449 18.021551 -64.065117
v 86.609924 16.402233 -64.314438
v 84.593567 14.695937 -64.267502
v 82.778580 12.893458 -63.632343
v 82.224380 13.115753 -64.171417
v 81.309288 10.985385 -62.117119
v 80.663513 11.119903 -62.560005
v 79.956696 8.657974 -59.602615
v 79.249184 8.726925 -59.944817
v 78.695488 8.780842 -60.212547
v 80.158470 11.225096 -62.906307
v 79.934875 11.271437 -63.059345
v 78.449577 8.804723 -60.331356
v 77.745461 5.649928 -56.240963
v 77.161247 5.690833 -56.453358
v 75.597275 2.372925 -52.123955
v 74.666161 -0.787386 -47.568668
v 76.201408 2.331088 -51.948902
v 74.045418 -0.754987 -47.719604
v 72.518379 -3.742146 -43.308933
v 70.742523 -6.635783 -39.013775
v 71.028870 -6.637834 -38.961029
v 71.683846 -6.642468 -38.840523
v 73.155128 -3.760302 -43.174419
v 72.238525 -3.734139 -43.368187
v 73.970154 -3.783522 -43.002167
v 72.523079 -6.648374 -38.686089
v 75.460060 -0.828822 -47.375603
v 76.973679 2.277611 -51.725105
v 78.492012 5.597642 -55.969627
v 70.926689 -9.586949 -34.002281
v 67.967888 -12.755527 -28.694828
v 70.029198 -9.589152 -34.152214
v 68.988884 -12.762835 -28.526079
v 66.861420 -15.862252 -22.770239
v 65.691086 -15.823017 -22.990732
v 63.389572 -18.473040 -17.562374
v 64.696320 -18.571629 -17.247698
v 62.437138 -20.872946 -12.076466
v 61.057331 -20.717709 -12.507644
v 60.027428 -22.748192 -7.374676
v 58.688354 -22.569534 -7.924207
v 55.439705 -23.935232 -4.389379
v 56.374023 -24.073553 -3.905005
v 57.660252 -22.432415 -8.346146
v 59.998001 -20.598606 -12.838534
v 57.589493 -24.253412 -3.275082
v 54.205925 -25.274803 -0.542810
v 55.245136 -25.445053 0.089447
v 52.957626 -26.395086 3.049790
v 49.895847 -27.049059 5.410028
v 52.080864 -26.243353 2.462246
v 50.690243 -27.175772 5.936801
v 48.443279 -27.822237 8.814542
v 47.684013 -27.717745 8.307658
v 45.478878 -28.274935 11.162299
v 46.216827 -28.369320 11.746911
v 44.096268 -28.805101 14.506130
v 41.379986 -29.057220 16.210724
v 43.353119 -28.721327 13.840948
v 42.166580 -29.117672 16.864098
v 40.509724 -29.331961 18.938017
v 39.655575 -29.300335 18.374222
v 38.276268 -29.468185 20.434027
v 39.207485 -29.473188 20.845188
v 38.273964 -29.584587 22.724533
v 37.280392 -29.597095 22.493935
v 36.706291 -29.723507 24.657524
v 37.723385 -29.709795 24.715178
v 37.542419 -29.807682 27.045118
v 36.525532 -29.814789 27.105770
v 36.709896 -29.838308 30.019829
v 37.718075 -29.837408 29.942760
v 38.317200 -29.787466 33.425213
v 37.278893 -29.781860 33.521496
v 39.406960 -29.646341 37.509991
v 38.252644 -29.632729 37.732986
v 38.309795 -29.412237 42.028152
v 39.405460 -29.427448 41.756920
v 40.833004 -29.447268 41.403706
v 36.474487 -29.777355 33.595863
v 37.361565 -29.622221 37.904541
v 36.996845 -29.618019 37.973396
v 36.060322 -29.795969 33.632797
v 37.802551 -29.425949 42.154362
v 37.877720 -29.406233 42.135349
v 36.920780 -29.637934 37.986511
v 36.137592 -29.775555 33.626389
v 35.598221 -29.839407 30.104799
v 35.405651 -29.822596 27.172632
v 35.520653 -29.860229 30.110609
v 35.927807 -29.839109 30.079580
v 35.328480 -29.843912 27.177135
v 35.737141 -29.820292 27.152815
v 35.587006 -29.738621 24.594168
v 35.917900 -29.734118 24.612787
v 36.510319 -29.606705 22.315176
v 37.251968 -29.462675 19.981831
v 37.554535 -29.464281 20.115448
v 36.187336 -29.610809 22.240211
v 36.113369 -29.632429 22.222296
v 35.510742 -29.760338 24.589567
v 35.486221 -29.822992 24.587265
v 37.182808 -29.482996 19.950003
v 37.161392 -29.545050 19.936890
v 36.090248 -29.694983 22.214788
v 36.092350 -29.767847 22.212687
v 37.165291 -29.670456 19.930984
v 35.488323 -29.949705 24.585564
v 36.093853 -29.820793 22.211184
v 35.487423 -29.896160 24.586264
v 37.163689 -29.617813 19.933489
v 38.634483 -29.417837 17.686920
v 38.632481 -29.345175 17.691723
v 38.635883 -29.470383 17.683414
v 40.438961 -29.192238 15.406321
v 40.437862 -29.139793 15.411124
v 40.436359 -29.067230 15.417729
v 42.458431 -28.774773 13.019728
v 38.652195 -29.283821 17.710039
v 42.457432 -28.702410 13.028635
v 42.475746 -28.642859 13.053257
v 40.454880 -29.006777 15.439949
v 40.513927 -28.990763 15.491295
v 38.715752 -29.265503 17.753778
v 38.993500 -29.275810 17.937239
v 42.533096 -28.628845 13.107204
v 42.776611 -28.656269 13.324896
v 40.770149 -29.010380 15.704180
v 44.659859 -28.170345 10.514533
v 44.905079 -28.201670 10.708002
v 47.093197 -27.636477 7.913343
v 49.015572 -26.908836 4.826688
v 46.839073 -27.601547 7.744084
v 49.278503 -26.950670 5.000810
v 51.402069 -26.125748 2.007236
v 53.079636 -25.090040 -1.229221
v 51.119118 -26.076809 1.817270
v 53.404724 -25.143486 -1.030542
v 51.055962 -26.085714 1.768687
v 53.014980 -25.099049 -1.275790
v 52.995365 -25.154997 -1.307188
v 51.036446 -26.141964 1.737791
v 48.951519 -26.918846 4.779306
v 48.931198 -26.975893 4.750301
v 46.755100 -27.742369 7.655397
v 46.775017 -27.613052 7.697293
v 51.038452 -26.212225 1.718424
v 48.932602 -27.046656 4.732886
v 46.754299 -27.671007 7.670340
v 44.579891 -28.241806 10.437965
v 44.580589 -28.313669 10.426055
v 44.599407 -28.182953 10.463889
v 44.581192 -28.365612 10.417447
v 42.460533 -28.910192 13.003114
v 42.459232 -28.827019 13.013323
v 44.582096 -28.448189 10.403836
v 46.756599 -27.875883 7.627402
v 46.755596 -27.793913 7.644588
v 48.933605 -27.097801 4.720304
v 48.935101 -27.179173 4.700287
v 51.042355 -26.343740 1.682162
v 51.039948 -26.262970 1.704422
v 52.999767 -25.275204 -1.343225
v 53.002769 -25.355474 -1.367276
v 54.989113 -24.144415 -4.720669
v 54.985611 -24.064747 -4.694787
v 54.983505 -24.014603 -4.678523
v 52.997967 -25.224760 -1.328104
v 57.163815 -22.443621 -8.580082
v 54.980503 -23.945341 -4.656023
v 57.169926 -22.561625 -8.622419
v 57.167316 -22.512083 -8.604653
v 59.490353 -20.685480 -13.056926
v 59.493362 -20.734324 -13.076343
v 61.896866 -18.551010 -18.006863
v 61.893063 -18.502867 -17.985945
v 61.887856 -18.436211 -17.956919
v 59.486050 -20.617823 -13.030103
v 59.506973 -20.562773 -12.999575
v 61.908478 -18.381062 -17.926394
v 61.982346 -18.367350 -17.900471
v 59.579433 -20.551664 -12.969149
v 57.184437 -22.388273 -8.549304
v 57.254494 -22.378265 -8.512922
v 55.000618 -23.889593 -4.624866
v 55.067780 -23.880085 -4.582668
v 64.787903 -15.792890 -23.160780
v 64.418877 -15.780879 -23.229942
v 62.384396 -18.397276 -17.804285
v 64.344315 -15.797295 -23.252859
v 66.769936 -12.765837 -28.902510
v 66.750725 -12.820684 -28.935141
v 64.324295 -15.852542 -23.284086
v 66.844604 -12.747820 -28.880392
v 69.330383 -9.590853 -34.268913
v 69.029320 -9.591654 -34.319260
v 67.176598 -12.749923 -28.825544
v 68.954857 -9.609871 -34.342079
v 70.668556 -6.652938 -39.038399
v 70.650742 -6.705954 -39.074528
v 68.936440 -9.664018 -34.376411
v 64.330704 -15.918101 -23.315216
v 64.335403 -15.965542 -23.337635
v 66.758224 -12.885041 -28.968367
v 57.173931 -22.640495 -8.650663
v 57.181934 -22.796730 -8.706702
v 54.995922 -24.302351 -4.771995
v 53.008572 -25.514713 -1.414981
v 51.046951 -26.503981 1.637994
v 53.079533 -25.673155 -1.418981
v 51.116520 -26.662920 1.636082
v 48.938202 -27.340515 4.660572
v 49.011070 -27.497553 4.650414
v 46.833469 -28.193865 7.579870
v 46.758400 -28.038528 7.593302
v 44.583794 -28.612131 10.376712
v 44.654259 -28.768869 10.380316
v 44.861240 -28.829824 10.458784
v 47.054062 -28.254017 7.624650
v 45.240772 -28.849140 10.631136
v 43.058159 -29.320654 13.389751
v 42.528091 -29.233477 13.007317
v 42.717457 -29.297031 13.131326
v 40.696789 -29.659351 15.552148
v 39.272640 -29.935089 18.057842
v 38.711750 -29.875938 17.698029
v 38.907719 -29.930185 17.819635
v 41.037991 -29.676266 15.825486
v 40.509525 -29.599096 15.416328
v 40.444267 -29.441257 15.383600
v 42.462936 -29.075138 12.982795
v 38.638184 -29.554058 17.677811
v 38.642689 -29.719900 17.666702
v 40.440765 -29.275713 15.398713
v 37.173000 -29.920179 19.919476
v 36.100956 -30.071011 22.203978
v 37.247665 -30.074512 19.942898
v 37.167896 -29.754133 19.927183
v 36.096252 -29.904766 22.208782
v 36.180027 -30.224047 22.216391
v 36.405327 -30.268484 22.265732
v 37.458847 -30.122955 20.032475
v 35.802399 -30.397898 24.594671
v 35.571697 -30.353861 24.583761
v 35.492428 -30.200926 24.582060
v 35.303963 -30.119354 27.177736
v 35.382332 -30.439735 27.170431
v 35.489727 -30.034380 24.584362
v 35.304562 -30.286200 27.177235
v 35.494728 -30.303015 30.112608
v 36.034500 -30.238558 33.634895
v 36.034500 -30.071712 33.634895
v 35.571796 -30.456949 30.101698
v 35.494728 -30.136070 30.112608
v 36.111370 -30.393093 33.622185
v 36.341770 -30.441338 33.583950
v 35.802998 -30.503792 30.068970
v 37.201626 -30.285204 37.933765
v 36.972023 -30.235357 37.976601
v 36.895458 -30.080421 37.990818
v 37.853893 -30.023573 42.145359
v 36.895458 -29.913479 37.990818
v 37.777531 -29.868340 42.160671
v 37.777531 -29.701391 42.160671
v 38.380756 -29.389818 45.124569
v 38.380756 -29.475290 45.124569
v 38.380756 -29.642139 45.124569
v 37.777531 -29.615816 42.160671
v 36.895458 -29.827904 37.990818
v 36.034500 -29.986040 33.634895
v 36.895458 -29.773455 37.990818
v 36.034500 -29.931589 33.634895
v 37.777531 -29.561369 42.160671
v 36.895458 -29.699888 37.990818
v 37.777531 -29.487904 42.160671
v 38.380756 -29.335472 45.124569
v 38.380756 -29.261806 45.124569
v 38.835754 -29.021795 47.381245
v 38.406082 -29.199753 45.118965
v 38.835754 -28.932917 47.381245
v 38.867886 -28.861055 47.376541
v 39.273041 -28.412163 49.429134
v 39.480022 -28.285952 49.405815
v 38.964268 -28.839537 47.362427
v 38.481842 -29.179836 45.102047
v 39.324787 -28.311775 49.423332
v 39.776180 -27.633780 51.303078
v 39.989765 -27.597849 51.286263
v 40.221569 -26.909046 53.059616
v 40.144100 -27.074490 53.060223
v 39.705021 -27.769402 51.308678
v 39.705021 -27.958364 51.308678
v 40.144100 -27.305393 53.060223
v 40.144100 -27.556915 53.060223
v 39.705021 -28.154036 51.308678
v 39.273041 -28.674593 49.429134
v 39.273041 -28.546581 49.429134
v 38.835754 -29.196348 47.381245
v 38.835754 -29.094460 47.381245
v 39.705021 -28.367622 51.308678
v 39.273041 -28.825926 49.429134
v 39.273041 -29.030405 49.429134
v 38.835754 -29.372601 47.381245
v 38.912220 -29.532244 47.366535
v 39.783184 -28.802303 51.298576
v 39.349808 -29.202957 49.416225
v 39.705021 -28.610434 51.308678
v 40.144100 -28.107595 53.060223
v 40.777462 -27.153559 54.841881
v 40.225475 -28.322683 53.053612
v 40.144100 -27.825550 53.060223
v 40.855827 -27.749083 54.831371
v 40.777462 -27.497459 54.841881
v 41.792553 -26.755810 56.811409
v 43.329998 -26.467257 58.402500
v 43.295567 -26.102438 58.457050
v 41.852901 -27.066483 56.781384
v 41.792553 -26.306116 56.811409
v 43.295567 -25.556259 58.457050
v 43.295567 -24.844236 58.457050
v 45.392803 -24.403551 59.266663
v 45.392803 -25.177328 59.266663
v 41.792553 -25.763241 56.811409
v 45.392803 -25.757435 59.266663
v 47.944241 -25.626720 59.464733
v 47.944241 -25.044613 59.464733
v 45.400513 -26.144073 59.193295
v 47.931931 -26.017666 59.379356
v 47.895100 -26.223743 59.123234
v 50.738983 -26.219341 58.916950
v 50.791832 -26.008757 59.185791
v 45.423534 -26.337343 58.973400
v 50.809444 -25.616411 59.275368
v 53.978024 -25.069431 58.854496
v 53.963509 -26.044786 58.764519
v 50.809444 -25.033602 59.275368
v 53.978024 -25.652342 58.854496
v 57.439156 -25.660551 58.357666
v 57.430248 -26.053194 58.267078
v 60.898190 -26.027872 57.706593
v 60.900692 -25.635128 57.797668
v 60.900692 -25.052317 57.797668
v 57.439156 -25.077740 58.357666
v 57.439156 -24.295855 58.357666
v 53.978024 -23.564318 58.854496
v 53.978024 -24.287649 58.854496
v 57.439156 -23.572525 58.357666
v 60.900692 -23.547102 57.797668
v 60.900692 -24.270432 57.797668
v 64.070168 -24.205580 57.187130
v 64.070168 -23.482244 57.187130
v 66.749023 -23.308893 56.613529
v 66.796761 -24.018614 56.607929
v 66.848610 -24.786184 56.601822
v 64.070168 -24.987459 57.187130
v 64.070168 -25.570274 57.187130
v 64.073372 -25.962917 57.096054
v 66.887642 -25.359087 56.597221
v 66.921074 -25.745523 56.503536
v 64.082985 -26.174202 56.822914
v 66.956108 -25.953508 56.230297
v 69.485115 -25.461777 55.722649
v 69.406448 -25.262703 55.997093
v 69.293053 -24.894781 56.098782
v 71.318832 -24.093882 55.646587
v 71.521507 -24.426268 55.537289
v 71.038681 -23.602551 55.676010
v 69.136810 -24.351702 56.117298
v 68.929634 -23.627071 56.141716
v 70.355484 -22.333136 55.743767
v 70.681267 -22.943771 55.711842
v 68.738770 -22.957983 56.164238
v 68.631371 -22.581455 56.176949
v 66.711685 -22.772722 56.556286
v 70.169815 -21.986032 55.761589
v 68.589233 -22.449339 56.117699
v 66.722191 -22.909441 56.616734
v 70.095657 -21.857119 55.700733
v 71.623695 -20.887070 55.196194
v 71.634903 -20.913994 54.983009
v 70.104462 -21.901360 55.496754
v 71.709770 -21.017483 55.264347
v 68.594040 -22.513193 55.924530
v 70.216057 -22.204725 54.870804
v 66.712891 -22.851191 56.371223
v 68.658394 -22.917149 55.287575
v 66.729004 -23.335115 55.732365
v 64.070168 -24.632650 54.870804
v 66.763130 -24.414658 54.311115
v 64.070168 -23.516975 56.301163
v 68.795212 -23.805727 53.897053
v 64.070168 -23.017437 56.941620
v 60.900692 -23.076588 57.547951
v 60.900692 -22.999620 57.735214
v 64.070168 -22.936165 57.125782
v 60.900692 -23.554808 56.905289
v 57.439156 -24.529760 56.031025
v 60.900692 -24.618336 55.477036
v 57.439156 -23.540997 57.456268
v 57.439156 -23.093304 58.101833
v 53.978024 -23.501162 57.943398
v 57.439156 -23.022840 58.293705
v 53.978024 -23.077789 58.593670
v 53.978024 -23.012732 58.789341
v 50.809444 -22.976400 59.209908
v 50.809444 -23.040157 59.013340
v 50.809444 -23.121225 59.275368
v 53.978024 -23.157160 58.854496
v 57.439156 -23.165365 58.357666
v 60.900692 -23.139944 57.797668
v 64.070168 -23.075087 57.187130
v 47.944241 -23.542797 59.464733
v 47.944241 -23.134239 59.464733
v 50.809444 -23.528383 59.275368
v 47.950848 -22.987211 59.400276
v 47.970665 -23.049767 59.207104
v 45.419327 -23.118826 59.205200
v 45.498898 -23.175976 59.021042
v 45.419327 -23.118826 59.205200
v 45.392803 -23.273062 59.266663
v 45.392803 -23.685522 59.266663
v 43.295567 -24.181759 58.457050
v 43.295567 -23.784109 58.457050
v 43.345009 -23.619165 58.406605
v 41.857708 -24.735941 56.786087
v 41.792553 -24.913996 56.811409
v 40.777462 -26.450344 54.841881
v 41.792553 -25.256197 56.811409
v 40.777462 -26.173801 54.841881
v 40.851826 -25.991739 54.838779
v 40.777462 -26.790739 54.841881
v 43.345009 -23.619165 58.406605
v 47.955952 -23.478542 58.549026
v 43.493336 -23.654594 58.255276
v 45.439846 -23.608854 58.376373
v 43.873573 -23.939444 57.858128
v 45.050606 -24.581703 56.933914
v 42.932945 -24.720028 56.715420
v 42.053276 -24.721327 56.710117
v 41.074818 -25.934889 54.829567
v 42.099819 -25.897858 54.874004
v 40.851826 -25.991739 54.838779
v 41.857708 -24.735941 56.786087
v 40.221569 -26.909046 53.059616
v 40.454174 -26.853998 53.057919
v 39.989765 -27.597849 51.286263
v 41.564648 -26.857801 53.044502
v 41.085430 -27.651495 51.195286
v 39.776180 -27.633780 51.303078
v 44.275826 -26.869411 53.008770
v 43.803013 -27.784613 50.967083
v 48.086964 -28.256527 50.002335
v 47.664894 -26.866306 52.902882
v 50.809444 -26.826271 52.678482
v 50.809444 -28.081671 50.290291
v 53.978024 -28.027426 50.033066
v 53.978024 -26.821869 52.364506
v 57.439156 -26.925560 51.989677
v 57.439156 -28.061857 49.763531
v 60.900692 -28.102293 49.430435
v 60.900692 -27.038258 51.543186
v 64.070168 -27.061176 51.014023
v 64.070168 -28.065861 48.982544
v 66.921471 -27.727562 48.567284
v 66.863922 -26.759815 50.533005
v 69.198265 -25.899559 50.230938
v 69.428467 -26.862503 48.331982
v 71.571854 -25.535641 48.176342
v 71.159088 -24.604925 50.021656
v 72.832253 -23.000221 49.819180
v 73.332191 -23.812130 48.000187
v 74.790565 -21.724201 47.809219
v 74.178528 -21.083542 49.639420
v 75.158493 -18.852486 49.498192
v 76.028152 -19.303679 47.609447
v 76.935951 -16.986748 47.431690
v 75.811363 -16.716013 49.385998
v 76.175880 -15.082980 49.292915
v 77.405060 -15.209392 47.306980
v 77.622955 -13.844594 47.226013
v 76.371857 -13.812966 49.223057
v 76.518684 -12.765549 49.180325
v 77.777191 -12.765549 47.179676
v 77.875679 -12.011588 47.156254
v 76.617271 -12.011588 49.156902
v 76.668121 -11.622148 49.144794
v 77.926620 -11.622148 47.144146
v 77.985275 -11.466711 47.139339
v 78.107277 -11.414966 47.137634
v 76.841171 -11.414966 49.138386
v 76.724960 -11.466711 49.139988
v 75.729996 -11.466711 50.940262
v 75.265991 -11.466712 52.339790
v 75.851501 -11.414966 50.938663
v 75.414513 -11.414967 52.338192
v 75.198425 -11.622149 52.344593
v 75.671539 -11.622148 50.945072
v 75.620598 -12.011588 50.957279
v 75.048798 -12.765550 52.380524
v 75.522011 -12.765549 50.980701
v 75.147484 -12.011590 52.356804
v 74.989342 -12.011590 53.330162
v 74.838905 -12.765550 53.875336
v 74.937500 -12.011590 53.851620
v 74.988441 -11.622149 53.839405
v 74.890656 -12.765550 53.353985
v 75.040291 -11.622149 53.317848
v 75.115852 -11.466712 53.308743
v 75.288506 -11.414967 53.294128
v 75.231758 -11.414967 53.763836
v 75.062805 -11.466712 53.817284
v 75.118156 -11.467413 54.026669
v 75.239868 -11.624752 54.135162
v 75.293106 -11.469214 54.097832
v 75.262085 -11.415467 53.935791
v 75.397202 -11.417069 53.998646
v 75.052002 -11.622749 54.061199
v 75.000854 -12.013289 54.073410
v 75.088028 -12.785667 54.171894
v 75.187920 -12.018595 54.147678
v 74.901970 -12.770554 54.097130
v 74.753441 -13.752415 54.135857
v 74.690178 -13.745109 53.913967
v 74.938194 -13.780039 54.210926
v 74.553162 -14.816949 54.193012
v 74.489006 -14.811543 53.970917
v 74.736122 -14.855382 54.267975
v 75.223450 -13.823678 54.213028
v 74.238091 -16.121891 54.291397
v 74.407837 -16.178741 54.366463
v 75.017365 -14.919337 54.269676
v 74.676270 -16.284235 54.368664
v 74.452469 -18.396887 54.543419
v 74.116676 -18.106731 54.535313
v 73.879173 -17.916866 54.530109
v 75.028076 -16.431263 54.371765
v 75.376785 -15.001109 54.271877
v 75.587967 -13.879326 54.215729
v 75.436836 -16.591404 54.373867
v 75.794250 -15.094090 54.274086
v 76.011742 -13.942882 54.218334
v 76.651695 -12.908574 54.178104
v 76.474442 -14.010140 54.220333
v 76.184189 -12.872743 54.176800
v 75.751213 -12.838814 54.175098
v 76.249847 -15.191677 54.275784
v 76.877907 -14.070494 54.135559
v 76.646393 -15.275551 54.190205
v 76.255760 -16.850130 54.284088
v 75.876419 -16.736431 54.373169
v 75.252373 -18.927650 54.541115
v 74.617317 -21.383003 54.700356
v 74.844917 -18.699751 54.547623
v 73.943527 -20.846033 54.821163
v 75.597878 -19.084791 54.443729
v 74.313957 -21.171219 54.806248
v 72.997704 -22.873011 55.195187
v 73.258522 -23.148352 55.084995
v 72.657799 -22.457146 55.220715
v 72.264549 -21.881741 55.241425
v 73.232101 -19.940138 54.815758
v 73.560989 -20.384727 54.821667
v 71.915848 -21.338064 55.256443
v 73.022415 -19.664797 54.811756
v 72.923332 -19.542091 54.736389
v 73.718430 -17.829988 54.231747
v 72.926033 -19.555302 54.516895
v 73.744850 -17.825285 54.453640
v 73.039436 -19.717045 53.953602
v 73.272942 -20.039726 52.847332
v 74.017494 -18.142063 52.661972
v 73.807007 -17.934481 53.691872
v 72.013535 -21.603996 53.167709
v 71.759407 -21.139290 54.386383
v 72.377655 -22.245262 51.565807
v 73.646072 -20.502234 51.356422
v 70.775650 -23.701635 51.824936
v 70.450562 -22.853193 53.544044
v 68.982475 -24.894581 52.096878
v 66.809975 -25.689573 52.460396
v 64.070168 -25.951807 52.993958
v 60.900692 -25.901363 53.582977
v 57.439156 -25.758436 54.113144
v 53.978024 -25.621618 54.567741
v 50.809444 -24.389536 56.908997
v 50.809444 -25.589386 54.930256
v 53.978024 -24.431974 56.514343
v 47.740963 -25.645836 55.113815
v 47.858665 -24.430269 57.090252
v 44.579796 -25.775051 55.031948
v 50.809444 -23.461527 58.356159
v 74.438454 -18.449232 51.233521
v 74.905067 -16.475801 51.155846
v 74.435555 -16.296745 52.556881
v 74.715500 -14.889711 52.477104
v 75.196220 -14.971482 51.081985
v 75.379379 -13.785144 51.020626
v 74.904266 -13.764726 52.419357
v 74.742531 -13.751414 53.392708
v 74.543152 -14.836665 53.449661
v 74.246696 -16.178543 53.543343
v 74.182640 -16.121090 54.069202
v 73.414566 -23.301886 54.809750
v 74.953011 -21.601196 53.967514
v 74.798279 -21.503910 54.427319
v 71.646011 -24.608227 55.261848
v 73.548378 -23.421591 54.348343
v 71.756310 -24.745852 54.799442
v 73.742455 -23.594944 53.679665
v 71.916046 -24.945223 54.129253
v 69.679092 -25.824495 54.583057
v 69.564392 -25.609907 55.257343
v 67.002136 -26.106842 55.761990
v 67.069000 -26.329039 55.083286
v 64.123215 -26.555037 55.672211
v 64.099396 -26.329638 56.353104
v 60.877270 -26.395096 56.964039
v 60.890484 -26.239256 57.433552
v 57.357090 -26.419817 57.527935
v 60.858055 -26.620892 56.283447
v 57.290127 -26.645214 56.850544
v 57.403328 -26.264381 57.995342
v 53.920071 -26.255671 58.494381
v 53.845310 -26.410509 58.029873
v 53.736912 -26.635006 57.356682
v 50.516190 -26.597473 57.784561
v 50.648010 -26.373676 58.454647
v 47.839245 -26.372473 58.675537
v 47.769886 -26.591267 58.015160
v 45.640118 -26.675442 57.929485
v 45.493092 -26.470160 58.565849
v 43.661285 -26.736895 57.912472
v 42.033958 -27.192095 56.691196
v 43.433491 -26.635103 58.238956
v 44.069145 -26.903540 57.369293
v 42.999107 -27.329214 56.176453
v 42.395977 -27.243038 56.502438
v 41.538425 -27.840761 54.730782
v 40.469891 -28.390543 53.033791
v 40.930393 -28.382435 52.992661
v 42.254654 -27.851669 54.608276
v 41.660332 -28.369925 52.922096
v 41.090836 -27.835056 54.799747
v 42.442619 -28.392046 52.727730
v 41.161800 -28.847445 51.115913
v 40.459782 -28.857153 51.209797
v 41.916458 -28.845842 50.985302
v 43.315186 -27.881598 54.404495
v 45.061512 -28.042540 53.725002
v 43.848652 -28.186563 53.328453
v 45.351566 -27.356436 55.880089
v 43.949139 -27.387966 55.905109
v 43.060059 -28.487627 52.315464
v 45.041897 -27.747681 54.691948
v 47.006920 -27.709547 54.647610
v 48.560581 -28.045643 53.387806
v 49.584373 -27.706444 54.448135
v 50.100922 -27.298286 55.685219
v 47.353325 -27.303591 55.880489
v 46.648808 -28.010408 53.684864
v 46.364357 -28.210087 53.019585
v 47.573814 -28.285351 52.622837
v 45.206245 -28.240814 53.036598
v 45.271698 -28.342602 52.684090
v 46.238747 -28.312077 52.678585
v 47.168060 -28.394447 52.272427
v 46.202816 -28.302166 52.530357
v 48.519146 -28.442390 51.913311
v 47.759583 -28.515253 51.531578
v 47.887791 -28.543480 51.610451
v 47.079983 -28.377331 52.151325
v 47.046654 -28.238213 52.074654
v 47.700428 -28.018017 51.382648
v 47.712334 -28.371830 51.471630
v 46.187202 -28.165747 52.443275
v 46.177593 -27.814741 52.343891
v 47.035942 -27.886204 51.978867
v 45.292519 -28.196474 52.442574
v 45.283409 -27.845667 52.342293
v 44.477604 -27.953260 52.026917
v 44.486813 -28.304871 52.124195
v 43.894489 -28.465109 51.539787
v 43.884586 -28.111399 51.450306
v 43.406567 -28.340900 50.411198
v 43.416874 -28.697313 50.489162
v 42.955368 -29.021500 48.771961
v 42.945660 -28.662382 48.708302
v 42.618473 -28.966146 46.911434
v 42.626778 -29.327562 46.961281
v 42.548111 -29.505219 45.630009
v 42.541405 -29.142502 45.590378
v 42.770809 -29.232880 44.637440
v 42.776611 -29.596300 44.670372
v 43.369732 -29.642740 43.974457
v 43.363125 -29.279018 43.944633
v 44.224579 -29.285225 43.573208
v 44.232590 -29.648943 43.602230
v 45.270599 -29.619518 43.613644
v 45.261692 -29.255899 43.584019
v 46.224632 -29.191946 43.986469
v 46.863995 -29.094259 44.789677
v 46.874504 -29.457279 44.825306
v 46.234344 -29.555363 44.018101
v 46.249954 -29.714003 43.983967
v 46.905834 -29.614914 44.800182
v 46.987804 -29.674967 44.684486
v 46.285488 -29.776457 43.845749
v 45.270397 -29.778660 43.577011
v 45.259487 -29.842413 43.433685
v 44.218178 -29.808184 43.567902
v 43.984169 -29.912277 42.969780
v 44.166031 -29.872040 43.431587
v 45.216751 -29.880650 42.965878
v 46.404694 -29.810686 43.391548
v 45.120865 -29.963221 41.955891
v 48.007496 -29.766146 43.345509
v 47.296375 -29.703293 44.269218
v 46.671024 -29.884552 42.409985
v 46.834770 -29.991146 40.832005
v 48.562382 -30.038387 38.982582
v 46.646202 -30.123558 38.588741
v 44.663864 -30.188517 38.330315
v 48.602516 -29.874241 41.665836
v 44.945412 -30.071915 40.408936
v 43.101994 -30.114552 40.352787
v 41.472366 -30.116955 40.619518
v 42.274971 -29.994448 42.394772
v 43.580914 -30.000355 41.958893
v 42.693340 -30.232857 38.105213
v 40.812492 -30.255877 37.811459
v 39.251923 -30.266987 37.614483
v 40.133995 -30.060003 41.702568
v 42.506775 -30.320532 35.787285
v 38.528084 -30.414013 33.292500
v 40.544353 -30.358366 34.931232
v 40.916782 -30.371277 32.939987
v 42.694038 -30.342953 33.970089
v 41.456455 -30.346455 31.733530
v 39.482224 -30.395796 31.350893
v 40.225376 -30.358564 30.319391
v 42.986092 -30.334843 32.745117
v 41.689960 -30.335844 31.207470
v 43.114010 -30.331339 32.203541
v 44.733727 -30.308220 32.791157
v 44.667671 -30.308321 33.318920
v 44.519142 -30.308624 34.491249
v 44.460487 -30.278797 36.198242
v 46.356548 -30.271788 34.583927
v 46.415405 -30.274191 33.460541
v 46.391479 -30.233257 36.299633
v 48.285641 -30.183916 36.226665
v 48.170441 -30.235855 34.328804
v 49.946491 -30.199123 33.627689
v 49.777744 -30.202528 32.458763
v 50.461945 -30.142277 35.826118
v 48.143715 -30.239960 33.175293
v 48.132210 -30.241863 32.652836
v 48.129303 -30.190418 32.497597
v 49.702278 -30.204130 31.935005
v 46.442123 -30.275291 32.948193
v 49.680656 -30.152685 31.784075
v 46.450134 -30.223745 32.793159
v 46.452835 -30.068211 32.741413
v 44.758549 -30.100538 32.585575
v 48.128300 -30.034981 32.445854
v 44.752342 -30.256277 32.636921
v 43.148338 -30.278593 32.053707
v 43.159748 -30.122559 32.003765
v 41.770428 -30.124659 31.021708
v 41.750313 -30.281197 31.068146
v 40.646248 -30.285999 29.756998
v 40.554562 -30.342249 29.872700
v 39.923611 -30.314827 28.197227
v 39.800503 -30.371374 28.268993
v 40.676769 -30.128862 29.718462
v 39.964645 -30.157589 28.173206
v 39.964645 -29.797773 28.173309
v 39.669090 -29.792068 26.497738
v 39.669090 -30.151882 26.497738
v 39.620239 -30.309120 26.506046
v 40.676769 -29.769049 29.718462
v 41.770428 -29.764744 31.021708
v 43.159748 -29.762743 32.003765
v 44.758549 -29.740725 32.585575
v 46.452835 -29.708397 32.741413
v 48.128300 -29.675167 32.445854
v 49.673454 -29.637232 31.733730
v 49.673454 -29.997149 31.733730
v 50.976696 -29.950806 30.640072
v 50.976696 -29.590992 30.640072
v 51.958755 -29.540846 29.250751
v 51.958755 -29.900763 29.250751
v 52.540562 -29.851419 27.651953
v 52.540562 -29.491606 27.651953
v 52.696503 -29.445162 25.957767
v 52.696503 -29.804977 25.957767
v 52.400944 -29.763542 24.282196
v 52.400944 -29.403728 24.282196
v 51.688816 -29.370197 22.737045
v 51.688816 -29.730013 22.737045
v 50.595062 -29.707293 21.433802
v 50.595062 -29.347477 21.433802
v 49.205742 -29.340572 20.451742
v 47.606941 -29.714296 19.869932
v 47.606941 -29.354483 19.869932
v 49.205742 -29.700386 20.451742
v 49.234764 -29.853422 20.414009
v 50.636494 -29.860828 21.405878
v 50.760708 -29.906368 21.322006
v 49.321846 -29.897261 20.301109
v 47.614452 -29.866430 19.826096
v 47.636772 -29.907667 19.694679
v 45.644028 -29.879944 18.926004
v 49.621910 -29.867031 19.890251
v 45.852211 -29.933889 19.534939
v 45.897648 -29.893354 19.669256
v 47.667999 -29.861624 19.145899
v 44.206665 -29.927483 19.970619
v 44.114883 -29.971724 19.853718
v 44.237293 -29.774349 20.009655
v 45.912766 -29.741522 19.714096
v 45.912766 -29.381706 19.714096
v 44.237293 -29.414536 20.009655
v 42.692039 -29.453373 20.721779
v 41.388794 -29.858727 21.815439
v 41.388794 -29.498911 21.815439
v 42.692039 -29.813187 20.721678
v 42.651501 -29.968224 20.691952
v 41.342251 -30.015165 21.795021
v 41.202530 -30.069311 21.733767
v 42.529892 -30.017965 20.602776
v 42.178486 -30.007956 20.314623
v 41.448750 -29.983833 19.687872
v 40.839413 -30.074318 21.567019
v 40.122486 -30.083424 21.230324
v 43.797108 -29.935991 19.374899
v 39.265835 -30.094734 20.832375
v 38.310696 -30.206030 22.702215
v 39.152134 -30.179308 22.904692
v 39.844341 -30.157486 23.073240
v 40.589195 -29.958111 18.977652
v 39.848446 -29.943096 18.439079
v 38.483547 -30.106445 20.481869
v 36.828098 -30.254572 22.361715
v 37.499687 -30.232456 22.514250
v 37.854694 -30.116552 20.206028
v 36.926384 -30.359665 24.651222
v 37.748501 -30.331539 24.693359
v 37.570747 -30.428522 26.984465
v 36.741421 -30.453249 27.078747
v 36.049812 -30.472765 27.120886
v 36.236679 -30.383085 24.616489
v 35.613735 -30.485075 27.151611
v 36.237080 -30.494083 30.025633
v 36.922680 -30.478468 29.982996
v 36.768646 -30.434429 33.532104
v 37.768921 -30.454248 29.754194
v 37.434628 -30.423222 33.478458
v 38.242134 -30.275393 37.679943
v 39.092484 -30.070715 41.716377
v 37.614788 -30.281300 37.841686
v 38.487854 -30.072815 41.973206
v 38.685925 -29.848520 45.062614
v 39.100288 -29.847017 44.945110
v 39.733147 -29.845118 44.716709
v 38.082794 -30.074417 42.099514
v 39.569897 -29.581688 47.231014
v 40.991447 -29.569874 46.951870
v 40.505623 -29.828903 44.643147
v 40.244091 -29.577681 47.075775
v 40.704994 -29.247597 49.187923
v 40.014591 -29.254299 49.304226
v 41.447243 -29.240389 49.063015
v 42.037464 -29.234583 48.963627
v 42.955967 -28.886078 50.664417
v 41.639717 -29.555864 46.954971
v 42.474247 -29.230381 48.890163
v 42.137749 -29.542250 47.000912
v 42.516186 -28.864058 50.816853
v 41.338646 -29.784565 44.990051
v 42.029858 -29.738922 45.421024
v 42.756294 -29.227577 48.842720
v 42.434914 -29.535845 47.005516
v 42.376961 -29.718805 45.599785
v 42.634884 -29.815491 44.560474
v 42.507275 -29.661755 45.633713
v 42.265263 -29.849922 44.198456
v 42.581139 -29.482300 46.986500
v 42.742882 -29.754438 44.652252
v 43.344513 -29.801678 43.944935
v 43.261238 -29.864832 43.822426
v 42.958469 -29.904871 43.381039
v 42.908325 -29.175032 48.807789
v 43.373234 -28.848246 50.534405
v 43.860561 -28.610136 51.603340
v 43.747559 -28.643066 51.692417
v 43.230610 -28.895987 50.581551
v 44.467091 -28.443892 52.205467
v 43.499447 -28.592623 51.898998
v 44.397732 -28.461105 52.338783
v 44.213268 -28.370626 52.665871
v 45.289913 -28.332790 52.531448
v 41.446346 -29.928188 43.369732
v 39.579910 -29.258505 49.377487
v 40.017391 -28.863361 51.268143
v 39.141426 -29.584190 47.322193
v 38.457123 -29.797474 45.109055
v 38.685226 -30.418818 29.152666
v 39.439686 -30.386387 28.537827
v 38.419796 -30.400902 26.797602
v 39.112801 -30.377583 26.614342
v 39.258327 -30.279896 24.774229
v 38.580032 -30.303116 24.737696
v 39.473915 -30.365673 26.531069
v 39.620647 -30.267584 24.793243
v 40.356991 -30.089027 23.193445
v 39.773876 -30.210436 24.800953
v 40.207760 -30.145878 23.159517
v 39.824924 -30.052996 24.803553
v 39.824924 -29.693180 24.803553
v 40.406734 -29.571873 23.204756
v 40.406734 -29.931692 23.204756
v 50.289890 -29.798069 18.959234
v 51.258743 -29.882448 21.014837
v 52.421661 -29.827497 20.316822
v 56.238201 -29.775253 21.196594
v 51.433594 -29.691376 17.768791
v 52.485020 -29.909971 22.467310
v 53.923676 -29.860428 21.984085
v 53.851517 -29.740021 19.310942
v 55.150547 -29.618412 18.080463
v 57.164417 -29.644337 19.275112
v 56.108292 -29.510715 17.035948
v 54.717377 -29.423841 15.660642
v 53.161106 -29.548452 16.579847
v 57.732418 -29.551054 18.081366
v 56.514149 -29.464878 16.587955
v 57.977131 -29.510618 17.562611
v 59.642094 -29.513220 18.115995
v 59.549911 -29.549953 18.671984
v 59.338223 -29.634228 19.944899
v 59.112621 -29.738621 21.813637
v 58.978706 -29.835905 24.157490
v 61.272217 -29.877943 26.867264
v 56.621243 -29.874342 23.943501
v 58.758018 -29.923182 26.730343
v 61.469692 -29.789665 24.342148
v 56.460503 -29.958712 26.502844
v 54.622391 -29.917076 24.022169
v 54.651215 -29.985237 26.267338
v 58.271992 -29.997648 29.286385
v 54.143467 -30.052795 28.555843
v 55.809532 -30.036583 29.094116
v 54.703461 -30.105042 31.916990
v 55.760193 -30.082123 33.932156
v 53.813480 -30.087830 35.327183
v 52.478405 -30.142776 33.805946
v 58.227253 -30.046892 33.168987
v 57.951511 -30.043989 31.530750
v 53.137085 -30.113249 30.667696
v 51.670006 -30.160191 32.382797
v 52.409950 -30.110245 29.794029
v 51.242729 -30.159088 31.306255
v 51.050861 -30.158588 30.824432
v 52.084064 -30.108847 29.401983
v 51.990082 -30.056599 29.288586
v 50.995209 -30.106544 30.686113
v 52.582401 -30.006954 27.675974
v 52.708012 -30.058399 27.748234
v 52.891174 -30.009958 25.992699
v 52.745148 -29.960014 25.966473
v 53.150597 -30.056700 27.998255
v 53.428638 -30.002552 26.078772
v 53.207550 -29.951809 24.195221
v 52.601913 -29.966518 24.264584
v 52.451187 -29.918079 24.277794
v 51.878784 -29.930992 22.671789
v 51.736259 -29.884047 22.720732
v 60.948139 -29.984438 31.469597
v 63.489357 -29.935793 33.291393
v 63.807339 -29.919579 31.718616
v 61.084255 -29.944300 29.338230
v 63.799538 -29.884548 29.455233
v 60.906403 -29.994045 32.975918
v 60.909504 -29.989742 33.920746
v 58.672539 -30.032080 34.216904
v 58.860508 -30.025675 34.690521
v 60.907803 -29.987638 34.367439
v 62.946583 -29.943401 34.708138
v 63.113331 -29.941097 34.259243
v 65.105179 -29.856829 35.212677
v 65.837219 -29.835405 34.236725
v 66.706184 -29.707294 36.761135
v 67.810852 -29.656252 35.933712
v 66.234764 -29.728815 37.119850
v 64.785805 -29.866037 35.647259
v 64.701126 -29.816393 35.770267
v 64.672905 -29.661556 35.811203
v 66.079933 -29.528036 37.244259
v 62.884434 -29.736519 34.897404
v 62.899944 -29.892057 34.850063
v 66.118668 -29.682076 37.213135
v 67.035767 -29.509722 39.015411
v 67.335434 -29.320255 41.013866
v 67.484467 -29.358990 40.991745
v 67.174088 -29.552757 38.957462
v 66.989632 -29.356888 39.034729
v 67.285690 -29.168922 41.021168
v 66.989632 -28.997072 39.034729
v 67.019157 -29.142902 43.008915
v 66.969208 -28.633354 43.004406
v 67.285690 -28.809109 41.021168
v 66.969208 -28.993170 43.004406
v 66.041199 -28.858753 44.785572
v 64.658287 -28.913498 46.231438
v 66.041199 -28.498936 44.785572
v 64.619354 -28.406656 46.204010
v 64.619354 -28.766470 46.204010
v 66.088440 -29.006983 44.801487
v 66.230263 -29.036608 44.849426
v 65.232887 -28.841135 46.618874
v 66.723999 -28.955036 45.038696
v 67.653214 -29.119381 43.064064
v 64.774895 -28.939522 46.313610
v 67.168892 -29.177031 43.022423
v 62.908955 -28.887577 47.255936
v 60.820324 -28.837132 47.965858
v 63.177689 -28.797197 47.613350
v 62.843494 -28.863358 47.138535
v 60.838043 -28.908497 47.590832
v 60.837734 -28.882174 47.456108
v 58.834682 -28.995771 47.117416
v 58.767925 -29.029600 47.232616
v 62.821674 -28.716927 47.099400
v 60.837643 -28.735044 47.411270
v 58.856998 -28.846043 47.078979
v 57.028496 -29.169123 46.191505
v 58.856998 -28.486223 47.078979
v 57.068634 -28.656574 46.165180
v 57.068634 -29.016388 46.165180
v 60.837643 -28.375229 47.411270
v 62.821674 -28.357012 47.099400
v 55.661499 -29.212563 44.732128
v 54.702358 -29.565170 42.944954
v 55.661499 -28.852646 44.732128
v 54.751801 -29.049019 42.941555
v 54.751801 -29.408934 42.941555
v 55.613262 -29.367399 44.747734
v 55.468433 -29.416843 44.794582
v 54.841080 -29.402229 45.023178
v 56.908192 -29.212061 46.270775
v 56.318569 -29.175331 46.623680
v 54.554131 -29.619017 42.954865
v 53.968113 -29.625925 42.987797
v 53.677261 -29.816490 40.686779
v 52.265827 -29.871738 40.146606
v 52.605221 -29.641537 43.060162
v 54.270981 -29.793871 40.902164
v 53.345375 -29.365097 45.583771
v 54.870808 -29.088856 47.471024
v 50.583050 -29.681675 43.231110
v 52.736538 -28.891281 49.045197
v 51.488144 -29.317755 46.313713
v 49.776237 -29.272915 47.050259
v 50.220428 -28.906294 49.369583
v 49.064617 -29.573679 44.859833
v 47.969265 -29.524136 45.660236
v 48.500431 -29.238983 47.625862
v 48.826710 -28.924414 49.585369
v 47.951248 -29.224371 47.872776
v 48.231491 -28.931017 49.681957
v 48.226284 -28.713226 50.837368
v 50.474957 -28.516254 51.270447
v 48.884861 -28.657177 50.957672
v 52.776871 -27.793720 53.809277
v 50.076199 -28.197777 52.645653
v 53.062622 -28.339098 51.587624
v 56.714226 -28.174053 51.721043
v 60.767178 -27.576431 53.291321
v 56.796692 -28.615143 49.831886
v 56.939617 -27.678421 53.611702
v 60.722336 -28.433081 49.931278
v 60.731544 -28.022921 51.608147
v 64.416573 -27.887300 51.186573
v 64.367935 -28.296062 49.555645
v 64.254433 -27.464933 52.808098
v 67.406494 -27.215216 52.244003
v 67.735580 -27.623373 50.603565
v 68.082985 -28.145828 48.453983
v 63.809547 -28.599724 48.372215
v 67.826866 -28.770172 45.478680
v 69.566689 -28.411659 45.762127
v 70.654938 -27.087502 50.006443
v 71.240852 -27.477642 47.915215
v 71.971298 -27.809835 45.481682
v 66.295624 -28.615339 47.315289
v 70.396423 -28.687202 43.100090
v 72.788315 -28.086275 42.715958
v 73.776878 -26.523203 47.274651
v 74.512718 -26.839279 44.849426
v 75.354866 -27.094004 42.057880
v 76.662712 -25.374897 44.077049
v 77.568405 -25.613308 41.183014
v 76.304802 -27.280468 38.820942
v 78.640053 -25.756531 37.736996
v 73.633759 -28.309370 39.627850
v 74.382408 -28.478519 36.779449
v 77.069664 -27.451218 35.908588
v 71.115646 -28.926811 40.212360
v 71.357864 -29.219769 37.035175
v 69.061142 -29.437059 38.143951
v 69.147324 -29.598600 34.739162
v 69.238998 -29.216167 40.629227
v 70.314247 -29.556963 33.279186
v 72.472038 -29.202654 34.566914
v 74.908676 -28.593121 34.732758
v 73.079071 -29.215361 33.124149
v 77.356712 -27.659096 34.090694
v 77.393150 -27.838356 33.088619
v 75.229660 -28.662279 33.448536
v 75.362366 -28.695309 32.887444
v 77.406059 -27.923529 32.623810
v 73.390343 -29.171925 32.378292
v 75.391396 -28.654570 32.737911
v 73.332687 -29.221569 32.518620
v 77.406960 -27.900110 32.476582
v 79.227859 -26.760311 31.545362
v 77.407265 -27.753981 32.427536
v 75.401001 -28.502636 32.687965
v 79.237373 -26.896328 31.589003
v 79.265694 -26.889322 31.720018
v 80.944069 -25.665548 30.604540
v 79.355476 -26.710667 32.116161
v 80.716667 -25.969315 30.189075
v 80.772919 -25.931984 30.290163
v 81.759178 -25.390808 28.448050
v 81.679008 -25.445358 28.390600
v 82.457588 -24.948820 26.418669
v 82.057343 -25.330759 26.387344
v 81.986168 -25.089445 28.627506
v 82.155930 -25.272306 26.400354
v 81.894295 -25.583277 24.353659
v 81.784607 -25.631920 24.372578
v 82.334282 -25.209751 24.211336
v 81.748070 -25.509712 24.378881
v 81.748070 -25.149899 24.378881
v 82.024414 -24.852037 26.382938
v 82.024414 -25.211851 26.382938
v 81.652191 -25.325151 28.371483
v 81.652191 -24.965338 28.371483
v 80.697845 -25.483589 30.155344
v 80.697845 -25.843407 30.155344
v 79.227859 -26.400394 31.545362
v 77.407265 -27.394064 32.427536
v 75.401001 -28.142822 32.687965
v 73.409561 -28.657072 32.331551
v 73.409561 -29.016890 32.331551
v 71.633400 -29.307446 31.363106
v 71.633400 -28.947626 31.363106
v 70.231773 -29.075239 29.904226
v 70.231773 -29.435053 29.904226
v 69.364113 -29.460476 28.076624
v 69.364113 -29.100662 28.076624
v 69.087669 -29.045113 26.072567
v 69.087669 -29.404930 26.072567
v 69.459892 -29.289429 24.084024
v 69.459892 -28.929512 24.084024
v 70.414230 -28.758261 22.300163
v 70.414230 -29.118078 22.300163
v 71.884224 -28.535568 20.910145
v 70.367096 -29.275616 22.284849
v 69.409851 -29.447466 24.082123
v 69.038521 -29.563166 26.083275
v 68.891098 -29.622519 26.115705
v 69.318573 -29.618614 28.098642
v 69.182251 -29.677668 28.164600
v 68.729057 -29.701689 28.399609
v 68.427292 -29.646139 26.216793
v 69.643959 -29.671562 30.404163
v 70.075935 -29.650444 30.031637
v 70.192841 -29.592693 29.936056
v 71.603775 -29.464180 31.403538
v 71.514999 -29.519129 31.524746
v 71.155586 -29.530640 32.044201
v 68.659897 -29.719604 31.267221
v 67.733383 -29.754534 28.928772
v 67.429016 -29.696884 26.433681
v 66.825089 -29.813786 32.387100
v 66.116463 -29.820593 29.398481
v 65.871956 -29.760338 26.670490
v 63.731571 -29.822195 26.831131
v 82.452988 -24.469604 29.012945
v 83.267799 -23.084290 29.329620
v 81.861366 -23.845657 32.706383
v 83.099846 -24.272530 26.438688
v 84.078209 -22.834473 26.435083
v 81.307281 -25.103956 31.277931
v 79.549042 -26.331535 32.954800
v 79.444557 -25.948200 34.680309
v 85.388664 -20.225386 26.382240
v 84.539108 -20.486814 29.303101
v 84.845879 -17.841297 32.154400
v 83.555359 -20.682886 32.428040
v 85.809929 -17.643520 29.136456
v 86.623436 -15.521161 29.032663
v 85.646484 -15.806712 31.989056
v 87.158409 -13.790243 28.966307
v 86.155937 -14.208411 31.886667
v 86.573196 -12.675867 31.801992
v 87.593887 -12.121881 28.911657
v 84.484062 -15.968453 35.297455
v 85.396965 -13.043690 35.001198
v 84.981697 -14.472943 35.136814
v 83.738014 -14.626479 38.437607
v 84.149475 -13.275995 38.262558
v 83.253288 -16.043020 38.643185
v 82.526848 -14.711554 41.510300
v 82.071152 -16.067041 41.711273
v 80.249252 -17.778143 44.858231
v 81.339119 -14.716058 44.422451
v 81.333405 -17.884935 42.036659
v 82.471504 -17.929676 38.975677
v 80.923347 -16.023804 44.588699
v 79.795753 -15.896294 47.362427
v 79.194931 -17.595884 47.558002
v 80.165581 -14.627981 47.241924
v 78.841225 -15.743360 49.653732
v 79.167809 -14.502371 49.574863
v 78.308052 -17.401712 49.782745
v 78.191452 -20.085665 47.884888
v 77.417267 -19.819834 49.998837
v 78.212677 -15.623553 51.084087
v 77.725937 -17.258888 51.179173
v 76.909935 -19.630268 51.340714
v 75.753014 -22.103935 51.589333
v 75.450546 -21.914068 52.488117
v 76.555214 -19.485741 52.248310
v 77.321289 -17.148191 52.104675
v 76.182388 -22.347351 50.301102
v 76.836357 -22.679838 48.319870
v 74.243790 -24.046240 51.946045
v 75.180611 -24.693003 48.839813
v 74.616615 -24.333387 50.688843
v 72.654099 -25.782356 51.152149
v 73.146225 -26.152884 49.412819
v 70.228569 -26.698660 51.681313
v 72.334221 -25.465479 52.381222
v 69.976448 -26.370373 52.865349
v 72.112816 -25.190441 53.305134
v 67.236542 -26.881720 53.394207
v 67.149574 -26.595570 54.269077
v 69.819710 -26.084921 53.764130
v 64.180473 -27.120632 53.963409
v 64.151245 -26.826574 54.851788
v 60.832935 -26.898436 55.447113
v 57.093956 -27.270063 54.972397
v 57.202351 -26.931564 55.989792
v 60.801804 -27.209309 54.510395
v 53.592487 -26.930964 56.468803
v 53.409428 -27.300591 55.360432
v 50.336235 -26.901840 56.872658
v 47.627663 -26.896235 57.098164
v 45.660938 -26.966496 57.041809
v 44.525043 -27.074490 56.808800
v 73.979759 -23.807930 52.860043
v 75.880821 -25.061422 46.576740
v 77.635162 -23.027342 45.896446
v 79.122169 -20.356102 45.308926
v 78.499123 -23.315395 43.281754
v 80.099319 -20.559879 42.580940
v 81.168755 -20.690395 39.531864
v 79.487083 -23.519974 40.278622
v 80.657814 -23.616961 36.689571
v 82.376320 -20.741037 35.992561
v 83.687775 -17.925869 35.557888
v 76.239143 -19.355528 53.059418
v 77.397552 -15.442097 52.834019
v 77.776093 -15.526570 52.021507
v 76.966576 -17.050306 52.916588
v 76.681122 -16.971037 53.570362
v 75.804756 -19.175169 54.175701
v 76.484154 -16.916288 54.021362
v 76.886307 -15.327695 53.930683
v 77.094994 -15.374436 53.483189
v 75.982216 -19.248833 53.719997
v 77.339905 -14.157269 53.433144
v 77.856659 -13.077423 52.751354
v 77.532074 -13.017871 53.395016
v 77.308975 -12.976935 53.837406
v 77.123810 -14.113231 53.877934
v 77.653679 -14.221126 52.787075
v 78.048523 -14.301295 51.973866
v 78.267319 -13.152788 51.937042
v 78.507622 -14.394276 51.027637
v 77.058456 -12.944007 54.093433
v 77.182167 -12.077247 54.064804
v 77.435684 -12.102570 53.809883
v 77.497742 -11.674195 53.796471
v 77.246223 -11.499441 54.015961
v 77.243019 -11.651175 54.050797
v 77.492332 -11.521661 53.774353
v 77.416466 -11.474719 53.721100
v 77.129623 -11.464311 53.813782
v 77.197388 -11.455603 53.924984
v 77.314079 -11.480024 53.655041
v 77.228500 -11.484028 53.594490
v 77.405861 -11.511752 53.290028
v 77.076073 -11.470416 53.718498
v 77.311378 -11.512553 53.262802
v 77.148338 -11.486629 53.536041
v 77.028732 -11.475120 53.630924
v 76.856377 -11.473119 53.569675
v 76.979889 -11.479424 53.543049
v 76.833359 -11.461509 53.766640
v 76.844872 -11.467313 53.668152
v 77.061859 -11.487831 53.476189
v 76.972076 -11.488332 53.415535
v 77.103897 -11.508749 53.202747
v 77.209389 -11.511151 53.233273
v 76.930244 -11.483527 53.454967
v 76.867889 -11.478923 53.471287
v 76.715050 -11.469416 53.481091
v 76.648994 -11.463710 53.579575
v 76.315308 -11.445695 53.596195
v 76.401581 -11.449898 53.501209
v 76.085205 -11.430282 53.521530
v 75.994225 -11.428079 53.611206
v 75.824379 -11.419271 53.616112
v 75.923668 -11.420172 53.531841
v 75.868210 -11.416268 53.513023
v 75.870415 -11.414967 53.445663
v 75.764816 -11.414967 53.507915
v 75.762421 -11.416068 53.588985
v 75.656624 -11.415768 53.664948
v 75.659225 -11.414967 53.570168
v 75.625801 -11.417370 53.784454
v 75.725090 -11.418371 53.700283
v 75.550735 -11.415567 53.740917
v 75.553642 -11.414967 53.632427
v 75.425728 -11.415467 53.827595
v 75.420319 -11.414967 53.696384
v 75.479568 -11.414967 53.270103
v 75.610588 -11.414967 53.232670
v 75.711479 -11.414967 53.188435
v 75.886223 -11.414967 52.269432
v 75.697769 -11.414967 52.315273
v 75.791946 -11.414967 52.292351
v 75.812462 -11.414967 53.144199
v 75.913353 -11.414967 53.100060
v 75.980415 -11.414967 52.246513
v 76.354340 -11.414966 50.915745
v 77.317879 -11.414966 49.138386
v 77.235214 -11.414966 49.138386
v 76.266861 -11.414966 50.921444
v 76.179390 -11.414966 50.927250
v 77.152542 -11.414966 49.138386
v 76.091911 -11.414966 50.932961
v 77.069870 -11.414966 49.138386
v 75.988121 -11.414966 50.937263
v 76.971382 -11.414966 49.138386
v 78.242195 -11.414966 47.137634
v 78.339676 -11.414966 47.137634
v 78.418648 -11.414966 47.137634
v 78.497520 -11.414966 47.137634
v 78.242004 -11.414966 47.637875
v 75.579857 -11.414967 52.332481
v 75.519012 -11.416869 53.880138
v 75.724190 -11.421873 53.888847
v 76.142754 -11.437387 53.786259
v 75.812065 -11.423675 53.790565
v 75.642418 -11.421073 54.004452
v 76.003334 -11.428980 54.004951
v 76.064789 -11.433184 53.888447
v 76.460327 -11.445695 53.882141
v 76.516884 -11.452100 53.776550
v 76.422806 -11.437887 54.001850
v 76.843460 -11.444994 53.996845
v 76.830154 -11.454502 53.873436
v 76.394173 -11.483327 54.098736
v 76.852180 -11.488632 54.097431
v 76.835266 -11.640665 54.135563
v 76.774406 -12.060832 54.149677
v 76.304100 -12.048922 54.149376
v 76.364349 -11.636361 54.135563
v 75.920357 -11.631957 54.135468
v 75.481178 -12.026702 54.148178
v 75.863113 -12.037210 54.148781
v 75.534920 -11.627853 54.135365
v 75.576256 -11.472618 54.099236
v 75.955994 -11.477623 54.099434
v 75.377686 -12.809088 54.173298
v 76.582939 -11.457906 53.678062
v 76.229027 -11.441590 53.691174
v 75.903145 -11.425878 53.700886
v 77.529968 -11.562097 52.678989
v 77.435783 -11.559994 52.666683
v 77.625351 -11.563397 52.690598
v 78.055031 -11.633557 51.889194
v 77.897392 -11.632657 51.883190
v 77.972862 -11.633257 51.886295
v 78.487404 -11.717131 50.928150
v 78.418243 -11.717131 50.928150
v 78.565285 -11.717131 50.928150
v 77.722939 -11.563297 52.700710
v 78.150818 -11.633557 51.891701
v 75.177208 -21.742220 53.300934
v 84.445427 -12.235682 38.136246
v 85.691528 -11.943425 34.904213
v 86.864456 -11.497036 31.742336
v 87.895660 -10.839559 28.873425
v 88.029472 -10.267258 28.856211
v 86.995865 -10.959664 31.714916
v 86.999870 -10.797223 31.706507
v 88.032272 -10.104313 28.851107
v 88.977005 -9.282794 26.109503
v 89.879890 -8.419796 23.312452
v 89.877693 -8.585853 23.315754
v 88.974495 -9.446338 26.113005
v 68.022438 -29.314552 40.886353
v 67.738083 -29.517929 38.715450
v 68.706841 -28.993870 43.153042
v 60.766876 -28.691608 48.731621
v 57.565971 -28.859552 48.475807
v 58.422825 -28.975155 47.620255
v 48.082565 -28.880774 49.700470
v 48.079762 -28.672892 50.808243
v 48.026012 -28.524462 50.768913
v 48.014702 -28.369328 49.615898
v 48.028015 -28.728039 49.681660
v 48.013203 -28.168249 50.690540
v 47.758278 -29.014488 47.925125
v 47.378849 -29.445368 46.092319
v 47.323196 -28.926811 46.061989
v 47.334610 -29.289030 46.104527
v 47.810020 -29.169525 47.927120
v 47.745766 -28.653673 47.871876
v 47.498848 -29.502619 46.007641
v 50.429813 -29.949108 39.504440
v 54.731285 -29.870039 38.943451
v 54.020164 -29.957113 38.433502
v 54.409504 -29.737123 40.941898
v 54.608376 -29.927790 38.858074
v 55.556007 -30.007761 37.044186
v 55.048260 -30.030981 36.541542
v 57.093655 -29.983837 35.730835
v 56.639759 -30.051498 35.104782
v 55.664200 -29.951010 37.154179
v 57.008583 -30.038685 35.606323
v 55.700336 -29.793774 37.190815
v 54.772217 -29.712400 38.971874
v 57.122078 -29.467386 35.772369
v 55.700336 -29.433956 37.190815
v 57.122078 -29.827202 35.772369
v 54.772217 -29.352583 38.971874
v 54.455746 -29.579782 40.955212
v 54.455746 -29.219969 40.955212
v 58.919758 -29.815891 34.876984
v 60.903793 -29.419443 34.565109
v 60.904793 -29.935196 34.515667
v 60.903793 -29.779259 34.565109
v 58.904945 -29.972126 34.830341
v 58.919758 -29.456076 34.876984
v 62.884434 -29.376705 34.897404
v 64.672905 -29.301640 35.811203
v 66.079933 -29.168222 37.244259
v 52.583202 -30.029278 37.387585
v 61.376213 -29.408031 18.077562
v 61.387615 -29.469282 18.228992
v 58.039387 -29.448267 17.426691
v 59.666416 -29.451466 17.967865
v 59.674419 -29.292528 17.918421
v 61.372311 -28.824919 18.027117
v 61.372311 -29.249189 18.027117
v 59.674419 -28.868258 17.918421
v 58.060101 -28.864853 17.381351
v 58.060101 -29.289124 17.381351
v 56.643963 -29.242285 16.438324
v 56.643963 -28.818111 16.438324
v 55.514465 -28.725729 15.166008
v 55.514465 -29.150002 15.166008
v 55.472733 -29.309443 15.194235
v 56.611538 -29.401724 16.475758
v 55.347523 -29.372396 15.278908
v 54.759613 -29.009878 13.641273
v 54.712669 -29.168621 13.661490
v 54.759613 -28.585608 13.641273
v 54.417610 -28.390638 11.974611
v 54.417610 -28.814812 11.974611
v 54.526306 -28.557682 10.276725
v 55.063381 -27.827841 8.662310
v 55.063381 -28.252117 8.662310
v 54.526306 -28.133411 10.276725
v 56.006401 -27.911819 7.246258
v 57.278717 -27.161259 6.116698
v 57.238380 -27.734362 6.087712
v 57.278717 -27.585529 6.116698
v 56.006401 -27.487543 7.246258
v 55.959759 -28.063551 7.228252
v 58.803455 -27.321997 5.361887
v 58.803455 -26.897726 5.361887
v 60.470119 -26.722672 5.019816
v 60.470119 -27.146944 5.019816
v 60.450596 -27.290068 4.975597
v 58.772327 -27.467625 5.323993
v 62.144787 -27.239325 4.938695
v 60.391949 -27.304483 4.842942
v 62.168003 -27.086193 5.128512
v 62.162197 -27.228216 5.081050
v 63.791225 -27.274155 5.618862
v 63.782417 -27.132431 5.665582
v 65.198463 -27.278461 6.608659
v 65.221581 -27.420088 6.567533
v 65.291046 -27.429497 6.444145
v 63.817654 -27.284264 5.478709
v 66.363586 -27.647985 7.849557
v 67.305702 -27.337515 6.976462
v 66.470177 -27.660694 7.755314
v 65.858734 -27.117617 5.571790
v 67.260567 -27.963463 9.332596
v 67.127251 -27.940140 9.387445
v 68.326004 -28.164839 10.845624
v 68.085693 -27.727955 8.819447
v 67.622482 -28.287748 11.054506
v 67.474258 -28.252415 11.067918
v 67.366257 -28.540668 12.777616
v 67.082817 -27.794014 9.405762
v 67.424911 -28.102285 11.072322
v 67.316216 -28.387934 12.770209
v 67.424911 -27.678011 11.072322
v 67.316216 -27.963663 12.770209
v 66.779152 -28.216284 14.384624
v 66.779152 -28.640455 14.384624
v 66.824684 -28.795090 14.403741
v 65.836021 -28.849541 15.800665
v 65.871155 -29.006277 15.833294
v 64.586624 -29.178028 16.974295
v 64.563705 -29.019690 16.930256
v 63.038971 -29.155607 17.685118
v 63.052280 -29.314447 17.734362
v 64.563705 -28.595415 16.930256
v 63.038971 -28.731335 17.685118
v 65.836021 -28.425268 15.800665
v 67.082817 -27.369743 9.405762
v 66.328056 -27.081091 7.880965
v 66.328056 -27.505362 7.880965
v 65.198463 -26.854288 6.608659
v 63.782417 -26.708158 5.665582
v 62.168003 -26.661919 5.128512
v 50.809444 -24.251619 59.275368
v 47.944241 -24.264730 59.464733
v 41.085430 -27.651495 51.195286
v 42.825459 -28.440590 49.009365
v 43.803013 -27.784613 50.967083
v 40.419846 -28.330391 49.295017
v 39.695412 -28.855045 47.255737
v 41.632210 -28.894283 46.973186
v 39.039940 -29.186039 44.989349
v 40.512127 -29.202253 44.696392
v 42.441319 -29.223373 44.313358
v 44.171734 -28.945427 46.602764
v 45.964005 -28.583811 48.636147
v 48.086964 -28.256527 50.002335
v 36.034500 -29.858126 33.634895
v 35.494728 -29.922483 30.112608
v 35.303059 -29.906368 27.178535
v 35.303360 -29.979733 27.178238
v 35.494728 -29.995945 30.112608
v 35.494728 -30.050497 30.112608
v 35.303558 -30.033979 27.178038
v 96.127472 24.080162 -58.309677
v 96.440643 24.458094 -57.394272
v 96.571365 24.665476 -57.018745
v 96.254684 24.835823 -58.472816
v 96.136581 24.645256 -58.783390
v 95.899376 24.791586 -59.867439
v 96.006470 24.968941 -59.607414
v 96.083939 25.059019 -59.480801
v 96.322342 24.927906 -58.367527
v 96.712288 24.625139 -56.152184
v 97.692841 22.530500 -46.906982
v 97.837074 21.327648 -43.200035
v 97.885117 20.122789 -39.492989
v 97.885117 18.868690 -35.786041
v 97.885117 17.517805 -32.079090
v 97.811150 15.869160 -27.900129
v 97.589561 13.721576 -22.776937
v 97.191498 11.179147 -17.110575
v 96.588379 8.345973 -11.301732
v 95.861740 5.489699 -5.717038
v 95.093063 2.877969 -0.723176
v 94.245522 0.434626 3.905125
v 93.282776 -1.916444 8.393128
v 92.257889 -4.052407 12.665922
v 91.224174 -5.850423 16.648712
v 90.225006 -7.293459 20.233152
v 89.304092 -8.364439 23.311253
v 88.401192 -9.228296 26.108301
v 87.456673 -10.049966 28.849403
v 86.424667 -10.743175 31.703606
v 85.259949 -11.221496 34.839954
v 68.230118 -13.314016 -28.954557
v 70.299431 -10.137032 -34.427856
v 69.709915 -10.147642 -34.531647
v 67.548515 -13.317820 -29.072456
v 65.942810 -16.395218 -23.229342
v 67.117043 -13.325827 -29.147524
v 69.309364 -10.158751 -34.603008
v 71.027367 -7.196224 -39.307930
v 70.792160 -7.158061 -39.327351
v 72.526985 -4.288515 -43.665051
v 72.905312 -4.289636 -43.582775
v 71.412712 -7.189047 -39.232067
v 72.292473 -4.246648 -43.687569
v 74.064339 -1.285852 -48.077114
v 73.830231 -1.239702 -48.099533
v 75.393494 1.899980 -52.519402
v 75.299316 2.025230 -52.463158
v 75.617393 1.849977 -52.497189
v 77.164154 5.157176 -56.878025
v 76.970581 5.209631 -56.903145
v 76.883804 5.335472 -56.840893
v 78.456482 8.428484 -60.662640
v 78.423256 8.558187 -60.566956
v 76.857079 5.465937 -56.755920
v 78.537651 8.301543 -60.730705
v 80.212624 10.722136 -63.427067
v 80.071297 10.788013 -63.482315
v 79.986519 10.914523 -63.416557
v 78.698090 8.244853 -60.695869
v 78.964622 8.187893 -60.549442
v 80.438622 10.635719 -63.225689
v 80.777519 10.447554 -62.853165
v 79.364273 8.060131 -60.282909
v 77.927925 5.040633 -56.573261
v 77.478622 5.120153 -56.767426
v 75.972000 1.827026 -52.406307
v 74.946213 -1.318912 -47.865131
v 76.458527 1.782978 -52.256474
v 74.436356 -1.296922 -47.992840
v 77.218094 1.770477 -52.015064
v 75.751717 -1.309423 -47.655247
v 79.704979 5.009787 -55.846222
v 78.630539 4.982543 -56.273495
v 78.392326 1.842210 -51.649242
v 80.031868 2.036600 -51.147205
v 82.187950 2.392092 -50.496937
v 83.195229 5.540922 -54.593124
v 81.207802 5.177533 -55.287434
v 82.241501 7.982673 -58.756367
v 84.736588 10.641453 -60.511105
v 83.073334 10.053317 -61.031067
v 81.980469 9.997760 -61.680634
v 84.061401 8.397606 -58.081486
v 80.913033 7.865400 -59.371307
v 79.984528 7.929866 -59.891766
v 81.275955 10.215580 -62.331009
v 82.758553 12.117377 -63.767467
v 84.992714 13.286502 -63.446083
v 84.686241 13.912950 -64.377304
v 83.232170 11.705317 -62.972664
v 84.413605 14.377057 -65.102036
v 82.387428 12.465584 -64.415627
v 82.111580 12.716603 -64.882942
v 84.194412 14.683525 -65.607979
v 84.048187 14.836961 -65.883018
v 81.923920 12.836908 -65.134964
v 81.797707 12.915277 -65.211227
v 83.943291 14.929643 -65.970901
v 81.706329 13.040487 -65.151276
v 83.848312 15.053452 -65.915344
v 83.776245 15.164847 -65.813652
v 86.109695 17.050901 -65.918350
v 81.647179 13.159291 -65.048889
v 86.192863 16.946209 -66.017929
v 86.289749 16.823502 -66.070084
v 88.684250 18.472446 -65.722572
v 88.618584 18.589249 -65.817055
v 86.372627 16.717308 -65.976997
v 86.475212 16.528944 -65.694153
v 86.631447 16.160019 -65.176796
v 88.816063 17.792551 -64.904854
v 88.741898 18.245447 -65.435020
v 90.887077 19.764278 -64.863724
v 92.796654 20.502327 -63.451080
v 92.803452 21.016678 -64.013779
v 90.895180 19.248629 -64.318642
v 92.801865 21.281507 -64.303528
v 90.866356 20.021004 -65.153473
v 94.335007 22.316217 -63.302155
v 94.346710 22.068798 -62.980972
v 95.372711 22.986403 -61.861492
v 94.380341 21.604490 -62.338108
v 94.409370 20.874052 -61.398186
v 94.407059 19.827635 -60.186119
v 92.753914 18.631186 -61.384972
v 92.780441 19.714937 -62.584923
v 90.888977 18.451929 -63.484112
v 90.866653 17.351965 -62.326199
v 88.945671 16.077148 -62.987976
v 88.889732 17.080729 -64.099854
v 86.812210 15.576108 -64.406219
v 86.988464 14.743178 -63.363510
v 87.001572 13.466357 -61.929951
v 88.664528 12.570474 -59.322769
v 88.898933 14.625673 -61.439026
v 86.692802 11.550880 -59.986553
v 85.090401 12.271413 -62.194984
v 83.763741 11.354910 -62.128529
v 90.795403 15.828028 -60.709782
v 92.618492 15.177658 -57.498863
v 92.704269 17.151888 -59.730019
v 90.642868 13.759615 -58.500050
v 94.387550 18.432911 -58.567600
v 94.364723 16.657055 -56.408508
v 95.654457 18.030359 -55.318855
v 95.607521 19.506552 -57.290283
v 96.232964 20.113686 -56.280495
v 96.517006 19.359222 -54.571499
v 96.695778 18.008638 -51.941090
v 95.727722 16.314955 -52.656521
v 79.941383 11.039834 -63.315670
v 86.068253 17.103146 -65.868599
v 73.432381 -4.297182 -43.465973
v 71.958488 -7.183983 -39.125874
v 96.591385 25.087944 -59.328667
v 96.468880 25.140188 -59.828506
v 88.351357 18.896521 -65.590454
v 88.302910 18.949564 -65.539413
v 90.471916 20.494019 -64.984825
v 43.159748 -28.281643 32.003765
v 43.159748 -29.098358 32.003765
v 41.770428 -29.100361 31.021708
v 41.770428 -28.283747 31.021708
v 40.676769 -28.288050 29.718462
v 40.676769 -29.104664 29.718462
v 39.964645 -29.133389 28.173206
v 39.964645 -28.316675 28.173309
v 39.669090 -28.310970 26.497738
v 39.669090 -29.127686 26.497738
v 39.824924 -29.028799 24.803553
v 39.824924 -28.212084 24.803553
v 40.406734 -28.090776 23.204756
v 40.406734 -28.907492 23.204756
v 41.388794 -28.834530 21.815439
v 41.388794 -28.017813 21.815439
v 42.692039 -27.972374 20.721678
v 42.692039 -28.788990 20.721678
v 44.237293 -28.750151 20.009655
v 44.237293 -27.933435 20.009655
v 45.912766 -27.900606 19.714096
v 45.912766 -28.717325 19.714096
v 47.606941 -28.690100 19.869932
v 47.606941 -27.873484 19.869932
v 49.205742 -27.859474 20.451742
v 49.205742 -28.676191 20.451742
v 50.595062 -28.683096 21.433802
v 50.595062 -27.866381 21.433802
v 51.688816 -27.889101 22.737045
v 51.688816 -28.705816 22.737045
v 52.400944 -28.739346 24.282196
v 52.400944 -27.922626 24.282196
v 52.696503 -27.964066 25.957767
v 52.696503 -28.780781 25.957767
v 52.540562 -28.827221 27.651953
v 52.540562 -28.010508 27.651953
v 51.958755 -28.059851 29.250751
v 51.958755 -28.876465 29.250751
v 50.976696 -28.926609 30.640072
v 50.976696 -28.109993 30.640072
v 49.673454 -28.156233 31.733730
v 49.673454 -28.972849 31.733730
v 48.128300 -29.010782 32.445854
v 48.128300 -28.194069 32.445854
v 46.452835 -28.227295 32.741413
v 46.452835 -29.044012 32.741413
v 44.758549 -29.076340 32.585575
v 44.758549 -28.259726 32.585575
v 43.159748 -28.281643 32.003765
v 43.159748 -29.098358 32.003765
v 43.159748 -29.762743 32.003765
v 44.758549 -29.740725 32.585575
v 46.452835 -29.708397 32.741413
v 48.128300 -29.675167 32.445854
v 49.673454 -29.637232 31.733730
v 50.976696 -29.590992 30.640072
v 51.958755 -29.540846 29.250751
v 52.540562 -29.491606 27.651953
v 52.696503 -29.445162 25.957767
v 52.400944 -29.403728 24.282196
v 51.688816 -29.370197 22.737045
v 50.595062 -29.347477 21.433802
v 49.205742 -29.340572 20.451742
v 47.606941 -29.354483 19.869932
v 45.912766 -29.381706 19.714096
v 44.237293 -29.414536 20.009655
v 42.692039 -29.453373 20.721779
v 41.388794 -29.498911 21.815439
v 40.406734 -29.571873 23.204756
v 39.824924 -29.693180 24.803553
v 39.669090 -29.792068 26.497738
v 39.964645 -29.797773 28.173309
v 40.676769 -29.769049 29.718462
v 41.770428 -29.764744 31.021708
v 43.159748 -29.762743 32.003765
v 44.191353 -27.773499 43.452301
v 43.335598 -27.767395 43.820827
v 43.350716 -28.601629 43.889183
v 44.209667 -28.607832 43.519058
v 45.224457 -27.744476 43.461109
v 45.244972 -28.578606 43.528969
v 46.184299 -27.681322 43.854954
v 44.224579 -29.285225 43.573208
v 46.206516 -28.515051 43.927513
v 46.224632 -29.191946 43.986469
v 45.261692 -29.255899 43.584019
v 46.844479 -28.417965 44.723316
v 46.863995 -29.094259 44.789677
v 47.323196 -28.926811 46.061989
v 47.302078 -28.251919 45.982819
v 47.722446 -27.981384 47.772793
v 47.745766 -28.653673 47.871876
v 48.014702 -28.369328 49.615898
v 47.990082 -27.700840 49.493290
v 47.989182 -27.504667 50.544716
v 48.013203 -28.168249 50.690540
v 47.700428 -28.018017 51.382648
v 47.035942 -27.886204 51.978867
v 47.678310 -27.359140 51.216999
v 47.016026 -27.230528 51.800316
v 46.137653 -26.355761 51.930527
v 46.991505 -26.423119 51.580517
v 46.159676 -27.160965 52.158627
v 46.177593 -27.814741 52.343891
v 47.650986 -26.547630 51.012928
v 47.959652 -26.687351 50.364956
v 47.959755 -26.877518 49.342358
v 47.693821 -27.153460 47.650681
v 47.275955 -27.420891 45.885338
v 46.820457 -27.585136 44.641544
v 45.266495 -27.192293 52.155624
v 45.283409 -27.845667 52.342293
v 44.477604 -27.953260 52.026917
v 44.460587 -27.298286 51.845753
v 43.866268 -27.452423 51.283562
v 43.884586 -28.111399 51.450306
v 43.406567 -28.340900 50.411198
v 43.387245 -27.676819 50.265869
v 43.363628 -26.858801 50.086914
v 43.843643 -26.640909 51.078178
v 44.439571 -26.491680 51.622559
v 45.245678 -26.387589 51.925625
v 43.363125 -29.279018 43.944633
v 42.770809 -29.232880 44.637440
v 42.759895 -28.555986 44.576084
v 42.528793 -28.466707 45.516613
v 42.541405 -29.142502 45.590378
v 42.618473 -28.966146 46.911434
v 42.602959 -28.292755 46.818451
v 42.927647 -27.993093 48.589508
v 42.945660 -28.662382 48.708302
v 43.406567 -28.340900 50.411198
v 43.387245 -27.676819 50.265869
v 43.363628 -26.858801 50.086914
v 42.905426 -27.168871 48.443176
v 42.583839 -27.463329 46.703949
v 42.513279 -27.634380 45.425632
v 42.746387 -27.722355 44.500618
v 80.880310 -24.269228 22.551283
v 80.880310 -25.085945 22.551283
v 81.748070 -24.485518 24.378881
v 81.748070 -23.668804 24.378881
v 79.478676 -25.880440 21.092405
v 79.478676 -25.063824 21.092405
v 77.702522 -25.838802 20.123856
v 77.702522 -26.655418 20.123856
v 75.711075 -27.197290 19.767443
v 75.711075 -26.380676 19.767443
v 73.704811 -26.761808 20.027971
v 73.704811 -27.578426 20.027971
v 71.884224 -27.871086 20.910145
v 71.884224 -27.054466 20.910145
v 70.414230 -27.277262 22.300163
v 70.414230 -28.093878 22.300163
v 69.459892 -28.265131 24.084024
v 69.459892 -27.448515 24.084024
v 69.087669 -27.564014 26.072567
v 69.087669 -28.380732 26.072567
v 69.364113 -28.436279 28.076624
v 69.364113 -27.619663 28.076624
v 70.231773 -27.594143 29.904226
v 70.231773 -28.410856 29.904226
v 70.231773 -29.075239 29.904226
v 69.364113 -29.100662 28.076624
v 69.087669 -29.045113 26.072567
v 69.459892 -28.929512 24.084024
v 70.414230 -28.758261 22.300163
v 71.884224 -28.535568 20.910145
v 73.704811 -28.242807 20.027971
v 75.711075 -27.861675 19.767443
v 77.702522 -27.319801 20.123856
v 79.478676 -26.544821 21.092405
v 80.880310 -25.750324 22.551283
v 81.748070 -25.149899 24.378881
v 82.024414 -24.852037 26.382938
v 82.024414 -24.187658 26.382938
v 81.652191 -24.300953 28.371483
v 81.652191 -24.965338 28.371483
v 80.697845 -25.483589 30.155344
v 80.697845 -24.819208 30.155344
v 79.227859 -25.736012 31.545362
v 79.227859 -26.400394 31.545362
v 77.407265 -27.394064 32.427536
v 77.407265 -26.729683 32.427536
v 75.401001 -27.478439 32.687965
v 75.401001 -28.142822 32.687965
v 73.409561 -28.657072 32.331551
v 73.409561 -27.992693 32.331551
v 71.633400 -28.283245 31.363106
v 71.633400 -28.947626 31.363106
v 70.231773 -29.075239 29.904226
v 70.231773 -28.410856 29.904226
v 70.231773 -27.594143 29.904226
v 71.633400 -27.466629 31.363106
v 73.409561 -27.176075 32.331551
v 75.401001 -26.661726 32.687965
v 77.407265 -25.913069 32.427536
v 79.227859 -24.919395 31.545362
v 80.697845 -24.002495 30.155344
v 81.652191 -23.484343 28.371483
v 82.024414 -23.370941 26.382938
v 66.969208 -27.152256 43.004406
v 66.969208 -27.968874 43.004406
v 66.041199 -27.834557 44.785572
v 66.041199 -27.017838 44.785572
v 67.285690 -28.144726 41.021168
v 67.285690 -27.328012 41.021168
v 66.989632 -27.516075 39.034729
v 66.989632 -28.332691 39.034729
v 66.079933 -28.503839 37.244259
v 66.079933 -27.687223 37.244259
v 64.672905 -27.820641 35.811203
v 64.672905 -28.637259 35.811203
v 62.884434 -28.712324 34.897404
v 62.884434 -27.895609 34.897404
v 60.903793 -27.938343 34.565109
v 60.903793 -28.755060 34.565109
v 58.919758 -28.791695 34.876984
v 58.919758 -27.975077 34.876984
v 57.122078 -27.986288 35.772369
v 57.122078 -28.803001 35.772369
v 55.700336 -28.769573 37.190815
v 55.700336 -27.952858 37.190815
v 54.772217 -27.871487 38.971874
v 54.455746 -28.555586 40.955212
v 54.455746 -27.738869 40.955212
v 54.772217 -28.688202 38.971874
v 54.772217 -29.352583 38.971874
v 54.455746 -29.219969 40.955212
v 55.700336 -29.433956 37.190815
v 57.122078 -29.467386 35.772369
v 58.919758 -29.456076 34.876984
v 60.903793 -29.419443 34.565109
v 62.884434 -29.376705 34.897404
v 64.672905 -29.301640 35.811203
v 66.079933 -29.168222 37.244259
v 66.989632 -28.997072 39.034729
v 67.285690 -28.809109 41.021168
v 66.969208 -28.633354 43.004406
v 66.041199 -28.498936 44.785572
v 64.619354 -28.406656 46.204010
v 62.821674 -27.692631 47.099400
v 62.821674 -28.357012 47.099400
v 64.619354 -27.742271 46.204010
v 64.619354 -26.925558 46.204010
v 62.821674 -26.876013 47.099400
v 60.837643 -26.894131 47.411270
v 60.837643 -27.710844 47.411270
v 58.856998 -27.821842 47.078979
v 58.856998 -27.005127 47.078979
v 57.068634 -27.175478 46.165180
v 57.068634 -27.992092 46.165180
v 57.068634 -28.656574 46.165180
v 58.856998 -28.486223 47.078979
v 60.837643 -28.375229 47.411270
v 54.751801 -29.049019 42.941555
v 55.661499 -28.188263 44.732128
v 54.751801 -28.384638 42.941555
v 55.661499 -28.852646 44.732128
v 57.068634 -28.656574 46.165180
v 57.068634 -27.992092 46.165180
v 57.068634 -27.175478 46.165180
v 55.661499 -27.371647 44.732128
v 54.751801 -27.568022 42.941555
v -66.598549 -27.896103 8.411760
v -68.643738 -27.905912 8.988095
v -69.689255 -27.671305 8.507403
v -67.013016 -27.646185 7.645508
v -64.230774 -27.969868 8.130333
v -64.274109 -27.667404 7.016347
v -64.206451 -28.107588 8.631682
v -66.422798 -28.017509 8.785918
v -68.229279 -28.018511 9.239115
v -70.142456 -28.028919 10.025605
v -69.430328 -28.099880 10.162424
v -68.155014 -28.005299 9.341304
v -69.530617 -28.122601 10.110679
v -66.380554 -28.008400 8.919435
v -64.195442 -28.097281 8.778011
v -64.191742 -27.955454 8.826754
v -66.366440 -27.866978 8.963874
v -68.130295 -27.862473 9.375335
v -69.396904 -27.331207 10.179640
v -66.366440 -27.244333 8.963874
v -69.396904 -27.953955 10.179640
v -68.130295 -27.239828 9.375335
v -70.080002 -28.153429 11.495491
v -70.387268 -28.539968 13.007717
v -70.117935 -28.304260 11.501596
v -70.347733 -28.384632 12.981494
v -70.347733 -27.761885 12.981494
v -70.080002 -27.530682 11.495491
v -70.368256 -27.948551 14.295947
v -70.368256 -28.571594 14.295947
v -70.264763 -28.725929 15.528927
v -70.303093 -28.883167 15.563758
v -70.407791 -28.728533 14.329475
v -70.264763 -28.102684 15.528927
v -70.160568 -28.859648 16.770315
v -70.160568 -28.236599 16.770315
v -70.063385 -28.342396 17.830544
v -69.981018 -29.034702 18.519449
v -69.981018 -28.412058 18.519449
v -70.063385 -28.965139 17.830544
v -70.096817 -29.122280 17.870079
v -70.196503 -29.016888 16.807549
v -70.304298 -29.072035 16.919146
v -70.106728 -29.248688 18.684294
v -70.196899 -29.178328 17.988884
v -70.012444 -29.192038 18.560684
v -69.873222 -29.239983 19.028194
v -69.843094 -29.082544 18.985958
v -69.963600 -29.297232 19.154707
v -69.609093 -29.280418 19.421339
v -69.579765 -29.122980 19.378601
v -69.697266 -29.337868 19.549452
v -69.831985 -29.346174 19.745123
v -70.109024 -29.305641 19.357084
v -69.125366 -29.334463 19.924881
v -69.212440 -29.391617 20.053795
v -69.344559 -29.399424 20.249165
v -68.709801 -29.493305 21.293680
v -68.545662 -29.485699 21.049166
v -69.508499 -29.409031 20.491579
v -70.000732 -29.356682 19.990438
v -68.413940 -29.479496 20.852795
v -67.587318 -29.585386 22.000900
v -68.327164 -29.423346 20.723581
v -67.368324 -29.525736 21.673513
v -67.454803 -29.580881 21.802828
v -66.488457 -29.674866 22.759966
v -65.517403 -29.694983 23.415840
v -66.621567 -29.678869 22.959940
v -65.589661 -29.749929 23.548458
v -66.402176 -29.620119 22.630451
v -65.698959 -29.755337 23.771749
v -64.833305 -29.794872 23.992544
v -64.870132 -29.804281 24.281996
v -66.790916 -29.683971 23.214165
v -65.834381 -29.763445 24.087629
v -64.898460 -29.820892 24.772526
v -64.094757 -29.830502 24.447540
v -63.839634 -29.900063 26.269238
v -63.997566 -29.853523 25.042864
v -66.016640 -29.771252 24.426624
v -65.058502 -29.835005 25.270664
v -65.490074 -29.836807 25.582539
v -65.730286 -29.868534 26.533972
v -65.107140 -29.877844 26.432884
v -66.266861 -29.776052 24.719080
v -65.955490 -29.833506 25.772303
v -66.511467 -29.779158 24.959791
v -66.217209 -29.832502 25.904119
v -67.335197 -29.700386 24.031378
v -66.677017 -29.781960 25.143553
v -67.165848 -29.695284 23.777054
v -67.468414 -29.704491 24.231354
v -68.288826 -29.609308 23.049219
v -68.507927 -29.564569 23.376707
v -68.421349 -29.613810 23.247393
v -67.554688 -29.654949 24.360865
v -66.771599 -29.732014 25.260153
v -66.337021 -29.780758 25.981085
v -66.376961 -29.625120 26.006811
v -66.803123 -29.576777 25.298988
v -67.583412 -29.499413 24.404005
v -68.536743 -28.785385 23.419846
v -68.536743 -29.408733 23.419846
v -67.583412 -28.876265 24.404005
v -66.803123 -28.954035 25.298988
v -66.376961 -29.002474 26.006811
v -66.254143 -29.030602 26.620447
v -66.383865 -29.670261 27.232584
v -66.383865 -29.047613 27.232584
v -66.254143 -29.653246 26.620447
v -66.206802 -29.809582 26.612539
v -66.064476 -29.863531 26.588820
v -66.336624 -29.827099 27.242891
v -66.194893 -29.882547 27.273722
v -66.425003 -29.894058 28.149185
v -66.650795 -29.887352 28.041294
v -66.784012 -29.831301 27.970032
v -65.899132 -29.889154 27.309652
v -65.389893 -29.899662 27.335474
v -66.102814 -29.903166 28.282503
v -65.758408 -29.913876 28.462761
v -64.878342 -29.913675 27.493614
v -64.575577 -29.930889 27.926392
v -65.227249 -29.935696 28.955093
v -65.465958 -29.925385 28.711678
v -63.634048 -29.955610 28.168102
v -64.402122 -29.946404 28.394102
v -63.710514 -29.937796 27.541553
v -62.822540 -29.961817 27.826202
v -61.904835 -29.990242 28.534224
v -62.655396 -29.951910 27.313456
v -61.720669 -29.985437 28.191723
v -62.043755 -29.995445 28.855307
v -62.864876 -29.974129 28.337753
v -62.909313 -29.980833 28.634611
v -62.155052 -29.998648 29.080303
v -63.573196 -29.917377 28.646824
v -62.943451 -29.931789 28.776739
v -62.228119 -29.948505 29.213120
v -63.592014 -29.965218 28.503998
v -64.278915 -29.955610 28.656933
v -65.044289 -29.943098 29.119436
v -64.205147 -29.908270 28.777237
v -64.927979 -29.895460 29.212921
v -65.830276 -29.870237 29.999208
v -65.786240 -29.714701 30.026432
v -64.889153 -29.741022 29.244045
v -65.962585 -29.918779 29.917339
v -64.180634 -29.754034 28.817272
v -64.889153 -29.118177 29.244045
v -64.180634 -29.131388 28.817272
v -63.566994 -29.140396 28.694466
v -63.566994 -29.763042 28.694466
v -62.954750 -29.777153 28.824177
v -62.252541 -29.170122 29.257359
v -62.954750 -29.154411 28.824177
v -62.252541 -29.793070 29.257359
v -61.368767 -29.807583 30.045450
v -61.339939 -29.964218 30.002213
v -61.368767 -29.183933 30.045450
v -60.400211 -29.192844 31.004789
v -60.400211 -29.816988 31.004789
v -60.371292 -29.974627 30.961752
v -61.253464 -30.015263 29.872797
v -60.284412 -30.026476 30.832541
v -59.414856 -29.974827 31.909084
v -59.443874 -29.817291 31.952122
v -59.327976 -30.028475 31.779970
v -58.533279 -30.030077 32.575169
v -59.195961 -30.030478 31.583797
v -58.401161 -30.035681 32.379894
v -58.620457 -29.974426 32.704079
v -60.151596 -30.025272 30.634766
v -59.984451 -30.023773 30.386047
v -59.031616 -30.032879 31.339685
v -60.950500 -30.010260 29.419203
v -61.120045 -30.013060 29.673122
v -60.762733 -30.007154 29.138155
v -59.800087 -30.022068 30.111809
v -58.670597 -30.038084 30.803314
v -58.851059 -30.035479 31.071550
v -59.615730 -30.020369 29.837566
v -60.574966 -30.004051 28.857206
v -59.448479 -30.018864 29.588850
v -60.405323 -30.001251 28.603287
v -61.232845 -29.982136 27.666264
v -61.473461 -29.983133 27.902067
v -62.236229 -29.952106 27.012390
v -61.787128 -29.956211 26.841539
v -62.010124 -29.928989 26.072968
v -62.608650 -29.919682 26.145632
v -62.336311 -29.895157 25.259455
v -61.982502 -29.853622 24.155687
v -61.328331 -29.876440 24.481375
v -61.843483 -29.906269 25.304190
v -61.644009 -29.865932 24.341148
v -62.835552 -29.879446 25.090405
v -63.145523 -29.858526 24.672342
v -63.332790 -29.838909 24.225550
v -62.512566 -29.828199 23.667561
v -62.273457 -29.840309 23.908169
v -61.312119 -29.803078 22.997074
v -61.034775 -29.810684 23.187338
v -60.312939 -29.760641 22.018217
v -61.562634 -29.796871 22.825224
v -60.554550 -29.756035 21.845463
v -60.046707 -29.766747 22.208582
v -59.779472 -29.774754 22.399649
v -58.816624 -29.750429 21.435804
v -59.072250 -29.737822 21.242937
v -60.756832 -29.819490 23.377909
v -59.327370 -29.726608 21.050468
v -58.748070 -29.689278 20.072008
v -58.519062 -29.705593 20.249765
v -58.268250 -29.723507 20.444538
v -59.559879 -29.716801 20.875013
v -59.747543 -29.708895 20.733290
v -59.056137 -29.615511 19.832701
v -60.874031 -29.697987 21.616865
v -60.747517 -29.752335 21.707443
v -58.933426 -29.676163 19.927984
v -59.871655 -29.651747 20.639507
v -59.912987 -29.494308 20.608280
v -59.096973 -28.834225 19.800873
v -59.096973 -29.456972 19.800873
v -60.916267 -29.541548 21.586737
v -60.916267 -28.918802 21.586737
v -59.912987 -28.871664 20.608280
v -61.931259 -29.580284 22.572302
v -61.931259 -28.957636 22.572302
v -62.850559 -28.982861 23.376406
v -63.566486 -29.612011 23.810484
v -62.850559 -29.605507 23.376406
v -63.566486 -28.989367 23.810484
v -64.180130 -28.980255 23.933191
v -64.792267 -28.958937 23.803577
v -64.792267 -29.581583 23.803577
v -64.180130 -29.603003 23.933191
v -64.172127 -29.760441 23.980635
v -64.802574 -29.738722 23.850819
v -64.148300 -29.817890 24.122757
v -63.540768 -29.769650 23.850422
v -63.463696 -29.827297 23.970125
v -62.695625 -29.819794 23.502916
v -62.811825 -29.762842 23.408033
v -61.888523 -29.737019 22.601627
v -61.760204 -29.792068 22.689705
v -65.493279 -28.915401 23.371603
v -65.493279 -29.538143 23.371603
v -66.373459 -29.462978 22.587215
v -66.373459 -28.839832 22.587215
v -67.339401 -28.744850 21.630375
v -67.339401 -29.368097 21.630375
v -68.298241 -29.265705 20.680544
v -68.298241 -28.642660 20.680544
v -69.096336 -29.176928 19.881945
v -69.096336 -28.554180 19.881945
v -69.579765 -28.500233 19.378601
v -69.843094 -28.459900 18.985958
v -58.643776 -29.447365 19.328157
v -58.377045 -29.600395 18.996769
v -58.602337 -29.606302 19.359285
v -58.418777 -29.441359 18.966240
v -58.418777 -28.818710 18.966240
v -58.643776 -28.824617 19.328157
v -58.287563 -29.414934 18.491024
v -58.287563 -28.792189 18.491024
v -58.206093 -28.741844 17.787807
v -58.130527 -29.287321 16.741890
v -58.130527 -28.664377 16.741890
v -58.206093 -29.364592 17.787807
v -58.165356 -29.523932 17.819635
v -57.961880 -29.510319 16.860996
v -58.043049 -29.586483 17.914919
v -58.246433 -29.573975 18.522451
v -58.123119 -29.636230 18.616632
v -58.088387 -29.447062 16.771715
v -58.012222 -29.343775 15.535033
v -57.981598 -29.055620 14.249006
v -58.056858 -29.183931 15.510010
v -57.790230 -29.274912 14.317565
v -57.878101 -29.406729 15.610098
v -57.933758 -29.214458 14.266120
v -57.975788 -29.042309 12.912833
v -58.311989 -28.655071 11.426731
v -58.026035 -28.884970 12.905527
v -58.109905 -28.862350 11.412919
v -57.825157 -29.098759 12.934752
v -58.261440 -28.810705 11.423228
v -58.959053 -28.574600 10.118886
v -60.236874 -28.389135 9.321186
v -60.265099 -28.240606 9.353415
v -60.152294 -28.419561 9.224402
v -59.003593 -28.421665 10.135100
v -58.825336 -28.618336 10.070143
v -58.370838 -28.587210 9.892788
v -57.574436 -28.862654 11.383394
v -56.372181 -28.864153 11.322140
v -59.862438 -28.331387 8.836163
v -57.363750 -28.515644 9.490636
v -59.218182 -28.124403 7.929517
v -61.874111 -28.118097 8.239779
v -56.010868 -28.399944 8.838363
v -58.105206 -27.889801 6.820425
v -61.624985 -27.803820 6.988232
v -61.270679 -27.251936 4.769538
v -61.019459 -26.179195 0.787878
v -58.637672 -27.051960 3.527739
v -56.409321 -27.718946 5.824692
v -65.045792 -26.657415 3.317585
v -63.449387 -26.368462 1.861449
v -64.493500 -27.222509 5.381503
v -67.416367 -27.182077 6.045335
v -70.772903 -27.173670 7.079612
v -67.558891 -26.417906 3.169485
v -71.301666 -26.271978 3.987322
v -66.778206 -25.319042 -0.950257
v -71.874977 -24.953920 -0.219164
v -76.546074 -24.505430 0.879679
v -75.649582 -25.945490 5.146558
v -74.573441 -27.220209 9.104096
v -75.067375 -27.903212 12.865593
v -72.483711 -28.192764 12.153467
v -71.710426 -27.825842 9.908001
v -79.978172 -25.164509 6.022676
v -79.161766 -26.385681 9.986371
v -78.617096 -27.293674 13.784098
v -83.239235 -25.078634 10.792276
v -74.830360 -28.522354 16.119345
v -82.027672 -26.957281 18.654568
v -82.488480 -26.116543 14.723222
v -78.378876 -27.890497 16.934258
v -78.481979 -28.177752 18.955332
v -78.687950 -28.282642 20.090225
v -80.344795 -27.917326 20.951679
v -80.766968 -27.681519 20.172998
v -76.156525 -28.602423 18.458996
v -76.896378 -28.621641 19.750427
v -74.690742 -28.856142 18.564688
v -78.758209 -28.331987 20.581957
v -77.202042 -28.631252 20.294804
v -75.855064 -28.864855 20.249266
v -75.504852 -28.861952 19.742922
v -74.308800 -29.032000 19.904163
v -73.354370 -29.171423 20.404102
v -74.608673 -29.041912 20.325630
v -73.651031 -29.010981 18.976650
v -73.103752 -29.160715 20.070509
v -72.603912 -29.139194 19.399118
v -72.073151 -29.252396 20.223043
v -72.743233 -28.985659 17.842756
v -71.266739 -29.218163 19.216461
v -71.712936 -29.236679 19.765942
v -71.944130 -29.114571 18.582405
v -71.213799 -29.094254 17.813330
v -71.692719 -28.962639 16.802145
v -70.813141 -28.945524 16.021759
v -70.803032 -29.200645 18.678890
v -70.415192 -29.186634 18.240505
v -70.603561 -29.079641 17.217106
v -70.535599 -29.269808 19.236378
v -70.276878 -29.257196 18.904686
v -70.304100 -29.316849 19.626619
v -70.523994 -29.329359 19.929787
v -70.838669 -29.284519 19.623716
v -71.141731 -29.299135 20.010956
v -71.400558 -29.311747 20.342648
v -70.743889 -29.341871 20.233051
v -70.938950 -29.353083 20.502586
v -70.676117 -29.398825 20.971598
v -70.541504 -29.390415 20.775827
v -70.372658 -29.379908 20.530613
v -71.084282 -29.361490 20.704966
v -71.570602 -29.320253 20.563141
v -71.664986 -29.273212 20.686649
v -72.279228 -29.261503 20.483572
v -72.376015 -29.213861 20.605377
v -71.174660 -29.314949 20.831474
v -70.764305 -29.352383 21.099710
v -70.793625 -29.198545 21.142450
v -71.204788 -29.161015 20.873713
v -71.696419 -29.119179 20.727886
v -71.204788 -28.538368 20.873713
v -72.408340 -29.059427 20.645912
v -72.408340 -28.436680 20.645912
v -71.696419 -28.496534 20.727886
v -73.480377 -28.968346 20.568747
v -73.480377 -28.345198 20.568747
v -74.729675 -28.213984 20.494080
v -74.729675 -28.837330 20.494080
v -75.973366 -28.658072 20.419815
v -75.973366 -28.034925 20.419815
v -77.290619 -27.805527 20.465855
v -78.760712 -28.146124 20.752304
v -78.760712 -27.523478 20.752304
v -77.290619 -28.428270 20.465855
v -77.268402 -28.582907 20.423117
v -78.760109 -28.296358 20.709669
v -75.943741 -28.814011 20.377178
v -74.699448 -28.992968 20.451942
v -73.448952 -29.123281 20.527609
v -80.075058 -28.004200 21.408983
v -80.143417 -28.024218 21.304291
v -80.052345 -27.859173 21.443914
v -80.869858 -27.756382 22.692808
v -80.977356 -27.765190 22.655273
v -80.834030 -27.615158 22.705418
v -80.834030 -26.992414 22.705418
v -80.052345 -27.236528 21.443914
v -81.228973 -26.819462 24.460255
v -81.228973 -27.442108 24.460255
v -81.269806 -27.581129 24.471561
v -81.392418 -27.583229 24.505592
v -81.400826 -27.506664 26.655579
v -81.521225 -27.506966 26.726040
v -81.360695 -27.368240 26.632055
v -81.360695 -26.745499 26.632055
v -81.223465 -26.767614 28.806765
v -81.223465 -27.390263 28.806765
v -81.256500 -27.530184 28.837791
v -80.830727 -27.648991 30.611246
v -80.886574 -27.665405 30.733253
v -81.355385 -27.534889 28.930672
v -80.812111 -27.505062 30.570610
v -80.009407 -27.927433 31.885063
v -80.812111 -26.882416 30.570610
v -80.007797 -27.155756 31.837221
v -80.007797 -27.778400 31.837221
v -78.691849 -28.275940 32.520321
v -77.180626 -28.936518 32.831791
v -77.205948 -28.778677 32.788055
v -77.205948 -28.155935 32.788055
v -78.691849 -27.653292 32.520321
v -78.678543 -28.429974 32.568062
v -78.638397 -28.477013 32.711086
v -80.014412 -27.959261 32.028488
v -80.011604 -27.882694 32.578373
v -78.446136 -28.457296 33.316418
v -77.104759 -28.994368 32.962906
v -76.763359 -29.014284 33.549923
v -75.370644 -29.314648 33.453236
v -75.759583 -29.287024 32.965813
v -77.976524 -28.411161 34.750774
v -75.941742 -29.058226 34.961559
v -74.467751 -29.376205 34.601143
v -74.391380 -29.118681 37.472260
v -73.197632 -29.429050 35.968140
v -72.276726 -29.549559 35.015907
v -73.326447 -29.514425 34.024338
v -74.129349 -29.469788 33.221134
v -72.289940 -29.622120 33.585953
v -72.901077 -29.590792 33.048580
v -73.229668 -29.573875 32.762032
v -74.501572 -29.448965 32.854012
v -74.619278 -29.389914 32.742313
v -73.370186 -29.514425 32.641228
v -73.417023 -29.355486 32.600887
v -74.658516 -29.230675 32.705082
v -75.858467 -29.226871 32.847908
v -75.891495 -29.067736 32.808571
v -75.891495 -28.444487 32.808571
v -74.658516 -28.607231 32.705082
v -73.417023 -28.732340 32.600887
v -72.356895 -28.822819 32.503704
v -71.667892 -29.504616 32.421333
v -71.667892 -28.881971 32.421333
v -72.356895 -29.445663 32.503704
v -72.305450 -29.604202 32.546242
v -71.619247 -29.662954 32.459267
v -71.473122 -29.722807 32.573067
v -72.151115 -29.664356 32.673752
v -71.875076 -29.678970 32.903755
v -71.240616 -29.735519 32.754623
v -71.458511 -29.700888 33.253761
v -70.932953 -29.752232 32.995735
v -70.582542 -29.783361 32.759830
v -70.578339 -29.764042 33.273178
v -70.843475 -29.769049 32.575470
v -70.287285 -29.793869 32.968010
v -70.960876 -29.716301 33.670826
v -70.204712 -29.761740 33.563431
v -71.529068 -29.645041 34.250935
v -70.751389 -29.636736 34.920322
v -70.441216 -29.711498 34.101704
v -69.997131 -29.699087 34.467628
v -69.640617 -29.748329 33.998413
v -69.872223 -29.753834 33.820560
v -69.725792 -29.691582 34.689720
v -70.118233 -29.617619 35.460800
v -69.790947 -29.607708 35.738937
v -69.660240 -29.551960 35.849136
v -69.587166 -29.635933 34.802422
v -70.264061 -29.518530 36.657845
v -69.854607 -29.507820 36.983833
v -69.731300 -29.452473 37.084221
v -69.616592 -29.394722 35.885868
v -69.690262 -29.295237 37.117649
v -69.808067 -29.348482 38.349628
v -69.765526 -29.191843 38.378754
v -69.935577 -29.402830 38.262154
v -70.463440 -29.411234 37.916451
v -70.500969 -29.282824 39.400650
v -69.896538 -29.289230 39.650368
v -69.764923 -29.238783 39.704220
v -69.721085 -29.083649 39.722134
v -69.476372 -29.122084 41.206932
v -69.435135 -28.969950 41.201031
v -69.600182 -29.163618 41.224552
v -69.283203 -29.001879 42.977589
v -70.161575 -29.120581 41.274292
v -68.871040 -29.077543 42.613865
v -68.775459 -29.043814 42.522987
v -68.743530 -28.894182 42.492661
v -67.495033 -29.049417 43.317581
v -67.482025 -28.899988 43.274345
v -67.533966 -29.082647 43.447399
v -67.704315 -29.004078 43.951038
v -65.695755 -29.136995 43.857857
v -65.719284 -29.100767 43.716431
v -65.573555 -29.068335 44.430061
v -68.111580 -28.818317 45.116058
v -65.269585 -28.903589 45.769535
v -63.039932 -29.135595 44.649952
v -61.952477 -28.977755 46.312008
v -63.463604 -29.199152 43.977959
v -61.245159 -29.283422 43.811714
v -63.532459 -29.159517 43.845245
v -60.611301 -29.230579 44.497219
v -61.346748 -29.239885 43.700821
v -61.380676 -29.086952 43.663788
v -59.448479 -29.404430 43.362827
v -63.555382 -29.007883 43.800907
v -59.574692 -29.355986 43.280048
v -59.616825 -29.201452 43.252426
v -58.302582 -29.487806 42.465538
v -58.350224 -29.331667 42.448124
v -58.350224 -28.708920 42.448124
v -59.616825 -28.578806 43.252426
v -61.380676 -28.464306 43.663788
v -63.555382 -28.385237 43.800907
v -65.727180 -28.327587 43.669292
v -65.727180 -28.950232 43.669292
v -67.482025 -28.277342 43.274345
v -68.743530 -28.271538 42.492661
v -69.435135 -28.347202 41.201031
v -69.721085 -28.460903 39.722134
v -69.765526 -28.568998 38.378754
v -69.690262 -28.672289 37.117649
v -69.616592 -28.771877 35.885868
v -69.541031 -28.856148 34.839954
v -69.459557 -29.536545 34.136734
v -69.541031 -29.478895 34.839954
v -69.459557 -28.913898 34.136734
v -69.313728 -28.951330 33.645107
v -69.044991 -29.597797 33.233944
v -69.313728 -29.573977 33.645107
v -69.044991 -28.975151 33.233944
v -68.555161 -28.996071 32.721294
v -67.746155 -29.648342 31.924898
v -68.555161 -29.618917 32.721294
v -67.746155 -29.024895 31.924898
v -66.771797 -29.057922 30.981169
v -66.771797 -29.681671 30.981169
v -65.786240 -29.091352 30.026432
v -66.816742 -29.838108 30.955246
v -67.928612 -29.855822 31.826113
v -66.951454 -29.887951 30.877378
v -67.791801 -29.804678 31.900175
v -68.600807 -29.774954 32.696774
v -69.089432 -29.753935 33.207420
v -69.222649 -29.807280 33.127750
v -68.737823 -29.827297 32.623108
v -68.951012 -29.827799 32.508507
v -68.140907 -29.854023 31.711309
v -69.430733 -29.809484 33.003143
v -69.225357 -29.828499 32.361080
v -69.699669 -29.812387 32.842102
v -68.412941 -29.851723 31.564182
v -67.720337 -29.872339 30.431789
v -67.426476 -29.878544 30.602737
v -67.159943 -29.883850 30.756771
v -68.711601 -29.847418 31.401739
v -69.525612 -29.825897 32.198940
v -69.993629 -29.811287 32.665447
v -70.276581 -29.801275 32.494194
v -69.003960 -29.839510 31.240700
v -69.816574 -29.816488 32.040497
v -70.076698 -29.804878 31.898176
v -70.528992 -29.788263 32.340862
v -69.474571 -29.823597 30.979969
v -69.266190 -29.830702 31.095371
v -70.284584 -29.795570 31.784573
v -70.730972 -29.777855 32.218155
v -71.181770 -29.698586 32.337357
v -70.863487 -29.719105 32.137585
v -71.048752 -29.757738 32.430840
v -70.420906 -29.737619 31.710009
v -69.610687 -29.767147 30.904604
v -69.656029 -29.609909 30.879480
v -70.907722 -29.561165 32.110760
v -70.466339 -29.579884 31.685186
v -70.466339 -28.957233 31.685186
v -70.907722 -28.938417 32.110760
v -69.656029 -28.987261 30.879480
v -68.657150 -29.018492 29.877804
v -68.657150 -29.641136 29.877804
v -67.650475 -29.663555 28.863914
v -67.650475 -29.040909 28.863914
v -66.828453 -29.051619 27.946211
v -66.828453 -29.674265 27.946211
v -68.612617 -29.797974 29.904226
v -67.606529 -29.820496 28.891541
v -67.474716 -29.876041 28.974310
v -67.270836 -29.881748 29.102322
v -68.272522 -29.858627 30.105602
v -68.478699 -29.853319 29.983496
v -67.010307 -29.889154 29.265966
v -68.011086 -29.865334 30.260538
v -66.720856 -29.897261 29.447226
v -66.430199 -29.905466 29.627783
v -66.167671 -29.912975 29.790426
v -71.226204 -28.917801 32.306133
v -71.226204 -29.540445 32.306133
v -69.978615 -29.793470 33.184101
v -69.698471 -29.788366 33.379173
v -69.488480 -29.784662 33.524597
v -69.357368 -29.730415 33.614979
v -69.504799 -29.693281 34.102104
v -57.667122 -29.457478 41.132168
v -57.667122 -28.834829 41.132168
v -57.399384 -28.944828 39.646267
v -57.399384 -29.567572 39.646267
v -57.378868 -29.650448 38.331814
v -57.378868 -29.027800 38.331814
v -57.482357 -29.090857 37.098835
v -57.586548 -29.764246 35.857346
v -57.586548 -29.141500 35.857346
v -57.482357 -29.713600 37.098835
v -57.435314 -29.872238 37.080215
v -57.423206 -29.981436 35.741642
v -57.294090 -29.932493 37.024467
v -57.328621 -29.809284 38.322205
v -57.178093 -29.870138 38.293278
v -57.545715 -29.922384 35.828419
v -57.649105 -29.958916 34.759682
v -57.683735 -29.801277 34.797215
v -57.545315 -30.016867 34.647182
v -57.734680 -29.981133 34.067074
v -57.766106 -29.823494 34.108212
v -57.640392 -30.038786 33.943466
v -57.470348 -30.048992 33.723076
v -57.294796 -30.031382 34.409374
v -57.783524 -30.046692 33.473057
v -57.638096 -30.055798 33.270676
v -57.873802 -29.989040 33.599567
v -57.903927 -29.831503 33.641800
v -58.137932 -29.983036 33.206421
v -58.167362 -29.825697 33.249161
v -58.049854 -30.039984 33.078209
v -57.915138 -30.047691 32.882538
v -57.746288 -30.057400 32.637321
v -58.237221 -30.042488 32.137585
v -57.443027 -30.067909 33.001141
v -57.223125 -30.081621 32.697876
v -57.560429 -30.068110 32.367184
v -58.057358 -30.049994 31.871851
v -57.374462 -30.078821 32.097149
v -57.877506 -30.057501 31.606018
v -57.713459 -30.064306 31.363806
v -57.205612 -30.088528 31.851833
v -58.374138 -30.042488 30.363028
v -57.581345 -30.069910 31.168432
v -57.070995 -30.096233 31.656162
v -58.506153 -30.040485 30.559202
v -56.572464 -30.070513 31.796185
v -56.982819 -30.049395 31.528048
v -56.808167 -30.107544 32.125072
v -57.494171 -30.021469 31.039518
v -56.662838 -30.116653 31.922794
v -56.176510 -30.126259 32.064621
v -56.346561 -30.115950 32.285015
v -55.443371 -30.137972 32.149494
v -56.082130 -30.080122 31.941011
v -55.357395 -30.091030 32.024185
v -55.613815 -30.128162 32.422035
v -54.295166 -30.164894 32.245075
v -55.895565 -30.112148 32.905659
v -56.605293 -30.100538 32.616703
v -54.588718 -30.148079 33.404194
v -54.402962 -30.158791 32.626713
v -52.979610 -30.195122 32.829693
v -51.392124 -30.227348 34.205894
v -51.609207 -30.224844 32.961506
v -51.702290 -30.223745 32.412224
v -52.968998 -30.196924 32.337357
v -52.986820 -30.192020 33.906231
v -53.308796 -30.161093 35.527855
v -51.191551 -30.165197 37.406601
v -53.137451 -30.096035 37.545223
v -55.062637 -29.996647 37.856796
v -55.303547 -30.050995 36.320152
v -55.063038 -30.120455 34.291573
v -56.036591 -30.063107 35.002796
v -51.202358 -30.213438 35.801895
v -49.340427 -30.253374 35.908489
v -49.756489 -30.258476 34.283966
v -48.031979 -30.289803 34.121620
v -47.437260 -30.293510 35.818810
v -49.225925 -30.217342 37.324329
v -47.241886 -30.265886 37.182106
v -47.327663 -30.214140 38.366344
v -45.521477 -30.332346 35.365414
v -45.391167 -30.252676 38.161362
v -45.274464 -30.306219 36.858521
v -49.343826 -30.153687 38.633774
v -51.686977 -29.946707 40.746731
v -49.624977 -30.065510 39.939018
v -47.576382 -30.145277 39.526558
v -51.354694 -30.077822 39.046040
v -53.314407 -29.990545 39.422871
v -55.509830 -29.744129 41.473770
v -53.676926 -29.826900 41.431129
v -55.177040 -29.895760 39.584110
v -56.588573 -29.819096 39.625248
v -56.548840 -29.907772 38.164967
v -57.195202 -29.786163 39.641861
v -57.465637 -29.672466 41.163895
v -56.875927 -29.694084 41.257278
v -57.561527 -29.543251 42.766300
v -56.147087 -29.546156 43.371231
v -57.174786 -29.306746 45.121765
v -58.795906 -29.377607 43.857754
v -58.159851 -29.541052 42.518085
v -55.092766 -29.238886 46.485561
v -56.489487 -28.838436 48.934002
v -58.980671 -29.094358 46.257862
v -53.978184 -29.590092 43.886185
v -51.737022 -29.818493 42.300793
v -53.057278 -29.221468 47.280258
v -52.238262 -29.527939 45.111256
v -51.053528 -29.739923 43.500645
v -49.321411 -29.809084 43.401257
v -50.238914 -29.696785 44.308052
v -49.613564 -29.878044 42.448723
v -49.803635 -29.968424 41.218044
v -50.943733 -29.512724 45.723091
v -49.895916 -29.674967 44.684486
v -50.406960 -29.502619 46.007641
v -51.501720 -29.226074 47.683407
v -50.859360 -29.224371 47.872776
v -50.718132 -29.169525 47.927120
v -50.990673 -28.880774 49.700470
v -51.139603 -28.931017 49.681957
v -51.831604 -28.913300 49.623108
v -50.286957 -29.445368 46.092319
v -49.813946 -29.614914 44.800182
v -50.242722 -29.289030 46.104527
v -49.782616 -29.457279 44.825306
v -50.666389 -29.014488 47.925125
v -50.231308 -28.926811 46.061989
v -50.922813 -28.369328 49.615898
v -50.936127 -28.728039 49.681660
v -50.653877 -28.653673 47.871876
v -50.934124 -28.524462 50.768913
v -50.608540 -28.018017 51.382648
v -50.620445 -28.371830 51.471630
v -50.921314 -28.168249 50.690540
v -50.987873 -28.672892 50.808243
v -50.667690 -28.515253 51.531578
v -49.954765 -28.238213 52.074654
v -50.076172 -28.394447 52.272427
v -51.134396 -28.713226 50.837368
v -50.795902 -28.543480 51.610451
v -49.988091 -28.377331 52.151325
v -49.110928 -28.302166 52.530357
v -48.198025 -28.332790 52.531448
v -49.146854 -28.312077 52.678585
v -48.179810 -28.342602 52.684090
v -48.200626 -28.196474 52.442574
v -49.095314 -28.165747 52.443275
v -49.085705 -27.814741 52.343891
v -48.191521 -27.845667 52.342293
v -49.944054 -27.886204 51.978867
v -47.385715 -27.953260 52.026917
v -47.394920 -28.304871 52.124195
v -46.802601 -28.465109 51.539787
v -46.792698 -28.111399 51.450306
v -46.314678 -28.340900 50.411198
v -46.324986 -28.697313 50.489162
v -45.863480 -29.021500 48.771961
v -45.853771 -28.662382 48.708302
v -45.526581 -28.966146 46.911434
v -45.534889 -29.327562 46.961281
v -45.456219 -29.505219 45.630009
v -45.449516 -29.142502 45.590378
v -45.678917 -29.232880 44.637440
v -45.684719 -29.596300 44.670372
v -46.277843 -29.642740 43.974457
v -46.271236 -29.279018 43.944633
v -47.132690 -29.285225 43.573208
v -47.140697 -29.648943 43.602230
v -48.178711 -29.619518 43.613644
v -48.169800 -29.255899 43.584019
v -49.132744 -29.191946 43.986469
v -49.772102 -29.094259 44.789677
v -49.142456 -29.555363 44.018101
v -49.158066 -29.714003 43.983967
v -49.193600 -29.776457 43.845749
v -48.167599 -29.842413 43.433685
v -48.178509 -29.778660 43.577011
v -47.126286 -29.808184 43.567902
v -46.252621 -29.801678 43.944935
v -46.169350 -29.864832 43.822426
v -47.074142 -29.872040 43.431587
v -46.892277 -29.912277 42.969780
v -46.489025 -30.000355 41.958893
v -45.183083 -29.994448 42.394772
v -45.866581 -29.904871 43.381039
v -48.028976 -29.963221 41.955891
v -48.124859 -29.880650 42.965878
v -46.021816 -30.102741 40.683174
v -47.854622 -30.061104 40.707993
v -45.647995 -30.185816 39.426876
v -43.947197 -30.186914 39.557087
v -44.437130 -30.099737 41.056004
v -43.109665 -30.045191 42.055077
v -44.246758 -29.784565 44.990051
v -43.413731 -29.828903 44.643147
v -42.641254 -29.845118 44.716709
v -42.581703 -30.173904 39.817616
v -44.354458 -29.928188 43.369732
v -42.127903 -30.044792 42.323513
v -41.659595 -30.171804 40.108372
v -42.168941 -30.261581 37.811653
v -41.197788 -30.265686 37.906742
v -41.529682 -30.046194 42.600952
v -41.057766 -30.174805 40.352787
v -40.572639 -30.271391 38.074989
v -39.633213 -30.379988 35.707214
v -40.054283 -30.374681 35.641655
v -40.653511 -30.176907 40.474388
v -40.704357 -30.365973 35.553978
v -40.160179 -30.275192 38.169270
v -39.930576 -30.225250 38.212311
v -39.326450 -30.176207 35.761761
v -39.854012 -30.070312 38.226723
v -40.424309 -30.126364 40.519432
v -40.347942 -29.971127 40.534447
v -39.403114 -30.330940 35.748047
v -38.900177 -30.416914 33.065098
v -38.479908 -30.456949 30.101698
v -38.711109 -30.503792 30.068970
v -39.130775 -30.465059 33.027264
v -38.402836 -30.303015 30.112608
v -38.823410 -30.262480 33.077606
v -38.823410 -30.095636 33.077606
v -39.326450 -30.009260 35.761761
v -38.402836 -30.050497 30.112608
v -38.402836 -30.136070 30.112608
v -39.326450 -29.923685 35.761761
v -38.823410 -30.010061 33.077606
v -38.823410 -29.955509 33.077606
v -38.402836 -29.922483 30.112608
v -38.402836 -29.995945 30.112608
v -39.326450 -29.869240 35.761761
v -39.326450 -29.795673 35.761761
v -38.823410 -29.882046 33.077606
v -38.849228 -29.819891 33.075909
v -39.352070 -29.733618 35.758858
v -38.428764 -29.860229 30.110609
v -38.926697 -29.799475 33.070602
v -38.506329 -29.839407 30.104799
v -39.428940 -29.713503 35.750351
v -39.955402 -29.607908 38.208603
v -39.259087 -29.800974 33.046581
v -39.879333 -29.627825 38.222115
v -39.775841 -29.716503 35.707111
v -40.321918 -29.612213 38.137043
v -40.611477 -29.724010 35.600220
v -41.218803 -29.623121 37.958584
v -41.787506 -29.528639 40.166523
v -40.448227 -29.509022 40.510021
v -40.833168 -29.514626 40.411934
v -41.358727 -29.385313 42.655003
v -43.420238 -29.202253 44.696392
v -42.470306 -29.401428 42.365349
v -41.948048 -29.186039 44.989349
v -41.389954 -29.179836 45.102047
v -40.921650 -29.379009 42.769505
v -40.846680 -29.398624 42.789822
v -41.314190 -29.199753 45.118965
v -40.821758 -29.460581 42.796528
v -41.288868 -29.261806 45.124569
v -40.347942 -29.590593 40.534447
v -40.372963 -29.528736 40.528336
v -39.854012 -29.689779 38.226723
v -40.347942 -29.664158 40.534447
v -39.854012 -29.763245 38.226723
v -40.821758 -29.534046 42.796528
v -40.347942 -29.718605 40.534447
v -41.288868 -29.335472 45.124569
v -41.288868 -29.389818 45.124569
v -40.821758 -29.588491 42.796528
v -40.821758 -29.674065 42.796528
v -41.288868 -29.642139 45.124569
v -40.821758 -29.841011 42.796528
v -41.288868 -29.475290 45.124569
v -40.347942 -29.804180 40.534447
v -39.854012 -29.903368 38.226723
v -39.854012 -29.817795 38.226723
v -41.743866 -29.196348 47.381245
v -42.181149 -29.030405 49.429134
v -41.743866 -29.372601 47.381245
v -42.181149 -28.825926 49.429134
v -42.181149 -28.674593 49.429134
v -41.743866 -29.094460 47.381245
v -41.743866 -29.021795 47.381245
v -41.743866 -28.932917 47.381245
v -42.181149 -28.546581 49.429134
v -42.181149 -28.412163 49.429134
v -42.684292 -27.633780 51.303078
v -42.613129 -27.769402 51.308678
v -42.232899 -28.311775 49.423332
v -41.775997 -28.861055 47.376541
v -42.613129 -27.958364 51.308678
v -42.613129 -28.154036 51.308678
v -43.052212 -27.556915 53.060223
v -43.052212 -27.305393 53.060223
v -43.052212 -27.074490 53.060223
v -43.759937 -25.991739 54.838779
v -43.685570 -26.450344 54.841881
v -43.685570 -26.173801 54.841881
v -43.129681 -26.909046 53.059616
v -44.700661 -24.913996 56.811409
v -46.253120 -23.619165 58.406605
v -46.203678 -24.181759 58.457050
v -44.700661 -25.256197 56.811409
v -44.765816 -24.735941 56.786087
v -46.203678 -23.784109 58.457050
v -48.300911 -23.273062 59.266663
v -48.327438 -23.118826 59.205200
v -50.852348 -23.134239 59.464733
v -48.300911 -23.685522 59.266663
v -50.852348 -23.542797 59.464733
v -50.858959 -22.987211 59.400276
v -53.717556 -23.040157 59.013340
v -50.878777 -23.049767 59.207104
v -53.717556 -22.976400 59.209908
v -53.717556 -23.121225 59.275368
v -48.407009 -23.175976 59.021042
v -48.327438 -23.118826 59.205200
v -46.253120 -23.619165 58.406605
v -46.401447 -23.654594 58.255276
v -44.961384 -24.721327 56.710117
v -44.765816 -24.735941 56.786087
v -43.759937 -25.991739 54.838779
v -43.982929 -25.934889 54.829567
v -43.362286 -26.853998 53.057919
v -43.129681 -26.909046 53.059616
v -42.684292 -27.633780 51.303078
v -42.897877 -27.597849 51.286263
v -43.993542 -27.651495 51.195286
v -46.711121 -27.784613 50.967083
v -47.183937 -26.869411 53.008770
v -44.472759 -26.857801 53.044502
v -45.007927 -25.897858 54.874004
v -47.487904 -25.775051 55.031948
v -47.958717 -24.581703 56.933914
v -45.841057 -24.720028 56.715420
v -46.781685 -23.939444 57.858128
v -48.347958 -23.608854 58.376373
v -50.864059 -23.478542 58.549026
v -50.766777 -24.430269 57.090252
v -53.717556 -23.461527 58.356159
v -53.717556 -24.389536 56.908997
v -56.886131 -23.501162 57.943398
v -56.886131 -24.431974 56.514446
v -56.886131 -25.621618 54.567741
v -53.717556 -25.589386 54.930256
v -50.649075 -25.645836 55.113815
v -53.717556 -26.826271 52.678482
v -50.573006 -26.866306 52.902882
v -50.995075 -28.256527 50.002335
v -53.717556 -28.081671 50.290291
v -56.886131 -28.027426 50.033066
v -56.886131 -26.821869 52.364506
v -60.347267 -26.925560 51.989677
v -60.347267 -28.061857 49.763531
v -63.808804 -28.102293 49.430435
v -63.808804 -27.038258 51.543186
v -66.978279 -27.061176 51.014023
v -66.978279 -28.065861 48.982544
v -69.829582 -27.727562 48.567284
v -69.772034 -26.759815 50.533005
v -72.106377 -25.899559 50.230938
v -72.336578 -26.862503 48.331982
v -74.479965 -25.535641 48.176342
v -74.067192 -24.604925 50.021656
v -75.740364 -23.000221 49.819180
v -76.240303 -23.812130 48.000187
v -77.698677 -21.724201 47.809219
v -77.114967 -21.078037 49.639420
v -78.180199 -18.830667 49.498192
v -78.936256 -19.303679 47.609447
v -79.844063 -16.986748 47.431690
v -79.345123 -15.061161 49.292915
v -80.313171 -15.209392 47.306980
v -78.926666 -16.683283 49.385998
v -78.146179 -16.426659 51.155846
v -77.986031 -14.867892 52.477104
v -78.521294 -14.938753 51.081985
v -77.529533 -18.416502 51.233521
v -77.639526 -16.264017 52.556881
v -77.089745 -18.120243 52.661972
v -76.819511 -17.928976 53.691872
v -76.599915 -20.494026 51.356422
v -76.222092 -20.034222 52.847332
v -75.973671 -19.715742 53.953602
v -77.339561 -16.170433 53.543343
v -77.668556 -14.831262 53.449661
v -77.179420 -16.121090 54.069202
v -77.498405 -14.811543 53.970917
v -76.677185 -17.829988 54.231747
v -75.846756 -19.555302 54.516895
v -75.834648 -19.542091 54.736389
v -76.665573 -17.825285 54.453640
v -77.168419 -16.121891 54.291397
v -76.787277 -17.916866 54.530109
v -77.315948 -16.178741 54.366566
v -77.486595 -14.816949 54.193012
v -77.644234 -14.855382 54.267975
v -77.584373 -16.284235 54.368664
v -78.131554 -13.823678 54.213028
v -77.686867 -13.752415 54.135857
v -77.925476 -14.919337 54.269676
v -77.846306 -13.780039 54.210926
v -77.996140 -12.785667 54.171894
v -78.096031 -12.018595 54.147678
v -78.285789 -12.809088 54.173298
v -77.835403 -12.770554 54.097130
v -77.934288 -12.013289 54.073410
v -78.389290 -12.026702 54.148178
v -78.659317 -12.838814 54.175098
v -78.771225 -12.037210 54.148781
v -78.147972 -11.624752 54.135162
v -78.828468 -11.631957 54.135468
v -78.443031 -11.627853 54.135365
v -78.484367 -11.472618 54.099236
v -78.201218 -11.469214 54.097832
v -78.864098 -11.477623 54.099434
v -78.911446 -11.428980 54.004951
v -78.550522 -11.421073 54.004452
v -78.305313 -11.417069 53.998646
v -78.182907 -11.415467 53.935791
v -78.336929 -11.415467 53.827595
v -78.427124 -11.416869 53.880138
v -78.632301 -11.421873 53.888847
v -78.048485 -11.467413 54.026669
v -78.059601 -11.466712 53.817284
v -77.997841 -11.622149 53.839405
v -77.985435 -11.622749 54.061199
v -78.190506 -11.414967 53.763836
v -78.230743 -11.466712 53.308743
v -78.346344 -11.414967 53.294128
v -78.480469 -11.414967 53.270103
v -78.341141 -11.414967 53.696384
v -78.461746 -11.414967 53.632427
v -78.693451 -11.414967 53.188435
v -78.567345 -11.414967 53.570168
v -78.592468 -11.414967 53.232670
v -78.458839 -11.415567 53.740917
v -78.564644 -11.415768 53.664948
v -78.672935 -11.414967 53.507915
v -78.670532 -11.416068 53.588985
v -78.633202 -11.418371 53.700283
v -78.732483 -11.419271 53.616112
v -78.533905 -11.417370 53.784454
v -78.811256 -11.425878 53.700886
v -78.720169 -11.423675 53.790565
v -79.050865 -11.437387 53.786259
v -78.972893 -11.433184 53.888447
v -79.368446 -11.445695 53.882141
v -79.424995 -11.452100 53.776550
v -79.137146 -11.441590 53.691174
v -79.491043 -11.457906 53.678062
v -79.764488 -11.473119 53.569675
v -79.557114 -11.463710 53.579575
v -79.223419 -11.445695 53.596195
v -79.741470 -11.461509 53.766640
v -79.752983 -11.467313 53.668152
v -79.936844 -11.475120 53.630924
v -79.888000 -11.479424 53.543049
v -80.136612 -11.484028 53.594490
v -79.984184 -11.470416 53.718498
v -80.056450 -11.486629 53.536041
v -79.969971 -11.487831 53.476189
v -80.117500 -11.511151 53.233273
v -80.012009 -11.508749 53.202747
v -79.880188 -11.488332 53.415535
v -79.838356 -11.483527 53.454967
v -80.219490 -11.512553 53.262802
v -80.438080 -11.562097 52.678989
v -80.631050 -11.563297 52.700710
v -80.533463 -11.563397 52.690598
v -80.313972 -11.511752 53.290028
v -80.415070 -11.510051 53.314049
v -80.222191 -11.480024 53.655041
v -80.868256 -11.562496 52.710114
v -80.324684 -11.474719 53.721100
v -80.739746 -11.562696 52.707813
v -80.536362 -11.508450 53.333458
v -80.627243 -11.558593 53.347874
v -80.400444 -11.521661 53.774353
v -80.405853 -11.674195 53.796471
v -80.963837 -11.613742 52.711521
v -80.973953 -11.767475 52.715717
v -80.636955 -11.712128 53.356686
v -80.572304 -12.141203 53.369297
v -80.905289 -12.197453 52.727428
v -80.343796 -12.102570 53.809883
v -80.217087 -12.976935 53.837406
v -80.440186 -13.017871 53.395016
v -80.764771 -13.077423 52.751354
v -80.561790 -14.221126 52.787075
v -81.328262 -12.269014 51.912014
v -81.175423 -13.152788 51.937042
v -80.956627 -14.301295 51.973866
v -80.248016 -14.157269 53.433144
v -80.031921 -14.113231 53.877934
v -79.794411 -15.327695 53.930683
v -80.305664 -15.442097 52.834019
v -80.003105 -15.374436 53.483189
v -79.589233 -16.971037 53.570362
v -79.874687 -17.050306 52.916588
v -79.147255 -19.355528 53.059418
v -78.890320 -19.248833 53.719997
v -78.712868 -19.175169 54.175701
v -79.392273 -16.916288 54.021362
v -79.163872 -16.850130 54.284088
v -78.505989 -19.084791 54.443729
v -78.160484 -18.927650 54.541115
v -78.784523 -16.736431 54.373169
v -79.157959 -15.191677 54.275784
v -79.554504 -15.275551 54.190205
v -79.786011 -14.070494 54.135559
v -79.966568 -12.944007 54.093433
v -79.559814 -12.908574 54.178104
v -79.382553 -14.010140 54.220333
v -78.919846 -13.942882 54.218334
v -79.092300 -12.872743 54.176800
v -78.496078 -13.879326 54.215729
v -78.702362 -15.094090 54.274086
v -78.284889 -15.001109 54.271877
v -78.344948 -16.591404 54.373867
v -77.936180 -16.431263 54.371765
v -77.360580 -18.396887 54.543419
v -77.753029 -18.699751 54.547623
v -77.024788 -18.106731 54.535313
v -76.140213 -19.940138 54.815758
v -76.469101 -20.384727 54.821667
v -76.851639 -20.846033 54.821163
v -75.565910 -22.457146 55.220715
v -75.172661 -21.881741 55.241425
v -75.905815 -22.873011 55.195187
v -77.222061 -21.171219 54.806248
v -77.525429 -21.383003 54.700356
v -77.706390 -21.503910 54.427319
v -76.322678 -23.301886 54.809750
v -76.166634 -23.148352 55.084995
v -74.429611 -24.426268 55.537289
v -74.554115 -24.608227 55.261848
v -72.393227 -25.461777 55.722649
v -72.314560 -25.262703 55.997093
v -74.226936 -24.093882 55.646587
v -72.201157 -24.894781 56.098782
v -69.829185 -25.745523 56.503536
v -73.946793 -23.602551 55.676010
v -69.795753 -25.359087 56.597221
v -69.756714 -24.786184 56.601822
v -72.044922 -24.351702 56.117298
v -71.837746 -23.627071 56.141716
v -73.263596 -22.333136 55.743767
v -71.646881 -22.957983 56.164238
v -73.589478 -22.943771 55.711842
v -69.704872 -24.018614 56.607929
v -69.657127 -23.308893 56.613529
v -66.978279 -24.205580 57.187130
v -66.978279 -23.075087 57.187130
v -69.630302 -22.909441 56.616734
v -71.539482 -22.581455 56.176949
v -66.978279 -23.482244 57.187130
v -63.808804 -23.547102 57.797668
v -60.347267 -23.572525 58.357666
v -60.347267 -23.165365 58.357666
v -63.808804 -23.139944 57.797668
v -60.347267 -24.295855 58.357666
v -63.808804 -24.270432 57.797668
v -63.808804 -25.052317 57.797668
v -60.347267 -25.077740 58.357666
v -66.978279 -24.987459 57.187130
v -66.978279 -25.570274 57.187130
v -63.808804 -25.635128 57.797668
v -60.347267 -25.660551 58.357666
v -60.338360 -26.053194 58.267078
v -56.886131 -25.652342 58.854496
v -56.871616 -26.044786 58.764519
v -56.886131 -25.069431 58.854496
v -63.806301 -26.027872 57.706593
v -60.311440 -26.264381 57.995342
v -63.798595 -26.239256 57.433552
v -66.991096 -26.174202 56.822914
v -66.981483 -25.962917 57.096054
v -63.785381 -26.395096 56.964039
v -69.910248 -26.106842 55.761990
v -67.007507 -26.329638 56.353104
v -69.864212 -25.953508 56.230297
v -67.031326 -26.555037 55.672211
v -67.059357 -26.826574 54.851788
v -69.977112 -26.329039 55.083286
v -70.057686 -26.595570 54.269077
v -63.766167 -26.620892 56.283447
v -63.741043 -26.898436 55.447113
v -60.110458 -26.931564 55.989792
v -60.002068 -27.270063 54.972397
v -63.709915 -27.209309 54.510395
v -60.198238 -26.645214 56.850544
v -67.088577 -27.120632 53.963409
v -67.300865 -27.493757 52.467999
v -70.144653 -26.881720 53.394207
v -63.834229 -27.599251 53.016380
v -70.420906 -27.243137 51.896896
v -72.884560 -26.370373 52.865349
v -73.221054 -26.721481 51.370235
v -73.900948 -27.178680 48.762154
v -71.068871 -27.735369 49.215248
v -67.877869 -28.002401 49.826385
v -71.832535 -28.363520 45.538933
v -64.823593 -28.599827 47.815830
v -68.316055 -28.494734 47.041447
v -64.275314 -28.113901 50.508076
v -60.208248 -28.203680 51.172859
v -55.755444 -27.789915 53.802273
v -60.806778 -28.681696 48.605717
v -59.994156 -27.685726 53.474686
v -56.411018 -28.315077 51.544090
v -53.618073 -28.491135 51.345215
v -53.515583 -28.861959 49.520512
v -51.851822 -28.650869 50.976395
v -53.043068 -28.191469 52.664272
v -51.441971 -28.440786 51.918015
v -50.481926 -28.285351 52.622837
v -51.468689 -28.045643 53.387806
v -49.915031 -27.709547 54.647610
v -52.492485 -27.706444 54.448135
v -49.272469 -28.210087 53.019585
v -49.556919 -28.010408 53.684864
v -47.969624 -28.042540 53.725098
v -46.223293 -27.881598 54.404495
v -47.950008 -27.747681 54.691948
v -46.756760 -28.186563 53.328453
v -47.121380 -28.370626 52.665871
v -48.114353 -28.240814 53.036598
v -46.655670 -28.643066 51.692417
v -46.407558 -28.592623 51.898998
v -45.968170 -28.487627 52.315464
v -47.305840 -28.461105 52.338783
v -47.375202 -28.443892 52.205467
v -46.768673 -28.610136 51.603439
v -46.281345 -28.848246 50.534405
v -46.138721 -28.895987 50.581551
v -45.816437 -29.175032 48.807789
v -45.664402 -29.227577 48.842720
v -45.489250 -29.482300 46.986500
v -45.343021 -29.535845 47.005516
v -45.045860 -29.542250 47.000912
v -45.864079 -28.886078 50.664417
v -45.382359 -29.230381 48.890163
v -44.945576 -29.234583 48.963627
v -44.824570 -28.845842 50.985302
v -45.424294 -28.864058 50.816853
v -44.547829 -29.555864 46.954971
v -44.355354 -29.240389 49.063015
v -43.899555 -29.569874 46.951870
v -43.613106 -29.247597 49.187923
v -43.152203 -29.577681 47.075775
v -42.478008 -29.581688 47.231014
v -42.488022 -29.258505 49.377487
v -42.049534 -29.584190 47.322193
v -42.922703 -29.254299 49.304226
v -41.594036 -29.848520 45.062614
v -42.008400 -29.847017 44.945110
v -40.898026 -29.996349 42.781013
v -41.365231 -29.797474 45.109055
v -41.820332 -29.532244 47.366535
v -41.126926 -30.047394 42.734673
v -42.257919 -29.202957 49.416225
v -42.691296 -28.802303 51.298576
v -43.052212 -28.107595 53.060223
v -42.613129 -28.610434 51.308678
v -43.133587 -28.322683 53.053612
v -43.378002 -28.390543 53.033791
v -42.925499 -28.863361 51.268143
v -43.367893 -28.857153 51.209797
v -43.838505 -28.382435 52.992661
v -44.568443 -28.369925 52.922096
v -44.069908 -28.847445 51.115913
v -45.350731 -28.392046 52.727730
v -45.162766 -27.851669 54.608276
v -44.446537 -27.840761 54.730782
v -45.304089 -27.243038 56.502438
v -44.942070 -27.192095 56.691196
v -43.998947 -27.835056 54.799747
v -45.907219 -27.329214 56.176453
v -46.977257 -26.903540 57.369293
v -46.569397 -26.736895 57.912472
v -47.433254 -27.074490 56.808800
v -46.857250 -27.387966 55.905109
v -48.259678 -27.356436 55.880089
v -48.569050 -26.966496 57.041809
v -50.261436 -27.303591 55.880489
v -50.535774 -26.896235 57.098164
v -53.424301 -26.597473 57.784561
v -50.677998 -26.591267 58.015160
v -48.548229 -26.675442 57.929485
v -53.244347 -26.901840 56.872658
v -53.009033 -27.298286 55.685219
v -56.317535 -27.300591 55.360432
v -56.500599 -26.930964 56.468803
v -56.645023 -26.635006 57.356682
v -56.753418 -26.410509 58.029873
v -53.556118 -26.373676 58.454647
v -53.647095 -26.219341 58.916950
v -56.828182 -26.255671 58.494381
v -60.265198 -26.419817 57.527935
v -53.699944 -26.008757 59.185791
v -50.840042 -26.017666 59.379356
v -50.803207 -26.223743 59.123234
v -50.747356 -26.372473 58.675537
v -48.331646 -26.337343 58.973400
v -48.401203 -26.470160 58.565849
v -48.308624 -26.144073 59.193295
v -46.341602 -26.635103 58.238956
v -46.238106 -26.467257 58.402500
v -44.700661 -26.755810 56.811409
v -44.761013 -27.066483 56.781384
v -48.300911 -25.757435 59.266663
v -46.203678 -26.102438 58.457050
v -46.203678 -25.556259 58.457050
v -44.700661 -26.306116 56.811409
v -48.300911 -25.177328 59.266663
v -48.300911 -24.403551 59.266663
v -46.203678 -24.844236 58.457050
v -44.700661 -25.763241 56.811409
v -43.685570 -26.790739 54.841881
v -43.685570 -27.153559 54.841881
v -43.052212 -27.825550 53.060223
v -43.685570 -27.497459 54.841881
v -43.763939 -27.749083 54.831371
v -42.613129 -28.367622 51.308678
v -50.852348 -24.264730 59.464733
v -50.852348 -25.044613 59.464733
v -53.717556 -24.251619 59.275368
v -53.717556 -25.616411 59.275368
v -50.852348 -25.626720 59.464733
v -53.717556 -25.033501 59.275368
v -56.886131 -24.287546 58.854496
v -56.886131 -23.564318 58.854496
v -53.717556 -23.528383 59.275368
v -56.886131 -23.157160 58.854496
v -56.886131 -23.012732 58.789341
v -56.886131 -23.077789 58.593670
v -60.347267 -23.093304 58.101833
v -60.347267 -23.022840 58.293705
v -63.808804 -22.999620 57.735214
v -63.808804 -23.076588 57.547951
v -66.978279 -23.017437 56.941620
v -66.978279 -22.936165 57.125782
v -69.619797 -22.772722 56.556286
v -69.621002 -22.851191 56.371223
v -71.502151 -22.513193 55.924530
v -71.497337 -22.449339 56.117699
v -73.003761 -21.857119 55.700733
v -74.543015 -20.913994 54.983009
v -73.012573 -21.901360 55.496754
v -74.531807 -20.887070 55.196194
v -73.077927 -21.986032 55.761589
v -74.617882 -21.017483 55.264347
v -75.930527 -19.664797 54.811756
v -74.823959 -21.338064 55.256443
v -73.124168 -22.204725 54.870804
v -71.566498 -22.917149 55.287575
v -71.703323 -23.805727 53.897053
v -73.358673 -22.853193 53.544044
v -74.667519 -21.139290 54.386383
v -74.921638 -21.603996 53.167709
v -73.683762 -23.701635 51.824936
v -75.285767 -22.245262 51.565807
v -71.890587 -24.894581 52.096878
v -69.718086 -25.689573 52.460396
v -66.978279 -24.632650 54.870804
v -69.671242 -24.414658 54.311115
v -66.978279 -25.951807 52.993958
v -63.808804 -25.901363 53.582977
v -63.808804 -24.618336 55.477036
v -60.347267 -25.758436 54.113144
v -60.347267 -24.529760 56.031025
v -63.808804 -23.554808 56.905289
v -60.347267 -23.540997 57.456268
v -66.978279 -23.516975 56.301163
v -69.637115 -23.335115 55.732365
v -44.937969 -29.738922 45.421024
v -45.285072 -29.718805 45.599785
v -45.650993 -29.754438 44.652252
v -45.542995 -29.815491 44.560474
v -45.173374 -29.849922 44.198456
v -45.415386 -29.661755 45.633713
v -76.060242 -28.020416 41.098637
v -74.866501 -27.644289 45.263992
v -73.527122 -28.704216 41.371075
v -70.264862 -28.823118 43.826527
v -71.515663 -29.019194 41.376385
v -71.963348 -29.267811 38.795116
v -71.706825 -29.430351 37.112545
v -71.163651 -29.541651 35.947823
v -77.306641 -26.629196 45.044899
v -80.487831 -25.425241 41.047195
v -79.261551 -25.131586 44.958023
v -78.283386 -24.739040 48.150822
v -76.322876 -26.218037 48.422260
v -78.564140 -26.937569 40.882748
v -80.101585 -27.176277 36.238075
v -82.042191 -26.555733 33.181396
v -83.090904 -25.378799 33.904934
v -79.989990 -27.706539 33.845482
v -81.400024 -27.216112 32.122471
v -81.813782 -25.535738 37.126755
v -77.193237 -28.283751 37.262173
v -83.246941 -23.501961 37.659424
v -82.027580 -23.349525 41.325733
v -84.579910 -20.690596 37.993114
v -83.379761 -20.576595 41.452251
v -85.672363 -20.719521 34.753574
v -84.362228 -23.496353 34.395061
v -85.349884 -23.407873 31.377216
v -86.657036 -20.673578 31.692995
v -87.534302 -20.562981 28.770834
v -86.186218 -23.311588 28.450752
v -84.966949 -24.997965 28.158894
v -84.186264 -25.138288 31.032215
v -83.166679 -26.197817 30.560303
v -82.746902 -26.795740 27.350687
v -83.834457 -26.024963 27.817997
v -82.291000 -26.919350 29.863590
v -81.655243 -27.349529 29.225828
v -81.907974 -27.294779 26.929216
v -81.052223 -27.529486 31.161829
v -81.802879 -27.374649 24.589567
v -82.707367 -26.881516 24.750908
v -82.111351 -27.213106 22.231604
v -81.332466 -27.598345 22.524260
v -83.418488 -26.423616 22.076767
v -83.950264 -26.084518 24.981207
v -85.358589 -25.044304 22.359116
v -85.376511 -24.964336 25.272165
v -86.874619 -23.171566 25.601955
v -87.418396 -22.952175 22.817217
v -89.085159 -20.024208 23.189846
v -88.333702 -20.356699 25.949060
v -89.569084 -17.387396 26.201982
v -88.739761 -17.662638 29.003338
v -91.222534 -14.656701 23.459080
v -90.396416 -15.131319 26.249125
v -89.531548 -15.521161 29.032663
v -90.354568 -17.009365 23.422049
v -91.210625 -16.278425 20.357061
v -90.944695 -18.156769 16.486368
v -92.251938 -14.944555 16.700457
v -93.133713 -12.441559 16.748398
v -92.103806 -13.844390 20.384787
v -89.913689 -19.359426 20.149981
v -88.039047 -22.442524 19.759235
v -86.037285 -24.123899 15.497401
v -85.412437 -24.882563 19.180529
v -88.957848 -21.431839 16.090521
v -90.014076 -20.043821 12.011445
v -93.124397 -14.795921 8.032559
v -92.055771 -16.580687 12.385174
v -91.046875 -18.401882 7.722637
v -87.931351 -21.424734 7.274494
v -86.965904 -22.920546 11.473873
v -92.025139 -16.533445 3.205028
v -88.901505 -19.650877 2.808440
v -85.096062 -22.052683 2.296551
v -84.125816 -23.725351 6.702912
v -86.097839 -20.056633 -2.585517
v -89.844131 -17.613491 -2.015000
v -82.022575 -21.680553 -3.231013
v -80.965347 -23.604544 1.685946
v -87.127739 -17.732895 -7.906590
v -78.941666 -20.442266 -9.368022
v -77.670059 -22.669323 -4.012128
v -83.141953 -19.397652 -8.605343
v -84.315781 -16.761341 -14.314225
v -85.439766 -13.882016 -20.204987
v -81.595795 -14.943848 -20.878981
v -80.280846 -17.828676 -15.027150
v -89.157623 -12.199541 -19.543409
v -88.182266 -15.077065 -13.629927
v -91.709061 -12.565763 -12.973251
v -93.761665 -12.106061 -6.719880
v -94.593895 -9.359454 -12.420364
v -95.337646 -6.424251 -18.353365
v -92.553406 -9.658116 -18.901646
v -90.774849 -15.266932 -7.255630
v -93.214478 -6.692174 -24.774496
v -93.720230 -3.834990 -30.164213
v -95.915947 -3.498045 -24.210697
v -96.340126 -0.732020 -29.559082
v -90.591980 -6.286938 -30.872635
v -89.949516 -9.210532 -25.434772
v -86.410110 -10.870077 -26.125078
v -83.869186 -8.883533 -32.346928
v -82.794952 -11.902679 -26.813280
v -87.246742 -7.898261 -31.618490
v -87.969688 -5.139422 -36.229130
v -85.701691 -3.236674 -41.228714
v -88.648079 -2.360296 -40.425808
v -91.591965 -0.911496 -39.567055
v -91.118736 -3.605598 -35.425926
v -84.809410 -6.064803 -36.997002
v -81.795677 -6.591514 -37.674000
v -80.643555 -9.457337 -33.003204
v -82.875015 -3.747061 -41.935436
v -80.403946 -4.021791 -42.521645
v -77.831093 -9.771111 -33.553886
v -79.169960 -6.869678 -38.234989
v -77.173920 -7.049426 -38.655060
v -75.692719 -9.976091 -33.965549
v -74.170784 -10.091593 -34.252300
v -75.756477 -7.148341 -38.947514
v -77.187225 -4.276064 -43.273106
v -78.524910 -4.191200 -42.962929
v -79.919022 -1.226050 -47.324657
v -81.300438 1.842210 -51.649242
v -81.681664 -1.041438 -46.858849
v -80.126205 1.770477 -52.015064
v -78.659821 -1.309423 -47.655247
v -82.940079 2.036600 -51.147205
v -83.997498 -0.728214 -46.243813
v -85.096062 2.392092 -50.497036
v -86.103340 5.540922 -54.593124
v -84.115906 5.177533 -55.287434
v -82.613091 5.009787 -55.846222
v -85.149612 7.982673 -58.756367
v -81.538651 4.982543 -56.273495
v -82.892639 7.929866 -59.891766
v -83.821144 7.865400 -59.371307
v -84.888580 9.997760 -61.680634
v -85.981445 10.053317 -61.031067
v -86.671852 11.354910 -62.128529
v -84.184067 10.215580 -62.331009
v -85.666664 12.117377 -63.767467
v -86.140282 11.705317 -62.972664
v -87.900826 13.286502 -63.446083
v -87.594353 13.912950 -64.377304
v -89.720322 15.576108 -64.406219
v -89.896576 14.743178 -63.363510
v -87.998512 12.271413 -62.194984
v -89.909683 13.466357 -61.929951
v -87.644699 10.641453 -60.511105
v -91.807045 14.625673 -61.439026
v -91.853783 16.077148 -62.987976
v -91.572639 12.570474 -59.322769
v -89.600914 11.550880 -59.986553
v -89.054832 9.081326 -57.340431
v -90.655548 7.022599 -52.939770
v -91.179298 10.004975 -56.527119
v -88.356323 6.141949 -53.798828
v -86.969513 8.397606 -58.081486
v -87.538010 2.972000 -49.731266
v -90.034889 3.839650 -48.882622
v -89.351097 0.672369 -44.677441
v -86.632210 -0.189309 -45.507267
v -92.073578 2.050371 -43.768738
v -92.537689 5.156273 -47.941799
v -94.718597 4.138260 -42.795486
v -94.997032 7.083133 -46.899284
v -95.223038 10.021218 -50.952137
v -92.958557 8.282494 -51.997150
v -93.306259 11.219990 -55.621120
v -93.550980 13.759615 -58.500050
v -95.526604 15.177658 -57.498863
v -95.398895 12.777654 -54.602428
v -97.245918 14.526485 -53.578434
v -98.696884 14.250143 -49.123135
v -97.214188 12.067532 -49.946754
v -98.635834 16.314955 -52.656521
v -98.562569 18.030359 -55.318855
v -97.272835 16.657055 -56.408508
v -97.295662 18.432911 -58.567600
v -98.515625 19.506552 -57.290283
v -95.612381 17.151888 -59.730019
v -95.662025 18.631186 -61.384972
v -97.315170 19.827635 -60.186119
v -98.533546 20.853935 -58.751064
v -98.529037 21.933479 -59.920090
v -99.523117 22.806444 -57.925236
v -99.373077 21.287413 -56.913952
v -99.141075 20.113686 -56.280495
v -97.317482 20.874052 -61.398186
v -95.688553 19.714937 -62.584923
v -98.414642 22.606371 -61.016045
v -97.288452 21.604490 -62.338108
v -95.704765 20.502327 -63.451080
v -93.797089 18.451929 -63.484112
v -97.254822 22.068798 -62.980972
v -93.803291 19.248629 -64.318642
v -93.795189 19.764278 -64.863724
v -95.711563 21.016678 -64.013779
v -95.709969 21.281507 -64.303528
v -97.243118 22.316217 -63.302155
v -93.774467 20.021004 -65.153473
v -93.722328 20.146315 -65.246353
v -95.669235 21.414026 -64.392303
v -97.203178 22.444828 -63.399433
v -98.217964 23.187380 -62.278755
v -95.558334 21.531528 -64.352272
v -97.084579 22.552423 -63.371109
v -98.041008 23.379847 -62.406967
v -98.160110 23.291271 -62.412369
v -98.722900 23.961760 -61.537609
v -98.801674 23.889194 -61.366554
v -99.161087 24.415554 -60.698669
v -99.074318 24.464899 -60.881531
v -98.949112 24.505535 -60.927975
v -98.603905 24.026615 -61.559425
v -98.490097 24.076057 -61.516586
v -98.427155 24.102781 -61.493664
v -97.857750 23.478535 -62.315487
v -97.920410 23.444904 -62.346619
v -98.829201 24.535160 -60.910553
v -98.758141 24.551775 -60.901451
v -98.865334 24.860746 -60.503601
v -98.698792 24.565388 -60.894146
v -98.376907 24.123800 -61.475750
v -99.013557 24.847534 -60.497093
v -98.933388 24.854740 -60.500595
v -99.035782 25.040806 -60.252979
v -98.964722 25.042906 -60.259888
v -99.183113 25.129381 -60.062012
v -99.119354 25.038301 -60.244873
v -99.098740 25.130281 -60.073025
v -99.026672 25.131184 -60.082432
v -98.982338 25.145895 -59.911777
v -99.081024 25.144495 -59.890961
v -98.868843 25.045809 -60.269196
v -99.155388 25.143393 -59.875149
v -98.929993 25.132284 -60.095043
v -98.865234 25.105560 -60.101444
v -98.803284 25.027592 -60.103249
v -98.882256 25.117168 -59.971233
v -98.798279 25.042805 -60.232967
v -98.882256 25.117168 -59.971233
v -98.992043 25.059019 -59.480801
v -99.322433 24.961933 -58.324787
v -99.230453 24.927906 -58.367527
v -99.091431 25.088547 -59.421055
v -99.191719 25.088144 -59.397732
v -99.514603 24.973446 -58.310272
v -99.271996 25.088446 -59.380413
v -99.422623 24.967239 -58.315384
v -99.746201 24.717121 -56.492184
v -99.847595 24.727730 -56.499489
v -100.134750 24.273233 -53.776203
v -100.046272 24.266424 -53.769798
v -100.235634 24.280436 -53.783104
v -99.649422 24.707413 -56.486378
v -99.620399 24.625139 -56.152184
v -99.963898 24.259920 -53.763596
v -100.345627 23.563807 -50.474613
v -100.600952 22.530500 -46.906982
v -100.670212 22.530500 -46.906982
v -100.418098 23.565409 -50.476112
v -100.498665 23.567110 -50.477818
v -100.747986 22.530500 -46.906982
v -100.595154 23.568913 -50.479519
v -100.843170 22.530500 -46.906982
v -100.955574 22.530500 -46.906982
v -101.099693 21.327648 -43.200035
v -100.708160 23.570913 -50.481419
v -100.987289 21.327648 -43.200035
v -100.892113 21.327648 -43.200035
v -100.940254 20.122789 -39.492989
v -100.862381 20.122789 -39.492989
v -100.814346 21.327648 -43.200035
v -101.035339 20.122789 -39.492989
v -100.940254 18.868690 -35.786041
v -101.035339 18.868690 -35.786041
v -101.147728 20.122789 -39.492989
v -101.147728 18.868690 -35.786041
v -101.277443 20.122789 -39.492989
v -101.277443 18.868690 -35.786041
v -101.277443 17.517805 -32.079090
v -101.147728 17.517805 -32.079090
v -101.035339 17.517805 -32.079090
v -100.961479 15.869160 -27.900129
v -100.940254 17.517805 -32.079090
v -100.866295 15.869160 -27.900129
v -101.073868 15.869160 -27.900129
v -100.981995 13.721576 -22.776937
v -101.203583 15.869160 -27.900129
v -100.739777 13.721576 -22.776937
v -100.852280 13.721576 -22.776937
v -100.454231 11.179147 -17.110575
v -99.980812 8.345973 -11.301732
v -100.583939 11.179147 -17.110575
v -99.738693 8.345973 -11.301732
v -100.341728 11.179147 -17.110575
v -99.851097 8.345973 -11.301732
v -99.124458 5.489699 -5.717038
v -98.485397 2.877969 -0.723176
v -99.254173 5.489699 -5.717038
v -98.243294 2.877969 -0.723176
v -99.011971 5.489699 -5.717038
v -98.355690 2.877969 -0.723176
v -97.508247 0.434627 3.905125
v -96.675217 -1.916444 8.393128
v -97.637962 0.434627 3.905125
v -96.433006 -1.916444 8.393128
v -97.395844 0.434627 3.905125
v -96.545502 -1.916444 8.393128
v -95.520599 -4.052407 12.665922
v -94.486801 -5.850423 16.648712
v -94.374397 -5.850423 16.648712
v -95.408104 -4.052407 12.665922
v -95.650322 -4.052407 12.665922
v -94.616608 -5.850423 16.648712
v -93.709213 -7.349848 20.234154
v -93.487717 -7.293459 20.233152
v -93.617439 -7.293459 20.233152
v -95.742798 -4.110038 12.665520
v -94.708595 -5.907604 16.649014
v -94.708092 -6.079154 16.650013
v -94.565666 -6.748871 16.658722
v -93.563286 -8.186902 20.250469
v -95.604782 -4.951916 12.665320
v -93.707520 -7.519036 20.237257
v -95.743500 -4.282959 12.664020
v -96.769997 -2.147157 8.389165
v -97.603531 -0.501914 3.884427
v -96.635681 -2.831646 8.381698
v -96.768097 -1.974125 8.392138
v -97.734238 0.204813 3.899800
v -97.731239 0.377173 3.903793
v -98.578987 2.820859 -0.724764
v -98.583092 2.649559 -0.729525
v -98.453674 1.923453 -0.749799
v -99.352859 5.263651 -5.724504
v -99.348061 5.433189 -5.718910
v -99.223145 4.524513 -5.749007
v -99.635406 5.599036 -11.414381
v -99.949287 7.381337 -11.341238
v -100.080002 8.123649 -11.310810
v -98.913376 2.759216 -5.807588
v -98.146797 0.201936 -0.797923
v -98.459373 0.451328 -5.892032
v -97.696808 -2.047648 -0.867269
v -96.845665 -4.333772 3.797900
v -97.295662 -2.162470 3.848935
v -96.320099 -4.423672 8.367254
v -94.806480 -8.528620 12.680333
v -95.279083 -6.497681 12.673028
v -95.861511 -6.511631 8.344304
v -95.298309 -8.683947 8.311345
v -95.438423 -9.274583 3.635607
v -94.447060 -11.319176 8.222668
v -93.367813 -13.220642 12.604865
v -96.288277 -6.572714 3.735905
v -94.226974 -10.653092 12.680433
v -97.137611 -4.357963 -0.951207
v -96.290085 -7.121214 -1.074574
v -97.896988 -1.915581 -5.994092
v -97.055946 -4.723953 -6.142693
v -96.534889 -5.590341 -12.047539
v -97.789894 -1.947839 -11.803523
v -98.616920 0.878500 -11.636878
v -95.766418 -8.356227 -6.366760
v -94.974922 -10.729658 -1.262206
v -94.110664 -12.834802 3.469701
v -92.917717 -14.466131 -1.560287
v -99.801857 6.136147 -17.384714
v -99.253067 3.761456 -17.526739
v -99.178001 3.267763 -11.517172
v -98.445366 0.953332 -17.712502
v -97.765274 0.188746 -23.809446
v -98.975830 3.725746 -23.524796
v -97.220985 -2.664506 -17.972528
v -99.761124 6.470461 -23.310810
v -100.602463 11.119396 -28.349520
v -100.280281 8.790996 -23.136253
v -100.119728 8.887271 -28.559404
v -99.359772 6.243584 -28.806322
v -99.575752 8.381067 -33.122707
v -100.307800 10.893600 -32.842960
v -98.159920 2.832324 -29.123001
v -98.396919 5.129158 -33.477619
v -96.621262 1.722685 -33.965149
v -98.540253 7.316495 -37.359219
v -96.822243 4.124787 -37.918209
v -99.689255 10.352656 -36.952763
v -99.765427 12.372799 -40.775417
v -100.444016 14.495358 -40.413494
v -100.393265 12.694680 -36.635986
v -98.653549 9.631625 -41.253635
v -98.713493 11.975750 -45.171371
v -97.144928 9.422272 -45.920624
v -97.005508 6.733005 -41.907207
v -99.784637 14.377354 -44.610077
v -99.727188 16.301943 -48.476261
v -100.361145 17.955891 -48.000942
v -100.440010 16.260805 -44.195210
v -100.828247 17.858505 -43.867020
v -100.847176 16.280722 -40.117035
v -100.734177 19.386646 -47.632320
v -101.097885 19.403158 -43.565956
v -100.981789 20.768957 -47.305534
v -101.132423 18.010538 -39.834984
v -101.309273 19.338301 -39.620605
v -101.263031 20.592402 -43.340462
v -100.815239 14.661402 -36.367050
v -101.307571 18.035360 -35.901844
v -101.118210 16.571877 -36.104118
v -101.088181 15.067657 -32.364540
v -101.298965 16.643339 -32.181179
v -100.757195 13.008554 -32.602150
v -100.970383 13.296103 -28.143940
v -101.210884 14.960864 -27.986301
v -100.692635 11.055440 -22.970108
v -101.387947 17.308321 -32.103710
v -101.085884 13.506687 -22.792654
v -101.311386 15.657173 -27.920345
v -100.970383 12.786458 -22.844797
v -100.556816 10.224961 -17.161518
v -100.249451 8.453678 -17.256001
v -100.684425 10.960855 -17.122282
v -100.678223 11.124599 -17.113476
v -101.077171 13.667829 -22.780842
v -100.074791 8.290395 -11.304005
v -101.299767 15.816213 -27.905130
v -101.374237 17.465460 -32.085293
v -101.374535 18.816845 -35.793346
v -101.374138 20.071545 -39.501499
v -101.387253 19.917709 -39.526718
v -101.388748 18.661409 -35.815063
v -101.337997 21.124369 -43.239170
v -101.325790 21.276802 -43.209843
v -101.181969 22.480057 -46.918598
v -101.195274 22.328724 -46.953224
v -101.229408 21.327648 -43.200035
v -101.085274 22.530500 -46.906982
v -100.934242 23.524874 -50.499233
v -100.837860 23.573116 -50.483517
v -100.479843 24.297251 -53.799118
v -100.091003 24.752151 -56.514702
v -100.184792 24.715117 -56.543327
v -100.574127 24.254915 -53.823143
v -99.960396 24.739342 -56.507397
v -100.350136 24.288343 -53.790714
v -99.617599 24.980150 -58.303867
v -99.750801 24.987156 -58.290958
v -99.499496 25.087944 -59.328667
v -99.363976 25.088547 -59.360298
v -99.602478 25.049610 -59.343182
v -99.848991 24.950125 -58.312477
v -99.846992 24.824913 -58.409367
v -100.186996 24.577198 -56.615494
v -99.597275 24.936512 -59.461590
v -99.747505 24.560682 -58.641068
v -99.491486 24.705009 -59.722614
v -100.097313 24.263620 -56.808861
v -100.351532 22.986603 -54.367519
v -99.915352 23.699228 -57.201401
v -99.553436 24.106787 -59.066643
v -100.582542 24.109587 -53.877689
v -100.507477 23.730356 -54.035023
v -100.882706 22.931654 -50.670185
v -100.745888 21.999537 -50.942921
v -101.127716 21.837894 -47.064423
v -100.947357 23.375542 -50.541771
v -100.519180 20.779867 -51.263905
v -100.185089 19.473223 -51.536736
v -99.889732 20.705503 -54.508446
v -100.137955 21.953297 -54.612736
v -99.425117 19.359222 -54.571499
v -99.603889 18.008638 -51.941090
v -99.292999 24.311462 -60.165199
v -99.147980 23.457315 -59.815395
v -98.917473 23.742865 -60.855907
v -98.280823 22.986403 -61.861492
v -99.362663 24.780075 -60.244667
v -99.472466 24.996164 -59.974033
v -99.386292 25.022488 -60.159893
v -99.403610 25.093651 -60.019676
v -99.480469 25.103058 -59.848225
v -99.275192 24.814005 -60.427734
v -99.143181 24.835222 -60.492287
v -99.252380 25.034397 -60.231960
v -99.316826 25.127779 -60.044792
v -99.376991 25.140188 -59.828506
v -99.241966 25.142193 -59.856834
v -94.411430 1.316164 -38.692692
v -94.098961 -1.253566 -34.642941
v -94.231972 -8.300530 16.682241
v -93.742752 -10.332112 16.714268
v -92.730255 -11.762965 20.328136
v -93.227188 -9.739293 20.282097
v -92.313393 -10.721252 23.359493
v -91.828964 -12.662053 23.403931
v -90.965508 -13.260678 26.197981
v -91.743797 -10.055772 26.126015
v -91.426315 -11.448092 26.155640
v -92.643181 -9.230407 23.328966
v -92.785805 -8.585853 23.315754
v -91.885017 -9.282794 26.109503
v -92.788002 -8.419796 23.312452
v -91.882607 -9.446338 26.113005
v -90.937584 -10.267258 28.856211
v -90.803772 -10.839559 28.873425
v -89.772568 -11.497036 31.742336
v -89.907982 -10.797223 31.706507
v -90.940384 -10.104313 28.851107
v -89.903976 -10.959664 31.714916
v -88.734955 -11.434581 34.859173
v -88.599640 -11.943425 34.904213
v -87.353539 -12.235682 38.136246
v -87.501472 -11.592720 38.057980
v -88.742165 -11.274741 34.844757
v -87.491669 -11.749558 38.077095
v -86.235359 -11.962344 41.157192
v -86.103043 -12.431055 41.215546
v -84.852654 -12.524536 44.180046
v -84.979965 -11.915202 44.115288
v -86.244476 -11.807207 41.137974
v -84.973557 -12.069436 44.131599
v -83.714157 -12.067637 47.032543
v -82.632301 -11.849747 49.432446
v -83.606956 -12.511126 47.067577
v -83.716660 -11.914104 47.020535
v -82.540222 -12.438362 49.462872
v -82.633904 -12.002979 49.440350
v -81.909866 -11.921410 50.935360
v -81.402824 -11.837936 51.899803
v -81.394714 -11.684503 51.895500
v -81.904671 -11.768174 50.929951
v -81.826996 -12.353489 50.950771
v -81.656754 -13.240966 50.982403
v -82.075920 -14.502371 49.574863
v -81.415733 -14.394276 51.027637
v -82.346855 -13.336148 49.509510
v -83.384064 -13.432134 47.140442
v -84.251923 -14.716058 44.409241
v -83.073692 -14.627981 47.241924
v -84.599129 -13.478172 44.281631
v -85.822899 -13.423524 41.339157
v -86.673943 -14.626178 38.358040
v -87.057587 -13.275995 38.262558
v -85.453575 -14.711353 41.457253
v -85.053429 -16.066341 41.499092
v -84.427383 -17.888239 41.489281
v -86.272797 -16.041920 38.324905
v -83.222321 -17.783747 44.664562
v -83.850075 -16.023603 44.535656
v -85.644547 -17.928373 38.193195
v -86.785637 -17.919563 34.982880
v -87.466446 -15.967753 35.085270
v -87.825653 -17.838696 31.904282
v -89.068649 -14.208411 31.873354
v -88.573120 -15.806512 31.936008
v -87.908333 -14.472843 35.083771
v -88.305077 -13.043690 35.001198
v -89.481308 -12.675867 31.801992
v -90.501999 -12.121881 28.911657
v -90.066521 -13.790243 28.966307
v -82.703865 -15.896294 47.362427
v -82.117851 -17.599688 47.512562
v -81.749336 -15.743360 49.653732
v -81.219872 -17.402613 49.771336
v -79.818039 -19.630268 51.340714
v -81.158813 -20.100878 47.703026
v -80.340195 -19.823736 49.953293
v -80.634048 -17.258888 51.179173
v -81.120789 -15.623553 51.084087
v -80.684196 -15.526570 52.021507
v -80.229401 -17.148191 52.104675
v -79.463326 -19.485741 52.248310
v -78.358658 -21.914068 52.488117
v -78.085320 -21.742220 53.300934
v -76.887871 -23.807930 52.860043
v -77.151901 -24.046240 51.946045
v -78.661125 -22.103935 51.589333
v -76.650566 -23.594944 53.679665
v -76.456490 -23.421591 54.348343
v -75.020927 -25.190441 53.305134
v -74.824158 -24.945223 54.129253
v -77.861122 -21.601196 53.967514
v -74.664421 -24.745852 54.799442
v -72.587204 -25.824495 54.583057
v -72.472504 -25.609907 55.257343
v -72.727821 -26.084921 53.764130
v -75.242325 -25.465479 52.381222
v -75.629364 -25.798672 50.904533
v -77.573471 -24.344898 50.516586
v -79.121124 -22.354958 50.201210
v -79.867073 -22.710466 47.920216
v -80.851746 -23.073984 44.907978
v -82.197426 -20.379322 44.799381
v -81.810577 -11.717131 50.928150
v -82.539528 -11.798701 49.429840
v -82.409813 -11.798701 49.429840
v -81.680870 -11.717131 50.928150
v -81.299835 -11.633357 51.893997
v -81.170425 -11.633357 51.893497
v -81.058929 -11.633557 51.891701
v -81.568474 -11.717131 50.928150
v -82.297310 -11.798701 49.429840
v -80.963142 -11.633557 51.889194
v -82.202225 -11.798701 49.429840
v -81.473396 -11.717131 50.928150
v -81.395515 -11.717131 50.928150
v -81.326355 -11.717131 50.928150
v -82.124359 -11.798701 49.429840
v -82.055199 -11.798701 49.429840
v -80.805504 -11.632657 51.883190
v -80.880966 -11.633257 51.886295
v -80.343895 -11.559994 52.666683
v -83.140953 -11.862858 47.016529
v -83.210114 -11.862858 47.016529
v -84.552483 -11.863757 44.109882
v -83.287880 -11.862858 47.016529
v -84.474724 -11.863757 44.109882
v -84.405457 -11.863757 44.109882
v -85.740128 -11.755464 41.131573
v -85.670967 -11.755464 41.131573
v -86.928169 -11.540474 38.051571
v -86.997330 -11.540474 38.051571
v -88.237213 -11.221496 34.839954
v -88.168060 -11.221496 34.839954
v -89.332779 -10.743175 31.703606
v -89.402039 -10.743175 31.703606
v -90.433945 -10.049966 28.849403
v -90.364784 -10.049966 28.849403
v -91.309303 -9.228296 26.108301
v -91.378571 -9.228296 26.108301
v -92.281364 -8.364439 23.311253
v -92.212204 -8.364439 23.311253
v -93.133118 -7.293459 20.233152
v -94.201447 -5.850423 16.648712
v -94.132286 -5.850423 16.648712
v -93.202377 -7.293459 20.233152
v -93.280136 -7.293459 20.233152
v -92.359230 -8.364439 23.311253
v -94.279312 -5.850423 16.648712
v -92.454323 -8.364439 23.311253
v -93.375320 -7.293459 20.233152
v -92.566711 -8.364439 23.311253
v -91.663925 -9.228296 26.108301
v -91.551521 -9.228296 26.108301
v -91.456345 -9.228296 26.108301
v -90.511711 -10.049966 28.849403
v -90.606895 -10.049966 28.849403
v -89.479805 -10.743175 31.703606
v -89.574997 -10.743175 31.703606
v -90.719292 -10.049966 28.849403
v -89.687386 -10.743175 31.703606
v -90.849007 -10.049966 28.849403
v -88.522568 -11.221496 34.839954
v -89.817101 -10.743175 31.703606
v -88.652382 -11.221496 34.839954
v -88.410164 -11.221496 34.839954
v -87.170280 -11.540474 38.051571
v -88.315086 -11.221496 34.839954
v -87.075195 -11.540474 38.051571
v -87.282776 -11.540474 38.051571
v -87.412491 -11.540474 38.051571
v -86.155289 -11.755464 41.131573
v -86.025574 -11.755464 41.131573
v -85.913071 -11.755464 41.131573
v -85.817993 -11.755464 41.131573
v -84.647667 -11.863757 44.109882
v -84.760071 -11.863757 44.109882
v -84.889786 -11.863757 44.109882
v -83.625175 -11.862858 47.016529
v -83.495461 -11.862858 47.016529
v -83.383064 -11.862858 47.016529
v -91.793633 -9.228296 26.108301
v -92.696426 -8.364439 23.311253
v -95.313011 -4.052407 12.665922
v -95.235153 -4.052407 12.665922
v -96.337914 -1.916444 8.393128
v -96.260048 -1.916444 8.393128
v -97.300659 0.434627 3.905125
v -97.222893 0.434627 3.905125
v -97.153633 0.434626 3.905125
v -96.190887 -1.916444 8.393128
v -95.165993 -4.052407 12.665922
v -98.070335 2.877969 -0.723176
v -98.001175 2.877969 -0.723176
v -98.769852 5.489699 -5.717038
v -98.839012 5.489699 -5.717038
v -99.565750 8.345973 -11.301732
v -99.496490 8.345973 -11.301732
v -100.099609 11.179147 -17.110575
v -100.566826 13.721576 -22.776937
v -100.497665 13.721576 -22.776937
v -100.168770 11.179147 -17.110575
v -100.246643 11.179147 -17.110575
v -100.644699 13.721576 -22.776937
v -99.643517 8.345973 -11.301732
v -98.916878 5.489699 -5.717038
v -98.148109 2.877969 -0.723176
v -100.719261 15.869160 -27.900129
v -100.788521 15.869160 -27.900129
v -100.862381 17.517805 -32.079090
v -100.793221 17.517805 -32.079090
v -100.793221 18.868690 -35.786041
v -100.862381 18.868690 -35.786041
v -100.793221 20.122789 -39.492989
v -100.745186 21.327648 -43.200035
v -98.702492 24.870955 -60.467766
v -98.541847 24.580700 -60.721092
v -98.703789 24.855940 -60.341755
v -98.772346 24.869354 -60.507202
v -98.614014 24.585905 -60.882229
v -98.547150 24.596615 -60.834888
v -98.237389 24.174845 -61.393478
v -98.300835 24.156229 -61.447929
v -98.224777 24.154428 -61.296093
v -97.660080 23.529678 -62.121918
v -97.678291 23.560507 -62.203087
v -97.740250 23.541090 -62.257637
v -96.724861 22.755600 -63.144417
v -96.784111 22.736483 -63.198158
v -96.851463 22.695349 -63.236794
v -97.811615 23.503157 -62.292767
v -96.895004 22.668825 -63.261715
v -95.383888 21.663042 -64.227463
v -95.344757 21.692768 -64.199341
v -95.284203 21.738510 -64.155807
v -95.232056 21.761631 -64.098351
v -93.336487 20.522543 -64.922371
v -93.380028 20.494019 -64.984825
v -93.433372 20.443674 -65.032967
v -93.468002 20.411045 -65.064194
v -91.290894 18.862288 -65.623390
v -91.259468 18.896521 -65.590454
v -91.211021 18.949564 -65.539413
v -88.948036 17.138880 -65.834572
v -91.174591 18.981995 -65.473953
v -88.874977 17.230560 -65.715271
v -88.904205 17.194126 -65.781929
v -86.586075 15.316681 -65.674835
v -84.474724 13.321032 -64.909668
v -84.505745 13.258678 -64.963310
v -86.566154 15.358518 -65.608574
v -86.624001 15.258129 -65.728279
v -84.464912 13.368973 -64.845306
v -82.842987 11.271437 -63.059345
v -84.508247 13.366171 -64.778450
v -82.787842 11.264730 -63.117199
v -82.787949 11.210783 -63.178047
v -86.595581 15.346207 -65.535515
v -88.890686 17.209742 -65.639099
v -86.742599 15.240414 -65.329330
v -84.699318 13.289504 -64.592690
v -88.992973 17.077925 -65.422913
v -91.398087 18.459536 -64.690567
v -91.246658 18.802336 -65.180000
v -89.223389 16.781265 -64.936279
v -87.075600 15.001404 -64.863327
v -91.179398 18.954670 -65.397682
v -93.370720 20.320366 -64.635918
v -93.331787 20.489716 -64.848404
v -95.218140 21.723097 -64.028488
v -96.705238 22.716066 -63.074150
v -96.707741 22.533106 -62.869179
v -95.231750 21.538734 -63.825809
v -95.262680 21.124269 -63.370312
v -96.714447 22.121645 -62.411274
v -93.458298 19.939434 -64.157906
v -93.570297 19.452806 -63.547264
v -95.302017 20.594807 -62.788307
v -96.723351 21.595884 -61.826958
v -97.717224 23.039148 -61.364750
v -97.770775 22.604568 -60.701874
v -98.517227 23.479734 -59.500420
v -98.377403 23.797115 -60.338856
v -98.801376 24.315769 -59.441864
v -99.035583 24.080162 -58.309677
v -99.348755 24.458094 -57.394272
v -99.044693 24.645256 -58.783390
v -99.479469 24.665476 -57.018745
v -99.162796 24.835823 -58.472816
v -98.992043 25.059019 -59.480801
v -99.230453 24.927906 -58.367527
v -98.914581 24.968941 -59.607414
v -98.807487 24.791586 -59.867439
v -99.620399 24.625139 -56.152184
v -98.619423 24.499731 -60.327747
v -98.269417 24.045130 -60.997330
v -97.676193 23.379047 -61.885406
v -91.591560 18.021551 -64.065117
v -89.518036 16.402233 -64.314438
v -87.501678 14.695937 -64.267502
v -85.686684 12.893458 -63.632343
v -85.132492 13.115753 -64.171417
v -83.571625 11.119903 -62.560108
v -84.217392 10.985385 -62.117119
v -82.864807 8.657974 -59.602615
v -82.157295 8.726925 -59.944817
v -80.653572 5.649928 -56.240963
v -81.400124 5.597642 -55.969627
v -79.881790 2.277611 -51.725105
v -78.368172 -0.828822 -47.375603
v -77.574272 -0.787386 -47.568668
v -79.109520 2.331088 -51.948902
v -78.505386 2.372925 -52.123955
v -76.679581 -0.740655 -47.786263
v -76.953529 -0.754987 -47.719604
v -80.069359 5.690833 -56.453358
v -79.809830 5.708999 -56.547733
v -78.237854 2.391471 -52.201622
v -78.166687 2.379240 -52.235256
v -76.607025 -0.753866 -47.815887
v -79.741066 5.695447 -56.587673
v -79.728760 5.641190 -56.636917
v -78.151779 2.328746 -52.278397
v -76.590607 -0.804120 -47.855721
v -78.163391 2.267653 -52.319527
v -76.601013 -0.864673 -47.894756
v -75.065575 -3.862562 -43.471077
v -75.056061 -3.801117 -43.433044
v -75.073280 -3.749413 -43.395111
v -75.146637 -3.734139 -43.368187
v -73.558853 -6.705954 -39.074528
v -73.650635 -6.635783 -39.013775
v -73.576668 -6.652938 -39.038399
v -71.862961 -9.609871 -34.342079
v -71.937431 -9.591654 -34.319260
v -69.658836 -12.820684 -28.935141
v -69.678047 -12.765837 -28.902510
v -69.752716 -12.747820 -28.880392
v -71.844551 -9.664018 -34.376411
v -71.852852 -9.727273 -34.411640
v -73.567757 -6.768269 -39.111259
v -69.666336 -12.885041 -28.968367
v -69.671745 -12.931681 -28.992388
v -71.858963 -9.773014 -34.437061
v -73.574257 -6.813318 -39.137882
v -71.868568 -9.845777 -34.477596
v -75.083290 -3.977542 -43.540840
v -73.584480 -6.884971 -39.180122
v -75.072479 -3.907070 -43.498203
v -76.608322 -0.908802 -47.921780
v -78.171593 2.223614 -52.347057
v -78.183701 2.156265 -52.386490
v -76.619736 -0.977672 -47.962116
v -76.641853 -1.112481 -48.041286
v -78.207420 2.025230 -52.463158
v -78.301605 1.899980 -52.519402
v -76.738342 -1.239702 -48.099533
v -75.200584 -4.246648 -43.687569
v -75.104607 -4.116854 -43.625011
v -73.604889 -7.027095 -39.263992
v -73.700272 -7.158061 -39.327351
v -71.981972 -10.122319 -34.619320
v -71.887589 -9.990104 -34.557968
v -69.697365 -13.152676 -29.106489
v -69.680351 -13.005746 -29.030624
v -69.789948 -13.287595 -29.164040
v -67.355614 -16.329561 -23.496374
v -67.265434 -16.190540 -23.444330
v -67.250824 -16.041008 -23.373465
v -64.811081 -18.627678 -18.040194
v -64.823097 -18.779711 -18.106251
v -64.804977 -18.551010 -18.006863
v -67.243515 -15.965542 -23.337635
v -67.238815 -15.918101 -23.315216
v -64.801170 -18.502867 -17.985945
v -67.232407 -15.852542 -23.284086
v -64.795967 -18.436211 -17.956919
v -62.398464 -20.685480 -13.056926
v -67.252426 -15.797295 -23.252859
v -62.394161 -20.617823 -13.030103
v -62.415085 -20.562773 -12.999575
v -64.816589 -18.381062 -17.926394
v -64.890457 -18.367350 -17.900471
v -62.906113 -20.598606 -12.838534
v -67.326988 -15.780879 -23.229942
v -65.292503 -18.397276 -17.804285
v -67.696014 -15.792890 -23.160780
v -62.487545 -20.551664 -12.969149
v -60.162605 -22.378265 -8.512922
v -57.908730 -23.889593 -4.624866
v -60.568363 -22.432415 -8.346156
v -60.092545 -22.388273 -8.549304
v -58.347816 -23.935232 -4.389379
v -57.975891 -23.880085 -4.582668
v -55.987747 -25.090040 -1.229221
v -56.312836 -25.143486 -1.030541
v -54.502846 -26.059891 1.744917
v -54.158947 -26.017956 1.500654
v -55.923088 -25.099049 -1.275790
v -54.221401 -26.009348 1.550247
v -52.700466 -26.639297 3.758582
v -51.229683 -27.118719 5.622635
v -52.639313 -26.647907 3.707196
v -51.289730 -27.109510 5.675161
v -52.957294 -26.687140 3.951550
v -51.533741 -27.154354 5.869251
v -50.638165 -27.686220 8.241920
v -50.089684 -27.590834 7.777915
v -49.854378 -27.549900 7.579360
v -52.104740 -27.259247 6.323980
v -53.563725 -26.800041 4.407160
v -52.839188 -27.394264 6.909033
v -54.345009 -26.945568 4.994083
v -56.052402 -26.337534 2.814104
v -55.178936 -26.181095 2.211526
v -57.114037 -25.274803 -0.542809
v -59.282131 -24.073553 -3.905005
v -60.497601 -24.253412 -3.275082
v -58.153248 -25.445053 0.089447
v -62.935539 -22.748192 -7.374676
v -61.596466 -22.569534 -7.924207
v -65.345245 -20.872946 -12.076466
v -63.965443 -20.717709 -12.507644
v -66.297684 -18.473040 -17.562374
v -68.599197 -15.823017 -22.990732
v -69.769531 -15.862252 -22.770239
v -67.604431 -18.571629 -17.247698
v -71.896996 -12.762835 -28.526079
v -70.875999 -12.755527 -28.694828
v -72.238495 -9.590853 -34.268913
v -73.834801 -9.586949 -34.002281
v -72.937302 -9.589152 -34.152214
v -70.084709 -12.749923 -28.825544
v -74.591957 -6.642468 -38.840523
v -75.426491 -3.742146 -43.308933
v -76.878265 -3.783522 -43.002167
v -73.936981 -6.637834 -38.961029
v -75.431190 -6.648374 -38.686089
v -76.063240 -3.760302 -43.174419
v -51.343281 -27.808725 8.838664
v -49.857082 -28.189260 10.782768
v -48.380589 -28.536364 12.741182
v -49.162567 -28.079166 10.160123
v -47.676464 -28.436678 12.077902
v -45.513771 -28.695704 13.538583
v -47.129486 -28.359308 11.562851
v -48.622498 -27.993488 9.676198
v -46.083672 -28.761763 14.069849
v -46.818314 -28.846836 14.754649
v -44.288094 -29.057220 16.210724
v -45.074692 -29.117672 16.864098
v -43.417835 -29.331961 18.938017
v -42.563686 -29.300335 18.374222
v -41.184380 -29.468185 20.434027
v -42.115593 -29.473188 20.845188
v -41.182076 -29.584587 22.724533
v -40.188507 -29.597095 22.493935
v -40.631493 -29.709795 24.715178
v -39.614403 -29.723507 24.657524
v -38.826008 -29.734118 24.612787
v -38.645252 -29.820292 27.152815
v -40.450535 -29.807682 27.045118
v -39.418427 -29.606705 22.315176
v -39.433640 -29.814789 27.105770
v -39.618008 -29.838308 30.019829
v -41.069477 -29.809282 32.913063
v -40.626186 -29.837408 29.942760
v -40.049683 -29.804579 32.988331
v -38.835918 -29.839109 30.079580
v -41.691521 -29.733618 35.461498
v -42.381027 -29.637135 37.726685
v -43.026493 -29.546856 39.847343
v -43.918976 -29.422344 41.988121
v -45.349430 -29.223373 44.313358
v -47.079845 -28.945427 46.602764
v -45.733570 -28.440590 49.009365
v -48.872116 -28.583811 48.636147
v -44.540321 -28.894283 46.973186
v -42.603523 -28.855045 47.255737
v -42.388130 -28.285952 49.405815
v -41.872379 -28.839537 47.362427
v -43.327957 -28.330391 49.295017
v -43.993542 -27.651495 51.195286
v -46.711121 -27.784613 50.967083
v -42.897877 -27.597849 51.286263
v -50.995075 -28.256527 50.002335
v -39.095444 -29.610809 22.240211
v -40.160076 -29.462675 19.981831
v -40.462646 -29.464281 20.115448
v -38.495117 -29.738621 24.594168
v -39.021481 -29.632429 22.222296
v -38.236591 -29.843912 27.177135
v -38.418854 -29.760338 24.589567
v -38.313763 -29.822596 27.172632
v -38.394333 -29.822992 24.587265
v -38.998360 -29.694983 22.214788
v -39.000462 -29.767847 22.212687
v -38.395535 -29.896160 24.586264
v -38.211472 -29.979733 27.178238
v -38.211170 -29.906368 27.178535
v -38.211670 -30.033979 27.178038
v -38.396435 -29.949705 24.585564
v -39.001965 -29.820793 22.211184
v -39.004364 -29.904766 22.208782
v -38.397835 -30.034380 24.584362
v -38.212070 -30.119354 27.177736
v -38.400539 -30.200926 24.582060
v -38.212673 -30.286200 27.177235
v -38.290440 -30.439735 27.170431
v -38.521843 -30.485075 27.151611
v -38.479805 -30.353861 24.583761
v -38.710510 -30.397898 24.594671
v -39.088139 -30.224047 22.216391
v -39.736210 -30.254572 22.361715
v -39.313435 -30.268484 22.265732
v -39.144791 -30.383085 24.616489
v -38.957924 -30.472765 27.120886
v -39.145191 -30.494083 30.025633
v -39.834492 -30.359665 24.651222
v -39.649532 -30.453249 27.078747
v -39.830791 -30.478468 29.982996
v -41.556301 -30.421122 32.900352
v -40.880608 -30.446140 29.827759
v -40.893120 -30.412010 27.160021
v -39.559650 -30.457752 32.982025
v -40.231339 -30.445940 32.946995
v -42.985252 -30.334646 27.499519
v -42.407349 -30.386387 29.446924
v -41.110813 -30.318031 24.845591
v -43.304935 -30.248871 25.346430
v -41.618259 -30.199123 22.782785
v -43.658047 -30.151281 23.226576
v -45.550205 -30.109047 23.633133
v -45.348228 -30.185013 25.836363
v -45.339020 -30.260178 28.547136
v -46.203075 -30.281298 30.663691
v -46.754860 -30.259676 30.036243
v -46.312874 -30.219742 28.217447
v -46.172249 -30.159088 25.998102
v -44.864304 -30.334343 32.318443
v -43.550755 -30.353962 30.840244
v -46.355606 -30.316629 33.529503
v -43.621815 -30.368675 34.381149
v -47.227875 -30.288401 31.981747
v -47.589088 -30.276693 31.352995
v -48.647820 -30.274891 32.675854
v -48.906448 -30.268684 32.066521
v -50.384838 -30.247166 32.358776
v -48.966400 -30.215439 31.923195
v -50.196980 -30.250570 32.938282
v -47.668358 -30.222343 31.226185
v -50.431080 -30.194519 32.211548
v -51.725609 -30.171598 32.260792
v -51.733418 -30.015865 32.210346
v -50.446499 -30.038483 32.162506
v -48.986416 -30.059202 31.875454
v -50.446499 -29.415838 32.162506
v -48.986416 -29.436558 31.875454
v -47.694786 -29.443161 31.183849
v -47.694786 -30.065807 31.183849
v -46.913101 -30.046089 29.922342
v -46.466808 -30.161892 28.179916
v -46.873569 -30.203228 29.950869
v -46.518150 -30.004251 28.167505
v -46.518150 -29.381510 28.167505
v -46.913101 -29.423346 29.922342
v -46.386436 -29.321955 25.995699
v -46.386436 -29.944702 25.995699
v -46.523552 -29.879745 23.820993
v -46.523552 -29.257101 23.820993
v -46.472210 -30.036583 23.813087
v -46.332890 -30.102037 25.996300
v -46.317978 -30.091831 23.789564
v -46.885075 -29.978231 22.043737
v -46.935017 -29.821894 22.057150
v -46.735245 -30.031977 22.003405
v -46.035629 -30.041386 21.820543
v -47.552162 -29.978634 20.712170
v -47.692581 -29.927187 20.770924
v -46.920803 -29.974930 20.435730
v -45.401474 -29.965319 19.762840
v -46.915699 -29.830599 18.336189
v -48.322132 -29.902363 19.515921
v -44.336239 -30.064507 21.379154
v -48.896637 -29.930687 19.988537
v -50.515457 -29.849417 19.800472
v -50.438488 -29.892654 19.682869
v -49.015545 -29.883648 20.077715
v -49.994099 -29.846313 19.069530
v -48.866611 -29.730112 17.542994
v -51.241791 -29.733614 17.826841
v -51.691380 -29.829199 19.104563
v -51.847015 -29.869133 19.645935
v -53.296188 -29.824793 19.363588
v -53.109425 -29.807278 19.879742
v -53.171780 -29.850716 19.751028
v -51.853424 -29.826298 19.775850
v -51.855625 -29.673563 19.819187
v -53.088604 -29.031700 19.922678
v -53.088604 -29.654345 19.922678
v -51.855625 -29.050917 19.819187
v -50.541180 -29.073935 19.839706
v -50.541180 -29.696583 19.839706
v -49.055176 -29.729612 20.107441
v -47.739319 -29.771648 20.790541
v -47.739319 -29.149004 20.790541
v -49.055176 -29.106867 20.107441
v -46.935017 -29.199247 22.057150
v -54.330093 -29.632524 20.026869
v -55.390224 -28.990566 20.124056
v -55.390224 -29.613211 20.124056
v -55.428661 -29.765545 20.089924
v -54.363121 -29.785160 19.987936
v -54.330093 -29.009878 20.026869
v -54.462212 -29.827898 19.871433
v -55.544159 -29.807278 19.987835
v -55.778263 -29.786562 19.773848
v -54.690411 -29.806576 19.588987
v -55.110680 -29.767042 19.052715
v -54.189571 -29.663256 17.290371
v -56.172707 -29.751530 19.404425
v -55.768761 -29.706490 18.379126
v -56.682755 -29.706188 18.954632
v -53.502666 -29.769648 18.544472
v -57.263668 -29.654947 18.499632
v -57.570934 -29.682869 19.045410
v -57.183395 -29.715799 19.348776
v -56.710182 -29.621918 17.684816
v -56.795757 -29.748728 19.652042
v -57.482254 -29.724907 19.655245
v -56.463963 -29.776854 19.910870
v -56.913555 -29.771149 20.075111
v -57.181194 -29.749428 19.877739
v -57.530205 -29.744226 20.163389
v -57.787922 -29.758638 20.817362
v -57.293095 -29.763342 20.341146
v -57.791031 -29.723305 19.967918
v -58.017128 -29.741823 20.639408
v -58.051861 -29.702387 19.772446
v -58.050957 -29.678665 19.235476
v -57.783318 -29.700384 19.432848
v -58.288864 -29.683369 19.594692
v -58.478233 -29.668158 19.452568
v -58.251633 -29.662451 19.088348
v -57.902824 -29.654745 18.786583
v -57.766705 -29.610704 18.124702
v -57.564629 -29.545650 17.126528
v -57.362953 -29.448765 15.893046
v -56.175011 -29.545748 16.542015
v -55.922787 -29.388712 15.012074
v -57.227634 -29.309040 14.525447
v -57.263371 -29.116873 13.022630
v -55.979740 -29.158810 13.227910
v -54.198982 -29.149801 13.080682
v -54.799007 -28.814207 10.957421
v -53.150658 -28.660173 10.017298
v -53.940155 -29.423744 15.111462
v -51.344383 -29.323755 14.157624
v -52.145580 -29.014685 12.110930
v -50.354717 -28.845835 10.938205
v -49.023548 -29.181129 12.905728
v -50.847446 -28.354307 8.254942
v -47.866032 -29.088247 12.110930
v -49.361649 -28.735540 10.182141
v -51.731915 -28.480715 8.962772
v -53.187893 -28.066954 6.981155
v -54.518860 -28.236301 7.910591
v -54.754963 -27.585928 4.994835
v -53.766403 -27.464821 4.383399
v -52.317730 -27.934135 6.323869
v -51.780563 -27.838755 5.890220
v -50.006210 -28.221289 7.549514
v -50.328495 -28.271030 7.811304
v -51.448475 -27.781502 5.631663
v -52.871719 -27.309385 3.706486
v -53.214916 -27.368340 3.963061
v -54.773483 -26.734280 1.742675
v -54.407162 -26.675632 1.487462
v -56.186024 -25.751221 -1.311916
v -56.598083 -25.810871 -1.058105
v -55.371407 -26.830168 2.159500
v -57.310303 -25.914366 -0.621866
v -56.544735 -26.942867 2.750378
v -58.649078 -24.592806 -4.453255
v -60.984928 -24.848330 -3.390263
v -59.489319 -24.704704 -4.013830
v -58.668697 -26.043276 -0.005707
v -61.814461 -23.188477 -8.069534
v -65.692352 -21.415621 -12.253222
v -63.351402 -23.319290 -7.520154
v -60.886642 -23.074375 -8.456734
v -63.240807 -21.221552 -12.996172
v -64.194443 -21.321739 -12.689803
v -66.538200 -19.060957 -17.775461
v -65.641708 -18.999905 -17.999157
v -68.057526 -16.376402 -23.384876
v -68.850922 -16.395218 -23.229342
v -67.932220 -19.096188 -17.447372
v -70.102325 -16.376303 -22.988028
v -73.908257 -13.146370 -28.459320
v -71.944534 -16.266706 -22.640625
v -72.233986 -13.271180 -28.761087
v -69.925667 -19.043343 -17.013792
v -71.138229 -13.314016 -28.954557
v -70.456627 -13.317820 -29.072456
v -72.618027 -10.147642 -34.531647
v -73.207542 -10.137032 -34.427856
v -74.866592 -7.183983 -39.125874
v -74.320824 -7.189047 -39.232067
v -75.813423 -4.289636 -43.582775
v -76.340485 -4.297182 -43.465973
v -77.854317 -1.318912 -47.865131
v -77.344467 -1.296922 -47.992840
v -78.880119 1.827026 -52.406307
v -79.366638 1.782978 -52.256474
v -80.836037 5.040633 -56.573261
v -80.386734 5.120153 -56.767426
v -82.272385 8.060131 -60.282909
v -81.872734 8.187893 -60.549442
v -83.685631 10.447554 -62.853165
v -83.346733 10.635719 -63.225689
v -83.120735 10.722136 -63.427067
v -81.606201 8.244853 -60.695869
v -80.072266 5.157176 -56.878025
v -78.525505 1.849977 -52.497189
v -81.445763 8.301543 -60.730705
v -79.878693 5.209631 -56.903145
v -79.791916 5.335472 -56.840893
v -79.765190 5.465937 -56.755920
v -81.364594 8.428484 -60.662640
v -81.331367 8.558187 -60.566956
v -82.826981 11.102288 -63.265423
v -82.849495 11.039834 -63.315670
v -81.314651 8.623195 -60.519016
v -82.894630 10.914523 -63.416557
v -79.751572 5.532285 -56.712883
v -81.303337 8.667403 -60.486084
v -79.742371 5.576663 -56.682755
v -82.811661 11.144925 -63.231094
v -81.285927 8.734713 -60.435341
v -81.293633 8.791642 -60.379593
v -81.357689 8.804723 -60.331356
v -81.603600 8.780842 -60.212547
v -83.066582 11.225096 -62.906307
v -84.555290 13.159291 -65.048889
v -82.979408 10.788013 -63.482315
v -84.614433 13.040487 -65.151276
v -84.705818 12.915277 -65.211227
v -86.956291 14.836961 -65.883018
v -84.832031 12.836908 -65.134964
v -86.851402 14.929643 -65.970901
v -86.756424 15.053452 -65.915344
v -89.100975 16.946209 -66.017929
v -89.017807 17.050901 -65.918350
v -89.197861 16.823502 -66.070084
v -86.684357 15.164847 -65.813652
v -86.648529 15.220296 -65.762909
v -88.976364 17.103146 -65.868599
v -84.525764 13.218443 -64.998047
v -91.592361 18.472446 -65.722572
v -89.280739 16.717308 -65.976997
v -91.526695 18.589249 -65.817055
v -91.428307 18.711857 -65.768112
v -93.518654 20.363403 -65.109734
v -93.620232 20.267822 -65.201118
v -91.336632 18.812145 -65.671631
v -95.441734 21.619404 -64.268898
v -96.958260 22.629992 -63.298149
v -89.383324 16.528944 -65.694153
v -87.321716 14.377057 -65.102036
v -87.102524 14.683525 -65.607979
v -89.539558 16.160019 -65.176796
v -91.724174 17.792551 -64.904854
v -91.650009 18.245447 -65.435020
v -91.797836 17.080729 -64.099854
v -85.019691 12.716603 -64.882942
v -85.295540 12.465584 -64.415627
v -76.972443 -1.285852 -48.077114
v -75.435097 -4.288515 -43.665051
v -73.935478 -7.196224 -39.307930
v -72.217476 -10.158751 -34.603008
v -70.025154 -13.325827 -29.147524
v -67.589317 -16.372999 -23.475155
v -65.140968 -18.975481 -18.119762
v -64.910065 -18.923536 -18.150888
v -62.499355 -21.115158 -13.203654
v -62.725056 -21.176411 -13.156914
v -60.386505 -23.018526 -8.662133
v -58.186375 -24.533155 -4.694256
v -60.169216 -22.949667 -8.730534
v -57.978889 -24.458590 -4.784585
v -60.090046 -22.796730 -8.706702
v -57.904030 -24.302351 -4.771995
v -55.916683 -25.514713 -1.414980
v -55.987644 -25.673155 -1.418980
v -54.217697 -26.595760 1.370559
v -54.150539 -26.435923 1.368657
v -52.628101 -27.068275 3.583228
v -52.691261 -27.229015 3.588332
v -51.275421 -27.702433 5.515150
v -51.215874 -27.541393 5.507604
v -49.780212 -27.985079 7.420651
v -49.837666 -28.145622 7.431861
v -48.375278 -28.555481 9.337200
v -48.318031 -28.395540 9.320887
v -47.059330 -28.997168 11.360473
v -48.543629 -28.627043 9.459309
v -46.885674 -28.928410 11.229858
v -46.826321 -28.768869 11.206738
v -45.267056 -29.273411 13.219703
v -45.204601 -29.114271 13.190277
v -46.824718 -28.604525 11.231159
v -48.316628 -28.231998 9.350113
v -45.202198 -28.949226 13.209893
v -46.823822 -28.521654 11.243571
v -45.200996 -28.866053 13.219803
v -43.347073 -29.192238 15.406321
v -43.348873 -29.275713 15.398713
v -43.352375 -29.441257 15.383600
v -41.546295 -29.554058 17.677811
v -43.417633 -29.599096 15.416328
v -41.619862 -29.875938 17.698029
v -41.550797 -29.719900 17.666702
v -40.081112 -29.920179 19.919476
v -40.076008 -29.754133 19.927183
v -40.155781 -30.074512 19.942898
v -39.009068 -30.071011 22.203978
v -40.366959 -30.122955 20.032475
v -40.762806 -30.116552 20.206028
v -42.180748 -29.935089 18.057842
v -41.815830 -29.930185 17.819635
v -43.604900 -29.659351 15.552048
v -45.448112 -29.338869 13.356822
v -45.773201 -29.366293 13.641973
v -43.946098 -29.676266 15.825486
v -44.473164 -29.703886 16.271177
v -46.267532 -29.411432 14.115889
v -42.756557 -29.943096 18.439079
v -45.393867 -29.752131 17.053265
v -47.579884 -29.509617 15.135782
v -43.758537 -29.953409 18.996367
v -41.391659 -30.106445 20.481869
v -42.500328 -30.090031 20.869610
v -40.407795 -30.232456 22.514250
v -50.969055 -29.569368 16.086515
v -47.376408 -29.031500 11.640218
v -48.860004 -28.667881 9.727543
v -40.073402 -29.670456 19.930984
v -41.542595 -29.417837 17.686920
v -40.071804 -29.617813 19.933489
v -41.543995 -29.470383 17.683414
v -40.069500 -29.545050 19.936890
v -41.540592 -29.345175 17.691723
v -40.090919 -29.482996 19.950003
v -41.560307 -29.283821 17.710039
v -41.623859 -29.265503 17.753778
v -43.362988 -29.006777 15.439949
v -43.344471 -29.067230 15.417729
v -43.422039 -28.990763 15.491295
v -45.273464 -28.667780 13.314686
v -41.901608 -29.275810 17.937239
v -43.678261 -29.010380 15.704180
v -45.217113 -28.681793 13.259538
v -46.840740 -28.338690 11.288710
v -46.896984 -28.326279 11.344459
v -46.822521 -28.397543 11.262087
v -45.199196 -28.741346 13.234615
v -45.200195 -28.813709 13.226008
v -43.345974 -29.139793 15.411124
v -46.823318 -28.469507 11.251278
v -48.315529 -28.097780 9.374233
v -48.314930 -28.026117 9.387045
v -49.776405 -27.617458 7.496718
v -49.777111 -27.688822 7.481955
v -49.777710 -27.740368 7.471285
v -48.315926 -28.149626 9.364925
v -51.212269 -27.297876 5.564194
v -51.213467 -27.379547 5.545228
v -49.778511 -27.822437 7.454310
v -51.211468 -27.246634 5.576114
v -52.620094 -26.704454 3.676349
v -51.210468 -27.175667 5.592608
v -52.621700 -26.775017 3.658283
v -52.622799 -26.826063 3.645222
v -54.141834 -26.144367 1.449779
v -54.143333 -26.195110 1.435656
v -54.145729 -26.275782 1.413197
v -52.624599 -26.907236 3.624444
v -55.907875 -25.275204 -1.343224
v -55.910881 -25.355474 -1.367275
v -57.897224 -24.144415 -4.720669
v -57.893723 -24.064747 -4.694787
v -60.078037 -22.561625 -8.622419
v -60.082039 -22.640495 -8.650663
v -62.406376 -20.812092 -13.107170
v -62.416080 -20.966328 -13.168424
v -62.401470 -20.734324 -13.076343
v -60.075428 -22.512083 -8.604653
v -57.891617 -24.014603 -4.678523
v -60.071926 -22.443621 -8.580082
v -57.888615 -23.945341 -4.656023
v -55.903477 -25.154997 -1.307188
v -55.906078 -25.224760 -1.328104
v -54.139732 -26.074106 1.469306
v -49.795528 -27.560007 7.525783
v -48.333546 -27.967968 9.415070
v -48.391098 -27.956755 9.469617
v -67.840736 -21.441343 -11.702038
v -72.653160 -18.856377 -16.459707
v -74.482559 -16.028399 -22.169710
v -70.780113 -21.338755 -11.024924
v -76.249115 -18.489254 -15.769902
v -68.893257 -23.418379 -5.986939
v -73.092041 -23.207394 -4.989505
v -74.650810 -21.047499 -10.210741
v -65.678642 -23.425785 -6.828218
v -63.413456 -25.002966 -2.596798
v -77.821587 -15.623343 -21.558176
v -79.302696 -12.540339 -27.466951
v -76.238602 -12.911964 -28.033247
v -57.103725 -29.778458 20.483271
v -57.602566 -29.772249 20.961390
v -56.587471 -29.745628 20.313721
v -57.479958 -29.729311 21.056772
v -56.979614 -29.736620 20.576553
v -56.712883 -29.787363 20.222242
v -56.243668 -29.795370 20.080917
v -56.120266 -29.753735 20.175098
v -56.079128 -29.601500 20.206429
v -56.545635 -29.593294 20.344248
v -56.545635 -28.970650 20.344248
v -56.079128 -28.978853 20.206429
v -56.938278 -29.584188 20.607679
v -56.938278 -28.961538 20.607679
v -57.439022 -28.953434 21.088501
v -57.439022 -29.576380 21.088501
v -58.229912 -28.948029 21.878796
v -58.229912 -29.571575 21.878796
v -59.174641 -28.960840 22.832430
v -59.174641 -29.584885 22.832430
v -59.216782 -29.741123 22.802204
v -58.271248 -29.726410 21.847569
v -58.395256 -29.772249 21.753784
v -58.583324 -29.762442 21.611860
v -59.343288 -29.789465 22.711723
v -59.536663 -29.782860 22.573303
v -60.307629 -29.834806 23.686176
v -60.505508 -29.828102 23.550459
v -60.972816 -29.837111 24.667036
v -61.105335 -29.884249 24.593472
v -60.179424 -29.786863 23.774254
v -60.136684 -29.631327 23.803679
v -60.928677 -29.059826 24.691454
v -60.136684 -29.007681 23.803679
v -60.928677 -29.682671 24.691454
v -61.363262 -29.711197 25.395073
v -61.540516 -29.884548 26.013515
v -61.410698 -29.865532 25.383762
v -61.492874 -29.729612 26.007311
v -61.492874 -29.106966 26.007311
v -61.363262 -29.088449 25.395073
v -61.370163 -29.751032 26.620947
v -61.370163 -29.128386 26.620947
v -60.942295 -29.148603 27.330572
v -60.942295 -29.771549 27.330572
v -60.156601 -29.787262 28.230957
v -60.156601 -29.163414 28.230957
v -59.199768 -29.181231 29.218826
v -58.258236 -29.834406 30.190878
v -58.258236 -29.210558 30.190878
v -59.199768 -29.805677 29.218826
v -59.228687 -29.964119 29.261862
v -59.315567 -30.017666 29.391075
v -60.185432 -29.945103 28.274097
v -60.271904 -29.999050 28.403610
v -58.287163 -29.991344 30.233915
v -60.973820 -29.927988 27.369102
v -61.068501 -29.980932 27.484806
v -61.530510 -29.958012 26.719135
v -61.410198 -29.906569 26.645470
v -61.683544 -29.934093 26.032131
v -61.552826 -29.913475 25.349535
v -57.465042 -29.243587 30.996582
v -57.465042 -29.866632 30.996582
v -56.953491 -29.895357 31.485313
v -56.953491 -29.272713 31.485313
v -56.542332 -29.294029 31.754045
v -56.050705 -29.926386 31.899876
v -56.050705 -29.303638 31.899876
v -56.542332 -29.916677 31.754045
v -55.328667 -29.314348 31.982449
v -54.226303 -29.961216 32.061417
v -54.226303 -29.338570 32.061417
v -55.328667 -29.936996 31.982449
v -52.956886 -29.367695 32.137283
v -51.733418 -29.393217 32.210346
v -52.956886 -29.990339 32.137283
v -52.959896 -30.145775 32.187325
v -54.243523 -30.115950 32.107353
v -43.358681 -30.334145 36.232471
v -43.619114 -30.262882 37.936569
v -41.750175 -30.352861 35.674282
v -93.774765 17.351965 -62.326199
v -93.703514 15.828028 -60.709782
v -79.212204 -12.048922 54.149376
v -79.743378 -11.640665 54.135563
v -79.272461 -11.636361 54.135563
v -79.682518 -12.060832 54.149677
v -80.090279 -12.077247 54.064804
v -80.151131 -11.651175 54.050797
v -80.154335 -11.499441 54.015961
v -79.760292 -11.488632 54.097431
v -79.751572 -11.444994 53.996845
v -80.105492 -11.455603 53.924984
v -80.037735 -11.464311 53.813782
v -79.738266 -11.454502 53.873436
v -79.330917 -11.437887 54.001850
v -79.302284 -11.483327 54.098736
v -79.776001 -11.478923 53.471287
v -79.623161 -11.469416 53.481091
v -79.309700 -11.449898 53.501209
v -78.993309 -11.430282 53.521530
v -78.902336 -11.428079 53.611206
v -78.831779 -11.420172 53.531841
v -78.776321 -11.416268 53.513023
v -78.778526 -11.414967 53.445663
v -78.895325 -11.414967 53.100060
v -79.183693 -11.414967 52.246513
v -79.089493 -11.414967 52.269432
v -78.794342 -11.414967 53.144199
v -79.530182 -11.414966 50.927250
v -78.995209 -11.414967 52.292351
v -79.617668 -11.414966 50.921444
v -79.705139 -11.414966 50.915745
v -80.438477 -11.414966 49.138386
v -80.521156 -11.414966 49.138386
v -81.223976 -11.414966 47.637875
v -81.405632 -11.414966 47.137634
v -81.326759 -11.414966 47.137634
v -80.355812 -11.414966 49.138386
v -80.273132 -11.414966 49.138386
v -81.247787 -11.414966 47.137634
v -81.150307 -11.414966 47.137634
v -80.174652 -11.414966 49.138386
v -80.044434 -11.414966 49.138386
v -81.015388 -11.414966 47.137634
v -80.893387 -11.466711 47.139339
v -79.928238 -11.466711 49.139988
v -80.834732 -11.622148 47.144146
v -79.871391 -11.622148 49.144794
v -79.103012 -11.466711 50.940262
v -78.996719 -12.011588 50.957279
v -79.047661 -11.622148 50.945072
v -79.820541 -12.011588 49.156902
v -80.783783 -12.011588 47.156254
v -79.721947 -12.765549 49.180325
v -80.685295 -12.765549 47.179676
v -80.531059 -13.844594 47.226013
v -79.566612 -13.807563 49.223057
v -78.742805 -13.776937 51.020626
v -78.353363 -12.765550 52.380524
v -78.898232 -12.765549 50.980701
v -78.200317 -13.759220 52.419357
v -77.874229 -13.750012 53.392708
v -77.848312 -12.765550 53.875336
v -77.699585 -13.745109 53.913967
v -78.024467 -12.765550 53.353985
v -78.123154 -12.011590 53.330162
v -78.452042 -12.011590 52.356804
v -78.174103 -11.622149 53.317848
v -78.502983 -11.622149 52.344593
v -77.946999 -12.011590 53.851620
v -78.557838 -11.466712 52.339790
v -78.668427 -11.414967 52.338192
v -79.215012 -11.414966 50.938663
v -78.795738 -11.414967 52.332481
v -79.342125 -11.414966 50.937263
v -79.442711 -11.414966 50.932961
v -78.901031 -11.414967 52.315273
v -57.348343 -29.726011 39.645164
v -57.616676 -29.615015 41.140175
v -56.702274 -29.967724 36.811279
v -56.994930 -30.006557 35.499031
v -56.819981 -30.058901 33.996014
v -56.295315 -30.089228 33.472855
v -56.908455 -30.082523 33.004044
v -57.211517 -30.064507 33.391380
v -57.003239 -30.095333 32.394707
v -58.649578 -29.817188 32.747017
v -57.903927 -29.208857 33.641800
v -58.167362 -29.202953 33.249161
v -58.649578 -29.194242 32.747017
v -59.443874 -29.193642 31.952122
v -57.766106 -29.200850 34.108212
v -57.683735 -29.178532 34.797215
v -70.793625 -28.575901 21.142450
v -70.280281 -28.623943 21.632977
v -69.481880 -29.320755 22.444090
v -69.481880 -28.697607 22.444090
v -70.280281 -29.246790 21.632977
v -70.251251 -29.400925 21.590038
v -69.452950 -29.475792 22.401052
v -69.366173 -29.523830 22.271839
v -70.164070 -29.447765 21.461128
v -70.031960 -29.439960 21.265757
v -69.868118 -29.430252 21.023342
v -69.070320 -29.510021 21.830952
v -69.234459 -29.517630 22.075464
v -68.890053 -29.501713 21.562315
v -68.121986 -29.603601 22.800001
v -67.938019 -29.597399 22.525059
v -69.688255 -29.419641 20.757410
v -70.186691 -29.368298 20.260475
v -66.978378 -29.689678 23.495611
v -67.754066 -29.591091 22.250118
v -72.164734 -28.817612 15.807472
v -71.015121 -28.793287 14.841624
v -70.417892 -28.937716 15.668550
v -70.526489 -28.783081 14.430164
v -71.078072 -28.588110 13.467621
v -70.505775 -28.590311 13.086486
v -70.231636 -28.341694 11.519912
v -70.870499 -28.294754 11.690463
v -72.478706 -28.585608 14.400839
v -73.536232 -28.842932 17.118422
v -61.982204 -28.253517 8.777511
v -62.010525 -28.236101 8.913230
v -62.019936 -28.091976 8.958469
v -62.019936 -27.469229 8.958469
v -64.191742 -27.332809 8.826754
v -60.265099 -27.617962 9.353415
v -59.003593 -27.799019 10.135100
v -58.311989 -28.032421 11.426731
v -58.026035 -28.262224 12.905527
v -57.981598 -28.432674 14.249006
v -58.056858 -28.560987 15.510010
v -45.678917 -29.232880 44.637440
v -45.436905 -28.466707 45.516613
v -45.449516 -29.142502 45.590378
v -45.668007 -28.555986 44.576084
v -46.258823 -28.601629 43.889183
v -46.271236 -29.279018 43.944633
v -47.132690 -29.285225 43.573208
v -47.117779 -28.607832 43.519058
v -48.153084 -28.578606 43.528969
v -48.169800 -29.255899 43.584019
v -49.132744 -29.191946 43.986469
v -49.114628 -28.515051 43.927513
v -49.752590 -28.417965 44.723316
v -49.772102 -29.094259 44.789677
v -50.231308 -28.926811 46.061989
v -50.210190 -28.251919 45.982819
v -50.630554 -27.981384 47.772793
v -50.653877 -28.653673 47.871876
v -50.922813 -28.369328 49.615898
v -50.898193 -27.700840 49.493290
v -50.897289 -27.504667 50.544716
v -50.921314 -28.168249 50.690540
v -50.608540 -28.018017 51.382648
v -50.586422 -27.359140 51.216999
v -49.924137 -27.230528 51.800316
v -49.944054 -27.886204 51.978867
v -49.085705 -27.814741 52.343891
v -49.067787 -27.160965 52.158627
v -48.174606 -27.192293 52.155624
v -48.191521 -27.845667 52.342293
v -47.385715 -27.953260 52.026917
v -47.368694 -27.298286 51.845753
v -46.774376 -27.452423 51.283562
v -46.792698 -28.111399 51.450306
v -46.314678 -28.340900 50.411198
v -46.295357 -27.676819 50.265869
v -46.271736 -26.858801 50.086914
v -46.751755 -26.640909 51.078178
v -47.347679 -26.491680 51.622559
v -48.153786 -26.387589 51.925625
v -49.045765 -26.355761 51.930527
v -49.899616 -26.423119 51.580517
v -50.559093 -26.547630 51.012928
v -50.867764 -26.687351 50.364956
v -50.867867 -26.877518 49.342358
v -50.601933 -27.153460 47.650681
v -50.184067 -27.420891 45.885338
v -49.728569 -27.585136 44.641544
v -49.092411 -27.681322 43.854954
v -48.132568 -27.744476 43.461109
v -47.099464 -27.773499 43.452301
v -46.243710 -27.767395 43.820827
v -45.654499 -27.722355 44.500618
v -45.421391 -27.634380 45.425632
v -45.491951 -27.463329 46.703949
v -45.835758 -27.993093 48.589508
v -45.813538 -27.168871 48.443176
v -45.511070 -28.292755 46.818451
v -45.526581 -28.966146 46.911434
v -45.853771 -28.662382 48.708302
v -46.314678 -28.340900 50.411198
v -46.295357 -27.676819 50.265869
v -46.271736 -26.858801 50.086914
v -57.482357 -25.770145 37.098835
v -57.482357 -27.637981 37.098835
v -57.378868 -27.574924 38.331814
v -57.378868 -25.706989 38.331814
v -57.399384 -25.624016 39.646267
v -57.399384 -27.491951 39.646267
v -57.667122 -27.381857 41.132168
v -57.667122 -25.513819 41.132168
v -58.350224 -25.388010 42.448124
v -58.350224 -27.256046 42.448124
v -59.616825 -27.125933 43.252426
v -59.616825 -25.257895 43.252426
v -61.380676 -25.143394 43.663788
v -61.380676 -27.011333 43.663788
v -63.555382 -26.932262 43.800907
v -63.555382 -25.064325 43.800907
v -65.727180 -25.006678 43.669292
v -65.727180 -26.874714 43.669292
v -67.482025 -26.824467 43.274345
v -67.482025 -24.956430 43.274345
v -68.743530 -24.950624 42.492661
v -68.743530 -26.818663 42.492661
v -69.435135 -26.894331 41.201031
v -69.435135 -25.026291 41.201031
v -69.721085 -25.140093 39.722134
v -69.721085 -27.008028 39.722134
v -69.765526 -27.116222 38.378754
v -69.765526 -25.248589 38.378754
v -69.690262 -25.352177 37.117649
v -69.690262 -27.219713 37.117649
v -69.616592 -27.319101 35.885868
v -69.616592 -25.451462 35.885868
v -69.541031 -25.535440 34.839954
v -69.541031 -27.403376 34.839954
v -69.459557 -27.460924 34.136734
v -69.459557 -25.592886 34.136734
v -69.313728 -25.630421 33.645107
v -69.313728 -27.498459 33.645107
v -69.044991 -27.522280 33.233944
v -69.044991 -25.654242 33.233944
v -68.555161 -25.675657 32.721294
v -68.555161 -27.543297 32.721294
v -67.746155 -27.572721 31.924898
v -67.746155 -25.706186 31.924898
v -66.771797 -25.740316 30.981169
v -66.771797 -27.606150 30.981169
v -65.786240 -27.639179 30.026432
v -65.786240 -25.772646 30.026432
v -64.889153 -25.797768 29.244045
v -64.889153 -27.665405 29.244045
v -64.180634 -27.678516 28.817272
v -64.180634 -25.810476 28.817272
v -63.566994 -25.819485 28.694466
v -62.954750 -25.833498 28.824177
v -63.566994 -27.687525 28.694466
v -62.954750 -27.701536 28.824177
v -62.252541 -27.717449 29.257359
v -62.252541 -29.170122 29.257359
v -62.954750 -29.154411 28.824177
v -63.566994 -29.140396 28.694466
v -62.252541 -25.849913 29.257359
v -61.368767 -27.732061 30.045450
v -61.368767 -25.865925 30.045450
v -60.400211 -25.876335 31.004789
v -60.400211 -27.741470 31.004789
v -59.443874 -27.741671 31.952122
v -59.443874 -25.875633 31.952122
v -58.649578 -25.874134 32.747017
v -58.649578 -27.741671 32.747017
v -58.167362 -27.750078 33.249161
v -58.167362 -25.882042 33.249161
v -57.903927 -25.887943 33.641800
v -57.903927 -27.755882 33.641800
v -57.766106 -27.747976 34.108212
v -57.766106 -25.879938 34.108212
v -57.683735 -25.857721 34.797215
v -57.683735 -27.725657 34.797215
v -57.586548 -27.688625 35.857346
v -57.586548 -25.820787 35.857346
v -57.482357 -25.770145 37.098835
v -57.482357 -27.637981 37.098835
v -57.482357 -29.090857 37.098835
v -57.586548 -29.141500 35.857346
v -57.683735 -29.178532 34.797215
v -57.766106 -29.200850 34.108212
v -57.903927 -29.208857 33.641800
v -58.167362 -29.202953 33.249161
v -58.649578 -29.194242 32.747017
v -59.443874 -29.193642 31.952122
v -60.400211 -29.192844 31.004789
v -61.368767 -29.183933 30.045450
v -64.180634 -29.131388 28.817272
v -64.889153 -29.118177 29.244045
v -65.786240 -29.091352 30.026432
v -66.771797 -29.057922 30.981169
v -67.746155 -29.024895 31.924898
v -68.555161 -28.996071 32.721294
v -69.044991 -28.975151 33.233944
v -69.313728 -28.951330 33.645107
v -69.459557 -28.913898 34.136734
v -69.541031 -28.856148 34.839954
v -69.616592 -28.771877 35.885868
v -69.690262 -28.672289 37.117649
v -69.765526 -28.568998 38.378754
v -69.721085 -28.460903 39.722134
v -69.435135 -28.347202 41.201031
v -68.743530 -28.271538 42.492661
v -67.482025 -28.277342 43.274345
v -65.727180 -28.327587 43.669292
v -63.555382 -28.385237 43.800907
v -61.380676 -28.464306 43.663788
v -59.616825 -28.578806 43.252426
v -58.350224 -28.708920 42.448124
v -57.667122 -28.834829 41.132168
v -57.399384 -28.944828 39.646267
v -57.378868 -29.027800 38.331814
v -57.482357 -29.090857 37.098835
v -81.228973 -23.498554 24.460255
v -81.228973 -25.366489 24.460255
v -80.834030 -25.539537 22.705418
v -80.834030 -23.671505 22.705418
v -81.360695 -25.292625 26.632055
v -81.360695 -23.424587 26.632055
v -81.223465 -23.446707 28.806765
v -81.223465 -25.314644 28.806765
v -80.812111 -25.429544 30.570610
v -80.812111 -23.561508 30.570610
v -80.007797 -23.834850 31.837221
v -80.007797 -25.702883 31.837221
v -78.691849 -26.200418 32.520321
v -78.691849 -24.332380 32.520321
v -77.205948 -24.835423 32.788055
v -77.205948 -26.703159 32.788055
v -75.891495 -26.992115 32.808571
v -75.891495 -25.125175 32.808571
v -74.658516 -25.288820 32.705082
v -74.658516 -27.155157 32.705082
v -74.658516 -28.607231 32.705082
v -75.891495 -28.444487 32.808571
v -77.205948 -28.155935 32.788055
v -78.691849 -27.653292 32.520321
v -80.007797 -27.155756 31.837221
v -80.812111 -26.882416 30.570610
v -81.223465 -26.767614 28.806765
v -81.360695 -26.745499 26.632055
v -81.228973 -26.819462 24.460255
v -80.834030 -26.992414 22.705418
v -80.052345 -27.236528 21.443914
v -80.052345 -25.783554 21.443914
v -78.760712 -26.070505 20.752304
v -78.760712 -27.523478 20.752304
v -77.290619 -27.805527 20.465855
v -77.290619 -26.352753 20.465855
v -75.973366 -26.582457 20.419815
v -75.973366 -28.034925 20.419815
v -74.729675 -28.213984 20.494080
v -74.729675 -26.761810 20.494080
v -73.480377 -26.892727 20.568747
v -73.480377 -28.345198 20.568747
v -72.408340 -28.436680 20.645912
v -72.408340 -26.983906 20.645912
v -71.696419 -27.043657 20.727886
v -71.696419 -28.496534 20.727886
v -71.204788 -28.538368 20.873713
v -71.204788 -27.085493 20.873713
v -70.793625 -27.123028 21.142450
v -70.793625 -28.575901 21.142450
v -70.280281 -28.623943 21.632977
v -70.280281 -27.171171 21.632977
v -69.481880 -27.245134 22.444090
v -69.481880 -28.697607 22.444090
v -68.536743 -28.785385 23.419846
v -68.536743 -27.333212 23.419846
v -67.583412 -27.423889 24.404005
v -67.583412 -28.876265 24.404005
v -66.803123 -28.954035 25.298988
v -66.803123 -27.501259 25.298988
v -66.376961 -27.549500 26.006811
v -66.376961 -29.002474 26.006811
v -66.254143 -29.030602 26.620447
v -66.254143 -27.577728 26.620447
v -66.383865 -27.594643 27.232584
v -66.383865 -29.047613 27.232584
v -66.828453 -29.051619 27.946211
v -67.650475 -29.040909 28.863914
v -66.828453 -27.598743 27.946211
v -67.650475 -27.588036 28.863914
v -68.657150 -25.697578 29.877804
v -68.657150 -27.565516 29.877804
v -66.828453 -25.730705 27.946211
v -68.657150 -29.018492 29.877804
v -67.650475 -25.719997 28.863914
v -69.656029 -27.534288 30.879480
v -69.656029 -28.987261 30.879480
v -70.466339 -28.957233 31.685186
v -70.907722 -28.938417 32.110760
v -70.466339 -27.504263 31.685186
v -70.907722 -27.485546 32.110760
v -71.226204 -25.596790 32.306133
v -71.226204 -27.464827 32.306133
v -70.466339 -25.636324 31.685186
v -71.226204 -28.917801 32.306133
v -70.907722 -25.617508 32.110760
v -71.667892 -27.428995 32.421333
v -71.667892 -28.881971 32.421333
v -72.356895 -28.822819 32.503704
v -73.417023 -28.732340 32.600887
v -72.356895 -27.370043 32.503704
v -73.417023 -27.279966 32.600887
v -72.356895 -25.502306 32.503704
v -73.417023 -25.413029 32.600887
v -74.658516 -25.288820 32.705082
v -74.658516 -27.155157 32.705082
v -74.658516 -28.607231 32.705082
v -71.667892 -25.561060 32.421333
v -69.656029 -25.666351 30.879480
v -66.383865 -25.726704 27.232584
v -66.254143 -25.709690 26.620447
v -66.376961 -25.681467 26.006811
v -66.803123 -25.633419 25.298988
v -67.583412 -25.556755 24.404005
v -68.536743 -25.466576 23.419846
v -69.481880 -25.378098 22.444090
v -70.280281 -25.303431 21.632977
v -70.793625 -25.254992 21.142450
v -71.204788 -25.217457 20.873713
v -71.696419 -25.175619 20.727886
v -72.408340 -25.116070 20.645912
v -73.480377 -25.025587 20.568747
v -74.729675 -24.895075 20.494080
v -75.973366 -24.715321 20.419815
v -77.290619 -24.484915 20.465855
v -78.760712 -24.202471 20.752304
v -80.052345 -23.915518 21.443914
v -70.264763 -24.783377 15.528927
v -70.264763 -26.650311 15.528927
v -70.368256 -26.495977 14.295947
v -70.368256 -24.628637 14.295947
v -70.347733 -24.441273 12.981494
v -70.080002 -26.077810 11.495491
v -70.347733 -26.309111 12.981494
v -70.080002 -24.209774 11.495493
v -69.396904 -24.010300 10.179641
v -69.396904 -25.878334 10.179640
v -68.130295 -25.786854 9.375335
v -68.130295 -23.918921 9.375336
v -66.366440 -23.923424 8.963875
v -66.366440 -25.791458 8.963874
v -64.191742 -25.879833 8.826754
v -64.191742 -24.011801 8.826756
v -62.019936 -24.148321 8.958471
v -62.019936 -26.016356 8.958469
v -60.265099 -26.165087 9.353415
v -60.265099 -24.297049 9.353415
v -59.003593 -24.478107 10.135100
v -59.003593 -26.346148 10.135100
v -58.311989 -26.579451 11.426731
v -58.311989 -24.711510 11.426731
v -58.026035 -24.941515 12.905527
v -58.026035 -26.809450 12.905527
v -57.981598 -26.980001 14.249006
v -57.981598 -25.112463 14.249006
v -58.056858 -25.241077 15.510010
v -58.056858 -27.108414 15.510010
v -58.130527 -27.211702 16.741890
v -58.130527 -25.344166 16.741890
v -58.206093 -25.421131 17.787807
v -58.206093 -27.289072 17.787807
v -58.287563 -27.339314 18.491024
v -58.287563 -25.471277 18.491024
v -58.418777 -25.497801 18.966240
v -58.643776 -25.503708 19.328157
v -58.418777 -27.365839 18.966240
v -58.643776 -27.371744 19.328157
v -59.096973 -25.513313 19.800873
v -59.096973 -27.381351 19.800873
v -59.096973 -28.834225 19.800873
v -58.418777 -28.818710 18.966240
v -58.643776 -28.824617 19.328157
v -58.287563 -28.792189 18.491024
v -58.206093 -28.741844 17.787807
v -58.130527 -28.664377 16.741890
v -58.056858 -28.560987 15.510010
v -57.981598 -28.432674 14.249006
v -58.026035 -28.262224 12.905527
v -58.311989 -28.032421 11.426731
v -59.003593 -27.799019 10.135100
v -60.265099 -27.617962 9.353415
v -62.019936 -27.469229 8.958469
v -64.191742 -27.332809 8.826754
v -66.366440 -27.244333 8.963874
v -68.130295 -27.239828 9.375335
v -69.396904 -27.331207 10.179640
v -70.080002 -27.530682 11.495491
v -70.347733 -27.761885 12.981494
v -70.368256 -27.948551 14.295947
v -70.264763 -28.102684 15.528927
v -59.912987 -27.418787 20.608280
v -59.912987 -28.871664 20.608280
v -60.916267 -28.918802 21.586737
v -61.931259 -28.957636 22.572302
v -60.916267 -27.465927 21.586737
v -61.931259 -27.504763 22.572302
v -62.850559 -25.661945 23.376406
v -62.850559 -27.529984 23.376406
v -60.916267 -25.597893 21.586737
v -62.850559 -28.982861 23.376406
v -61.931259 -25.636726 22.572302
v -63.566486 -27.536392 23.810484
v -63.566486 -28.989367 23.810484
v -64.180130 -28.980255 23.933191
v -64.792267 -28.958937 23.803577
v -64.180130 -27.527384 23.933191
v -64.792267 -27.505962 23.803577
v -65.493279 -25.594786 23.371603
v -65.493279 -27.462526 23.371603
v -64.180130 -25.659346 23.933191
v -65.493279 -28.915401 23.371603
v -64.792267 -25.638027 23.803577
v -66.373459 -27.387360 22.587215
v -66.373459 -28.839832 22.587215
v -67.339401 -28.744850 21.630375
v -68.298241 -28.642660 20.680544
v -67.339401 -27.292576 21.630375
v -68.298241 -27.190186 20.680544
v -69.096336 -25.233568 19.881945
v -69.096336 -27.101406 19.881945
v -67.339401 -25.425739 21.630375
v -69.096336 -28.554180 19.881945
v -68.298241 -25.322952 20.680544
v -69.579765 -27.047361 19.378601
v -69.579765 -28.500233 19.378601
v -69.843094 -28.459900 18.985958
v -69.981018 -28.412058 18.519449
v -69.843094 -27.007023 18.985958
v -69.981018 -26.959181 18.519449
v -69.843094 -25.138988 18.985958
v -70.063385 -25.021784 17.830544
v -70.063385 -28.342396 17.830544
v -70.063385 -26.889620 17.830544
v -69.981018 -25.091146 18.519449
v -70.160568 -26.784130 16.770315
v -70.160568 -24.916792 16.770315
v -70.264763 -24.783377 15.528927
v -70.264763 -26.650311 15.528927
v -70.264763 -28.102684 15.528927
v -70.160568 -28.236599 16.770315
v -69.579765 -25.179321 19.378601
v -66.373459 -25.520222 22.587215
v -63.566486 -25.668451 23.810484
v -59.912987 -25.550749 20.608280
v -59.199768 -25.865526 29.218826
v -59.199768 -27.730062 29.218826
v -60.156601 -27.711645 28.230957
v -60.156601 -25.845907 28.230957
v -58.258236 -27.758787 30.190878
v -58.258236 -25.893051 30.190878
v -57.465042 -25.923578 30.996582
v -57.465042 -27.791012 30.996582
v -56.953491 -27.819839 31.485313
v -56.953491 -25.951801 31.485313
v -56.542332 -25.973120 31.754045
v -56.542332 -27.841158 31.754045
v -56.050705 -27.850767 31.899876
v -56.050705 -25.982727 31.899876
v -55.328667 -25.993439 31.982449
v -55.328667 -27.861374 31.982449
v -54.226303 -27.885595 32.061417
v -54.226303 -26.017660 32.061417
v -52.956886 -26.046785 32.137283
v -52.956886 -27.914822 32.137283
v -51.733418 -27.940245 32.210346
v -51.733418 -26.072308 32.210346
v -50.446499 -26.094927 32.162506
v -50.446499 -27.962965 32.162506
v -48.986416 -27.983685 31.875454
v -48.986416 -26.115646 31.875454
v -47.694786 -26.122250 31.183849
v -47.694786 -27.990288 31.183849
v -46.913101 -27.970469 29.922342
v -46.913101 -26.102533 29.922342
v -46.518150 -26.060698 28.167505
v -46.518150 -27.928637 28.167505
v -46.386436 -27.869083 25.995699
v -46.386436 -26.001143 25.995699
v -46.523552 -25.936188 23.820993
v -46.523552 -27.804224 23.820993
v -46.935017 -27.746374 22.057150
v -46.935017 -25.878336 22.057150
v -47.739319 -25.828094 20.790541
v -47.739319 -27.696133 20.790541
v -49.055176 -27.653992 20.107441
v -49.055176 -25.785954 20.107441
v -50.541180 -25.752922 19.839706
v -51.855625 -25.730003 19.819187
v -50.541180 -27.620962 19.839706
v -51.855625 -27.598040 19.819187
v -53.088604 -25.710787 19.922678
v -53.088604 -27.578825 19.922678
v -50.541180 -29.073935 19.839706
v -51.855625 -29.050917 19.819187
v -53.088604 -29.031700 19.922678
v -49.055176 -29.106867 20.107441
v -47.739319 -29.149004 20.790541
v -46.935017 -29.199247 22.057150
v -46.523552 -29.257101 23.820993
v -46.386436 -29.321955 25.995699
v -46.518150 -29.381510 28.167505
v -46.913101 -29.423346 29.922342
v -47.694786 -29.443161 31.183849
v -48.986416 -29.436558 31.875454
v -50.446499 -29.415838 32.162506
v -51.733418 -29.393217 32.210346
v -52.956886 -29.367695 32.137283
v -54.226303 -29.338570 32.061417
v -55.328667 -29.314348 31.982449
v -56.050705 -29.303638 31.899876
v -56.542332 -29.294029 31.754045
v -56.953491 -29.272713 31.485313
v -57.465042 -29.243587 30.996582
v -58.258236 -29.210558 30.190878
v -59.199768 -29.181231 29.218826
v -60.156601 -29.163414 28.230957
v -60.942295 -29.148603 27.330572
v -61.370163 -29.128386 26.620947
v -61.370163 -27.675514 26.620947
v -60.942295 -27.696030 27.330572
v -60.942295 -25.828594 27.330572
v -61.370163 -25.807472 26.620947
v -61.492874 -25.786057 26.007311
v -61.492874 -27.653992 26.007311
v -61.363262 -27.635576 25.395073
v -61.363262 -25.767540 25.395073
v -60.928677 -25.739616 24.691454
v -60.928677 -27.607153 24.691454
v -60.136684 -27.555706 23.803679
v -60.136684 -25.689472 23.803679
v -59.174641 -25.644030 22.832430
v -59.174641 -27.509270 22.832430
v -58.229912 -27.495956 21.878796
v -58.229912 -25.629721 21.878796
v -57.439022 -25.633223 21.088501
v -57.439022 -27.500759 21.088501
v -56.938278 -27.508665 20.607679
v -56.938278 -25.640629 20.607679
v -56.545635 -25.649637 20.344248
v -56.545635 -27.517673 20.344248
v -56.079128 -27.525982 20.206429
v -56.079128 -25.657944 20.206429
v -55.390224 -25.669653 20.124056
v -55.390224 -27.537691 20.124056
v -54.330093 -27.557007 20.026869
v -54.330093 -25.688969 20.026869
v -53.088604 -25.710787 19.922678
v -53.088604 -27.578825 19.922678
v -53.088604 -29.031700 19.922678
v -54.330093 -29.009878 20.026869
v -55.390224 -28.990566 20.124056
v -56.079128 -28.978853 20.206429
v -56.545635 -28.970650 20.344248
v -56.938278 -28.961538 20.607679
v -57.439022 -28.953434 21.088501
v -58.229912 -28.948029 21.878796
v -59.174641 -28.960840 22.832430
v -60.136684 -29.007681 23.803679
v -60.928677 -29.059826 24.691454
v -61.363262 -29.088449 25.395073
v -61.492874 -29.106966 26.007311
v -1.454055 -30.256475 21.032150
v 3.710311 -30.344852 23.043314
v -1.454055 -30.344051 23.043314
v -1.454055 -30.221243 20.223541
v 3.710782 -30.222548 20.223541
v 3.710652 -30.257673 21.032251
v -6.618422 -30.344852 23.043314
v -6.618892 -30.222548 20.223541
v -6.618762 -30.257673 21.032251
v -11.636580 -30.260479 21.032251
v -11.635279 -30.225746 20.223541
v -16.354614 -30.230154 20.223541
v -16.375233 -30.349056 23.043314
v -11.639783 -30.346653 23.043314
v -16.360521 -30.264181 21.032150
v -20.553394 -30.267984 21.032150
v -20.541986 -30.234455 20.223541
v -24.015928 -30.353161 23.043715
v -23.962383 -30.237658 20.223442
v -20.581619 -30.351358 23.043413
v -23.977797 -30.270786 21.032150
v -26.822487 -30.284399 21.184586
v -26.886244 -30.361465 23.131592
v -29.400347 -30.383286 23.394423
v -29.276337 -30.320932 21.641588
v -26.796265 -30.253370 20.397493
v -29.224195 -30.295309 20.919752
v -31.154585 -30.320831 21.550106
v -31.228352 -30.363668 22.388441
v -26.788355 -30.227951 20.181807
v -31.153986 -30.344152 21.752481
v -29.207176 -30.270786 20.704765
v -29.188662 -30.211737 20.473063
v -26.771544 -30.049089 19.750828
v -26.779449 -30.167997 19.948902
v -31.154886 -30.262783 21.331713
v -31.154387 -30.145378 21.146252
v -29.172447 -30.093533 20.276089
v -29.162539 -29.891457 20.165791
v -29.157234 -29.673162 20.115747
v -31.152384 -29.944202 21.042961
v -26.764837 -29.627922 19.588385
v -31.149780 -29.726311 20.996620
v -26.767036 -29.846413 19.639330
v -23.947371 -29.829496 19.463577
v -23.946468 -29.610807 19.412031
v -23.949472 -30.032375 19.575575
v -20.531574 -29.607306 19.411430
v -20.533377 -30.028971 19.575274
v -20.532078 -29.825994 19.463076
v -16.349911 -29.821291 19.462976
v -11.634378 -30.019566 19.575174
v -11.634378 -29.816486 19.462976
v -16.350410 -30.024269 19.575174
v -16.349810 -29.602501 19.411230
v -11.634478 -29.597694 19.411230
v -6.619183 -29.812883 19.462877
v -11.634679 -29.430847 19.393915
v -6.619362 -29.427246 19.393915
v -6.619283 -29.594090 19.411230
v -16.349810 -29.435654 19.393915
v -11.634779 -29.299234 19.393915
v -20.531477 -29.440456 19.394215
v -16.349911 -29.304136 19.393915
v -20.531677 -29.308943 19.394316
v -20.531775 -29.195944 19.394316
v -16.350010 -29.191137 19.393915
v -23.946268 -29.444059 19.395016
v -23.946371 -29.312445 19.395216
v -23.946468 -29.199444 19.395416
v -20.532175 -29.119474 19.420238
v -26.763935 -29.329359 19.572273
v -26.763838 -29.216259 19.572771
v -23.947069 -29.122980 19.421440
v -26.764936 -29.139793 19.598894
v -29.155333 -29.184635 20.128361
v -29.153530 -29.261200 20.101936
v -29.154232 -29.374401 20.101036
v -31.144278 -29.313547 20.985710
v -31.145878 -29.426746 20.984209
v -31.143473 -29.236881 21.011034
v -32.764896 -29.352383 22.226698
v -32.754288 -29.275715 22.248316
v -34.027302 -29.310644 23.788565
v -35.028580 -29.428146 25.574129
v -34.048523 -29.387514 23.773451
v -35.002155 -29.351280 25.580236
v -35.763828 -29.376406 27.697689
v -36.425705 -29.442362 30.218203
v -35.791950 -29.453470 27.698994
v -36.396980 -29.365295 30.215496
v -36.955067 -29.327162 32.886940
v -37.519863 -29.348282 35.467903
v -36.983799 -29.404228 32.888840
v -37.491539 -29.271215 35.465599
v -38.027809 -29.182634 38.000225
v -38.612621 -29.123484 40.544155
v -38.055637 -29.259703 38.003628
v -38.585300 -29.046417 40.539253
v -39.126774 -28.858852 43.023525
v -39.641521 -28.692505 45.403912
v -39.153694 -28.935619 43.030529
v -39.614899 -28.616138 45.393604
v -40.068199 -28.288452 47.633465
v -40.532608 -27.920832 49.744915
v -40.094917 -28.364222 47.647579
v -40.505585 -27.845968 49.726696
v -40.911938 -27.321304 51.648380
v -41.301380 -26.818768 53.400719
v -40.939663 -27.394770 51.670898
v -41.272053 -26.747202 53.373093
v -41.506657 -26.128559 54.844986
v -41.570217 -25.532940 56.049133
v -41.538086 -26.196720 54.878712
v -41.536484 -25.470085 56.007900
v -41.430592 -24.750954 56.902885
v -41.293873 -23.996294 57.627018
v -41.466026 -24.806303 56.951931
v -41.257744 -23.950155 57.570869
v -40.999016 -23.065781 58.100342
v -40.671127 -22.124756 58.645817
v -41.035149 -23.102510 58.162292
v -40.635094 -22.096230 58.579853
v -40.137562 -21.120472 58.998928
v -39.514015 -20.231596 59.417686
v -40.173592 -21.141693 59.067585
v -39.477982 -20.217882 59.346928
v -38.520844 -19.413877 59.658405
v -37.156548 -18.726076 60.043739
v -38.554371 -19.418480 59.731365
v -37.130924 -18.734184 59.967976
v -35.521511 -18.272678 60.248222
v -33.909000 -18.102129 60.551487
v -35.536228 -18.254063 60.326588
v -33.906097 -18.122948 60.471813
v -32.156563 -18.128653 60.668789
v -30.142298 -18.111538 60.948933
v -32.152058 -18.108635 60.748856
v -30.144699 -18.133656 60.868961
v -27.660322 -18.137058 61.052727
v -24.496853 -18.112638 61.280521
v -27.662924 -18.112436 61.132591
v -24.493448 -18.138161 61.200348
v -20.710533 -18.138060 61.328369
v -16.380037 -18.112539 61.533447
v -20.712934 -18.112638 61.408836
v -16.378134 -18.138060 61.453175
v -11.633677 -18.138060 61.561371
v -6.613628 -18.112436 61.720306
v -11.634679 -18.112539 61.641541
v -6.614459 -18.137960 61.640041
v -1.456934 -18.137859 61.671867
v 3.702514 -18.137960 61.640041
v 3.704876 -18.112436 61.720306
v -1.454537 -18.112436 61.752239
v -1.450941 -18.112938 61.866440
v -1.449743 -18.113539 62.001350
v -6.612347 -18.112938 61.834408
v -6.612856 -18.113539 61.969330
v 3.708389 -18.112938 61.834408
v 3.710501 -18.113539 61.969330
v 8.729170 -18.113039 61.755638
v 8.731872 -18.113640 61.890556
v 8.734975 -18.128851 62.057102
v 3.712143 -18.128754 62.135769
v -1.449743 -18.128754 62.167702
v -1.449743 -18.173191 62.376385
v -6.614499 -18.128754 62.135769
v -6.616590 -18.173191 62.344753
v 3.714224 -18.173191 62.344753
v 8.742581 -18.260569 62.452045
v 8.738979 -18.173191 62.266392
v -1.450281 -18.260569 62.561245
v 3.715756 -18.260468 62.530022
v 3.715726 -18.404594 62.625500
v -1.451899 -18.404493 62.655926
v 8.744483 -18.404694 62.548038
v 8.745284 -18.614079 62.578461
v 3.715095 -18.613779 62.655228
v -1.453516 -18.613478 62.684853
v -6.622485 -18.613779 62.655228
v -6.620964 -18.404594 62.625500
v 3.714815 -18.896322 62.643517
v -1.454055 -18.895823 62.672142
v -6.622926 -18.896322 62.643517
v -11.653695 -18.896826 62.567753
v -11.653695 -19.238424 62.528221
v -6.622826 -19.239824 62.602581
v -1.454055 -19.240025 62.629906
v -11.653194 -18.614079 62.578461
v -16.408060 -18.896223 62.454857
v -11.651894 -18.404694 62.548038
v -16.407061 -18.613779 62.466763
v -16.405058 -18.404694 62.437439
v -11.649491 -18.260569 62.452045
v -20.748768 -18.613277 62.338757
v -20.745962 -18.404594 62.310429
v -20.741463 -18.260769 62.216446
v -16.401754 -18.260668 62.342556
v -16.396452 -18.173391 62.157597
v -11.645688 -18.173191 62.266392
v -20.734453 -18.173492 62.032288
v -16.390745 -18.128952 61.948811
v -20.727047 -18.128952 61.824001
v -11.641685 -18.128851 62.057102
v -11.638482 -18.113640 61.890556
v -16.386442 -18.113640 61.782463
v -20.721342 -18.113739 61.657753
v -20.716740 -18.113138 61.522938
v -16.382940 -18.113039 61.647549
v -11.636179 -18.113039 61.755638
v -24.501957 -18.113138 61.394623
v -24.507961 -18.113739 61.529442
v -24.515570 -18.128952 61.695686
v -27.689447 -18.128553 61.547756
v -27.677837 -18.113539 61.381313
v -27.669731 -18.112938 61.246597
v -30.162214 -18.112738 61.197453
v -30.151506 -18.112038 61.062733
v -32.163265 -18.109535 60.862461
v -32.176579 -18.110537 60.996975
v -33.936024 -18.106434 60.799305
v -33.921410 -18.104132 60.664982
v -35.549438 -18.258467 60.439888
v -35.565052 -18.263771 60.573704
v -37.188175 -18.746195 60.289455
v -37.171059 -18.735285 60.156441
v -38.569885 -19.434395 59.843067
v -38.588200 -19.453112 59.975082
v -39.548344 -20.284140 59.659000
v -39.529724 -20.255613 59.528091
v -40.189205 -21.175123 59.175781
v -40.207718 -21.215055 59.304592
v -40.705559 -22.221638 58.875118
v -40.686840 -22.168894 58.750202
v -41.050861 -23.158861 58.260380
v -41.069675 -23.226620 58.377983
v -41.309387 -24.067057 57.714996
v -41.328106 -24.152531 57.820995
v -41.333809 -24.259226 57.954708
v -41.501556 -25.120375 57.233578
v -41.497852 -24.993065 57.118874
v -41.480438 -24.890976 57.027599
v -41.075886 -23.311594 58.527012
v -40.711761 -22.288198 59.033649
v -40.689842 -22.373972 59.239429
v -41.053364 -23.419889 58.719177
v -41.310188 -24.394041 58.125961
v -41.386452 -25.426949 57.516830
v -41.224010 -24.517950 58.288002
v -40.968388 -23.520380 58.901737
v -41.475132 -25.280518 57.379604
v -41.563408 -26.063705 56.399746
v -41.512066 -26.766520 55.158661
v -41.412479 -26.942776 55.245838
v -41.595238 -25.884249 56.280540
v -41.469727 -26.227448 56.510643
v -41.550301 -26.573351 55.063675
v -41.595837 -25.742022 56.186459
v -41.258244 -27.412285 53.628521
v -41.556004 -26.421017 54.988708
v -41.312290 -27.051968 53.490292
v -41.301983 -27.210409 53.551048
v -40.931759 -27.795523 51.793713
v -40.945370 -27.633379 51.744064
v -40.535908 -28.163546 49.802963
v -40.520596 -28.328588 49.842396
v -40.470753 -28.539576 49.892845
v -40.883812 -28.002602 51.857262
v -40.775318 -28.191669 51.915112
v -40.960480 -27.701838 53.739510
v -40.579647 -28.299564 51.948246
v -41.153450 -27.596348 53.699078
v -40.163586 -28.841837 49.965107
v -40.360455 -28.732143 49.938881
v -39.920368 -29.185640 47.795811
v -39.723194 -29.296637 47.815830
v -39.269402 -29.631828 45.525520
v -39.466671 -29.519934 45.511108
v -39.577671 -29.323460 45.485584
v -40.031265 -28.990667 47.760578
v -40.081711 -28.776981 47.722046
v -39.628109 -29.108070 45.457756
v -40.097527 -28.609932 47.691921
v -39.644028 -28.939924 45.435940
v -40.096123 -28.476618 47.667896
v -39.141289 -29.352484 43.067764
v -39.156700 -29.183838 43.052650
v -39.155098 -29.049318 43.040737
v -39.642727 -28.805807 45.418629
v -38.617126 -29.372002 40.559666
v -38.614624 -29.237383 40.551258
v -38.058437 -29.373705 38.008732
v -38.061741 -29.508520 38.014732
v -37.527672 -29.597200 35.475410
v -37.523468 -29.462383 35.471405
v -36.987999 -29.518330 32.890640
v -36.992905 -29.653149 32.892845
v -36.430408 -29.556463 30.218100
v -36.435814 -29.691280 30.218000
v -36.424908 -29.860229 30.217800
v -35.792053 -29.871138 27.694088
v -35.802361 -29.702188 27.695290
v -35.796753 -29.567471 27.697290
v -36.981392 -29.822092 32.895550
v -37.515263 -29.766146 35.480515
v -37.468922 -29.982737 35.487019
v -36.936150 -30.038586 32.899052
v -36.380466 -30.076717 30.217600
v -36.830162 -30.236557 32.902153
v -35.749016 -30.087528 27.694588
v -36.275173 -30.274488 30.217400
v -35.646324 -30.285599 27.699795
v -34.714905 -30.374882 25.665909
v -34.892563 -30.260479 25.610964
v -35.456955 -30.399099 27.712404
v -36.081703 -30.387691 30.217300
v -34.988846 -30.061802 25.582136
v -35.028980 -29.845015 25.571127
v -34.049824 -29.803179 23.775452
v -33.941326 -30.219843 23.860027
v -34.018093 -30.020267 23.800777
v -32.755089 -29.984035 22.271137
v -32.768700 -29.766546 22.233604
v -32.719559 -30.184511 22.356413
v -32.651798 -30.301014 22.510145
v -33.629356 -30.391693 24.092533
v -32.570324 -30.358267 22.691107
v -33.798801 -30.335443 23.968222
v -32.493660 -30.380783 22.857952
v -33.471813 -30.413111 24.199625
v -32.567425 -30.396097 23.409937
v -33.326691 -30.417515 24.341650
v -32.937447 -30.431429 24.746105
v -34.317459 -30.448944 25.740679
v -33.882977 -30.445440 25.495461
v -34.547562 -30.467361 27.432961
v -35.649628 -30.458050 30.166656
v -35.115856 -30.456448 30.027435
v -33.903996 -30.452948 29.710657
v -35.040192 -30.470062 27.667562
v -33.438187 -30.459452 26.851351
v -31.768023 -30.449242 26.262333
v -29.850245 -30.446741 29.302198
v -29.592817 -30.439636 26.005508
v -32.115028 -30.449144 29.405788
v -31.452747 -30.409708 23.907469
v -32.457626 -30.418018 32.696476
v -32.759293 -30.364370 35.493225
v -34.743431 -30.364370 35.495224
v -34.338078 -30.419016 32.774944
v -30.347376 -30.364370 35.492123
v -30.119478 -30.417414 32.669350
v -27.377476 -30.417017 32.668251
v -24.370939 -30.364370 35.491222
v -24.285465 -30.416817 32.667446
v -27.540415 -30.364370 35.491623
v -24.180374 -30.444742 29.298393
v -27.181404 -30.445339 29.299694
v -27.001245 -30.432426 25.937147
v -24.081787 -30.429626 25.913927
v -20.617352 -30.428825 25.913326
v -20.651180 -30.444439 29.297794
v -16.397552 -30.444139 29.297594
v -16.390347 -30.427925 25.913128
v -11.643186 -30.426926 25.913128
v -6.617911 -30.443638 29.297594
v -6.618072 -30.426123 25.913128
v -11.644787 -30.443840 29.297594
v -11.645288 -30.416616 32.666847
v -16.400955 -30.364370 35.490925
v -11.645488 -30.364370 35.490925
v -6.617831 -30.364370 35.490925
v -6.617851 -30.416616 32.666847
v -16.400055 -30.416714 32.666847
v -20.680605 -30.416817 32.667046
v -20.703026 -30.364370 35.490925
v -20.720242 -30.275496 38.045464
v -20.733753 -30.138372 40.606506
v -16.400955 -30.138372 40.606411
v -16.400955 -30.275496 38.045464
v -24.493448 -30.138372 40.606506
v -24.439402 -30.275496 38.045563
v -27.676638 -30.275496 38.045761
v -27.792841 -30.138372 40.606506
v -30.744425 -30.138372 40.606606
v -30.550253 -30.275496 38.045963
v -33.044243 -30.275496 38.046463
v -33.336597 -30.138372 40.606812
v -35.557644 -30.138372 40.607109
v -35.142578 -30.275393 38.047363
v -36.619778 -30.275393 38.048164
v -37.136028 -30.138372 40.607307
v -37.250526 -30.275393 38.048565
v -36.721264 -30.364370 35.498127
v -36.123039 -30.364370 35.497231
v -37.800510 -30.138372 40.607510
v -38.335880 -29.948507 43.120811
v -37.465916 -30.257778 38.047867
v -37.638569 -29.948507 43.120811
v -38.016102 -30.120758 40.606411
v -38.551670 -29.931091 43.119312
v -39.037094 -29.683975 45.532330
v -38.783772 -29.878647 43.114605
v -38.247803 -30.068113 40.603104
v -38.821304 -29.701290 45.534527
v -39.490894 -29.348379 47.825134
v -38.520241 -29.366796 47.828239
v -38.094269 -29.701290 45.534527
v -39.275101 -29.365797 47.828239
v -39.715889 -28.911100 49.981422
v -39.931583 -28.893187 49.977413
v -38.934006 -28.915203 49.981422
v -40.348339 -28.350510 51.963654
v -40.132954 -28.368927 51.968861
v -39.325451 -28.377731 51.968861
v -37.607143 -27.822548 53.764935
v -37.318188 -28.399750 51.968861
v -40.515793 -27.771502 53.764935
v -39.684864 -27.786016 53.764935
v -37.003410 -28.925413 49.981422
v -34.531544 -28.425674 51.968861
v -34.096363 -29.372400 47.828239
v -34.319958 -28.937521 49.981422
v -36.670719 -29.369400 47.828239
v -36.328117 -29.701290 45.534527
v -33.617046 -29.948507 43.120613
v -33.866161 -29.701290 45.534527
v -35.961800 -29.948507 43.120716
v -31.051497 -29.701290 45.534527
v -27.879715 -29.948507 43.120613
v -31.167196 -29.374805 47.828239
v -27.928257 -29.701290 45.534527
v -30.916077 -29.948507 43.120613
v -27.957081 -29.377007 47.828239
v -24.540390 -28.965549 49.981422
v -24.540390 -29.379408 47.828239
v -27.985205 -28.955938 49.981422
v -24.540390 -29.701290 45.534527
v -31.279495 -28.947231 49.981422
v -28.011728 -28.464708 51.968861
v -31.385790 -28.446491 51.968861
v -31.483273 -27.901016 53.764935
v -31.559139 -27.303293 55.370747
v -28.036150 -27.929941 53.764935
v -34.872246 -27.250343 55.357735
v -34.725716 -27.865885 53.764935
v -28.055466 -27.345928 55.381550
v -24.542391 -26.747602 56.854446
v -24.540890 -27.377756 55.387554
v -28.066879 -26.706766 56.830620
v -24.540390 -27.954863 53.764935
v -31.600176 -26.646114 56.787281
v -34.935398 -25.796871 57.906467
v -34.940807 -26.571047 56.735039
v -28.069180 -25.969122 58.103741
v -31.603880 -25.891853 58.014164
v -31.567646 -25.002775 59.050873
v -31.492281 -24.002201 59.904419
v -34.714603 -23.892002 59.679123
v -28.061275 -25.089951 59.192894
v -28.043259 -24.093380 60.093483
v -34.860134 -24.896881 58.881420
v -37.734253 -24.781178 58.701363
v -37.531174 -23.770899 59.433002
v -39.542942 -23.673412 59.232430
v -37.851154 -25.693781 57.798073
v -39.933781 -25.611206 57.714001
v -39.784748 -24.688398 58.556740
v -40.606068 -24.651266 58.493885
v -40.766113 -25.578279 57.679066
v -40.818554 -24.631847 58.457748
v -40.563332 -23.616261 59.097408
v -40.351246 -23.634277 59.143951
v -40.979095 -25.557959 57.655449
v -41.042351 -24.592314 58.393894
v -41.057869 -26.370474 56.615936
v -41.283764 -26.322931 56.579300
v -41.203495 -25.513521 57.605003
v -40.844280 -26.390890 56.630650
v -39.935680 -27.134642 55.335411
v -40.780720 -27.113722 55.331612
v -40.001339 -26.418116 56.645962
v -40.995014 -27.093805 55.322502
v -41.222809 -27.044361 55.297176
v -40.730679 -27.752285 53.758629
v -37.887386 -26.486574 56.684399
v -37.815224 -27.187090 55.345020
v -40.787025 -23.582033 59.022247
v -40.424412 -22.505388 59.566723
v -40.200714 -22.535015 59.648693
v -39.703575 -21.461672 60.108799
v -40.605469 -22.454443 59.436008
v -39.927074 -21.434250 60.024128
v -40.108131 -21.393713 59.887302
v -39.267998 -20.440678 60.391148
v -39.532928 -20.367414 60.044037
v -40.192112 -21.331360 59.682522
v -39.448952 -20.411953 60.252724
v -38.504627 -19.559406 60.568298
v -38.342686 -19.601643 60.701313
v -37.194778 -18.813349 60.671993
v -38.578392 -19.516567 60.361317
v -37.151943 -18.886316 60.870567
v -37.046947 -18.994209 60.987865
v -35.569355 -18.612177 61.241089
v -35.595779 -18.442226 61.140503
v -38.142509 -19.657291 60.776985
v -36.914837 -19.125525 61.044617
v -35.533325 -18.815653 61.277821
v -34.257706 -18.915442 61.459881
v -35.504898 -19.019232 61.275517
v -36.790524 -19.268452 61.061935
v -34.098568 -18.449032 61.451275
v -34.169628 -18.669727 61.476295
v -32.559616 -18.622684 61.666164
v -30.547352 -18.889521 61.855732
v -32.716057 -18.893421 61.643749
v -30.439358 -18.609674 61.873146
v -30.345978 -18.400089 61.848423
v -32.426800 -18.409899 61.644943
v -32.321609 -18.257864 61.555069
v -33.993874 -18.174892 61.174732
v -30.216963 -18.169487 61.572479
v -30.270710 -18.255163 61.756443
v -34.041115 -18.276382 61.359295
v -32.248344 -18.168987 61.371807
v -32.201603 -18.125750 61.163120
v -30.181732 -18.127253 61.363697
v -33.958344 -18.124750 60.965446
v -35.581066 -18.285490 60.740150
v -37.198982 -18.768814 60.456703
v -35.595478 -18.339138 60.951336
v -38.595608 -19.479136 60.142719
v -39.554546 -20.320374 59.825848
v -40.213829 -21.265701 59.468636
v -27.728281 -18.259268 61.941608
v -24.540089 -18.404594 62.183617
v -27.751802 -18.403492 62.036385
v -24.525377 -18.173391 61.904266
v -27.706861 -18.172291 61.756638
v -24.534485 -18.260668 62.088932
v -27.777525 -18.612576 62.065910
v -27.805548 -18.893421 62.055401
v -24.544693 -18.894924 62.202534
v -24.543192 -18.613377 62.213139
v -24.545492 -19.226315 62.164497
v -20.751469 -19.230518 62.285404
v -27.833773 -19.219809 62.017475
v -20.750368 -18.895424 62.326042
v -30.659451 -19.208197 61.810390
v -24.546196 -19.584326 62.111755
v -27.860399 -19.565111 61.965122
v -30.765045 -19.534084 61.751438
v -27.891724 -20.074759 61.858730
v -30.889153 -20.020708 61.638035
v -33.514053 -19.957857 61.376011
v -33.190670 -19.496351 61.510426
v -32.918831 -19.194086 61.588291
v -35.067516 -19.457117 61.281826
v -34.508423 -19.180075 61.396828
v -35.459557 -19.190681 61.260910
v -36.299595 -19.389957 61.115677
v -37.309280 -19.828142 60.892784
v -38.107681 -20.573393 60.615540
v -37.953747 -19.740564 60.812313
v -35.741806 -19.897202 61.104172
v -38.834015 -20.513142 60.519661
v -36.337929 -20.650663 60.852749
v -34.215965 -21.721401 60.807610
v -33.871868 -20.736237 61.150814
v -36.841068 -21.614206 60.503445
v -38.726521 -21.526831 60.259132
v -39.491997 -21.484194 60.157337
v -37.236115 -22.684744 60.031925
v -39.197533 -22.589863 59.799026
v -39.988831 -22.551626 59.698639
v -34.498417 -22.803450 60.319183
v -31.378384 -22.912943 60.582207
v -31.231453 -21.823391 61.088760
v -28.015133 -23.003925 60.801102
v -27.978302 -21.908464 61.321064
v -24.547495 -23.066879 60.955639
v -27.934061 -20.893974 61.658859
v -24.547295 -20.941017 61.812290
v -31.056400 -20.821512 61.428955
v -24.547495 -21.965115 61.478493
v -20.753071 -22.004650 61.589996
v -16.408562 -23.143948 61.149204
v -20.752769 -23.110619 61.065235
v -16.409061 -22.038076 61.684582
v -20.753271 -20.974245 61.925789
v -16.409462 -21.005173 62.035889
v -16.409563 -20.158731 62.246265
v -11.653595 -20.180048 62.354061
v -11.653295 -21.030996 62.128071
v -11.652894 -22.064501 61.758644
v -20.753071 -20.133909 62.122562
v -20.752470 -19.597940 62.230053
v -24.546797 -20.109186 62.006863
v -16.409262 -19.612152 62.358871
v -16.408661 -19.234919 62.414623
v -11.653695 -19.624363 62.472267
v -6.622716 -19.631769 62.544434
v -1.454055 -20.199167 62.445946
v -1.454055 -19.634270 62.570255
v -6.622585 -20.194063 62.422028
v -6.622375 -21.048613 62.187717
v -6.622105 -22.082617 61.808388
v -1.454055 -21.055416 62.209438
v -1.454055 -22.089724 61.827103
v 3.713664 -23.183283 61.250401
v -1.454055 -23.188787 61.265411
v 3.713995 -22.082617 61.808388
v -6.621775 -23.183283 61.250401
v 3.714265 -21.048613 62.187717
v 8.744783 -22.064501 61.758644
v 3.714475 -20.194063 62.422028
v 8.745184 -21.030996 62.128071
v 8.745484 -20.180048 62.354061
v 8.745584 -19.624363 62.472267
v 3.714605 -19.631769 62.544434
v 13.501152 -19.612152 62.358871
v 13.501352 -21.005173 62.035889
v 13.501452 -20.158731 62.246265
v 17.844959 -20.133909 62.122562
v 21.638086 -19.584326 62.111755
v 21.638687 -20.109186 62.006863
v 17.844358 -19.597940 62.230053
v 17.845160 -20.974245 61.925789
v 21.639185 -20.941017 61.812290
v 21.639385 -21.965115 61.478493
v 25.025951 -20.893974 61.658859
v 25.070190 -21.908464 61.321064
v 24.983612 -20.074759 61.858730
v 17.844959 -22.004650 61.589996
v 13.500451 -23.143948 61.149204
v 13.500950 -22.038076 61.684582
v 17.844660 -23.110619 61.065235
v 21.639385 -23.066879 60.955639
v 25.107023 -23.003925 60.801102
v 25.135149 -24.093380 60.093483
v 21.638884 -24.157637 60.230701
v 17.844057 -24.202175 60.328590
v 13.498449 -25.220768 59.404274
v 13.499650 -24.234303 60.399353
v 17.842857 -25.189638 59.357136
v 21.637785 -25.149105 59.290779
v 17.841255 -26.053795 58.190216
v 25.153164 -25.089951 59.192894
v 25.161070 -25.969122 58.103741
v 21.636183 -26.019566 58.157986
v 21.634281 -26.747602 56.854446
v 25.158770 -26.706766 56.830620
v 25.147356 -27.345928 55.381550
v 21.632780 -27.377756 55.387554
v 17.839355 -26.775528 56.866951
v 17.837852 -27.399677 55.390862
v 13.492846 -27.974077 53.765438
v 13.493345 -27.412586 55.393665
v 21.632278 -27.954863 53.764935
v 17.837353 -27.971174 53.765038
v 13.494846 -26.797445 56.876564
v 8.740879 -26.102438 58.228649
v 13.496748 -26.082222 58.213539
v 8.739179 -26.812160 56.882771
v 8.737877 -27.419090 55.395668
v 8.737377 -27.971277 53.765839
v 3.709720 -27.970375 53.765938
v 3.709971 -27.421694 55.396465
v 3.710732 -26.818565 56.885174
v -1.454055 -27.421892 55.396564
v -1.454055 -26.819767 56.885471
v -1.454055 -26.114147 58.237858
v 3.711692 -26.112047 58.236053
v 3.712533 -25.252792 59.453117
v 8.742282 -25.241983 59.435307
v -1.454055 -25.255497 59.458725
v -1.454055 -24.271235 60.488026
v 3.713214 -24.267532 60.477516
v 8.743483 -24.255621 60.447491
v 8.744183 -23.167870 61.210167
v -6.620644 -25.252792 59.453117
v -6.621325 -24.267532 60.477516
v -11.651593 -24.255621 60.447491
v -11.650393 -25.241983 59.435307
v -16.406561 -25.220768 59.404274
v -16.407761 -24.234303 60.399353
v -11.652293 -23.167870 61.210167
v -20.752167 -24.202175 60.328590
v -20.750969 -25.189638 59.357136
v -24.545897 -25.149105 59.290779
v -24.546995 -24.157637 60.230701
v -24.544294 -26.019566 58.157986
v -20.749367 -26.053795 58.190216
v -20.747463 -26.775528 56.866951
v -16.402958 -26.797445 56.876564
v -16.404858 -26.082222 58.213539
v -11.648990 -26.102438 58.228649
v -11.647289 -26.812160 56.882771
v -6.619803 -26.112047 58.236053
v -6.618842 -26.818565 56.885174
v -11.645988 -27.419090 55.395668
v -6.618081 -27.421694 55.396465
v -6.617831 -27.970375 53.765938
v -6.617831 -28.478222 51.969063
v -1.454055 -27.970375 53.765938
v -11.645488 -27.971277 53.765839
v -11.645488 -28.481123 51.969063
v -1.454055 -28.478222 51.969063
v 3.709720 -28.958742 49.981422
v 3.709720 -28.478222 51.969063
v -1.454055 -28.958742 49.981422
v -6.617831 -28.958742 49.981422
v -11.645488 -29.378210 47.828239
v -6.617831 -29.377707 47.828239
v -1.454055 -29.377707 47.828239
v -11.645488 -28.960745 49.981422
v -16.400955 -28.967049 49.981422
v -16.400955 -28.489630 51.968964
v -20.745462 -28.493633 51.968861
v -20.745462 -28.970852 49.981422
v -16.400955 -29.379807 47.828239
v -20.745462 -29.380810 47.828239
v -20.745462 -29.701290 45.534527
v -16.400955 -29.701290 45.534527
v -11.645488 -29.701290 45.534527
v -11.645488 -29.948507 43.120613
v -16.400955 -29.948507 43.120613
v -20.742561 -29.948507 43.120613
v -24.528681 -29.948507 43.120613
v -11.645488 -30.138372 40.606411
v -6.617831 -29.701290 45.534527
v -6.617831 -29.948507 43.120613
v -6.617831 -30.138372 40.606411
v -1.454055 -30.275496 38.045464
v -11.645488 -30.275496 38.045464
v -1.454055 -30.138372 40.606411
v -6.617831 -30.275496 38.045464
v -1.454055 -29.948507 43.120613
v -1.454055 -29.701290 45.534527
v 3.709720 -29.948507 43.120613
v 3.709720 -29.701290 45.534527
v 3.709720 -30.138372 40.606411
v 8.737377 -29.948507 43.120613
v 8.737377 -30.138372 40.606411
v 3.709720 -30.275496 38.045464
v 8.737377 -30.275496 38.045464
v 13.492846 -30.275496 38.045464
v 13.492846 -30.138372 40.606411
v 13.492846 -30.364370 35.490925
v 3.709720 -30.364370 35.490925
v 8.737377 -30.364370 35.490925
v 8.737177 -30.416616 32.666847
v 13.491944 -30.416714 32.666847
v 13.489442 -30.444139 29.297594
v 8.736676 -30.443840 29.297594
v 3.709741 -30.416616 32.666847
v 3.709801 -30.443638 29.297594
v -1.454055 -30.425825 25.913128
v 3.709961 -30.426123 25.913128
v -1.454055 -30.443541 29.297594
v 8.735075 -30.426926 25.913128
v -1.454055 -30.416515 32.666847
v -1.454055 -30.364370 35.490925
v 13.467122 -30.349056 23.043314
v 8.731672 -30.346653 23.043314
v 13.482235 -30.427925 25.913128
v 17.709240 -30.428825 25.913326
v 17.743071 -30.444439 29.297794
v 21.173677 -30.429626 25.913927
v 21.107819 -30.353161 23.043715
v 21.272264 -30.444742 29.298393
v 17.673510 -30.351358 23.043413
v 17.645285 -30.267984 21.032150
v 13.452410 -30.264181 21.032150
v 21.069685 -30.270786 21.032150
v 13.446504 -30.230154 20.223541
v 17.633875 -30.234455 20.223541
v 21.054272 -30.237658 20.223442
v 23.880245 -30.227951 20.181807
v 23.888153 -30.253370 20.397493
v 17.630972 -30.208633 20.007454
v 23.914375 -30.284399 21.184586
v 21.050070 -30.211832 20.007454
v 21.045364 -30.151680 19.774149
v 23.863432 -30.049089 19.750828
v 23.871340 -30.167997 19.948902
v 21.041361 -30.032375 19.575575
v 17.625265 -30.028971 19.575274
v 17.627869 -30.148275 19.774048
v 13.443501 -30.143675 19.774048
v 8.726768 -30.199625 20.007553
v 13.442300 -30.024269 19.575174
v 8.726268 -30.019566 19.575174
v 8.726467 -30.139069 19.774048
v 13.445001 -30.204128 20.007553
v 3.710881 -30.135666 19.774048
v -1.454055 -30.014561 19.575174
v 3.710962 -30.016064 19.575174
v -1.454055 -30.134264 19.774048
v 3.710822 -30.196318 20.007553
v -1.454055 -30.195017 20.007553
v -6.618992 -30.135666 19.774048
v -6.618932 -30.196318 20.007553
v -11.634878 -30.199625 20.007553
v -16.353111 -30.204128 20.007553
v -16.351612 -30.143675 19.774048
v -11.634578 -30.139069 19.774048
v -20.535980 -30.148275 19.774048
v -20.539082 -30.208633 20.007454
v -23.958179 -30.211832 20.007454
v -23.953474 -30.151680 19.774149
v -6.619072 -30.016064 19.575174
v 3.711072 -29.812883 19.462877
v 8.726268 -29.816486 19.462976
v -1.454055 -29.592590 19.411230
v -1.454055 -29.811483 19.462877
v 3.711172 -29.594090 19.411230
v 8.726367 -29.597694 19.411230
v 3.711252 -29.427246 19.393915
v 13.441800 -29.821291 19.462976
v 8.726568 -29.430847 19.393915
v 13.441700 -29.435654 19.393915
v 13.441700 -29.602501 19.411230
v 17.623465 -29.607306 19.411430
v 17.623966 -29.825994 19.463076
v 21.039259 -29.829496 19.463577
v 17.623365 -29.440456 19.394215
v 21.038158 -29.444059 19.395016
v 21.038359 -29.610807 19.412031
v 23.856726 -29.627922 19.588385
v 26.254429 -29.891457 20.165791
v 23.858927 -29.846413 19.639330
v 23.855925 -29.461077 19.571772
v 26.246822 -29.506218 20.099934
v 26.249125 -29.673162 20.115747
v 28.241671 -29.726311 20.996620
v 29.862791 -29.598898 22.222696
v 28.239571 -29.559063 20.982510
v 29.860588 -29.766546 22.233604
v 28.244274 -29.944202 21.042961
v 29.846977 -29.984135 22.271137
v 31.141714 -29.803179 23.775452
v 31.033216 -30.219843 23.860027
v 31.109983 -30.020267 23.800777
v 29.811447 -30.184511 22.356413
v 28.246275 -30.145378 21.146252
v 29.743689 -30.301014 22.510145
v 28.246777 -30.262783 21.331713
v 26.280552 -30.211737 20.473063
v 26.264338 -30.093533 20.276089
v 28.246473 -30.320831 21.550106
v 26.299067 -30.270786 20.704765
v 26.316084 -30.295309 20.919752
v 28.320242 -30.363668 22.388441
v 28.245874 -30.344152 21.752481
v 26.368227 -30.320932 21.641588
v 26.492237 -30.383286 23.394423
v 26.684706 -30.439636 26.005508
v 28.859913 -30.449242 26.262333
v 24.093136 -30.432426 25.937147
v 23.978134 -30.361465 23.131592
v 28.544636 -30.409708 23.907469
v 30.029337 -30.431429 24.746105
v 31.639450 -30.467361 27.432961
v 30.530077 -30.459452 26.851351
v 30.974867 -30.445440 25.495461
v 30.418579 -30.417515 24.341650
v 29.659313 -30.396097 23.409937
v 29.585550 -30.380783 22.857952
v 29.662214 -30.358267 22.691107
v 30.721245 -30.391693 24.092533
v 30.563704 -30.413111 24.199625
v 31.409348 -30.448944 25.740679
v 32.328350 -30.452446 27.709400
v 32.132080 -30.470062 27.667562
v 31.598213 -30.429626 25.718657
v 31.806793 -30.374882 25.665909
v 32.738213 -30.285599 27.699795
v 32.548847 -30.399099 27.712404
v 31.984451 -30.260479 25.610964
v 30.890692 -30.335443 23.968222
v 32.080734 -30.061802 25.582136
v 32.840904 -30.087528 27.694588
v 32.120872 -29.845015 25.571127
v 32.883942 -29.871138 27.694088
v 33.527702 -29.691280 30.218000
v 32.894249 -29.702188 27.695290
v 33.472355 -30.076717 30.217600
v 33.516796 -29.860229 30.217800
v 32.130379 -29.676468 25.569324
v 31.144314 -29.501215 23.771250
v 32.124977 -29.542048 25.571930
v 31.149017 -29.634932 23.768747
v 32.888645 -29.567471 27.697290
v 33.522301 -29.556463 30.218100
v 33.517593 -29.442362 30.218203
v 32.883839 -29.453470 27.698994
v 32.120369 -29.428146 25.574129
v 32.094048 -29.351183 25.580236
v 31.140411 -29.387514 23.773451
v 32.855717 -29.376406 27.697689
v 31.119192 -29.310644 23.788565
v 29.846176 -29.275715 22.248316
v 29.856787 -29.352383 22.226698
v 28.237768 -29.426746 20.984209
v 29.859589 -29.465881 22.224897
v 28.236166 -29.313547 20.985710
v 28.235363 -29.236881 21.011034
v 26.247223 -29.184635 20.128361
v 26.245420 -29.261200 20.101936
v 23.855728 -29.216259 19.572771
v 23.856827 -29.139793 19.598894
v 26.246120 -29.374401 20.101036
v 23.855825 -29.329359 19.572273
v 21.038260 -29.312445 19.395216
v 21.038359 -29.199444 19.395416
v 17.623665 -29.195944 19.394316
v 17.624065 -29.119474 19.420238
v 17.623566 -29.308943 19.394316
v 21.038960 -29.122980 19.421440
v 13.441800 -29.304136 19.393915
v 13.441900 -29.191137 19.393915
v 8.726768 -29.109770 19.419838
v 8.726668 -29.299234 19.393915
v 13.442199 -29.114674 19.419838
v 8.726668 -29.186234 19.393915
v 3.711362 -29.182631 19.393915
v -1.454055 -29.294228 19.393915
v 3.711312 -29.295732 19.393915
v -1.454055 -29.104765 19.419838
v 3.711382 -29.106264 19.419838
v -1.454055 -29.181129 19.393915
v -6.619473 -29.182631 19.393915
v -6.619423 -29.295732 19.393915
v -11.634779 -29.186234 19.393915
v -6.619493 -29.106264 19.419838
v -11.634878 -29.109770 19.419838
v -16.350309 -29.114674 19.419838
v -1.454055 -29.425745 19.393915
v 33.488869 -29.365295 30.215496
v 34.046959 -29.327162 32.886940
v 34.583431 -29.271215 35.465599
v 34.611755 -29.348282 35.467903
v 34.075687 -29.404228 32.888840
v 34.079891 -29.518330 32.890640
v 34.615356 -29.462383 35.471405
v 34.619560 -29.597200 35.475410
v 34.084793 -29.653149 32.892845
v 34.073280 -29.822092 32.895550
v 34.607151 -29.766146 35.480515
v 34.560810 -29.982737 35.487019
v 34.028042 -30.038586 32.899052
v 33.922050 -30.236557 32.902153
v 34.453815 -30.180712 35.492928
v 33.728081 -30.349655 32.903954
v 33.173592 -30.387691 30.217300
v 33.367062 -30.274488 30.217400
v 34.259144 -30.293810 35.496330
v 34.789009 -30.205032 38.045563
v 34.557808 -30.257778 38.047867
v 33.498577 -30.402704 32.901554
v 34.028442 -30.346758 35.497829
v 34.984482 -30.092033 38.040558
v 35.339691 -30.068113 40.603104
v 35.535965 -29.955414 40.596100
v 35.645458 -29.757540 40.583786
v 35.092674 -29.894060 38.031750
v 35.140217 -29.677469 38.022144
v 35.709015 -29.372002 40.559666
v 35.153629 -29.508520 38.014732
v 35.694401 -29.540949 40.570274
v 36.233177 -29.352484 43.067764
v 36.248589 -29.183838 43.052650
v 36.720001 -29.108070 45.457756
v 36.183132 -29.568775 43.086983
v 36.669556 -29.323460 45.485584
v 36.735916 -28.939924 45.435940
v 37.189415 -28.609932 47.691921
v 37.173599 -28.776981 47.722046
v 36.246986 -29.049318 43.040737
v 36.734619 -28.805807 45.418629
v 37.188015 -28.476618 47.667801
v 37.186810 -28.364222 47.647579
v 36.733414 -28.692505 45.403912
v 37.625996 -28.031830 49.771435
v 37.627796 -28.163546 49.802963
v 37.624496 -27.920832 49.744915
v 38.034153 -27.503965 51.704426
v 37.160088 -28.288452 47.633465
v 38.003830 -27.321304 51.648380
v 37.597473 -27.845968 49.726696
v 38.031555 -27.394770 51.670898
v 38.393269 -26.818768 53.400719
v 38.398270 -26.925360 53.441650
v 38.638184 -26.299007 54.928856
v 38.598549 -26.128559 54.844986
v 38.363941 -26.747202 53.373093
v 38.629974 -26.196720 54.878712
v 38.662106 -25.532940 56.049133
v 38.522484 -24.750954 56.902885
v 38.628372 -25.470085 56.007900
v 38.673714 -25.627922 56.111496
v 38.572327 -24.890976 57.027599
v 38.557915 -24.806303 56.951931
v 38.385765 -23.996294 57.627018
v 38.090908 -23.065781 58.100342
v 38.349632 -23.950155 57.570869
v 38.401276 -24.067057 57.714996
v 38.127037 -23.102510 58.162292
v 38.142750 -23.158861 58.260380
v 37.778728 -22.168894 58.750202
v 37.797447 -22.221638 58.875118
v 38.161568 -23.226620 58.377983
v 38.419994 -24.152531 57.820995
v 37.763016 -22.124756 58.645817
v 37.281094 -21.175123 59.175781
v 37.229450 -21.120472 58.998928
v 37.726982 -22.096230 58.579853
v 37.265480 -21.141693 59.067585
v 36.605904 -20.231596 59.417686
v 36.621616 -20.255613 59.528091
v 35.661777 -19.434395 59.843067
v 35.612732 -19.413877 59.658405
v 36.569870 -20.217882 59.346928
v 35.646263 -19.418480 59.731365
v 34.248436 -18.726076 60.043739
v 32.613400 -18.272678 60.248222
v 34.262947 -18.735285 60.156441
v 34.222816 -18.734184 59.967976
v 32.641327 -18.258467 60.439888
v 32.628117 -18.254063 60.326588
v 31.000891 -18.102129 60.551487
v 29.248451 -18.128653 60.668789
v 30.997988 -18.122948 60.471813
v 31.013300 -18.104132 60.664982
v 29.243948 -18.108635 60.748856
v 29.255156 -18.109535 60.862461
v 27.243395 -18.112038 61.062836
v 27.254103 -18.112738 61.197453
v 29.268469 -18.110537 60.996975
v 31.027914 -18.106434 60.799305
v 27.234186 -18.111538 60.948933
v 24.761620 -18.112938 61.246597
v 24.752213 -18.137058 61.052727
v 27.236589 -18.133656 60.868961
v 24.754812 -18.112436 61.132591
v 21.588741 -18.112638 61.280521
v 21.593845 -18.113138 61.394623
v 17.808628 -18.113138 61.522938
v 17.802422 -18.138060 61.328369
v 21.585339 -18.138161 61.200348
v 17.804823 -18.112638 61.408836
v 13.471927 -18.112539 61.533447
v 8.726367 -18.112539 61.641541
v 13.474829 -18.113039 61.647549
v 13.470023 -18.138060 61.453175
v 8.724566 -18.138060 61.561371
v 13.478332 -18.113640 61.782463
v 17.813232 -18.113739 61.657753
v 17.818937 -18.128952 61.824001
v 13.482635 -18.128952 61.948811
v 13.488341 -18.173391 62.157597
v 17.826344 -18.173492 62.032288
v 13.493644 -18.260668 62.342556
v 17.833349 -18.260769 62.216446
v 13.496948 -18.404694 62.437439
v 17.837852 -18.404594 62.310429
v 21.631979 -18.404594 62.183617
v 21.626373 -18.260668 62.088932
v 21.617266 -18.173391 61.904266
v 24.820169 -18.259268 61.941608
v 24.781336 -18.128553 61.547756
v 21.607458 -18.128952 61.695686
v 24.798750 -18.172291 61.756638
v 27.308853 -18.169487 61.572479
v 29.340235 -18.168987 61.371807
v 27.362600 -18.255163 61.756443
v 29.293491 -18.125750 61.163120
v 29.413498 -18.257864 61.555069
v 27.273621 -18.127253 61.363697
v 27.437866 -18.400089 61.848423
v 29.518688 -18.409899 61.644943
v 31.190456 -18.449032 61.451275
v 31.133005 -18.276382 61.359295
v 31.085764 -18.174892 61.174732
v 32.687668 -18.442226 61.140503
v 32.672955 -18.285490 60.740150
v 32.687366 -18.339138 60.951336
v 31.050232 -18.124750 60.965446
v 34.286667 -18.813349 60.671993
v 34.290874 -18.768814 60.456703
v 35.670284 -19.516567 60.361317
v 34.243832 -18.886316 60.870567
v 35.687496 -19.479136 60.142719
v 35.596519 -19.559406 60.568298
v 34.138836 -18.994209 60.987865
v 35.434574 -19.601643 60.701313
v 36.359886 -20.440678 60.391148
v 36.540844 -20.411953 60.252724
v 36.624817 -20.367414 60.044037
v 37.305717 -21.265701 59.468636
v 37.200024 -21.393713 59.887302
v 37.283997 -21.331360 59.682522
v 36.646439 -20.320374 59.825848
v 36.640232 -20.284140 59.659000
v 37.299610 -21.215055 59.304592
v 35.680092 -19.453112 59.975082
v 34.280064 -18.746195 60.289455
v 32.656940 -18.263771 60.573704
v 37.781731 -22.373972 59.239429
v 38.145256 -23.419889 58.719177
v 37.697357 -22.454443 59.436008
v 38.167774 -23.311594 58.527012
v 38.060276 -23.520380 58.901737
v 37.803650 -22.288198 59.033649
v 37.516300 -22.505388 59.566723
v 37.878914 -23.582033 59.022247
v 38.134243 -24.592314 58.393894
v 38.315899 -24.517950 58.288002
v 38.402077 -24.394041 58.125961
v 38.593445 -25.120375 57.233578
v 38.478340 -25.426949 57.516830
v 38.567024 -25.280518 57.379604
v 38.425697 -24.259226 57.954708
v 38.655296 -26.063705 56.399746
v 38.687126 -25.884249 56.280540
v 38.603954 -26.766520 55.158661
v 38.561615 -26.227448 56.510643
v 38.642189 -26.573351 55.063675
v 38.504368 -26.942776 55.245838
v 38.375656 -26.322931 56.579300
v 38.314701 -27.044361 55.297176
v 38.052368 -27.701838 53.739510
v 38.245338 -27.596348 53.699078
v 38.350132 -27.412285 53.628521
v 37.867207 -28.191669 51.915112
v 38.023647 -27.795422 51.793713
v 37.975704 -28.002602 51.857262
v 38.393871 -27.210409 53.551048
v 38.404182 -27.051968 53.490292
v 38.037258 -27.633379 51.744064
v 38.647892 -26.421017 54.988708
v 38.687725 -25.742022 56.186459
v 38.589741 -24.993065 57.118874
v 37.562641 -28.539576 49.892845
v 37.123158 -28.990667 47.760578
v 37.452343 -28.732143 49.938881
v 37.012260 -29.185640 47.795811
v 37.612488 -28.328588 49.842396
v 37.255470 -28.841837 49.965107
v 36.558559 -29.519934 45.511108
v 36.815083 -29.296637 47.815830
v 36.361290 -29.631828 45.525520
v 36.582783 -29.348379 47.825134
v 36.072636 -29.766247 43.104599
v 35.875660 -29.878647 43.114605
v 35.643559 -29.931091 43.119312
v 36.128986 -29.683975 45.532330
v 35.913193 -29.701290 45.534527
v 35.186157 -29.701290 45.534527
v 34.730461 -29.948507 43.120811
v 36.366993 -29.365797 47.828239
v 35.612133 -29.366796 47.828239
v 35.427769 -29.948507 43.120811
v 34.892399 -30.138372 40.607407
v 35.107990 -30.120758 40.606411
v 34.227917 -30.138372 40.607307
v 33.711666 -30.275393 38.048164
v 34.342419 -30.275393 38.048565
v 33.813152 -30.364370 35.498127
v 33.214928 -30.364370 35.497231
v 32.719696 -30.419918 32.856312
v 33.285793 -30.420319 32.892147
v 32.741516 -30.458050 30.166656
v 32.207748 -30.456448 30.027435
v 32.946793 -30.440735 30.204588
v 30.995884 -30.452948 29.710657
v 31.429966 -30.419016 32.774944
v 29.549517 -30.418018 32.696476
v 29.206917 -30.449144 29.405788
v 26.942133 -30.446741 29.302198
v 24.273293 -30.445339 29.299694
v 27.211367 -30.417414 32.669350
v 24.469364 -30.417017 32.668251
v 21.462830 -30.364370 35.491222
v 24.632303 -30.364370 35.491623
v 27.439266 -30.364370 35.492123
v 21.377356 -30.416817 32.667446
v 17.772495 -30.416817 32.667046
v 17.794916 -30.364370 35.490925
v 17.812132 -30.275496 38.045464
v 17.825642 -30.138372 40.606506
v 21.585339 -30.138372 40.606506
v 21.531290 -30.275496 38.045563
v 24.768526 -30.275496 38.045761
v 24.884729 -30.138372 40.606506
v 27.642143 -30.275496 38.045963
v 27.836315 -30.138372 40.606606
v 30.708935 -29.948507 43.120613
v 28.007967 -29.948507 43.120613
v 30.428488 -30.138372 40.606812
v 30.136131 -30.275496 38.046463
v 24.971603 -29.948507 43.120613
v 21.632278 -29.701290 45.534527
v 25.020145 -29.701290 45.534527
v 28.143385 -29.701290 45.534527
v 21.620569 -29.948507 43.120613
v 17.834450 -29.948507 43.120613
v 13.492846 -29.948507 43.120613
v 13.492846 -29.701290 45.534527
v 17.837353 -29.701290 45.534527
v 17.837353 -29.380810 47.828239
v 13.492846 -29.379807 47.828239
v 13.492846 -28.967049 49.981422
v 17.837353 -28.970852 49.981422
v 21.632278 -28.965549 49.981422
v 21.632278 -29.379408 47.828239
v 25.048971 -29.377007 47.828239
v 25.077095 -28.955938 49.981422
v 28.259087 -29.374805 47.828239
v 28.371386 -28.947134 49.981422
v 31.623432 -28.425674 51.968861
v 28.477678 -28.446491 51.968861
v 31.188253 -29.372400 47.828239
v 31.411848 -28.937521 49.981422
v 25.103619 -28.464708 51.968861
v 25.128040 -27.929941 53.764935
v 28.575163 -27.901016 53.764935
v 21.632278 -28.482925 51.968861
v 17.837353 -28.493633 51.968861
v 13.492846 -28.489630 51.968964
v 8.737377 -28.481123 51.969063
v 8.737377 -28.960745 49.981422
v 8.737377 -29.378210 47.828239
v 3.709720 -29.377707 47.828239
v 8.737377 -29.701290 45.534527
v 31.964134 -27.250343 55.357735
v 28.651028 -27.303293 55.370747
v 31.817604 -27.865885 53.764935
v 34.699032 -27.822548 53.764935
v 37.027569 -27.134642 55.335411
v 34.907112 -27.187090 55.345020
v 36.776752 -27.786016 53.764935
v 36.417336 -28.377731 51.968861
v 34.410080 -28.399750 51.968861
v 34.095299 -28.925413 49.981422
v 36.025894 -28.915203 49.981422
v 33.762608 -29.369400 47.828239
v 33.420006 -29.701290 45.534527
v 30.958052 -29.701290 45.534527
v 33.053688 -29.948507 43.120716
v 32.649532 -30.138372 40.607109
v 32.234470 -30.275393 38.047363
v 31.835320 -30.364370 35.495224
v 29.851181 -30.364370 35.493225
v 36.807781 -28.911100 49.981422
v 37.224846 -28.368927 51.968861
v 37.023468 -28.893187 49.977413
v 37.440231 -28.350510 51.963654
v 37.671535 -28.299564 51.948246
v 37.607681 -27.771502 53.764935
v 37.822571 -27.752285 53.758629
v 38.086903 -27.093805 55.322502
v 37.936169 -26.390890 56.630650
v 38.149757 -26.370474 56.615936
v 37.872608 -27.113722 55.331612
v 38.070988 -25.557959 57.655449
v 38.295383 -25.513521 57.605003
v 37.910446 -24.631847 58.457748
v 37.858002 -25.578279 57.679066
v 37.697960 -24.651266 58.493885
v 36.876640 -24.688398 58.556740
v 37.025669 -25.611206 57.714001
v 37.443134 -23.634277 59.143951
v 37.655220 -23.616261 59.097408
v 36.634827 -23.673412 59.232430
v 34.328007 -22.684744 60.031925
v 36.289425 -22.589863 59.799026
v 34.623066 -23.770899 59.433002
v 34.826145 -24.781178 58.701363
v 37.080719 -22.551626 59.698639
v 36.583885 -21.484194 60.157337
v 35.818409 -21.526831 60.259132
v 37.292606 -22.535015 59.648693
v 36.795464 -21.461672 60.108799
v 37.018963 -21.434250 60.024128
v 36.136688 -20.469204 60.475018
v 35.925907 -20.513142 60.519661
v 34.401169 -19.828142 60.892784
v 35.234398 -19.657291 60.776985
v 35.199570 -20.573393 60.615540
v 35.045635 -19.740564 60.812313
v 33.882416 -19.268452 61.061935
v 32.551449 -19.190681 61.260910
v 34.006725 -19.125525 61.044617
v 33.391483 -19.389957 61.115677
v 32.625214 -18.815653 61.277821
v 32.596786 -19.019232 61.275517
v 31.349596 -18.915442 61.459881
v 31.600313 -19.180075 61.396828
v 30.010721 -19.194086 61.588291
v 31.261518 -18.669727 61.476295
v 29.651506 -18.622684 61.666164
v 29.807945 -18.893421 61.643749
v 27.639242 -18.889521 61.855732
v 24.897438 -18.893421 62.055401
v 24.925661 -19.219809 62.017475
v 27.751341 -19.208197 61.810390
v 27.531248 -18.609674 61.873146
v 24.869413 -18.612576 62.065910
v 24.843691 -18.403492 62.036385
v 21.635082 -18.613377 62.213139
v 21.636581 -18.894924 62.202534
v 17.840656 -18.613277 62.338757
v 17.842257 -18.895424 62.326042
v 21.637383 -19.226315 62.164497
v 17.843357 -19.230518 62.285404
v 13.499950 -18.896223 62.454857
v 13.500551 -19.234919 62.414623
v 8.745584 -19.238424 62.528324
v 3.714715 -19.239824 62.602581
v 8.745584 -18.896826 62.567753
v 13.498949 -18.613779 62.466763
v 27.856934 -19.534084 61.751438
v 30.282560 -19.496351 61.510426
v 30.605942 -19.957857 61.376011
v 27.981043 -20.020708 61.638035
v 24.952288 -19.565111 61.965122
v 28.148289 -20.821512 61.428955
v 28.323343 -21.823391 61.088760
v 31.307856 -21.721401 60.807610
v 30.963757 -20.736237 61.150814
v 33.429821 -20.650663 60.852749
v 32.833694 -19.897202 61.104172
v 33.932961 -21.614206 60.503445
v 32.159405 -19.457117 61.281826
v 28.470272 -22.912943 60.582207
v 31.590305 -22.803450 60.319183
v 31.806494 -23.892002 59.679123
v 28.584171 -24.002201 59.904419
v 28.659536 -25.002775 59.050873
v 31.952024 -24.896881 58.881420
v 32.027287 -25.796871 57.906467
v 34.979279 -26.486574 56.684399
v 28.695768 -25.891853 58.014164
v 28.692064 -26.646114 56.787281
v 32.032696 -26.571047 56.735039
v 34.943043 -25.693781 57.798073
v 37.093231 -26.418116 56.645962
v 32.661243 -18.612177 61.241089
v 21.599850 -18.113739 61.529442
v 24.769728 -18.113539 61.381313
v 36.706791 -28.616138 45.393604
v 36.218666 -28.858852 43.023525
v 36.245586 -28.935619 43.030529
v 35.677189 -29.046417 40.539253
v 35.704514 -29.123484 40.544155
v 35.119698 -29.182634 38.000225
v 35.150330 -29.373705 38.008732
v 35.706512 -29.237383 40.551258
v 35.147526 -29.259703 38.003628
v 8.727168 -30.225746 20.223541
v 8.728469 -30.260479 21.032251
v -24.540390 -28.482925 51.968861
v -20.745462 -27.971174 53.765038
v -16.400955 -27.974077 53.765438
v -20.745962 -27.399677 55.390862
v -16.401455 -27.412586 55.393665
v -39.044800 -20.469204 60.475018
v -38.980747 -29.766247 43.104599
v -37.697121 -30.205032 38.045563
v -37.892590 -30.092033 38.040558
v -38.444077 -29.955414 40.596100
v -38.553570 -29.757540 40.583786
v -39.091240 -29.568775 43.086983
v -38.000786 -29.894060 38.031750
v -38.602512 -29.540949 40.570274
v -38.048328 -29.677469 38.022144
v -37.167255 -30.293810 35.496330
v -37.361927 -30.180712 35.492928
v -36.406689 -30.402704 32.901554
v -36.936554 -30.346758 35.497829
v -36.636192 -30.349655 32.903954
v -35.854904 -30.440735 30.204588
v -36.193905 -30.420319 32.892147
v -35.627804 -30.419918 32.856312
v -35.236462 -30.452446 27.709400
v -34.506325 -30.429626 25.718657
v -32.770901 -29.598898 22.222696
v -34.057129 -29.634932 23.768747
v -34.052425 -29.501215 23.771250
v -32.767700 -29.465881 22.224897
v -31.147680 -29.559063 20.982510
v -29.154932 -29.506218 20.099934
v -26.764036 -29.461077 19.571772
v -35.033085 -29.542048 25.571930
v -35.038486 -29.676468 25.569324
v -40.534107 -28.031830 49.771435
v -40.942265 -27.503965 51.704426
v -41.306381 -26.925360 53.441650
v -41.546295 -26.299007 54.928856
v -41.581825 -25.627922 56.111496
v -6.618832 -18.260468 62.530022
v 34.863174 -29.163319 37.998718
v 35.598919 -29.022596 40.537346
v 35.041229 -29.158716 37.998924
v 34.327805 -29.251896 35.465000
v 34.004322 -29.260204 35.465199
v 34.536388 -29.171726 37.998421
v 35.419865 -29.027199 40.536747
v 35.090073 -29.035807 40.535744
v 34.504860 -29.247292 35.464897
v 33.793339 -29.307644 32.879932
v 35.119698 -29.182634 38.000225
v 34.583431 -29.271215 35.465599
v 33.968491 -29.303141 32.884438
v 34.046959 -29.327162 32.886940
v 33.488869 -29.365295 30.215496
v 33.411003 -29.341274 30.206989
v 33.239052 -29.345575 30.188076
v 32.613602 -29.357088 27.675373
v 32.780048 -29.352482 27.690886
v 32.855717 -29.376406 27.697689
v 32.094048 -29.351183 25.580236
v 32.023285 -29.327761 25.594648
v 31.119192 -29.310644 23.788565
v 31.062542 -29.287725 23.830202
v 31.865549 -29.333364 25.627878
v 30.934031 -29.294632 23.926685
v 29.819353 -29.252996 22.309671
v 29.758598 -29.260603 22.453098
v 29.646200 -29.274714 22.720932
v 30.697123 -29.307343 24.106245
v 31.577894 -29.343777 25.690533
v 30.475929 -29.318153 24.314526
v 32.313339 -29.365295 27.648451
v 31.683887 -29.370197 27.435661
v 31.014101 -29.348377 25.498762
v 30.027735 -29.337070 24.768524
v 28.861115 -29.354784 26.275446
v 28.545738 -29.315451 23.932091
v 29.672523 -29.298933 23.397726
v 28.320038 -29.266407 22.369524
v 30.529976 -29.364895 26.862558
v 30.997383 -29.358486 29.709055
v 32.768837 -29.323057 32.838799
v 29.208519 -29.354685 29.405691
v 32.255486 -29.359388 30.022329
v 31.432167 -29.324659 32.759026
v 29.551216 -29.323656 32.681561
v 31.836821 -29.270411 35.463501
v 26.943632 -29.352182 29.303598
v 29.852282 -29.270313 35.461998
v 27.212467 -29.322954 32.655437
v 27.439869 -29.270313 35.461395
v 24.469963 -29.322657 32.654835
v 30.136429 -29.182135 37.996319
v 24.632504 -29.270313 35.461098
v 27.642344 -29.182135 37.995922
v 24.768623 -29.182135 37.995720
v 27.836315 -29.046316 40.533543
v 21.462929 -29.270313 35.460896
v 21.531290 -29.182135 37.995617
v 21.585339 -29.046316 40.533440
v 24.884729 -29.046316 40.533440
v 24.971304 -28.859453 43.015717
v 28.007664 -28.859453 43.015419
v 25.019146 -28.618044 45.383995
v 28.142181 -28.618341 45.382595
v 21.620369 -28.859352 43.016022
v 21.631678 -28.617838 45.384995
v 17.834351 -28.859352 43.016117
v 17.837152 -28.617741 45.385494
v 25.046968 -28.301764 47.627060
v 17.836851 -28.304766 47.630165
v 21.630978 -28.303665 47.629063
v 21.629879 -27.898811 49.736706
v 17.836153 -27.903719 49.738808
v 25.097614 -27.411684 51.672100
v 21.628277 -27.428402 51.676704
v 17.835152 -27.438210 51.680103
v 25.073395 -27.890005 49.733700
v 28.366579 -27.882196 49.729797
v 28.469572 -27.395372 51.666195
v 31.185051 -28.298260 47.621361
v 31.405945 -27.873692 49.725491
v 28.256382 -28.300062 47.624359
v 31.613426 -27.376656 51.659691
v 34.088497 -27.862583 49.721195
v 34.398567 -27.352634 51.653088
v 31.801493 -26.838984 53.390003
v 34.680515 -26.799549 53.379200
v 28.562250 -26.870008 53.400616
v 31.938612 -26.260777 54.898327
v 25.118431 -26.895334 53.410221
v 28.630709 -26.305914 54.927456
v 25.132343 -26.341446 54.952576
v 21.625774 -26.917553 53.417431
v 21.618467 -25.781755 56.342995
v 25.135946 -25.750328 56.303959
v 28.661037 -25.702387 56.241005
v 21.622469 -26.368071 54.969391
v 17.831448 -26.386187 54.980804
v 17.829245 -25.802977 56.366814
v 13.488741 -25.820089 56.384533
v 13.489742 -26.396494 54.989613
v 13.490942 -26.933365 53.427341
v 17.833450 -26.931866 53.422935
v 13.492043 -27.433506 51.682507
v 8.736776 -26.929562 53.430538
v 8.737477 -27.424498 51.684414
v 8.736176 -26.400999 54.995815
v 3.710721 -25.836006 56.402050
v 3.709651 -26.402302 54.999313
v 8.736176 -25.831600 56.396347
v 3.709600 -26.927961 53.432446
v 3.709951 -27.421196 51.686111
v -1.454055 -27.420893 51.686913
v -1.454055 -26.927662 53.433048
v -1.453516 -26.402098 55.000320
v -1.451899 -25.836504 56.403549
v -6.615960 -25.836006 56.402050
v -6.617051 -26.402302 54.999313
v -6.617711 -26.927961 53.432446
v -11.644086 -26.400999 54.995815
v -6.618062 -27.421196 51.686111
v -11.645588 -27.424498 51.684414
v -11.644887 -26.929562 53.430538
v -16.399054 -26.933365 53.427341
v -16.400152 -27.433506 51.682507
v -20.743261 -27.438210 51.680103
v -20.741560 -26.931866 53.422935
v -16.397852 -26.396494 54.989613
v -20.739557 -26.386187 54.980804
v -24.530581 -26.368071 54.969391
v -24.533884 -26.917553 53.417431
v -24.526577 -25.781755 56.342995
v -20.737354 -25.802977 56.366814
v -16.396851 -25.820089 56.384533
v -20.734554 -25.146400 57.581280
v -11.643586 -25.831600 56.396347
v -16.395552 -25.167719 57.614010
v -11.642985 -25.183332 57.635227
v -11.641984 -24.418261 58.716179
v -16.393448 -24.403147 58.679642
v -6.614178 -24.425068 58.737396
v -6.614859 -25.189938 57.646339
v -1.450282 -25.191040 57.649239
v -1.449743 -24.426371 58.744205
v 3.711783 -25.189938 57.646339
v 3.711812 -24.425068 58.737396
v 8.733873 -23.552805 59.606457
v -1.449743 -23.561714 59.650894
v 3.711182 -23.559914 59.639389
v 8.735276 -24.418261 58.716179
v 8.736075 -25.183332 57.635227
v 13.487440 -25.167719 57.614010
v 13.485336 -24.403147 58.679642
v 17.818136 -23.516476 59.476948
v 17.826443 -25.146400 57.581280
v 13.482836 -23.538794 59.553909
v 17.822439 -24.380831 58.624298
v 21.606758 -24.352602 58.546726
v 25.128340 -25.085445 57.464283
v 25.109125 -24.310368 58.433529
v 21.613363 -25.122080 57.536041
v 25.080198 -23.437805 59.223423
v 21.600052 -23.484648 59.371250
v 21.594646 -22.529510 60.006111
v 17.814533 -22.562939 60.120407
v 17.811829 -21.588783 60.578911
v 21.590742 -21.556055 60.465313
v 25.001429 -21.508015 60.306171
v 25.043766 -22.480267 59.845863
v 28.385296 -22.408804 59.619270
v 31.713013 -23.288372 58.778332
v 31.482512 -22.322729 59.346928
v 28.510406 -23.370445 59.020142
v 28.230562 -21.435949 60.071667
v 31.190353 -21.350677 59.787411
v 34.198494 -22.229946 59.049568
v 33.793037 -21.262798 59.479046
v 30.841747 -20.452488 60.101990
v 28.051905 -20.526451 60.380135
v 33.286293 -20.381126 59.802826
v 32.690769 -19.689419 60.039837
v 35.714920 -21.189735 59.219818
v 34.293076 -19.629667 59.818844
v 35.094078 -20.318472 59.552914
v 30.482836 -19.740164 60.311375
v 27.883558 -19.795513 60.572304
v 30.159952 -19.325600 60.436584
v 32.018681 -19.292273 60.209187
v 27.759647 -19.358429 60.675793
v 27.637939 -19.043653 60.731544
v 24.850496 -19.054964 60.936321
v 29.865894 -19.028040 60.511951
v 24.880825 -19.386055 60.887779
v 24.912052 -19.844757 60.791798
v 21.587040 -19.403868 61.033508
v 24.954889 -20.590708 60.609634
v 21.587841 -19.876884 60.939129
v 21.588741 -20.633047 60.763069
v 17.809328 -19.899504 61.054924
v 17.810329 -20.662271 60.877274
v 13.476530 -20.687193 60.989174
v 13.475328 -19.920021 61.179333
v 8.727469 -19.936337 61.288132
v 8.728669 -20.706512 61.083351
v 8.730170 -21.633623 60.753860
v 13.478030 -21.614607 60.676693
v 13.480233 -22.587160 60.208881
v 8.732072 -22.603474 60.273643
v 3.710251 -22.613182 60.316380
v -1.449743 -21.650137 60.825222
v 3.709230 -21.645735 60.805607
v -1.449743 -22.616283 60.332298
v -6.612617 -22.613182 60.316380
v -6.613547 -23.559914 59.639389
v -11.638681 -22.603474 60.273643
v -11.640483 -23.552805 59.606457
v -11.636880 -21.633623 60.753860
v -6.611586 -21.645735 60.805607
v -6.610685 -20.718721 61.144302
v -11.635379 -20.706512 61.083351
v -1.449743 -19.949650 61.380714
v -11.634178 -19.936337 61.288132
v -1.449743 -20.723125 61.166523
v -6.609964 -19.946344 61.356594
v -6.609514 -19.442802 61.466587
v -11.633277 -19.437498 61.394222
v -11.632676 -19.070679 61.445271
v -1.449743 -19.444304 61.492409
v -6.609293 -19.071577 61.519737
v -1.449743 -19.071577 61.547161
v 3.706918 -18.696150 61.561268
v -1.449743 -18.695749 61.590393
v 3.707149 -19.442802 61.466587
v 3.706938 -19.071577 61.519737
v -6.609284 -18.696150 61.561169
v -1.450941 -18.386980 61.621124
v -6.610155 -18.387178 61.590496
v -11.632376 -18.696550 61.485107
v -11.632376 -18.387379 61.512924
v -16.379536 -18.696350 61.373402
v -11.632776 -18.215427 61.528442
v -6.612586 -18.215328 61.606709
v -16.377733 -18.215427 61.419746
v -16.378435 -18.387278 61.403130
v -20.711035 -18.387178 61.277222
v -20.710032 -18.215328 61.294636
v -24.492447 -18.215528 61.167221
v -24.493549 -18.695650 61.122288
v -24.492847 -18.387178 61.151112
v -20.712734 -18.695950 61.245892
v -20.714636 -19.064671 61.203152
v -24.494350 -19.061167 61.082455
v -24.495150 -19.403868 61.033508
v -16.380938 -19.068176 61.331974
v -16.382238 -19.428192 61.280426
v -20.716236 -19.416380 61.151512
v -20.717438 -19.899504 61.054924
v -16.384640 -20.687193 60.989174
v -16.383440 -19.920021 61.179333
v -24.495951 -19.876884 60.939129
v -24.496853 -20.633047 60.763069
v -20.718439 -20.662271 60.877274
v -20.719938 -21.588783 60.578911
v -24.498852 -21.556055 60.465313
v -16.386141 -21.614607 60.676693
v -16.388344 -22.587160 60.208881
v -24.502756 -22.529510 60.006111
v -20.722645 -22.562939 60.120407
v -20.726246 -23.516476 59.476948
v -24.508163 -23.484648 59.371250
v -24.514870 -24.352602 58.546726
v -20.730551 -24.380831 58.624298
v -16.390947 -23.538794 59.553909
v -28.017235 -24.310368 58.433529
v -27.988308 -23.437805 59.223423
v -24.521475 -25.122080 57.536041
v -28.036451 -25.085445 57.464283
v -31.559643 -25.026796 57.351986
v -31.569149 -25.702387 56.241005
v -28.044058 -25.750328 56.303959
v -31.508396 -24.246313 58.271385
v -31.418516 -23.370445 59.020142
v -34.879452 -24.953331 57.218765
v -34.784966 -24.167046 58.079121
v -34.621124 -23.288372 58.778332
v -37.418274 -23.197193 58.515003
v -37.643570 -24.079369 57.875641
v -31.293407 -22.408804 59.619270
v -37.106606 -22.229946 59.049568
v -34.390621 -22.322729 59.346928
v -34.098465 -21.350677 59.787411
v -36.701149 -21.262798 59.479046
v -31.138672 -21.435949 60.071667
v -30.960014 -20.526451 60.380135
v -33.749859 -20.452488 60.101990
v -36.194405 -20.381126 59.802826
v -38.002186 -20.318472 59.552914
v -37.201187 -19.629667 59.818844
v -33.390945 -19.740164 60.311375
v -35.598881 -19.689419 60.039837
v -38.623032 -21.189735 59.219818
v -40.042576 -22.114244 58.664429
v -39.103256 -22.152880 58.798347
v -39.540539 -21.148699 59.082798
v -38.881462 -20.270529 59.422600
v -39.218056 -20.237499 59.365448
v -38.286137 -19.470428 59.666008
v -37.983669 -19.547094 59.709446
v -39.877434 -21.128380 59.021343
v -40.555126 -22.089924 58.570347
v -40.057690 -21.117571 58.988415
v -39.398113 -20.219883 59.334816
v -40.375969 -22.098431 58.603279
v -40.741688 -23.065580 58.120155
v -41.002518 -23.948252 57.581085
v -40.918846 -23.056871 58.090923
v -41.177269 -23.938543 57.560261
v -40.683937 -23.965868 57.619518
v -40.414604 -23.081692 58.174301
v -39.464569 -23.120527 58.292801
v -39.728504 -24.005102 57.707088
v -39.902657 -24.803198 56.976448
v -40.863998 -24.765167 56.923504
v -37.784096 -24.872362 57.084244
v -37.841148 -25.571974 56.093174
v -40.968388 -25.477892 56.009804
v -39.994438 -25.511318 56.036030
v -39.949394 -26.155888 54.846985
v -40.688446 -26.742498 53.366489
v -39.712986 -26.763416 53.370590
v -40.931759 -26.128759 54.837673
v -37.785698 -26.205229 54.869308
v -37.588627 -26.799549 53.379200
v -37.306679 -27.352634 51.653088
v -34.521538 -27.376656 51.659691
v -39.363083 -27.329714 51.647583
v -34.846722 -26.260777 54.898327
v -34.709602 -26.838984 53.390003
v -31.470360 -26.870111 53.400616
v -31.538820 -26.305914 54.927456
v -28.040453 -26.341446 54.952576
v -28.026541 -26.895334 53.410221
v -31.377682 -27.395372 51.666195
v -28.005724 -27.411684 51.672100
v -31.274691 -27.882196 49.729797
v -27.981504 -27.890005 49.733700
v -24.536386 -27.428402 51.676704
v -24.537989 -27.898811 49.736706
v -24.539087 -28.303665 47.629063
v -27.955078 -28.301764 47.627060
v -20.744963 -28.304766 47.630165
v -20.744263 -27.903719 49.738808
v -16.400755 -27.899614 49.739807
v -11.645888 -27.893007 49.741413
v -11.645888 -28.301865 47.631966
v -16.400955 -28.303766 47.630463
v -16.401054 -28.617741 45.385494
v -20.742460 -28.859352 43.016117
v -11.645588 -28.859352 43.016319
v -20.745264 -28.617741 45.385494
v -16.400955 -28.859352 43.016117
v -11.645688 -28.617540 45.386398
v -6.617991 -28.616840 45.389500
v -6.617871 -28.859152 43.017124
v -1.454055 -28.299461 47.639973
v -1.454055 -28.616339 45.391705
v -6.618112 -28.300165 47.636768
v -1.454055 -28.859053 43.017616
v 3.709720 -29.046316 40.533440
v 3.709760 -28.859152 43.017124
v -1.454055 -29.046316 40.533440
v -6.617831 -29.046316 40.533440
v 3.709881 -28.616840 45.389500
v 8.737577 -28.617540 45.386398
v 3.710001 -28.300165 47.636768
v 8.737477 -28.859352 43.016319
v 8.737778 -28.301865 47.631966
v 8.737778 -27.893007 49.741413
v 3.710051 -27.890106 49.744915
v 13.492945 -28.617741 45.385494
v 13.492846 -28.303766 47.630463
v 13.492644 -27.899614 49.739807
v 13.492846 -28.859352 43.016117
v 13.492846 -29.046316 40.533440
v 17.812132 -29.182135 37.995522
v 17.825642 -29.046316 40.533440
v 8.737377 -29.046316 40.533440
v 13.492846 -29.182135 37.995522
v 8.737377 -29.182135 37.995522
v 8.737377 -29.270313 35.460400
v 3.709731 -29.270313 35.459698
v 3.709720 -29.182135 37.995316
v 13.492846 -29.270313 35.460598
v 17.772596 -29.322456 32.654236
v 17.795015 -29.270313 35.460697
v 8.737277 -29.322258 32.653934
v 13.492043 -29.322355 32.654236
v 13.489642 -29.349678 29.301899
v 17.743370 -29.349979 29.301798
v 13.482534 -29.333467 25.932945
v 8.736776 -29.349277 29.301798
v 17.709841 -29.334368 25.932644
v 8.735276 -29.332466 25.933243
v 3.710111 -29.331665 25.933243
v 3.710542 -29.250793 23.077545
v 8.732072 -29.252596 23.077244
v 3.709871 -29.349077 29.301197
v 13.467622 -29.254896 23.076843
v 17.645885 -29.170626 21.016737
v 13.452809 -29.166821 21.017538
v 8.728970 -29.163015 21.017939
v 17.674511 -29.257301 23.076143
v 21.110222 -29.259100 23.075142
v 21.071487 -29.173326 21.015436
v 21.175179 -29.335167 25.932243
v 23.981535 -29.267307 23.161118
v 24.095234 -29.337973 25.954266
v 23.916277 -29.187040 21.166271
v 26.299566 -29.188038 20.736591
v 26.366928 -29.223570 21.621668
v 23.882549 -29.145403 20.212831
v 21.052372 -29.129486 20.038481
v 26.495239 -29.289127 23.421446
v 26.686708 -29.345076 26.020620
v 21.044765 -29.110868 19.685770
v 17.632374 -29.126282 20.038782
v 17.627668 -29.107565 19.684969
v 23.867838 -29.127384 19.862427
v 26.269741 -29.171322 20.390188
v 21.040661 -29.101059 19.499107
v 23.860027 -29.117872 19.676561
v 26.253828 -29.162415 20.205929
v 26.247223 -29.184635 20.128361
v 23.856827 -29.139793 19.598894
v 28.235666 -29.214363 21.084496
v 28.235363 -29.236881 21.011034
v 28.237568 -29.222469 21.257549
v 28.241470 -29.237583 21.581932
v 29.846176 -29.275715 22.248316
v 21.038960 -29.122980 19.421440
v 17.624065 -29.119474 19.420238
v 13.442199 -29.114674 19.419838
v 13.442700 -29.092852 19.497606
v 17.625166 -29.097656 19.498007
v 8.726768 -29.109770 19.419838
v 13.443801 -29.102859 19.684769
v 8.726868 -29.088047 19.497606
v 8.727168 -29.098259 19.684870
v 13.446002 -29.121880 20.039080
v 8.727569 -29.117373 20.039381
v 3.711322 -29.094753 19.684870
v 3.711212 -29.114170 20.039581
v 3.711372 -29.084545 19.497606
v 3.711382 -29.106264 19.419838
v -1.454055 -29.083044 19.497606
v -1.454055 -29.104765 19.419838
v -1.454055 -29.093351 19.684969
v -1.454055 -29.112768 20.039682
v -6.619322 -29.114071 20.039581
v -6.619432 -29.094753 19.684870
v -6.619483 -29.084545 19.497606
v -11.634978 -29.088047 19.497606
v -11.634878 -29.109770 19.419838
v -6.619493 -29.106264 19.419838
v -11.635279 -29.098259 19.684870
v -11.635679 -29.117373 20.039381
v -16.354113 -29.121880 20.039080
v -16.351912 -29.102859 19.684769
v -16.350811 -29.092852 19.497606
v -20.533279 -29.097656 19.498007
v -20.532175 -29.119474 19.420238
v -16.350309 -29.114674 19.419838
v -20.535780 -29.107565 19.684969
v -20.540482 -29.126282 20.038782
v -23.960484 -29.129486 20.038481
v -23.952877 -29.110868 19.685770
v -23.948771 -29.101059 19.499107
v -26.768139 -29.117872 19.676561
v -26.764936 -29.139793 19.598894
v -23.947069 -29.122980 19.421440
v -26.775948 -29.127384 19.862427
v -26.790661 -29.145403 20.212831
v -29.207678 -29.188038 20.736591
v -29.177853 -29.171322 20.390188
v -29.161938 -29.162415 20.205929
v -31.143776 -29.214363 21.084496
v -31.143473 -29.236881 21.011034
v -31.145678 -29.222469 21.257549
v -29.155333 -29.184635 20.128361
v -31.149580 -29.237583 21.581932
v -32.727463 -29.252996 22.309671
v -32.666710 -29.260603 22.453098
v -32.554310 -29.274714 22.720932
v -31.228149 -29.266407 22.369524
v -32.580635 -29.298933 23.397726
v -33.384041 -29.318153 24.314526
v -33.605232 -29.307343 24.106245
v -33.842140 -29.294632 23.926685
v -34.486004 -29.343777 25.690533
v -34.773659 -29.333364 25.627878
v -33.970654 -29.287725 23.830202
v -34.931396 -29.327761 25.594648
v -35.521713 -29.357088 27.675373
v -35.688156 -29.352482 27.690886
v -35.002155 -29.351280 25.580236
v -34.027302 -29.310644 23.788565
v -35.763828 -29.376406 27.697689
v -36.319111 -29.341274 30.206989
v -36.396980 -29.365295 30.215496
v -36.955067 -29.327162 32.886940
v -36.876602 -29.303141 32.884438
v -37.412971 -29.247292 35.464897
v -37.491539 -29.271215 35.465599
v -38.027809 -29.182634 38.000225
v -37.949341 -29.158813 37.998924
v -38.507030 -29.022596 40.537346
v -38.585300 -29.046417 40.539253
v -39.126774 -28.858852 43.023525
v -39.048706 -28.835131 43.020725
v -39.536831 -28.592718 45.389404
v -39.614899 -28.616138 45.393604
v -40.068199 -28.288452 47.633465
v -39.990231 -28.265333 47.627762
v -40.427513 -27.823048 49.720394
v -40.505585 -27.845968 49.726696
v -40.911938 -27.321304 51.648380
v -40.833469 -27.298885 51.641174
v -41.193089 -26.725685 53.364189
v -41.272053 -26.747202 53.373093
v -41.506657 -26.128559 54.844986
v -41.427090 -26.108643 54.834274
v -41.456314 -25.452768 55.996086
v -41.536484 -25.470085 56.007900
v -41.430592 -24.750954 56.902885
v -41.349922 -24.736643 56.891075
v -41.257744 -23.950155 57.570869
v -40.999016 -23.065781 58.100342
v -40.635094 -22.096230 58.579853
v -40.137562 -21.120472 58.998928
v -39.477982 -20.217882 59.346928
v -38.520844 -19.413877 59.658405
v -38.448280 -19.428591 59.642788
v -37.080177 -18.775520 59.945652
v -37.130924 -18.734184 59.967976
v -35.521511 -18.272678 60.248222
v -35.501495 -18.336735 60.219093
v -33.920010 -18.188805 60.439190
v -33.906097 -18.122948 60.471813
v -32.156563 -18.128653 60.668789
v -32.190693 -18.190506 60.635059
v -30.168520 -18.201015 60.835636
v -30.144699 -18.133656 60.868961
v -27.660322 -18.137058 61.052727
v -27.665228 -18.212027 61.020096
v -24.493448 -18.138161 61.200348
v -20.710533 -18.138060 61.328369
v -16.378134 -18.138060 61.453175
v -11.633677 -18.138060 61.561371
v -6.614459 -18.137960 61.640041
v -1.456934 -18.137859 61.671867
v 3.703835 -18.215328 61.606709
v -1.454537 -18.215229 61.638237
v 3.702514 -18.137960 61.640041
v 8.724566 -18.138060 61.561371
v 8.724566 -18.215427 61.528442
v 13.470023 -18.138060 61.453175
v 13.469623 -18.215427 61.419746
v 17.801922 -18.215328 61.294636
v 17.802422 -18.138060 61.328369
v 17.802923 -18.387178 61.277222
v 8.725266 -18.387379 61.512924
v 13.470325 -18.387278 61.403130
v 13.471425 -18.696350 61.373402
v 8.725667 -18.696550 61.485107
v 8.726068 -19.070679 61.445271
v 13.472827 -19.068176 61.331974
v 17.806524 -19.064671 61.203152
v 17.804623 -18.695950 61.245892
v 21.585438 -18.695650 61.122288
v 21.584738 -18.387178 61.151112
v 21.586239 -19.061167 61.082455
v 24.810461 -18.691545 60.975956
v 24.774632 -18.381874 61.004478
v 21.584337 -18.215528 61.167221
v 24.757118 -18.212027 61.020096
v 27.260410 -18.201015 60.835636
v 27.331671 -18.365561 60.816921
v 27.476400 -18.679535 60.780384
v 29.593254 -18.666624 60.571999
v 29.384672 -18.350948 60.614044
v 31.062841 -18.350748 60.421669
v 31.171139 -18.659718 60.387341
v 29.282581 -18.190506 60.635059
v 31.011898 -18.188805 60.439190
v 32.593384 -18.336735 60.219093
v 32.613400 -18.272678 60.248222
v 29.248451 -18.128653 60.668789
v 32.557953 -18.484564 60.211086
v 30.997988 -18.122948 60.471813
v 33.857693 -19.045856 59.968876
v 32.497002 -18.754402 60.196274
v 34.172066 -18.775520 59.945652
v 34.061874 -18.872004 59.953556
v 35.378029 -19.470428 59.666008
v 35.075558 -19.547094 59.709446
v 35.973351 -20.270529 59.422600
v 35.540169 -19.428591 59.642788
v 36.490002 -20.219883 59.334816
v 36.309944 -20.237499 59.365448
v 36.969322 -21.128380 59.021343
v 37.647015 -22.089924 58.570347
v 37.149578 -21.117571 58.988415
v 37.467857 -22.098431 58.603279
v 37.134468 -22.114244 58.664429
v 36.632427 -21.148699 59.082798
v 36.195141 -22.152880 58.798347
v 37.833576 -23.065580 58.120155
v 37.506489 -23.081692 58.174301
v 36.556461 -23.120527 58.292801
v 37.775826 -23.965868 57.619518
v 36.820393 -24.005102 57.707088
v 34.735462 -24.079369 57.875641
v 34.510166 -23.197193 58.515003
v 34.875988 -24.872362 57.084244
v 31.971340 -24.953331 57.218765
v 36.994541 -24.803198 56.976448
v 31.876856 -24.167046 58.079121
v 28.600285 -24.246313 58.271385
v 28.651531 -25.026796 57.351986
v 38.060276 -25.477892 56.009804
v 37.955887 -24.765167 56.923504
v 37.086323 -25.511318 56.036030
v 34.933037 -25.571974 56.093174
v 37.041283 -26.155888 54.846985
v 34.877586 -26.205229 54.869308
v 31.993559 -25.641731 56.166542
v 38.023647 -26.128759 54.837673
v 36.804874 -26.763416 53.370590
v 37.780334 -26.742498 53.366489
v 37.413010 -27.314001 51.644173
v 36.454971 -27.329714 51.647583
v 38.343323 -26.115749 54.835476
v 38.107018 -26.731689 53.364983
v 37.745399 -27.304193 51.642269
v 38.284977 -26.725685 53.364189
v 37.004051 -27.838158 49.718487
v 37.925362 -27.298885 51.641174
v 37.519402 -27.823048 49.720394
v 37.338646 -27.828352 49.719791
v 36.901360 -28.270737 47.625458
v 37.082123 -28.265333 47.627762
v 36.628723 -28.592718 45.389404
v 36.448265 -28.597824 45.387199
v 36.114372 -28.607330 45.383194
v 36.566769 -28.280745 47.621056
v 35.658974 -28.290653 47.617752
v 33.418407 -28.618841 45.379692
v 35.235100 -28.616041 45.379791
v 36.069332 -27.850370 49.718391
v 33.758907 -28.295858 47.618454
v 34.780304 -28.856951 43.015320
v 35.628342 -28.848743 43.017223
v 34.277363 -29.043613 40.534645
v 32.649532 -29.046316 40.534046
v 33.053288 -28.859652 43.014820
v 30.708532 -28.859552 43.015121
v 30.428488 -29.046316 40.533741
v 30.956650 -28.618540 45.381096
v 32.234871 -29.182135 37.997021
v 33.760509 -29.179533 37.997822
v 33.264072 -29.267811 35.464897
v 35.960636 -28.839935 43.019524
v 36.140594 -28.835131 43.020725
v 36.218666 -28.858852 43.023525
v 35.677189 -29.046417 40.539253
v 36.706791 -28.616138 45.393604
v 37.160088 -28.288452 47.633465
v 37.597473 -27.845968 49.726696
v 38.003830 -27.321304 51.648380
v 38.363941 -26.747202 53.373093
v 38.598549 -26.128559 54.844986
v 38.548206 -25.452768 55.996086
v 38.518982 -26.108643 54.834274
v 38.628372 -25.470085 56.007900
v 38.522484 -24.750954 56.902885
v 38.269157 -23.938543 57.560261
v 38.441811 -24.736643 56.891075
v 38.349632 -23.950155 57.570869
v 38.090908 -23.065781 58.100342
v 38.010735 -23.056871 58.090923
v 37.726982 -22.096230 58.579853
v 37.229450 -21.120472 58.998928
v 36.569870 -20.217882 59.346928
v 35.612732 -19.413877 59.658405
v 34.222816 -18.734184 59.967976
v 38.268658 -24.746750 56.902588
v 38.374454 -25.461678 56.000999
v 38.094410 -23.948252 57.581085
v 32.426239 -18.990107 60.184364
v 33.272278 -19.213802 60.038437
v 31.451584 -19.009123 60.321484
v 27.236589 -18.133656 60.868961
v 24.752213 -18.137058 61.052727
v 21.585339 -18.138161 61.200348
v 13.474127 -19.428192 61.280426
v 17.808126 -19.416380 61.151512
v 8.726668 -19.437498 61.394222
v 3.706198 -18.387178 61.590496
v -27.682741 -18.381874 61.004581
v -30.384510 -18.679535 60.780384
v -30.239780 -18.365561 60.816921
v -27.718573 -18.691545 60.975956
v -27.758608 -19.054964 60.936321
v -30.546051 -19.043653 60.731544
v -27.788937 -19.386055 60.887779
v -30.667759 -19.358429 60.675793
v -27.820164 -19.844757 60.791695
v -30.791668 -19.795513 60.572304
v -32.774006 -19.028040 60.511951
v -33.068062 -19.325600 60.436584
v -34.926792 -19.292273 60.209187
v -34.359695 -19.009123 60.321484
v -36.180389 -19.213802 60.038437
v -35.334351 -18.990107 60.184364
v -36.765804 -19.045856 59.968876
v -35.405113 -18.754402 60.196274
v -34.079250 -18.659718 60.387341
v -32.501366 -18.666624 60.571999
v -32.292782 -18.350948 60.614044
v -33.970951 -18.350748 60.421669
v -35.466064 -18.484564 60.211086
v -36.969982 -18.872004 59.953556
v -27.862999 -20.590708 60.609634
v -27.909540 -21.508015 60.306171
v -27.951878 -22.480267 59.845863
v -41.176769 -24.746750 56.902588
v -41.282562 -25.461678 56.000999
v -41.251434 -26.115749 54.835476
v -41.015129 -26.731689 53.364983
v -40.653511 -27.304193 51.642269
v -39.912163 -27.838158 49.718487
v -40.321117 -27.314001 51.644173
v -40.246758 -27.828352 49.719791
v -39.809471 -28.270737 47.625458
v -39.356373 -28.597824 45.387199
v -39.022484 -28.607330 45.383194
v -39.474880 -28.280745 47.621056
v -38.567081 -28.290653 47.617752
v -38.143211 -28.616041 45.379791
v -36.326519 -28.618841 45.379692
v -36.996609 -27.862583 49.721195
v -38.977444 -27.850370 49.718391
v -36.667019 -28.295858 47.618454
v -34.093163 -28.298260 47.621361
v -33.864761 -28.618540 45.381096
v -31.050293 -28.618341 45.382595
v -34.314056 -27.873692 49.725491
v -31.164494 -28.300062 47.624359
v -27.927256 -28.618044 45.383995
v -33.616642 -28.859552 43.015121
v -30.915775 -28.859453 43.015419
v -27.879414 -28.859453 43.015717
v -30.744425 -29.046316 40.533543
v -27.792841 -29.046316 40.533440
v -24.528481 -28.859352 43.016022
v -24.493448 -29.046316 40.533440
v -24.539789 -28.617838 45.384995
v -24.439402 -29.182135 37.995617
v -27.676735 -29.182135 37.995720
v -20.720242 -29.182135 37.995522
v -20.733753 -29.046316 40.533440
v -16.400955 -29.046316 40.533440
v -16.400955 -29.182135 37.995522
v -11.645488 -29.046316 40.533440
v -11.645488 -29.182135 37.995522
v -6.617841 -29.270313 35.459698
v -6.617831 -29.182135 37.995316
v -11.645488 -29.270313 35.460400
v -16.400955 -29.270313 35.460598
v -16.400152 -29.322355 32.654236
v -20.680706 -29.322456 32.654236
v -11.645388 -29.322258 32.653934
v -20.703127 -29.270313 35.460697
v -24.371040 -29.270313 35.460896
v -27.540615 -29.270313 35.461098
v -24.285769 -29.322456 32.654438
v -27.378073 -29.322657 32.654835
v -30.120579 -29.322954 32.655437
v -29.851744 -29.352182 29.303598
v -27.182602 -29.350782 29.302401
v -30.347980 -29.270313 35.461395
v -24.181076 -29.350180 29.301798
v -20.651482 -29.349979 29.301798
v -24.083290 -29.335167 25.932243
v -20.617950 -29.334368 25.932644
v -27.003344 -29.337973 25.954163
v -29.594818 -29.345179 26.020620
v -29.403351 -29.289127 23.421446
v -26.889647 -29.267307 23.161118
v -24.018332 -29.259100 23.075142
v -20.553995 -29.170626 21.016737
v -23.979599 -29.173326 21.015436
v -20.582621 -29.257301 23.076143
v -26.824389 -29.187040 21.166271
v -29.275038 -29.223570 21.621668
v -16.375732 -29.254896 23.076843
v -11.640182 -29.252596 23.077244
v -11.637080 -29.163015 21.017939
v -11.643387 -29.332466 25.933243
v -16.360920 -29.166821 21.017538
v -16.390646 -29.333467 25.932945
v -16.397753 -29.349678 29.301899
v -11.644887 -29.349277 29.301798
v -6.617981 -29.349077 29.301197
v -1.454055 -29.331364 25.933243
v -6.617881 -29.322155 32.652935
v -1.454055 -29.322155 32.652134
v -1.454055 -29.348980 29.300798
v -6.618222 -29.331665 25.933243
v -6.618652 -29.250793 23.077545
v -6.619092 -29.160215 21.018339
v -1.454055 -29.249992 23.077745
v -1.454055 -29.159113 21.018440
v 3.710982 -29.160215 21.018339
v 3.709770 -29.322155 32.652935
v -1.454055 -29.270313 35.459198
v -1.454055 -29.182135 37.995220
v -31.769224 -29.354784 26.275446
v -31.453848 -29.315451 23.932091
v -32.935844 -29.337070 24.768524
v -33.438087 -29.364895 26.862558
v -33.922211 -29.348377 25.498762
v -34.591999 -29.370197 27.435661
v -35.836388 -29.353382 30.154243
v -35.221447 -29.365295 27.648451
v -33.905495 -29.358486 29.709055
v -35.163597 -29.359388 30.022329
v -35.676949 -29.323057 32.838799
v -34.744930 -29.270411 35.463501
v -36.382767 -29.315851 32.871929
v -36.912434 -29.260204 35.465199
v -36.172184 -29.267811 35.464897
v -34.340279 -29.324659 32.759026
v -32.459328 -29.323656 32.681561
v -32.116631 -29.354685 29.405691
v -32.760391 -29.270313 35.461998
v -33.044540 -29.182135 37.996319
v -35.142979 -29.182135 37.997021
v -35.557644 -29.046316 40.534046
v -33.336597 -29.046316 40.533741
v -30.550453 -29.182135 37.995922
v -37.688412 -28.856951 43.015320
v -35.961399 -28.859652 43.014820
v -36.668617 -29.179533 37.997822
v -37.185474 -29.043613 40.534645
v -37.998184 -29.035807 40.535744
v -37.444500 -29.171726 37.998421
v -37.771286 -29.163319 37.998718
v -38.536453 -28.848743 43.017223
v -38.868748 -28.839935 43.019524
v -38.327976 -29.027199 40.536747
v -37.235916 -29.251896 35.465000
v -36.701447 -29.307644 32.879932
v -36.147163 -29.345575 30.188076
v -32.754288 -29.275715 22.248316
v 24.274492 -29.350782 29.302401
v 21.272964 -29.350180 29.301798
v 21.377657 -29.322456 32.654438
v -1.454055 -27.889603 49.747215
v -6.618162 -27.890106 49.744915
v -34.901669 -25.641731 56.166542
v 3.707599 -19.946344 61.356594
v 3.708319 -20.718721 61.144302
v 32.928280 -29.353382 30.154243
v 33.474659 -29.315851 32.871929
vn 0.0241 -0.6084 0.7932
vn 0.0271 -0.5422 0.8398
vn 0.0250 -0.6572 0.7533
vn 0.0286 -0.4244 0.9050
vn 0.0352 -0.5048 0.8625
vn 0.0252 -0.7129 0.7008
vn 0.0210 -0.7321 0.6809
vn 0.0242 -0.3161 0.9484
vn 0.0233 -0.3777 0.9257
vn 0.0221 -0.4228 0.9059
vn 0.0227 -0.6421 0.7663
vn 0.0200 -0.2526 0.9674
vn 0.0166 -0.2777 0.9605
vn 0.0193 -0.2177 0.9758
vn 0.0164 -0.3004 0.9537
vn 0.0168 -0.3235 0.9461
vn 0.0196 -0.2869 0.9578
vn 0.0194 -0.3217 0.9466
vn 0.0195 -0.4644 0.8854
vn 0.0195 -0.3554 0.9345
vn 0.0220 -0.4531 0.8912
vn 0.0167 -0.3779 0.9257
vn 0.0163 -0.3496 0.9368
vn 0.0195 -0.6471 0.7622
vn 0.0177 -0.7242 0.6893
vn 0.0174 -0.6843 0.7290
vn 0.0184 -0.6229 0.7821
vn 0.0120 -0.5579 0.8298
vn 0.0086 -0.5995 0.8003
vn 0.0156 -0.4534 0.8912
vn -0.0000 -0.4422 0.8969
vn -0.0000 -0.5125 0.8587
vn -0.0000 -0.5433 0.8396
vn -0.0086 -0.5995 0.8003
vn -0.0120 -0.5579 0.8298
vn -0.0184 -0.6229 0.7821
vn -0.0195 -0.4644 0.8854
vn -0.0174 -0.6843 0.7290
vn -0.0156 -0.4534 0.8912
vn -0.0177 -0.7242 0.6893
vn -0.0195 -0.6471 0.7622
vn -0.0221 -0.4228 0.9059
vn -0.0220 -0.4531 0.8912
vn -0.0227 -0.6421 0.7663
vn -0.0210 -0.7321 0.6809
vn -0.0194 -0.3217 0.9466
vn -0.0195 -0.3554 0.9345
vn -0.0167 -0.3779 0.9257
vn -0.0168 -0.3235 0.9461
vn -0.0163 -0.3496 0.9368
vn -0.0196 -0.2869 0.9578
vn -0.0138 -0.4270 0.9042
vn -0.0137 -0.4470 0.8944
vn -0.0102 -0.4673 0.8841
vn -0.0121 -0.4078 0.9130
vn -0.0140 -0.3851 0.9228
vn -0.0000 -0.4222 0.9065
vn -0.0000 -0.3997 0.9166
vn -0.0000 -0.4779 0.8784
vn 0.0102 -0.4673 0.8841
vn 0.0121 -0.4078 0.9130
vn 0.0140 -0.3851 0.9228
vn -0.0000 -0.5421 0.8403
vn 0.0059 -0.5892 0.8079
vn 0.0083 -0.5328 0.8462
vn -0.0083 -0.5328 0.8462
vn -0.0059 -0.5892 0.8079
vn -0.0000 -0.5995 0.8004
vn -0.0000 -0.6417 0.7670
vn -0.0000 -0.6820 0.7314
vn 0.0023 -0.6781 0.7349
vn 0.0034 -0.6354 0.7722
vn -0.0023 -0.6781 0.7349
vn -0.0034 -0.6354 0.7722
vn -0.0052 -0.6217 0.7832
vn -0.0046 -0.6085 0.7935
vn -0.0031 -0.6640 0.7477
vn -0.0079 -0.5505 0.8348
vn -0.0078 -0.5698 0.8217
vn -0.0027 -0.6710 0.7415
vn -0.0016 -0.7122 0.7020
vn -0.0017 -0.7163 0.6978
vn -0.0017 -0.7084 0.7058
vn -0.0052 -0.5961 0.8029
vn -0.0027 -0.6576 0.7534
vn -0.0007 -0.7533 0.6576
vn -0.0009 -0.7557 0.6549
vn -0.0009 -0.7513 0.6600
vn -0.0031 -0.6517 0.7584
vn -0.0016 -0.7050 0.7092
vn -0.0007 -0.7582 0.6520
vn -0.0003 -0.7934 0.6087
vn -0.0002 -0.7944 0.6074
vn -0.0003 -0.7955 0.6059
vn -0.0001 -0.8460 0.5332
vn -0.0000 -0.8462 0.5329
vn -0.0001 -0.8464 0.5325
vn -0.0001 -0.7967 0.6044
vn -0.0006 -0.7608 0.6490
vn -0.0000 -0.7972 0.6037
vn -0.0000 -0.8465 0.5323
vn 0.0001 -0.8464 0.5325
vn 0.0001 -0.7967 0.6044
vn 0.0006 -0.7608 0.6490
vn -0.0000 -0.7623 0.6473
vn -0.0000 -0.7226 0.6912
vn 0.0012 -0.7206 0.6934
vn -0.0012 -0.7206 0.6934
vn 0.0017 -0.7163 0.6978
vn 0.0007 -0.7582 0.6520
vn 0.0009 -0.7557 0.6549
vn 0.0027 -0.6710 0.7415
vn 0.0031 -0.6640 0.7477
vn 0.0016 -0.7122 0.7020
vn 0.0046 -0.6085 0.7935
vn 0.0052 -0.6217 0.7832
vn 0.0052 -0.5961 0.8029
vn 0.0027 -0.6576 0.7534
vn 0.0017 -0.7084 0.7058
vn 0.0007 -0.7533 0.6576
vn 0.0009 -0.7513 0.6600
vn 0.0031 -0.6517 0.7584
vn 0.0016 -0.7050 0.7092
vn 0.0046 -0.5849 0.8111
vn 0.0027 -0.6454 0.7639
vn 0.0052 -0.5727 0.8198
vn 0.0017 -0.7013 0.7129
vn 0.0080 -0.5155 0.8569
vn 0.0113 -0.4570 0.8894
vn 0.0109 -0.4741 0.8804
vn 0.0109 -0.4383 0.8988
vn 0.0078 -0.4972 0.8676
vn 0.0079 -0.5321 0.8467
vn 0.0079 -0.5505 0.8348
vn 0.0107 -0.5125 0.8586
vn 0.0078 -0.5698 0.8217
vn 0.0112 -0.4928 0.8701
vn 0.0138 -0.4270 0.9042
vn 0.0138 -0.4081 0.9128
vn 0.0137 -0.4470 0.8944
vn 0.0138 -0.3909 0.9203
vn 0.0138 -0.3730 0.9277
vn 0.0138 -0.3512 0.9362
vn 0.0113 -0.4147 0.9099
vn 0.0093 -0.4010 0.9160
vn 0.0138 -0.3533 0.9354
vn 0.0162 -0.2528 0.9674
vn 0.0146 -0.2729 0.9619
vn 0.0197 -0.1792 0.9836
vn 0.0191 -0.1587 0.9872
vn 0.0195 -0.1316 0.9911
vn 0.0234 -0.2466 0.9688
vn 0.0304 -0.1654 0.9858
vn 0.0292 -0.4212 0.9065
vn 0.0080 -0.4735 0.8808
vn 0.0078 -0.4627 0.8865
vn 0.0045 -0.5556 0.8314
vn 0.0046 -0.5570 0.8305
vn 0.0031 -0.6372 0.7707
vn 0.0027 -0.6347 0.7728
vn 0.0016 -0.6940 0.7199
vn 0.0009 -0.7460 0.6660
vn 0.0007 -0.7433 0.6690
vn 0.0016 -0.6964 0.7176
vn 0.0003 -0.7915 0.6111
vn 0.0002 -0.7903 0.6128
vn 0.0007 -0.7490 0.6626
vn 0.0004 -0.7876 0.6161
vn 0.0001 -0.8452 0.5345
vn -0.0000 -0.8407 0.5414
vn -0.0000 -0.9051 0.4252
vn -0.0000 -0.8454 0.5341
vn -0.0000 -0.9014 0.4330
vn 0.0001 -0.8456 0.5338
vn 0.0002 -0.7925 0.6098
vn 0.0003 -0.7934 0.6087
vn -0.0000 -0.8458 0.5335
vn -0.0000 -0.9477 0.3193
vn 0.0001 -0.8460 0.5332
vn -0.0000 -0.9764 0.2158
vn -0.0000 -0.9916 0.1294
vn -0.0000 -0.9966 0.0822
vn -0.0000 -0.9982 0.0599
vn -0.0000 -0.9987 0.0516
vn -0.0000 -0.9990 0.0458
vn -0.0000 -0.9995 0.0331
vn -0.0000 -0.9987 0.0518
vn -0.0000 -0.9989 0.0464
vn -0.0000 -0.9994 0.0341
vn -0.0000 -0.9998 0.0186
vn -0.0000 -0.9998 0.0195
vn -0.0000 -1.0000 0.0041
vn -0.0000 -1.0000 0.0025
vn -0.0000 -0.9998 -0.0206
vn -0.0000 -0.9998 -0.0207
vn 0.0001 -0.9998 -0.0210
vn 0.0003 -0.9985 -0.0548
vn 0.0003 -0.9988 -0.0492
vn -0.0000 -0.9998 -0.0177
vn 0.0003 -0.9984 -0.0557
vn 0.0009 -0.9961 -0.0887
vn 0.0011 -0.9964 -0.0844
vn 0.0011 -0.9949 -0.1011
vn 0.0013 -0.9951 -0.0992
vn 0.0004 -0.9951 -0.0987
vn 0.0005 -0.9962 -0.0870
vn -0.0000 -0.9962 -0.0866
vn -0.0002 -0.9951 -0.0989
vn -0.0000 -0.9985 -0.0543
vn -0.0001 -0.9985 -0.0544
vn -0.0005 -0.9950 -0.0995
vn -0.0002 -0.9962 -0.0869
vn -0.0003 -0.9962 -0.0875
vn -0.0000 -0.9985 -0.0546
vn -0.0006 -0.9950 -0.1003
vn -0.0001 -0.9985 -0.0548
vn -0.0002 -0.9961 -0.0882
vn -0.0005 -0.9949 -0.1013
vn -0.0002 -0.9961 -0.0887
vn -0.0005 -0.9948 -0.1021
vn -0.0007 -0.9949 -0.1012
vn -0.0004 -0.9948 -0.1021
vn -0.0008 -0.9949 -0.1012
vn -0.0000 -0.9985 -0.0550
vn -0.0000 -0.9960 -0.0890
vn -0.0000 -0.9947 -0.1025
vn -0.0002 -0.9948 -0.1021
vn -0.0003 -0.9947 -0.1025
vn 0.0003 -0.9947 -0.1025
vn 0.0002 -0.9961 -0.0887
vn 0.0004 -0.9948 -0.1021
vn 0.0002 -0.9948 -0.1021
vn 0.0003 -0.9947 -0.1026
vn 0.0009 -0.9948 -0.1020
vn 0.0007 -0.9949 -0.1012
vn 0.0005 -0.9948 -0.1021
vn 0.0005 -0.9949 -0.1013
vn 0.0002 -0.9961 -0.0882
vn 0.0003 -0.9962 -0.0875
vn 0.0006 -0.9950 -0.1003
vn 0.0008 -0.9949 -0.1012
vn 0.0009 -0.9950 -0.1003
vn 0.0007 -0.9950 -0.0994
vn 0.0003 -0.9952 -0.0976
vn -0.0001 -0.9951 -0.0992
vn 0.0003 -0.9954 -0.0963
vn 0.0008 -0.9951 -0.0985
vn 0.0005 -0.9951 -0.0988
vn 0.0009 -0.9951 -0.0985
vn -0.0004 -0.9951 -0.0987
vn 0.0002 -0.9951 -0.0989
vn 0.0005 -0.9950 -0.0995
vn -0.0005 -0.9962 -0.0870
vn -0.0003 -0.9985 -0.0548
vn 0.0002 -0.9962 -0.0869
vn 0.0001 -0.9985 -0.0544
vn -0.0000 -0.9964 0.0843
vn -0.0000 -0.9981 0.0609
vn -0.0001 -0.9998 -0.0210
vn -0.0003 -0.9988 -0.0492
vn -0.0011 -0.9964 -0.0844
vn -0.0009 -0.9961 -0.0887
vn -0.0003 -0.9984 -0.0557
vn -0.0013 -0.9951 -0.0992
vn -0.0011 -0.9949 -0.1011
vn -0.0005 -0.9956 -0.0932
vn -0.0010 -0.9956 -0.0934
vn -0.0008 -0.9962 -0.0874
vn 0.0008 -0.9961 -0.0882
vn 0.0009 -0.9961 -0.0880
vn -0.0001 -0.9952 -0.0974
vn -0.0005 -0.9953 -0.0972
vn -0.0000 -0.9910 0.1336
vn -0.0000 -0.9748 0.2230
vn -0.0000 -0.9454 0.3260
vn -0.0001 -0.8452 0.5345
vn -0.0001 -0.8456 0.5338
vn -0.0004 -0.7876 0.6161
vn -0.0002 -0.7903 0.6128
vn -0.0003 -0.7915 0.6111
vn -0.0009 -0.7460 0.6660
vn -0.0002 -0.7925 0.6098
vn -0.0007 -0.7490 0.6626
vn -0.0017 -0.7013 0.7129
vn -0.0016 -0.6964 0.7176
vn -0.0031 -0.6372 0.7707
vn -0.0027 -0.6454 0.7639
vn -0.0052 -0.5727 0.8198
vn -0.0046 -0.5570 0.8305
vn -0.0080 -0.4735 0.8808
vn -0.0078 -0.4972 0.8676
vn -0.0080 -0.5155 0.8569
vn -0.0046 -0.5849 0.8111
vn -0.0109 -0.4383 0.8988
vn -0.0113 -0.4570 0.8894
vn -0.0079 -0.5321 0.8467
vn -0.0109 -0.4741 0.8804
vn -0.0138 -0.4081 0.9128
vn -0.0138 -0.3909 0.9203
vn -0.0112 -0.4928 0.8701
vn -0.0138 -0.3730 0.9277
vn -0.0164 -0.3004 0.9537
vn -0.0166 -0.2777 0.9605
vn -0.0138 -0.3512 0.9362
vn -0.0113 -0.4147 0.9099
vn -0.0146 -0.2729 0.9619
vn -0.0138 -0.3533 0.9354
vn -0.0162 -0.2528 0.9674
vn -0.0093 -0.4010 0.9160
vn -0.0197 -0.1792 0.9836
vn -0.0242 -0.3159 0.9485
vn -0.0234 -0.2466 0.9688
vn -0.0193 -0.2177 0.9758
vn -0.0195 -0.1316 0.9911
vn -0.0191 -0.1586 0.9872
vn -0.0200 -0.2526 0.9674
vn -0.0233 -0.3776 0.9257
vn -0.0241 -0.6084 0.7932
vn -0.0271 -0.5423 0.8398
vn -0.0250 -0.6577 0.7529
vn -0.0252 -0.7129 0.7008
vn -0.0286 -0.4244 0.9050
vn -0.0352 -0.5048 0.8625
vn -0.0292 -0.4211 0.9065
vn -0.0304 -0.1654 0.9858
vn -0.0078 -0.4627 0.8865
vn -0.0045 -0.5556 0.8314
vn -0.0027 -0.6347 0.7728
vn -0.0016 -0.6940 0.7199
vn -0.0007 -0.7433 0.6690
vn -0.0107 -0.5126 0.8586
vn 0.0003 -0.7955 0.6059
vn 0.0002 -0.7944 0.6074
vn 0.0001 -0.9985 -0.0548
vn -0.0003 -0.9947 -0.1026
vn -0.0009 -0.9948 -0.1020
vn -0.0009 -0.9950 -0.1003
vn -0.0007 -0.9950 -0.0994
vn -0.0009 -0.9951 -0.0985
vn -0.0003 -0.9954 -0.0963
vn -0.0003 -0.9952 -0.0976
vn -0.0005 -0.9951 -0.0988
vn 0.0001 -0.9951 -0.0992
vn -0.0008 -0.9951 -0.0985
vn -0.0002 -0.9954 -0.0962
vn -0.0008 -0.9961 -0.0882
vn 0.0005 -0.9956 -0.0932
vn 0.0006 -0.9953 -0.0972
vn 0.0008 -0.9962 -0.0874
vn 0.0010 -0.9956 -0.0934
vn 0.0001 -0.9952 -0.0974
vn -0.8220 -0.0000 0.5694
vn -0.6496 -0.0000 0.7603
vn -0.6565 -0.0000 0.7543
vn -0.8294 -0.0000 0.5587
vn -0.8364 -0.0000 0.5482
vn -0.6631 -0.0000 0.7485
vn -0.4431 -0.0000 0.8965
vn -0.4389 -0.0000 0.8985
vn -0.4345 -0.0000 0.9007
vn -0.9965 -0.0000 0.0838
vn -0.9976 -0.0000 0.0692
vn -0.9815 -0.0000 -0.1914
vn -0.9839 -0.0000 -0.1787
vn -0.9035 -0.0000 -0.4286
vn -0.8985 -0.0000 -0.4389
vn -0.8934 -0.0000 -0.4493
vn -0.9790 -0.0000 -0.2041
vn -0.9985 -0.0000 0.0544
vn -0.9457 -0.0000 0.3250
vn -0.9409 -0.0000 0.3386
vn -0.9502 -0.0000 0.3115
vn -0.7543 -0.0000 -0.6565
vn -0.7603 -0.0000 -0.6496
vn -0.5650 -0.0000 -0.8251
vn -0.5587 -0.0000 -0.8293
vn -0.5523 -0.0000 -0.8336
vn -0.7483 -0.0000 -0.6634
vn -0.3250 -0.0000 -0.9457
vn -0.3302 -0.0000 -0.9439
vn -0.0726 -0.0000 -0.9974
vn -0.0692 -0.0000 -0.9976
vn -0.0657 -0.0000 -0.9978
vn -0.3197 -0.0000 -0.9475
vn 0.0632 -0.0000 0.9980
vn 0.0692 -0.0000 0.9976
vn -0.1914 -0.0000 0.9815
vn -0.1917 -0.0000 0.9815
vn -0.1910 -0.0000 0.9816
vn 0.0750 -0.0000 0.9972
vn 0.1914 -0.0000 -0.9815
vn 0.1904 -0.0000 -0.9817
vn 0.3157 -0.0000 -0.9489
vn 0.1923 -0.0000 -0.9813
vn 0.5464 -0.0000 0.8375
vn 0.5587 -0.0000 0.8294
vn 0.3250 -0.0000 0.9457
vn 0.3149 -0.0000 0.9491
vn 0.3348 -0.0000 0.9423
vn 0.5707 -0.0000 0.8212
vn 0.5543 -0.0000 -0.8323
vn 0.6565 -0.0000 -0.7543
vn 0.6590 -0.0000 -0.7522
vn 0.8326 -0.0000 -0.5539
vn 0.8294 -0.0000 -0.5587
vn 0.8261 -0.0000 -0.5636
vn 0.6539 -0.0000 -0.7566
vn 0.8915 -0.0000 0.4531
vn 0.8986 -0.0000 0.4389
vn 0.7543 -0.0000 0.6565
vn 0.7438 -0.0000 0.6684
vn 0.7647 -0.0000 0.6444
vn 0.9055 -0.0000 0.4243
vn 0.9457 -0.0000 -0.3250
vn 0.9483 -0.0000 -0.3175
vn 0.9983 -0.0000 -0.0581
vn 0.9976 -0.0000 -0.0692
vn 0.9968 -0.0000 -0.0805
vn 0.9430 -0.0000 -0.3327
vn 0.9815 -0.0000 0.1914
vn 0.9789 -0.0000 0.2045
vn 0.9840 -0.0000 0.1780
vn 0.0554 -0.9137 -0.4025
vn 0.0896 -0.9156 -0.3920
vn 0.0658 -0.9282 -0.3662
vn 0.1236 -0.9140 -0.3864
vn 0.0374 -0.9264 -0.3746
vn 0.0480 -0.9404 -0.3366
vn 0.0373 -0.9379 -0.3448
vn 0.0713 -0.9393 -0.3356
vn 0.0973 -0.9282 -0.3593
vn 0.1296 -0.9247 -0.3581
vn 0.0431 -0.9490 -0.3123
vn 0.0536 -0.9482 -0.3131
vn 0.1085 -0.9364 -0.3338
vn 0.0932 -0.9467 -0.3083
vn 0.0501 -0.9549 -0.2926
vn 0.0776 -0.9575 -0.2778
vn 0.0542 -0.9576 -0.2829
vn 0.0815 -0.9549 -0.2856
vn 0.0383 -0.9549 -0.2945
vn 0.0433 -0.9568 -0.2876
vn 0.0390 -0.9569 -0.2878
vn 0.0268 -0.9626 -0.2695
vn 0.0276 -0.9623 -0.2706
vn 0.0249 -0.9629 -0.2688
vn 0.0433 -0.9558 -0.2908
vn 0.0359 -0.9579 -0.2848
vn 0.0969 -0.9867 -0.1308
vn 0.1232 -0.9830 -0.1364
vn 0.1381 -0.9801 -0.1428
vn 0.0113 -0.9699 -0.2431
vn 0.0101 -0.9702 -0.2419
vn -0.0005 -0.9782 -0.2074
vn -0.0018 -0.9856 -0.1689
vn -0.0006 -0.9857 -0.1687
vn 0.1496 -0.9785 -0.1417
vn -0.0009 -0.9787 -0.2054
vn 0.1436 -0.9789 -0.1453
vn 0.0058 -0.9907 -0.1358
vn 0.6861 -0.7121 -0.1488
vn 0.1539 -0.9773 -0.1455
vn 0.6922 -0.7216 0.0054
vn 0.6602 -0.7348 0.1558
vn 0.0155 -0.9937 -0.1109
vn 0.0139 -0.9938 -0.1104
vn 0.0059 -0.9903 -0.1385
vn 0.1538 -0.9755 -0.1570
vn 0.0135 -0.9921 -0.1244
vn 0.0120 -0.9949 -0.1004
vn 0.0151 -0.9962 -0.0862
vn 0.0235 -0.9956 -0.0911
vn 0.0144 -0.9959 -0.0889
vn 0.0288 -0.9947 -0.0985
vn 0.0235 -0.9910 -0.1321
vn 0.0178 -0.9868 -0.1610
vn 0.0050 -0.9863 -0.1648
vn 0.0110 -0.9949 -0.1002
vn 0.0024 -0.9791 -0.2034
vn 0.0071 -0.9794 -0.2020
vn 0.0111 -0.9707 -0.2400
vn 0.0103 -0.9707 -0.2402
vn 0.0110 -0.9791 -0.2031
vn 0.0295 -0.9624 -0.2701
vn 0.0297 -0.9625 -0.2695
vn 0.0109 -0.9704 -0.2411
vn -0.0825 -0.9494 -0.3029
vn -0.0614 -0.9437 -0.3251
vn -0.0477 -0.9358 -0.3492
vn 0.0445 -0.9537 -0.2976
vn 0.0425 -0.9542 -0.2962
vn 0.0432 -0.9464 -0.3201
vn 0.0439 -0.9456 -0.3224
vn 0.0350 -0.9362 -0.3498
vn -0.0532 -0.9187 -0.3915
vn -0.0471 -0.9274 -0.3710
vn -0.4991 -0.6790 -0.5384
vn -0.5077 -0.6721 -0.5391
vn -0.5127 -0.6660 -0.5418
vn -0.0542 -0.9083 -0.4148
vn 0.0315 -0.9253 -0.3780
vn -0.0399 -0.8987 -0.4366
vn -0.0192 -0.8868 -0.4618
vn 0.0696 -0.8996 -0.4311
vn -0.5002 -0.6617 -0.5585
vn -0.5090 -0.6642 -0.5474
vn 0.0457 -0.9135 -0.4042
vn -0.8762 -0.1159 -0.4679
vn -0.9261 0.0843 -0.3677
vn -0.8817 -0.1249 -0.4550
vn -0.9164 0.0961 -0.3884
vn -0.8680 -0.1090 -0.4845
vn -0.9053 0.1062 -0.4114
vn -0.8866 -0.1332 -0.4430
vn -0.4871 -0.6528 -0.5802
vn -0.4932 -0.6568 -0.5704
vn -0.8917 -0.1440 -0.4291
vn -0.9346 0.0715 -0.3485
vn -0.9433 0.0576 -0.3269
vn -0.8963 -0.1522 -0.4165
vn -0.9505 0.0453 -0.3074
vn -0.9505 0.0451 -0.3075
vn -0.9346 0.0713 -0.3486
vn -0.9432 0.0569 -0.3273
vn -0.9433 0.0571 -0.3271
vn -0.9505 0.0450 -0.3075
vn -0.9521 0.0378 -0.3035
vn -0.9519 0.0372 -0.3040
vn -0.9523 0.0393 -0.3025
vn -0.8879 -0.1679 -0.4283
vn -0.8959 -0.1570 -0.4157
vn -0.9492 0.0274 -0.3136
vn -0.9496 0.0296 -0.3121
vn -0.9504 0.0339 -0.3093
vn -0.9458 0.0192 -0.3243
vn -0.9464 0.0218 -0.3224
vn -0.9476 0.0281 -0.3181
vn -0.9596 0.2019 -0.1959
vn -0.9604 0.1902 -0.2036
vn -0.7113 0.6721 0.2059
vn -0.7136 0.6674 0.2128
vn -0.9594 0.2058 -0.1929
vn -0.7314 0.6473 0.2145
vn -0.2148 0.8362 0.5046
vn -0.9571 0.1787 -0.2281
vn -0.2355 0.8210 0.5201
vn -0.2917 0.8016 0.5219
vn -0.7668 0.6135 0.1887
vn -0.9415 0.0358 -0.3352
vn -0.7957 0.5916 0.1301
vn -0.9391 0.1817 -0.2918
vn -0.9188 0.0560 -0.3906
vn -0.9183 0.0550 -0.3920
vn -0.9403 0.0308 -0.3389
vn -0.8505 0.1081 -0.5148
vn -0.8500 0.1086 -0.5154
vn -0.8813 0.2223 -0.4170
vn -0.7532 0.6534 -0.0756
vn -0.7409 0.3419 -0.5780
vn -0.8009 0.5976 0.0378
vn -0.6945 0.2394 -0.6785
vn -0.6936 0.2395 -0.6794
vn -0.4931 0.3918 -0.7767
vn -0.4932 0.3908 -0.7772
vn -0.5566 0.4854 -0.6742
vn -0.6666 0.7327 -0.1370
vn -0.4287 0.5729 -0.6985
vn -0.3540 0.4825 -0.8012
vn -0.6074 0.7789 -0.1562
vn -0.5176 0.6994 0.4929
vn -0.5553 0.6873 0.4682
vn -0.5045 0.6096 0.6115
vn -0.4613 0.7295 0.5050
vn -0.3415 0.6923 0.6357
vn -0.4370 0.6346 0.6375
vn -0.5095 0.6061 0.6108
vn -0.5511 0.5930 0.5871
vn -0.5479 0.5961 0.5869
vn -0.4435 0.6283 0.6391
vn -0.5827 0.6799 0.4451
vn -0.5899 0.5751 0.5668
vn -0.6060 0.6707 0.4277
vn -0.5141 0.8397 -0.1750
vn -0.5646 0.8075 -0.1706
vn -0.6452 0.6472 0.4059
vn -0.4809 0.8543 -0.1973
vn -0.4798 0.8612 -0.1680
vn -0.6477 0.5413 0.5362
vn -0.7448 0.4935 0.4492
vn -0.7210 0.6104 0.3280
vn -0.7993 0.5627 0.2108
vn -0.4937 0.8340 -0.2464
vn -0.0531 0.7998 -0.5979
vn -0.1382 0.7408 -0.6574
vn -0.0821 0.7761 -0.6253
vn 0.0299 0.7101 -0.7034
vn 0.0722 0.7468 -0.6612
vn 0.0725 0.7466 -0.6613
vn 0.0302 0.7100 -0.7035
vn -0.0364 0.6619 -0.7487
vn -0.0371 0.6622 -0.7484
vn -0.1397 0.6029 -0.7855
vn -0.1402 0.6028 -0.7855
vn -0.1389 0.6032 -0.7854
vn -0.0361 0.6620 -0.7487
vn 0.0301 0.7101 -0.7035
vn -0.2520 0.5415 -0.8020
vn -0.2521 0.5411 -0.8023
vn -0.1593 0.4379 -0.8848
vn -0.0412 0.5017 -0.8641
vn 0.0693 0.5643 -0.8227
vn 0.4301 0.0846 -0.8988
vn 0.3153 0.0232 -0.9487
vn 0.5642 0.1336 -0.8147
vn 0.1576 0.6143 -0.7732
vn 0.2335 0.6548 -0.7189
vn 0.0924 0.7647 -0.6377
vn 0.2739 0.6772 -0.6829
vn 0.0721 0.7468 -0.6612
vn 0.6817 0.1872 -0.7073
vn 0.7325 0.2511 -0.6328
vn 0.9044 -0.2049 -0.3742
vn 0.8526 -0.3033 -0.4256
vn 0.9264 -0.1220 -0.3561
vn 0.7370 0.3055 -0.6029
vn 0.2784 0.6919 -0.6662
vn 0.9059 -0.3095 -0.2890
vn 0.9355 -0.2281 -0.2699
vn 0.9519 -0.1702 -0.2548
vn 0.9363 -0.0661 -0.3450
vn 0.7241 0.3593 -0.5887
vn 0.9386 0.1245 -0.3216
vn 0.7584 0.6412 -0.1169
vn 0.9726 0.0084 -0.2324
vn 0.7189 0.6686 -0.1903
vn 0.6970 0.5008 -0.5132
vn 0.6097 0.7157 -0.3406
vn 0.2430 0.7775 -0.5801
vn 0.2388 0.9191 -0.3134
vn 0.0475 0.9609 -0.2726
vn 0.2646 0.7085 -0.6542
vn 0.0958 0.7737 -0.6263
vn 0.0777 0.8340 -0.5463
vn 0.0786 0.8345 -0.5453
vn 0.0964 0.7747 -0.6249
vn 0.0952 0.7765 -0.6229
vn 0.0778 0.8358 -0.5435
vn 0.0488 0.9598 -0.2764
vn 0.0469 0.9606 -0.2738
vn 0.0081 0.9998 0.0207
vn -0.0237 0.9936 0.1104
vn 0.0102 0.9998 0.0196
vn -0.0273 0.9930 0.1148
vn 0.0105 0.9998 0.0189
vn -0.0267 0.9927 0.1180
vn -0.0727 0.9882 0.1346
vn -0.0893 0.9827 0.1622
vn -0.0904 0.9826 0.1623
vn -0.0698 0.9881 0.1367
vn -0.0877 0.9829 0.1618
vn -0.0686 0.9889 0.1315
vn 0.1539 0.9846 0.0827
vn 0.1570 0.9801 0.1217
vn 0.1967 0.9669 0.1624
vn -0.0558 0.9796 0.1932
vn -0.0547 0.9794 0.1943
vn -0.0131 0.9689 0.2470
vn 0.2343 0.9468 0.2205
vn 0.8270 0.5580 0.0693
vn 0.8187 0.5741 0.0093
vn 0.8034 0.5938 -0.0427
vn 0.9913 -0.0151 -0.1306
vn 0.9850 -0.0331 -0.1696
vn 0.9769 -0.0114 -0.2136
vn 0.7794 0.6200 -0.0905
vn 0.9669 -0.1636 -0.1960
vn 0.9571 -0.1754 -0.2307
vn 0.9424 -0.2189 -0.2530
vn 0.9558 -0.2019 -0.2137
vn 0.9088 -0.3041 -0.2856
vn 0.9253 -0.2693 -0.2670
vn 0.9734 -0.1485 -0.1745
vn 0.8642 -0.3754 -0.3350
vn 0.8573 -0.3982 -0.3262
vn 0.9047 -0.3070 -0.2955
vn 0.8541 -0.3834 -0.3515
vn 0.9385 -0.2588 -0.2284
vn 0.9627 -0.1805 -0.2014
vn 0.9866 -0.1113 -0.1197
vn 0.9835 -0.1275 -0.1287
vn 0.9789 -0.1325 -0.1554
vn 0.9724 -0.1799 -0.1487
vn 0.9760 -0.1856 -0.1142
vn 0.9530 -0.2630 -0.1503
vn 0.9477 -0.2628 -0.1810
vn 0.9864 -0.1340 -0.0949
vn 0.9785 -0.1848 -0.0921
vn 0.9874 -0.1408 -0.0719
vn 0.9586 -0.2551 -0.1267
vn 0.9888 -0.1384 -0.0557
vn 0.9810 -0.1791 -0.0746
vn 0.9635 -0.2440 -0.1105
vn 0.9285 -0.3281 -0.1739
vn 0.9374 -0.3129 -0.1527
vn 0.8956 -0.3909 -0.2124
vn 0.8847 -0.4042 -0.2321
vn 0.9178 -0.3462 -0.1945
vn 0.8702 -0.4221 -0.2540
vn 0.8090 -0.5009 -0.3074
vn 0.8159 -0.4969 -0.2957
vn 0.7089 -0.6016 -0.3682
vn 0.7128 -0.5891 -0.3806
vn 0.7092 -0.5856 -0.3926
vn 0.7967 -0.5076 -0.3280
vn 0.6222 -0.6270 -0.4687
vn 0.7013 -0.5745 -0.4220
vn 0.6165 -0.6466 -0.4493
vn 0.7810 -0.5126 -0.3568
vn 0.6038 -0.6671 -0.4362
vn 0.5153 -0.7044 -0.4882
vn 0.3889 -0.7695 -0.5065
vn 0.4273 -0.7443 -0.5133
vn 0.4880 -0.7276 -0.4821
vn 0.4645 -0.7107 -0.5284
vn 0.5408 -0.6705 -0.5079
vn 0.4582 -0.7517 -0.4743
vn 0.5720 -0.7088 -0.4127
vn 0.4332 -0.7744 -0.4611
vn 0.5883 -0.6851 -0.4295
vn 0.3519 -0.7906 -0.5011
vn 0.3224 -0.8103 -0.4894
vn 0.4170 -0.7976 -0.4359
vn 0.3025 -0.8312 -0.4665
vn 0.2777 -0.8131 -0.5115
vn 0.2435 -0.8286 -0.5041
vn 0.2262 -0.8449 -0.4847
vn 0.2056 -0.8369 -0.5072
vn 0.1876 -0.8502 -0.4919
vn 0.1718 -0.8519 -0.4947
vn 0.2347 -0.8266 -0.5115
vn 0.2066 -0.8323 -0.5144
vn 0.1831 -0.8420 -0.5075
vn 0.1559 -0.8432 -0.5146
vn 0.1487 -0.8528 -0.5006
vn 0.1412 -0.8687 -0.4748
vn 0.1638 -0.8683 -0.4683
vn 0.1806 -0.8677 -0.4632
vn 0.2120 -0.8807 -0.4237
vn 0.1777 -0.8834 -0.4336
vn 0.1568 -0.8845 -0.4393
vn 0.2155 -0.8650 -0.4531
vn 0.1130 -0.9003 -0.4202
vn 0.1301 -0.8850 -0.4470
vn 0.1461 -0.8994 -0.4119
vn 0.1699 -0.8971 -0.4078
vn 0.2072 -0.8929 -0.3997
vn 0.1909 -0.9052 -0.3797
vn 0.1535 -0.9107 -0.3835
vn 0.2424 -0.9077 -0.3425
vn 0.1731 -0.9188 -0.3547
vn 0.2575 -0.8937 -0.3674
vn 0.2692 -0.8821 -0.3865
vn 0.3619 -0.8675 -0.3412
vn 0.3738 -0.8549 -0.3597
vn 0.5113 -0.8075 -0.2941
vn 0.4936 -0.8238 -0.2788
vn 0.5254 -0.7904 -0.3148
vn 0.3495 -0.8813 -0.3180
vn 0.3879 -0.8397 -0.3800
vn 0.5500 -0.7541 -0.3588
vn 0.5391 -0.7727 -0.3351
vn 0.4035 -0.8207 -0.4045
vn 0.2904 -0.8525 -0.4347
vn 0.2798 -0.8705 -0.4048
vn 0.6938 -0.6670 -0.2716
vn 0.8307 -0.5306 -0.1686
vn 0.6872 -0.6817 -0.2512
vn 0.6976 -0.6517 -0.2978
vn 0.8294 -0.5157 -0.2148
vn 0.8323 -0.5207 -0.1903
vn 0.9202 -0.3763 -0.1081
vn 0.9222 -0.3764 -0.0883
vn 0.9540 -0.2960 -0.0474
vn 0.9537 -0.2944 -0.0622
vn 0.9512 -0.2961 -0.0872
vn 0.9159 -0.3780 -0.1347
vn 0.9104 -0.3794 -0.1648
vn 0.9481 -0.2973 -0.1124
vn 0.8251 -0.5077 -0.2480
vn 0.9432 -0.3028 -0.1364
vn 0.9040 -0.3823 -0.1914
vn 0.8211 -0.5014 -0.2728
vn 0.7007 -0.6351 -0.3249
vn 0.7040 -0.6161 -0.3533
vn 0.5604 -0.7317 -0.3881
vn 0.9686 -0.2354 -0.0803
vn 0.9819 -0.1861 -0.0356
vn 0.9695 -0.2386 -0.0564
vn 0.9828 -0.1772 -0.0528
vn 0.9823 -0.1752 -0.0655
vn 0.9672 -0.2358 -0.0948
vn 0.9891 -0.1415 -0.0408
vn 0.9880 -0.1525 -0.0247
vn 0.9910 -0.1281 -0.0381
vn 0.9898 -0.1408 -0.0236
vn 0.9915 -0.1231 -0.0432
vn 0.9896 -0.1358 -0.0476
vn 0.9858 -0.1677 -0.0097
vn 0.9853 -0.1707 0.0079
vn 0.9836 -0.1805 0.0047
vn 0.9874 -0.1577 -0.0099
vn 0.9785 -0.2064 -0.0053
vn 0.9802 -0.1973 -0.0185
vn 0.9690 -0.2439 -0.0387
vn 0.9827 -0.1836 0.0239
vn 0.9774 -0.2110 0.0101
vn 0.9671 -0.2541 -0.0106
vn 0.9682 -0.2492 -0.0244
vn 0.9765 -0.2134 0.0302
vn 0.9657 -0.2594 0.0073
vn 0.9507 -0.3099 -0.0150
vn 0.9530 -0.3012 -0.0331
vn 0.9636 -0.2654 0.0322
vn 0.9746 -0.2172 0.0547
vn 0.9480 -0.3183 0.0080
vn 0.9715 -0.2223 0.0825
vn 0.9606 -0.2715 0.0595
vn 0.9449 -0.3253 0.0358
vn 0.9111 -0.4108 -0.0332
vn 0.9150 -0.3994 -0.0572
vn 0.7984 -0.5945 -0.0959
vn 0.8045 -0.5818 -0.1195
vn 0.9072 -0.4205 -0.0088
vn 0.8133 -0.5655 -0.1373
vn 0.9193 -0.3867 -0.0729
vn 0.8238 -0.5455 -0.1543
vn 0.6715 -0.7027 -0.2353
vn 0.6549 -0.7228 -0.2206
vn 0.6407 -0.7403 -0.2035
vn 0.6293 -0.7543 -0.1870
vn 0.4603 -0.8527 -0.2470
vn 0.4770 -0.8390 -0.2618
vn 0.6208 -0.7669 -0.1627
vn 0.3301 -0.8956 -0.2982
vn 0.4455 -0.8654 -0.2292
vn 0.2930 -0.9195 -0.2622
vn 0.3110 -0.9075 -0.2824
vn 0.2281 -0.9211 -0.3154
vn 0.2001 -0.9350 -0.2929
vn 0.1577 -0.9316 -0.3274
vn 0.1395 -0.9504 -0.2781
vn 0.1194 -0.9523 -0.2807
vn 0.1378 -0.9441 -0.2996
vn 0.1404 -0.9558 -0.2584
vn 0.1964 -0.9441 -0.2646
vn 0.1826 -0.9564 -0.2279
vn 0.1322 -0.9673 -0.2166
vn 0.1183 -0.9794 -0.1636
vn 0.1645 -0.9711 -0.1729
vn 0.2496 -0.9516 -0.1796
vn 0.2730 -0.9355 -0.2240
vn 0.3976 -0.9080 -0.1322
vn 0.2240 -0.9617 -0.1583
vn 0.4133 -0.8976 -0.1529
vn 0.4306 -0.8822 -0.1905
vn 0.1278 -0.9832 -0.1300
vn 0.0732 -0.9927 -0.0959
vn 0.0672 -0.9932 -0.0952
vn 0.0886 -0.9892 -0.1172
vn 0.0810 -0.9923 -0.0936
vn 0.1272 -0.9847 -0.1188
vn 0.2221 -0.9643 -0.1443
vn 0.0779 -0.9901 -0.1170
vn 0.0939 -0.9843 -0.1495
vn -0.0611 -0.9828 -0.1742
vn -0.0650 -0.9814 -0.1804
vn -0.0582 -0.9785 -0.1978
vn 0.0608 -0.9935 -0.0959
vn 0.0494 -0.9952 -0.0846
vn 0.0496 -0.9954 -0.0820
vn 0.0372 -0.9969 -0.0686
vn -0.0340 -0.9769 -0.2108
vn -0.0040 -0.9771 -0.2127
vn 0.0418 -0.9963 -0.0754
vn 0.0325 -0.9973 -0.0654
vn 0.0297 -0.9978 -0.0593
vn 0.0262 -0.9985 -0.0489
vn 0.0347 -0.9980 -0.0535
vn 0.0492 -0.9964 -0.0687
vn 0.0284 -0.9987 -0.0420
vn 0.0351 -0.9982 -0.0481
vn 0.0464 -0.9976 -0.0512
vn 0.0594 -0.9957 -0.0712
vn 0.0618 -0.9955 -0.0723
vn 0.0507 -0.9972 -0.0553
vn 0.1948 -0.9808 -0.0092
vn 0.0854 -0.9917 -0.0962
vn 0.1806 -0.9830 0.0323
vn 0.1889 -0.9819 0.0154
vn 0.1315 -0.9840 -0.1206
vn 0.2242 -0.9650 -0.1363
vn 0.2267 -0.9735 0.0286
vn 0.1867 -0.9820 0.0288
vn 0.3183 -0.7302 0.6046
vn 0.1697 -0.7445 0.6457
vn 0.0107 -0.1544 0.9880
vn 0.4747 -0.7140 0.5146
vn 0.5748 -0.1478 0.8049
vn 0.3033 -0.1501 0.9410
vn 0.0566 -0.7592 0.6484
vn -0.2775 -0.1582 0.9476
vn -0.3612 -0.0000 0.9325
vn -0.0454 -0.0000 0.9990
vn 0.2700 -0.0000 0.9629
vn -0.5536 -0.1468 0.8197
vn -0.2121 -0.8246 0.5245
vn -0.7848 -0.1415 0.6033
vn -0.0758 -0.7739 0.6287
vn -0.6354 -0.0000 0.7722
vn -0.8424 -0.0000 0.5389
vn 0.4124 -0.9093 0.0551
vn 0.4729 -0.8797 0.0500
vn 0.5857 -0.8102 -0.0221
vn 0.5044 -0.8600 -0.0779
vn 0.3725 -0.9201 -0.1212
vn 0.3155 -0.9481 0.0386
vn 0.3815 -0.9163 -0.1223
vn 0.5378 -0.8402 -0.0696
vn 0.5707 -0.8189 -0.0604
vn 0.6273 -0.7781 -0.0330
vn 0.7643 -0.6443 0.0266
vn 0.7146 -0.6965 0.0658
vn 0.5974 -0.7968 -0.0912
vn 0.8344 -0.5376 0.1216
vn 0.7762 -0.6304 -0.0074
vn 0.8869 -0.4319 0.1639
vn 0.8827 -0.4518 0.1295
vn 0.8888 -0.4498 0.0872
vn 0.9186 -0.3629 0.1565
vn 0.9270 -0.3533 0.1257
vn 0.9109 -0.3665 0.1896
vn 0.9285 -0.3099 0.2046
vn 0.9434 -0.2990 0.1437
vn 0.9353 -0.3099 0.1707
vn 0.9053 -0.3635 0.2196
vn 0.9356 -0.2552 0.2440
vn 0.9228 -0.3076 0.2321
vn 0.9416 -0.2555 0.2196
vn 0.9487 -0.2531 0.1894
vn 0.9487 -0.2184 0.2286
vn 0.9559 -0.2150 0.2001
vn 0.9444 -0.2095 0.2532
vn 0.9422 -0.2216 0.2515
vn 0.9512 -0.2057 0.2300
vn 0.9581 -0.2013 0.2035
vn 0.9622 -0.2093 0.1744
vn 0.9679 -0.2026 0.1490
vn 0.9696 -0.1912 0.1530
vn 0.9622 -0.2352 0.1371
vn 0.9559 -0.2455 0.1612
vn 0.9644 -0.1967 0.1771
vn 0.9707 -0.1009 0.2181
vn 0.9653 -0.1051 0.2389
vn 0.8132 0.4278 0.3945
vn 0.8145 0.4222 0.3980
vn 0.8154 0.4177 0.4007
vn 0.9756 -0.0965 0.1971
vn 0.9801 -0.0909 0.1762
vn 0.8161 0.4191 0.3979
vn 0.2451 0.8654 0.4371
vn 0.2419 0.8400 0.4857
vn 0.2435 0.8502 0.4668
vn -0.0000 0.9363 0.3511
vn 0.2455 0.8814 0.4035
vn -0.0000 0.9197 0.3925
vn -0.0000 0.9031 0.4294
vn -0.0000 0.9501 0.3119
vn -0.0000 0.9197 0.3926
vn 0.2450 0.8955 0.3716
vn -0.0000 0.9567 0.2911
vn -0.0000 0.9652 0.2617
vn 0.2424 0.9025 0.3560
vn 0.2441 0.9101 0.3350
vn -0.0000 0.9811 0.1936
vn -0.0000 0.9922 0.1249
vn -0.0000 0.9922 0.1248
vn 0.2483 0.9282 0.2772
vn 0.2498 0.9441 0.2152
vn -0.0000 0.9964 0.0842
vn -0.0000 0.9986 0.0530
vn 0.2476 0.9564 0.1551
vn 0.2483 0.9517 0.1804
vn 0.8066 0.4690 0.3597
vn 0.9265 -0.1170 0.3576
vn 0.9336 -0.1156 0.3392
vn 0.8090 0.4607 0.3650
vn 0.9200 -0.1100 0.3763
vn 0.8024 0.4761 0.3597
vn 0.7995 0.4857 0.3533
vn 0.2471 0.9609 0.1248
vn 0.2466 0.9642 0.0970
vn 0.7956 0.4974 0.3459
vn 0.9114 -0.0857 0.4026
vn 0.9152 -0.0993 0.3906
vn 0.9026 -0.1991 0.3817
vn 0.9068 -0.2105 0.3653
vn 0.8987 -0.1860 0.3972
vn 0.9021 -0.2065 0.3790
vn 0.9062 -0.2173 0.3628
vn 0.8991 -0.1930 0.3929
vn 0.8921 -0.1698 0.4187
vn 0.8799 -0.1527 0.4500
vn 0.8830 -0.1599 0.4414
vn 0.8906 -0.0541 0.4516
vn 0.8929 -0.1776 0.4138
vn 0.9032 -0.0704 0.4235
vn 0.7888 0.5064 0.3483
vn 0.8746 -0.1382 0.4648
vn 0.7782 0.5152 0.3591
vn 0.7691 0.5284 0.3594
vn 0.8831 -0.0391 0.4676
vn 0.8842 -0.0282 0.4663
vn 0.8759 -0.1272 0.4655
vn 0.8773 -0.1189 0.4649
vn 0.8844 -0.0180 0.4664
vn 0.7603 0.5434 0.3558
vn 0.7657 0.5341 0.3584
vn 0.2410 0.9696 0.0433
vn 0.2373 0.9704 0.0441
vn 0.2421 0.9693 0.0439
vn 0.0025 0.9963 -0.0861
vn 0.0001 0.9963 -0.0864
vn -0.0000 0.9963 -0.0865
vn 0.2457 0.9676 0.0582
vn -0.0000 0.9975 -0.0704
vn -0.0000 0.9992 -0.0405
vn 0.2465 0.9660 0.0778
vn -0.0000 0.9999 -0.0134
vn -0.0000 0.9998 0.0180
vn -0.0000 0.9990 -0.0443
vn -0.0000 0.9999 -0.0169
vn -0.0000 0.9999 0.0133
vn -0.0000 0.9988 0.0488
vn -0.0000 0.9967 0.0808
vn -0.0000 0.8902 0.4556
vn -0.0000 0.8851 0.4654
vn -0.0000 0.8851 0.4655
vn -0.0000 0.8844 0.4668
vn -0.0000 0.8843 0.4669
vn -0.0000 0.8852 0.4652
vn -0.0000 0.8852 0.4651
vn -0.0000 0.8882 0.4594
vn -0.0000 0.8946 0.4469
vn -0.0000 0.9057 0.4239
vn -0.0000 0.9174 0.3980
vn -0.0000 0.9263 0.3768
vn -0.0000 0.9350 0.3547
vn -0.0000 0.9435 0.3314
vn -0.0000 0.9492 0.3148
vn -0.0000 0.9435 0.3315
vn -0.0000 0.9511 0.3089
vn -0.0001 0.9559 0.2936
vn -0.0001 0.9558 0.2939
vn -0.0000 0.9559 0.2937
vn 0.2424 0.9214 0.3038
vn 0.2446 0.9241 0.2936
vn 0.2446 0.9304 0.2729
vn -0.0000 0.9558 0.2941
vn 0.8383 0.5247 0.1483
vn 0.8344 0.5248 0.1684
vn 0.9997 -0.0216 -0.0141
vn 0.9992 -0.0236 -0.0335
vn 0.8344 0.5378 0.1207
vn 0.9983 -0.0107 -0.0568
vn 0.9899 -0.1253 -0.0661
vn 0.9893 -0.1156 -0.0885
vn 0.9910 -0.1248 -0.0488
vn 0.9960 -0.0004 -0.0891
vn 0.8303 0.5258 0.1849
vn 0.9998 -0.0169 -0.0059
vn 0.9997 -0.0224 0.0014
vn 0.2406 0.9159 0.3214
vn 0.2412 0.9068 0.3456
vn 0.8309 0.5178 0.2036
vn 0.8332 0.5030 0.2296
vn 0.8353 0.4858 0.2573
vn 0.9979 -0.0542 0.0347
vn 0.9992 -0.0362 0.0166
vn 0.2423 0.8853 0.3969
vn 0.2416 0.8965 0.3713
vn 0.2411 0.8570 0.4554
vn 0.2421 0.8711 0.4274
vn 0.8344 0.4683 0.2906
vn 0.9941 -0.0742 0.0796
vn 0.9961 -0.0689 0.0552
vn 0.8308 0.4536 0.3224
vn 0.8271 0.4435 0.3454
vn 0.8235 0.4343 0.3650
vn 0.9889 -0.0796 0.1251
vn 0.9919 -0.0758 0.1018
vn 0.2415 0.8419 0.4827
vn 0.2410 0.8479 0.4722
vn 0.9834 -0.1744 0.0495
vn 0.9815 -0.1770 0.0731
vn 0.9843 -0.1745 0.0281
vn 0.9819 -0.1842 0.0447
vn 0.9799 -0.1875 0.0687
vn 0.9783 -0.1815 0.1003
vn 0.9767 -0.1920 0.0960
vn 0.9726 -0.1969 0.1236
vn 0.9743 -0.1861 0.1272
vn 0.9849 -0.0853 0.1510
vn 0.8193 0.4254 0.3844
vn 0.2413 0.8384 0.4888
vn -0.0000 0.8843 0.4668
vn 0.9675 -0.2275 0.1103
vn 0.9566 -0.2778 0.0883
vn 0.9410 -0.3320 0.0650
vn 0.9350 -0.3414 0.0960
vn 0.9511 -0.2859 0.1173
vn 0.8970 -0.4386 0.0550
vn 0.9031 -0.4289 0.0211
vn 0.7848 -0.6189 -0.0329
vn 0.6120 -0.7809 -0.1254
vn 0.7924 -0.6061 -0.0695
vn -0.0148 0.9693 0.2455
vn -0.0158 0.9694 0.2449
vn -0.0636 0.9797 0.1900
vn -0.0134 0.9692 0.2461
vn -0.0591 0.9796 0.1923
vn -0.0166 0.9698 0.2435
vn -0.0634 0.9805 0.1862
vn -0.2288 0.9569 0.1786
vn -0.3333 0.9219 0.1974
vn -0.2428 0.9557 0.1666
vn -0.3827 0.9043 0.1894
vn -0.4185 0.8872 0.1944
vn -0.2056 0.9661 0.1563
vn -0.1702 0.9833 0.0644
vn -0.5492 0.8308 -0.0899
vn -0.2843 0.9586 0.0155
vn -0.1588 0.9632 -0.2168
vn -0.6369 0.7485 -0.1848
vn -0.8909 0.4235 0.1638
vn -0.0914 0.8621 -0.4984
vn -0.8653 0.4558 0.2084
vn -0.0860 0.8140 -0.5745
vn -0.6550 0.7126 -0.2514
vn -0.0623 0.8111 -0.5815
vn -0.9301 0.3351 0.1506
vn -0.5905 0.7602 -0.2711
vn -0.9036 0.4052 0.1388
vn -0.5308 0.8030 -0.2711
vn -0.0476 0.8099 -0.5846
vn 0.0925 0.7644 -0.6380
vn 0.0982 0.7694 -0.6311
vn 0.0986 0.7693 -0.6312
vn 0.0924 0.7646 -0.6379
vn 0.0986 0.7692 -0.6314
vn -0.8512 0.5032 0.1489
vn -0.8940 0.3552 0.2731
vn -0.8472 0.4098 0.3381
vn -0.9003 0.3366 0.2759
vn -0.9329 0.2614 0.2478
vn -0.9277 0.2819 0.2450
vn -0.8380 0.4286 0.3378
vn -0.7530 0.4837 0.4462
vn -0.7577 0.4808 0.4413
vn -0.8620 0.3891 0.3247
vn -0.9097 0.3158 0.2695
vn -0.6520 0.5403 0.5319
vn -0.6572 0.5349 0.5310
vn -0.5915 0.5738 0.5665
vn -0.5913 0.5743 0.5661
vn -0.5557 0.5904 0.5853
vn -0.5102 0.6042 0.6121
vn -0.4537 0.6185 0.6415
vn -0.3461 0.6883 0.6375
vn -0.3453 0.6877 0.6387
vn -0.2593 0.7522 0.6057
vn -0.2614 0.7491 0.6087
vn -0.2562 0.7554 0.6031
vn -0.2065 0.7838 0.5857
vn -0.2068 0.7838 0.5856
vn -0.2051 0.7862 0.5830
vn -0.4012 0.7641 0.5051
vn -0.3503 0.7858 0.5097
vn -0.1537 0.8019 0.5774
vn -0.1557 0.7987 0.5813
vn -0.1081 0.8176 0.5656
vn -0.0894 0.8328 0.5464
vn -0.0901 0.8325 0.5466
vn -0.1079 0.8163 0.5675
vn -0.0889 0.8408 0.5340
vn -0.2143 0.8434 0.4927
vn -0.2142 0.8526 0.4766
vn -0.0895 0.8501 0.5190
vn -0.0893 0.8502 0.5189
vn -0.0888 0.8410 0.5337
vn -0.0889 0.8409 0.5339
vn -0.0896 0.8498 0.5194
vn -0.0897 0.8319 0.5476
vn -0.1092 0.8161 0.5675
vn -0.1571 0.7953 0.5855
vn -0.0843 0.8653 0.4941
vn -0.0844 0.8662 0.4925
vn -0.0704 0.8821 0.4658
vn -0.0711 0.8806 0.4685
vn -0.0526 0.8962 0.4404
vn -0.0526 0.8972 0.4384
vn -0.0307 0.9110 0.4112
vn -0.0311 0.9097 0.4142
vn -0.0177 0.9233 0.3837
vn -0.0160 0.9233 0.3837
vn -0.0204 0.9356 0.3524
vn -0.0184 0.9368 0.3494
vn -0.0309 0.9435 0.3298
vn -0.0299 0.9444 0.3273
vn -0.0217 0.9341 0.3563
vn -0.0288 0.9445 0.3271
vn -0.0172 0.9232 0.3840
vn -0.0285 0.9522 0.3041
vn -0.0277 0.9529 0.3020
vn -0.0172 0.9616 0.2740
vn -0.0052 0.9707 0.2403
vn -0.0032 0.9711 0.2385
vn -0.0031 0.9787 0.2054
vn -0.0030 0.9785 0.2061
vn -0.0091 0.9853 0.1705
vn -0.0051 0.9862 0.1657
vn -0.0136 0.9901 0.1395
vn -0.0145 0.9899 0.1409
vn -0.0166 0.9936 0.1119
vn -0.0124 0.9942 0.1070
vn -0.0171 0.9965 0.0824
vn -0.0179 0.9964 0.0830
vn -0.0202 0.9980 0.0599
vn -0.0191 0.9983 0.0555
vn -0.0225 0.9984 0.0520
vn -0.0244 0.9984 0.0513
vn -0.0158 0.9989 0.0451
vn -0.0163 0.9986 0.0501
vn -0.0063 0.9997 0.0240
vn -0.0056 0.9997 0.0227
vn -0.0013 1.0000 -0.0038
vn -0.0011 1.0000 -0.0022
vn 0.0026 0.9996 -0.0268
vn 0.0031 0.9996 -0.0263
vn 0.0031 0.9990 -0.0439
vn 0.0032 0.9990 -0.0443
vn -0.0017 0.9980 -0.0631
vn -0.0017 0.9980 -0.0630
vn 0.0032 0.9990 -0.0441
vn -0.0019 0.9979 -0.0643
vn 0.0028 0.9996 -0.0270
vn -0.1260 0.9919 -0.0174
vn -0.1297 0.9909 -0.0361
vn -0.6549 0.7497 0.0949
vn -0.6502 0.7531 0.1004
vn -0.1285 0.9917 -0.0043
vn -0.6517 0.7535 0.0871
vn -0.1342 0.9909 0.0089
vn -0.1424 0.9896 0.0183
vn -0.6764 0.7364 0.0115
vn -0.0061 0.9998 0.0206
vn -0.6631 0.7454 0.0679
vn -0.0014 1.0000 -0.0054
vn -0.0159 0.9990 0.0420
vn -0.1534 0.9880 0.0175
vn -0.0235 0.9984 0.0515
vn -0.0223 0.9978 0.0625
vn -0.1436 0.9896 -0.0057
vn -0.1564 0.9877 0.0016
vn -0.6591 0.7265 -0.1945
vn -0.9731 0.1761 -0.1487
vn -0.6816 0.7273 -0.0800
vn -0.9306 0.1733 -0.3223
vn -0.6105 0.7387 -0.2858
vn -0.8639 0.1860 -0.4680
vn -0.9408 -0.0171 -0.3385
vn -0.8728 -0.0041 -0.4880
vn -0.8729 -0.0041 -0.4878
vn -0.9870 -0.0142 -0.1603
vn -0.9870 -0.0143 -0.1601
vn -0.8117 0.0168 -0.5838
vn -0.8033 0.2085 -0.5579
vn -0.7675 0.2344 -0.5967
vn -0.8120 0.0170 -0.5835
vn -0.7763 0.0410 -0.6290
vn -0.7760 0.0413 -0.6293
vn -0.7725 0.0663 -0.6315
vn -0.7630 0.2585 -0.5925
vn -0.5641 0.7575 -0.3287
vn -0.5346 0.7772 -0.3319
vn -0.5268 0.7922 -0.3080
vn -0.1233 0.9918 0.0333
vn -0.1314 0.9913 0.0082
vn -0.0199 0.9961 0.0863
vn -0.0203 0.9930 0.1161
vn -0.1194 0.9908 0.0634
vn -0.0172 0.9894 0.1439
vn -0.1144 0.9888 0.0961
vn -0.0126 0.9845 0.1751
vn -0.0052 0.9780 0.2087
vn -0.0066 0.9700 0.2431
vn -0.1131 0.9790 0.1695
vn -0.1102 0.9849 0.1338
vn -0.0181 0.9613 0.2750
vn -0.0304 0.9516 0.3059
vn -0.1423 0.9602 0.2404
vn -0.1274 0.9703 0.2059
vn -0.5714 0.8086 -0.1402
vn -0.5952 0.7981 -0.0940
vn -0.8542 0.2999 -0.4248
vn -0.8306 0.3067 -0.4648
vn -0.8070 0.3094 -0.5030
vn -0.5480 0.8155 -0.1859
vn -0.8012 0.1146 -0.5873
vn -0.7881 0.3025 -0.5361
vn -0.8195 0.1217 -0.5601
vn -0.8408 0.1211 -0.5276
vn -0.5343 0.8137 -0.2288
vn -0.7740 0.2827 -0.5667
vn -0.7856 0.0930 -0.6117
vn -0.5293 0.8041 -0.2707
vn -0.7859 0.0922 -0.6114
vn -0.7735 0.0659 -0.6304
vn -0.7728 0.0655 -0.6312
vn -0.7863 0.0925 -0.6109
vn -0.8018 0.1135 -0.5867
vn -0.8014 0.1143 -0.5871
vn -0.8196 0.1221 -0.5598
vn -0.8197 0.1223 -0.5596
vn -0.8410 0.1207 -0.5274
vn -0.8409 0.1206 -0.5276
vn -0.8624 0.1162 -0.4928
vn -0.8624 0.1158 -0.4928
vn -0.8793 0.1122 -0.4630
vn -0.8792 0.1125 -0.4630
vn -0.8792 0.1128 -0.4630
vn -0.8623 0.1163 -0.4928
vn -0.8926 0.1105 -0.4371
vn -0.8717 0.2956 -0.3908
vn -0.8853 0.2927 -0.3613
vn -0.8925 0.1105 -0.4372
vn -0.9052 0.1066 -0.4113
vn -0.9053 0.1068 -0.4112
vn -0.9164 0.0961 -0.3885
vn -0.9165 0.0968 -0.3881
vn -0.9124 0.2732 -0.3048
vn -0.8989 0.2861 -0.3319
vn -0.6250 0.7805 0.0171
vn -0.6447 0.7629 0.0485
vn -0.1525 0.9219 0.3562
vn -0.1360 0.9342 0.3299
vn -0.1391 0.9443 0.2983
vn -0.6159 0.7876 -0.0200
vn -0.6090 0.7912 -0.0558
vn -0.1467 0.9518 0.2693
vn -0.0523 0.8978 0.4372
vn -0.1759 0.9060 0.3850
vn -0.0300 0.9117 0.4097
vn -0.6667 0.7409 0.0816
vn -0.6847 0.7195 0.1161
vn -0.9364 0.2412 -0.2550
vn -0.1954 0.8884 0.4154
vn -0.9251 0.2566 -0.2798
vn -0.0708 0.8829 0.4643
vn -0.0842 0.8664 0.4922
vn -0.2082 0.8702 0.4466
vn -0.6990 0.6985 0.1535
vn -0.7086 0.6798 0.1889
vn -0.9563 0.2109 -0.2024
vn -0.9474 0.2248 -0.2278
vn -0.9260 0.0833 -0.3682
vn -0.9261 0.0836 -0.3680
vn -0.9345 0.0712 -0.3487
vn -0.8927 0.1110 -0.4368
vn -0.8568 -0.1080 -0.5042
vn -0.8441 -0.1090 -0.5249
vn -0.8289 -0.1086 -0.5488
vn -0.4914 -0.6866 -0.5358
vn -0.8116 -0.1039 -0.5750
vn -0.4906 -0.6856 -0.5378
vn -0.7957 -0.0946 -0.5983
vn -0.5023 -0.6791 -0.5353
vn -0.5023 -0.6825 -0.5309
vn -0.7811 -0.0956 -0.6171
vn -0.7642 -0.1244 -0.6329
vn -0.4800 -0.7098 -0.5155
vn -0.0679 -0.9693 -0.2362
vn -0.0856 -0.9576 -0.2753
vn 0.0250 -0.9863 -0.1631
vn 0.0318 -0.9909 -0.1307
vn -0.4549 -0.7396 -0.4960
vn -0.0543 -0.9776 -0.2032
vn -0.0516 -0.9835 -0.1736
vn 0.0347 -0.9967 -0.0738
vn -0.0558 -0.9883 -0.1419
vn 0.0339 -0.9941 -0.1027
vn -0.4791 -0.7688 -0.4237
vn -0.4525 -0.7573 -0.4708
vn -0.7485 -0.1892 -0.6355
vn -0.7471 -0.1614 -0.6448
vn -0.7766 0.0407 -0.6286
vn -0.7835 -0.2108 -0.5846
vn -0.8124 0.0169 -0.5829
vn -0.8434 -0.2277 -0.4867
vn -0.5679 -0.7837 -0.2517
vn -0.9097 -0.2395 -0.3392
vn -0.9408 -0.0168 -0.3386
vn -0.5220 -0.7775 -0.3507
vn -0.8731 -0.0046 -0.4875
vn -0.9568 -0.2394 -0.1648
vn -0.0627 -0.9919 -0.1103
vn -0.0684 -0.9940 -0.0855
vn -0.0805 -0.9950 -0.0586
vn -0.6023 -0.7871 -0.1330
vn -1.0000 -0.0043 -0.0035
vn -0.9869 -0.0139 -0.1606
vn -0.9724 -0.2334 -0.0073
vn -0.6140 -0.7891 -0.0180
vn -0.9668 -0.2321 0.1068
vn -0.9941 -0.0000 0.1083
vn -0.5980 -0.7915 0.1260
vn -0.9570 -0.2318 0.1741
vn -0.9850 -0.0000 0.1727
vn -0.6074 -0.7913 0.0708
vn -0.0895 -0.9959 0.0149
vn -0.0899 -0.9951 0.0423
vn -0.0901 -0.9940 0.0615
vn -0.5925 -0.7904 0.1555
vn -0.9511 -0.2314 0.2046
vn -0.5879 -0.7904 0.1722
vn -0.9493 -0.2322 0.2119
vn -0.9797 -0.0000 0.2004
vn -0.9791 -0.0000 0.2032
vn -0.9801 -0.0000 0.1985
vn -0.9484 -0.2330 0.2150
vn -0.9784 -0.0000 0.2069
vn -0.9783 -0.0000 0.2070
vn -0.9784 -0.0000 0.2070
vn -0.9629 0.1942 0.1875
vn -0.9627 0.1942 0.1885
vn -0.9656 0.1925 0.1749
vn -0.9656 0.2040 0.1611
vn -0.6474 0.7619 -0.0194
vn -0.6620 0.7478 0.0502
vn -0.9617 0.2314 0.1469
vn -0.6083 0.7867 -0.1054
vn -0.0903 0.9563 -0.2783
vn -0.1249 0.9763 -0.1765
vn -0.1388 0.9869 -0.0822
vn -0.7041 0.7046 -0.0883
vn -0.9606 0.2372 0.1448
vn -0.0700 0.9428 -0.3260
vn -0.9577 0.2116 0.1951
vn -0.9022 0.4228 0.0852
vn -0.9723 -0.0000 0.2336
vn -0.9572 -0.0000 0.2894
vn -0.9763 -0.0000 0.2164
vn -0.9449 -0.2117 0.2495
vn -0.9464 -0.2273 0.2293
vn -0.5823 -0.7800 0.2290
vn -0.5906 -0.7598 0.2718
vn -0.6018 -0.7314 0.3209
vn -0.9416 -0.1932 0.2759
vn -0.9277 -0.1729 0.3308
vn -0.9176 -0.0000 0.3974
vn -0.8899 -0.1413 0.4336
vn -0.6113 -0.6911 0.3855
vn -0.6185 -0.6293 0.4707
vn -0.8008 -0.1023 0.5902
vn -0.4241 -0.4635 0.7780
vn -0.5481 -0.0828 0.8323
vn -0.6015 -0.5333 0.5949
vn -0.5643 -0.0000 0.8256
vn -0.8208 -0.0000 0.5712
vn -0.2211 -0.0000 0.9753
vn -0.2097 -0.0903 0.9736
vn 0.0111 -0.5163 0.8563
vn -0.0023 -0.1052 0.9944
vn -0.0057 -0.0000 1.0000
vn -0.1477 -0.4775 0.8661
vn 0.0226 -0.8753 0.4831
vn 0.0432 -0.8817 0.4699
vn -0.0301 -0.8598 0.5098
vn 0.0821 -0.5358 0.8404
vn 0.0983 -0.1125 0.9888
vn 0.1115 -0.5406 0.8338
vn 0.1369 -0.0000 0.9906
vn 0.0989 -0.0000 0.9951
vn 0.1352 -0.1141 0.9842
vn 0.1501 -0.1137 0.9821
vn 0.1282 -0.5392 0.8324
vn 0.1538 -0.5354 0.8305
vn 0.1747 -0.1128 0.9781
vn 0.1509 -0.0000 0.9885
vn 0.1744 -0.0000 0.9847
vn 0.1984 0.0005 0.9801
vn 0.1993 -0.0000 0.9799
vn 0.2130 0.0079 0.9770
vn 0.2099 0.0064 0.9777
vn 0.2059 0.0073 0.9786
vn 0.1977 -0.0000 0.9803
vn 0.2007 -0.1121 0.9732
vn 0.2164 -0.1070 0.9704
vn 0.1895 -0.5320 0.8252
vn 0.2367 -0.5225 0.8191
vn 0.1347 -0.8735 0.4677
vn 0.2095 -0.8581 0.4689
vn 0.3332 -0.8127 0.4780
vn 0.3088 -0.4878 0.8165
vn 0.2327 -0.0848 0.9689
vn 0.4123 -0.4094 0.8139
vn 0.2576 -0.0422 0.9653
vn 0.2136 0.0639 0.9748
vn 0.2089 0.0268 0.9776
vn 0.2164 0.0307 0.9758
vn 0.2257 0.0696 0.9717
vn 0.2346 0.0753 0.9692
vn 0.2271 0.0320 0.9734
vn 0.1745 0.2272 0.9581
vn -0.0243 0.9258 0.3771
vn 0.1904 0.2059 0.9599
vn -0.1364 0.8965 0.4215
vn 0.1519 0.2586 0.9540
vn -0.2843 0.8366 0.4682
vn -0.4327 0.7481 0.5032
vn -0.6726 0.6925 -0.2608
vn 0.0970 0.2721 0.9574
vn -0.5134 0.7922 -0.3299
vn -0.3571 0.8350 -0.4186
vn -0.5402 0.7122 -0.4483
vn -0.3826 0.7616 -0.5230
vn -0.2143 0.8433 -0.4929
vn -0.2418 0.7751 -0.5838
vn -0.2630 0.7791 -0.5691
vn -0.1461 0.7980 -0.5846
vn -0.1541 0.7791 -0.6077
vn -0.4242 0.7493 -0.5086
vn -0.1374 0.8511 -0.5068
vn -0.0961 0.8668 -0.4893
vn 0.0564 0.9257 0.3739
vn -0.1045 0.7984 -0.5929
vn 0.0383 0.9302 0.3650
vn -0.0891 0.8119 -0.5769
vn -0.0616 0.8299 -0.5544
vn -0.0788 0.8191 -0.5682
vn -0.0675 0.8855 -0.4596
vn -0.0628 0.8351 -0.5465
vn -0.0521 0.8998 -0.4332
vn 0.0629 0.9145 0.3997
vn 0.0580 0.9199 0.3879
vn -0.0388 0.9041 -0.4255
vn 0.0452 0.9098 0.4126
vn 0.0971 0.2097 0.9729
vn 0.1352 0.2078 0.9688
vn 0.1470 0.2065 0.9674
vn 0.1678 0.2041 0.9645
vn 0.1876 0.2009 0.9615
vn -0.0259 0.9027 0.4294
vn -0.0126 0.2067 0.9783
vn -0.0233 0.9045 -0.4259
vn -0.0319 0.9025 -0.4296
vn -0.2480 0.2091 0.9459
vn -0.0655 0.9447 -0.3214
vn -0.2340 0.3943 0.8887
vn -0.5761 0.3921 0.7172
vn -0.6172 0.2114 0.7579
vn -0.8601 0.1882 0.4742
vn -0.8390 0.3645 0.4040
vn -0.9350 0.1870 0.3012
vn -0.9061 0.3744 0.1968
vn -0.1622 0.9136 -0.3728
vn -0.0824 0.8853 -0.4577
vn -0.0244 0.8374 -0.5461
vn 0.0023 0.8296 -0.5584
vn 0.0117 0.8230 -0.5680
vn -0.0059 0.8386 -0.5447
vn 0.0020 0.8338 -0.5520
vn -0.1233 0.8666 -0.4835
vn -0.0064 0.8652 -0.5014
vn -0.2304 0.8756 -0.4246
vn -0.1310 0.8818 -0.4531
vn -0.2408 0.8847 -0.3991
vn -0.1120 0.9123 -0.3939
vn -0.2183 0.9117 -0.3480
vn -0.1852 0.9226 -0.3384
vn -0.0962 0.9265 -0.3638
vn 0.0063 0.9182 -0.3961
vn -0.0019 0.9031 -0.4294
vn -0.0061 0.8963 -0.4434
vn 0.0091 0.9117 -0.4108
vn -0.0176 0.8983 -0.4391
vn -0.0289 0.8879 -0.4591
vn -0.0421 0.8826 -0.4682
vn -0.0298 0.8848 -0.4651
vn -0.0364 0.8875 -0.4593
vn -0.0360 0.8827 -0.4686
vn -0.0302 0.8830 -0.4684
vn -0.0301 0.8903 -0.4544
vn -0.0517 0.8922 -0.4488
vn -0.0517 0.8823 -0.4679
vn -0.1231 0.8777 -0.4631
vn -0.1238 0.8895 -0.4399
vn -0.2610 0.8593 -0.4399
vn -0.2674 0.8511 -0.4518
vn -0.4377 0.7741 -0.4573
vn -0.4120 0.7916 -0.4513
vn -0.5768 0.6766 -0.4578
vn -0.5848 0.6664 -0.4626
vn -0.7052 0.5596 -0.4353
vn -0.7024 0.5578 -0.4420
vn -0.7946 0.4288 -0.4297
vn -0.8091 0.4240 -0.4070
vn -0.8474 0.2926 -0.4430
vn -0.8237 0.3332 -0.4589
vn -0.8372 0.2140 -0.5034
vn -0.8496 0.1976 -0.4890
vn -0.8550 0.1346 -0.5008
vn -0.8379 0.1401 -0.5275
vn -0.8426 0.0997 -0.5292
vn -0.8565 0.1019 -0.5060
vn -0.8568 0.0980 -0.5062
vn -0.8426 0.0955 -0.5300
vn -0.8427 0.0937 -0.5301
vn -0.8570 0.0962 -0.5062
vn -0.8454 0.1924 -0.4983
vn -0.8290 0.2021 -0.5215
vn -0.5960 0.7096 -0.3758
vn -0.6660 0.6340 -0.3931
vn -0.2083 0.9700 -0.1256
vn -0.1284 0.9884 -0.0813
vn -0.6916 0.6558 -0.3027
vn -0.9401 0.2521 -0.2295
vn -0.6807 0.7136 -0.1658
vn -0.1754 0.9835 -0.0445
vn -0.8950 0.2110 -0.3929
vn -0.2105 0.9728 -0.0963
vn -0.9096 0.1064 -0.4017
vn -0.9092 0.1089 -0.4019
vn -0.9626 0.1244 -0.2407
vn -0.9636 0.1186 -0.2395
vn -0.9838 0.1247 -0.1287
vn -0.9827 0.1336 -0.1286
vn -0.9858 0.1421 0.0889
vn -0.9873 0.1319 0.0891
vn -0.9553 0.2827 0.0864
vn -0.9521 0.2794 -0.1241
vn -0.6541 0.7515 -0.0858
vn -0.1470 0.9890 -0.0187
vn -0.1618 0.9868 0.0062
vn -0.6703 0.7404 0.0500
vn -0.5200 0.7002 0.4893
vn -0.7141 0.2624 0.6490
vn -0.1913 0.1745 0.9659
vn -0.1367 0.6373 0.7584
vn -0.0194 0.9677 0.2513
vn -0.1432 0.9811 0.1303
vn -0.7343 0.1171 0.6687
vn -0.7322 0.1270 0.6691
vn -0.1859 0.0610 0.9807
vn -0.1868 0.0556 0.9808
vn -0.7258 0.1545 0.6704
vn -0.9813 0.1712 0.0884
vn -0.9745 0.2092 0.0809
vn -0.1820 0.0761 0.9804
vn -0.1720 0.0990 0.9801
vn -0.7147 0.1968 0.6712
vn -0.0000 0.0453 0.9990
vn 0.0076 0.0603 0.9982
vn -0.7216 0.2417 0.6488
vn -0.1637 0.1277 0.9782
vn 0.0222 0.0750 0.9969
vn 0.0577 0.0969 0.9936
vn 0.0592 0.0901 0.9942
vn 0.0224 0.0723 0.9971
vn -0.1366 0.1753 0.9750
vn 0.0077 0.0580 0.9983
vn -0.0000 0.0445 0.9990
vn 0.0015 0.0433 0.9991
vn 0.0235 0.0679 0.9974
vn 0.0077 0.0558 0.9984
vn 0.1056 0.0238 0.9941
vn 0.1033 0.0198 0.9945
vn -0.0006 0.0361 0.9993
vn 0.1130 0.0297 0.9931
vn -0.0013 0.0360 0.9994
vn 0.1288 0.0354 0.9910
vn 0.4829 -0.0499 0.8743
vn 0.4905 -0.0625 0.8692
vn 0.5049 -0.0810 0.8594
vn 0.1706 0.0357 0.9847
vn 0.5541 -0.1957 0.8091
vn 0.5370 -0.1169 0.8355
vn 0.2297 0.0323 0.9727
vn 0.0590 0.0839 0.9947
vn 0.1313 0.1016 0.9861
vn 0.2651 0.0057 0.9642
vn 0.5072 -0.3039 0.8064
vn 0.1943 0.0983 0.9760
vn 0.2051 0.1040 0.9732
vn 0.1417 0.1179 0.9829
vn 0.2177 0.1143 0.9693
vn 0.1358 0.1122 0.9844
vn -0.0177 0.2476 0.9687
vn -0.6378 0.5540 0.5351
vn -0.7306 0.3490 0.5869
vn -0.9419 0.3310 -0.0578
vn -0.8370 0.5162 -0.1817
vn -0.8319 0.4622 -0.3072
vn -0.9187 0.2700 -0.2882
vn -0.8379 0.4379 -0.3260
vn -0.6959 0.6030 -0.3900
vn -0.9299 0.2880 -0.2287
vn -0.6770 0.6301 -0.3804
vn -0.5709 0.6908 -0.4438
vn -0.7077 0.5740 -0.4120
vn -0.5856 0.6747 -0.4492
vn -0.8223 0.4232 -0.3804
vn -0.4560 0.7507 -0.4780
vn -0.2703 0.8169 -0.5095
vn -0.1331 0.8393 -0.5271
vn -0.0678 0.8499 -0.5226
vn -0.0380 0.8590 -0.5106
vn -0.0431 0.8638 -0.5020
vn -0.0471 0.8648 -0.4999
vn -0.0498 0.8464 -0.5303
vn -0.0528 0.8445 -0.5330
vn -0.0319 0.8642 -0.5022
vn -0.0300 0.8449 -0.5340
vn -0.0164 0.8648 -0.5018
vn -0.0506 0.8407 -0.5391
vn -0.8910 0.2577 -0.3739
vn -0.8998 0.1840 -0.3956
vn -0.9446 0.1857 -0.2706
vn -0.9527 0.1640 -0.2560
vn -0.9027 0.1365 -0.4079
vn -0.9072 0.1166 -0.4042
vn -0.9599 0.1390 -0.2435
vn -0.9787 0.1555 -0.1344
vn -0.9713 0.1875 -0.1462
vn -0.9611 0.2131 -0.1760
vn -0.9676 0.2483 0.0460
vn 0.6703 -0.5573 0.4900
vn 0.7810 -0.3855 0.4914
vn 0.8227 -0.4321 0.3694
vn 0.6977 -0.6178 0.3626
vn 0.5036 -0.7112 0.4904
vn 0.5124 -0.7822 0.3545
vn 0.6960 -0.6194 0.3632
vn 0.5109 -0.7830 0.3548
vn 0.3224 -0.8847 0.3367
vn 0.3251 -0.8838 0.3366
vn 0.1893 -0.9274 0.3225
vn 0.1077 -0.9427 0.3157
vn 0.1067 -0.9428 0.3159
vn 0.1877 -0.9278 0.3223
vn 0.0675 -0.9475 0.3126
vn 0.0944 -0.8793 0.4668
vn 0.0728 -0.8822 0.4652
vn 0.0492 -0.9492 0.3109
vn 0.0487 -0.9492 0.3110
vn 0.0669 -0.9476 0.3125
vn 0.0581 -0.8834 0.4651
vn 0.0361 -0.9498 0.3109
vn 0.0273 -0.9498 0.3118
vn 0.0272 -0.9498 0.3118
vn 0.0359 -0.9498 0.3109
vn 0.0245 -0.9497 0.3123
vn 0.0242 -0.9496 0.3124
vn 0.0241 -0.9497 0.3121
vn 0.0250 -0.9497 0.3120
vn 0.0249 -0.9497 0.3121
vn 0.0257 -0.9494 0.3131
vn 0.0278 -0.9491 0.3137
vn 0.0268 -0.9495 0.3125
vn -0.1299 -0.8561 0.5002
vn -0.1567 -0.8924 0.4233
vn 0.0297 -0.9503 0.3100
vn 0.0304 -0.9511 0.3074
vn 0.0278 -0.9496 0.3122
vn 0.0268 -0.9499 0.3115
vn 0.0348 -0.9549 0.2949
vn -0.1235 -0.9263 0.3559
vn -0.0973 -0.9467 0.3070
vn 0.0414 -0.9632 0.2655
vn 0.0389 -0.9640 0.2631
vn 0.0325 -0.9557 0.2926
vn 0.0320 -0.9649 0.2606
vn 0.0265 -0.9563 0.2913
vn 0.0342 -0.9756 0.2169
vn 0.0414 -0.9747 0.2195
vn 0.0425 -0.9745 0.2204
vn 0.0168 -0.9602 0.2787
vn 0.0248 -0.9581 0.2855
vn 0.0245 -0.9536 0.3001
vn 0.0171 -0.9663 0.2568
vn 0.0255 -0.9508 0.3089
vn 0.0279 -0.9516 0.3062
vn 0.0253 -0.9544 0.2975
vn 0.0264 -0.9586 0.2834
vn 0.0281 -0.9618 0.2721
vn 0.0282 -0.9561 0.2918
vn 0.0280 -0.9515 0.3064
vn 0.0244 -0.9506 0.3094
vn 0.0292 -0.9608 0.2756
vn 0.0310 -0.9642 0.2632
vn -0.0533 -0.9892 0.1362
vn 0.0251 -0.9592 0.2816
vn 0.0544 -0.9893 0.1357
vn 0.0019 -0.9912 0.1326
vn -0.1143 -0.8842 -0.4530
vn -0.3595 -0.8539 -0.3764
vn 0.0369 -0.9686 0.2460
vn -0.0851 -0.9834 0.1601
vn -0.5366 -0.8177 -0.2084
vn -0.5346 -0.3767 -0.7565
vn -0.8146 -0.1672 -0.5555
vn -0.7983 -0.3137 -0.5140
vn -0.5441 -0.2357 -0.8052
vn -0.1905 -0.4154 -0.8894
vn -0.1994 -0.2714 -0.9416
vn 0.2035 -0.4076 -0.8902
vn 0.1998 -0.2645 -0.9435
vn 0.5610 -0.2059 -0.8018
vn 0.5583 -0.3506 -0.7519
vn 0.8196 -0.2601 -0.5105
vn 0.8256 -0.1166 -0.5521
vn 0.9434 -0.0454 -0.3285
vn 0.9348 -0.1964 -0.2960
vn 0.9674 -0.1706 -0.1872
vn 0.9758 -0.0123 -0.2181
vn 0.9927 0.0058 -0.1201
vn 0.9844 -0.1473 -0.0958
vn 0.9883 -0.1153 0.0994
vn 0.9960 0.0277 0.0854
vn 0.8918 0.0552 0.4491
vn 0.8870 -0.0952 0.4518
vn 0.5907 -0.0849 0.8024
vn 0.5928 0.0765 0.8017
vn 0.1947 0.0825 0.9774
vn 0.1937 -0.0745 0.9782
vn -0.2022 -0.0764 0.9764
vn -0.2050 0.0745 0.9759
vn -0.6071 0.0529 0.7928
vn -0.8636 -0.1147 0.4910
vn -0.8745 0.0222 0.4845
vn -0.6039 -0.0903 0.7919
vn -0.4036 -0.6744 0.6183
vn -0.1012 -0.9773 0.1861
vn -0.6047 -0.6743 0.4238
vn -0.0476 -0.9766 0.2096
vn 0.0023 -0.9738 0.2273
vn -0.1229 -0.6625 0.7389
vn 0.1526 -0.6702 0.7263
vn 0.0573 -0.9745 0.2171
vn 0.0310 -0.9960 0.0841
vn 0.0244 -0.9967 0.0770
vn 0.0282 -0.9965 0.0788
vn 0.0263 -0.9970 0.0727
vn 0.0319 -0.9966 0.0762
vn 0.0394 -0.9944 0.0976
vn 0.0351 -0.9955 0.0882
vn 0.0320 -0.9975 0.0634
vn 0.0302 -0.9983 0.0503
vn 0.0333 -0.9979 0.0556
vn 0.0396 -0.9969 0.0675
vn 0.0217 -0.9987 0.0467
vn 0.0255 -0.9979 0.0594
vn 0.0156 -0.9982 0.0571
vn 0.0141 -0.9973 0.0719
vn 0.0062 -0.9985 0.0551
vn 0.0031 -0.9991 0.0427
vn 0.0218 -0.9973 0.0706
vn 0.0112 -0.9990 0.0439
vn 0.0083 -0.9980 0.0631
vn 0.0114 -0.9996 0.0262
vn 0.0066 -0.9992 0.0405
vn 0.0152 -0.9997 0.0167
vn 0.0078 -0.9997 0.0237
vn 0.0182 -0.9998 -0.0006
vn 0.0152 -0.9999 -0.0039
vn 0.0144 -0.9999 0.0062
vn 0.0191 -0.9997 -0.0119
vn 0.0349 -0.9993 -0.0092
vn 0.0277 -0.9996 -0.0039
vn 0.1202 -0.9842 -0.1301
vn 0.0785 -0.9870 -0.1399
vn 0.0480 -0.9885 -0.1432
vn 0.0173 -0.9998 0.0019
vn 0.0183 -0.9998 0.0103
vn 0.0198 -0.9998 0.0030
vn 0.0183 -0.9994 0.0300
vn 0.0251 -0.9991 0.0338
vn 0.0205 -0.9997 0.0132
vn 0.0269 -0.9989 0.0384
vn 0.0237 -0.9996 0.0136
vn 0.0272 -0.9996 0.0098
vn 0.0238 -0.9991 0.0344
vn 0.0240 -0.9997 -0.0014
vn 0.0223 -0.9997 0.0031
vn -0.0204 -0.9893 -0.1443
vn -0.0139 -0.7266 -0.6869
vn -0.1929 -0.7195 -0.6672
vn -0.3640 -0.7066 -0.6068
vn -0.0537 -0.9886 -0.1406
vn 0.0145 -0.9894 -0.1447
vn 0.2195 -0.1612 -0.9622
vn -0.0390 -0.1617 -0.9861
vn -0.2950 -0.1561 -0.9427
vn 0.1630 -0.7237 -0.6706
vn 0.3299 -0.7142 -0.6173
vn 0.6725 -0.1490 -0.7250
vn 0.4621 -0.1553 -0.8731
vn 0.4857 -0.6998 -0.5238
vn 0.6176 -0.6879 -0.3812
vn 0.1671 -0.9809 -0.0992
vn 0.1883 -0.9805 -0.0562
vn 0.6923 -0.6896 -0.2124
vn 0.9450 -0.1453 -0.2930
vn 0.8388 -0.1437 -0.5251
vn 0.8441 -0.0000 -0.5361
vn 0.9542 0.0001 -0.2992
vn 0.9992 -0.0000 -0.0389
vn 0.9868 -0.1555 -0.0443
vn 0.7042 -0.7079 -0.0540
vn 0.6771 -0.0000 -0.7359
vn 0.4632 -0.0000 -0.8863
vn 0.2173 -0.0000 -0.9761
vn -0.0431 -0.0000 -0.9991
vn -0.3003 -0.0000 -0.9539
vn -0.5372 -0.0000 -0.8434
vn -0.5312 -0.1460 -0.8346
vn -0.7284 -0.1413 -0.6704
vn -0.7374 -0.0000 -0.6755
vn -0.8871 -0.0000 -0.4615
vn -0.8773 -0.1424 -0.4583
vn -0.9650 -0.1452 -0.2182
vn -0.9763 -0.0000 -0.2164
vn -0.9990 -0.0000 0.0436
vn -0.9876 -0.1520 0.0398
vn -0.9433 -0.1553 0.2935
vn -0.9538 -0.0000 0.3003
vn -0.8438 -0.0000 0.5366
vn -0.8342 -0.1544 0.5295
vn -0.6683 -0.1539 0.7278
vn -0.6767 -0.0000 0.7363
vn -0.4639 -0.0000 0.8859
vn -0.2196 -0.0000 0.9756
vn -0.2149 -0.1429 0.9661
vn -0.4563 -0.1493 0.8772
vn -0.3181 -0.7242 0.6118
vn -0.0857 -0.9936 0.0734
vn -0.4692 -0.7277 0.5003
vn -0.0504 -0.9944 0.0925
vn -0.0114 -0.9957 0.0917
vn -0.1427 -0.7207 0.6784
vn 0.0131 -0.9958 -0.0903
vn 0.0235 -0.9963 -0.0831
vn 0.0257 -0.9967 0.0776
vn 0.0226 -0.9980 -0.0590
vn 0.0417 -0.7288 0.6834
vn 0.2219 -0.7236 0.6536
vn 0.0578 -0.9948 0.0840
vn 0.2950 -0.1479 0.9440
vn 0.0400 -0.1463 0.9884
vn 0.0399 -0.0000 0.9992
vn 0.2969 -0.0000 0.9549
vn 0.5336 -0.0002 0.8457
vn 0.7338 -0.0000 0.6793
vn 0.7288 -0.1497 0.6681
vn 0.5286 -0.1476 0.8359
vn 0.3925 -0.7128 0.5812
vn 0.5377 -0.7059 0.4611
vn 0.1443 -0.9867 0.0753
vn 0.0987 -0.9907 0.0931
vn 0.0116 -0.9986 -0.0525
vn 0.0187 -0.9981 -0.0595
vn 0.0296 -0.9987 -0.0407
vn 0.0275 -0.9991 -0.0308
vn 0.0052 -0.9969 -0.0791
vn 0.0260 -0.9974 -0.0669
vn 0.0405 -0.9982 -0.0443
vn 0.0347 -0.9984 -0.0451
vn 0.0408 -0.9981 -0.0453
vn 0.0422 -0.9982 -0.0438
vn 0.0323 -0.9969 -0.0710
vn 0.0365 -0.9981 -0.0494
vn 0.0420 -0.9981 -0.0450
vn 0.0388 -0.9979 -0.0518
vn 0.0429 -0.9981 -0.0446
vn 0.0360 -0.9984 -0.0427
vn 0.0360 -0.9985 -0.0402
vn 0.0365 -0.9983 -0.0460
vn 0.0282 -0.9993 -0.0250
vn 0.0270 -0.9994 -0.0233
vn 0.0271 -0.9994 -0.0216
vn -0.0888 -0.9958 -0.0211
vn 0.0227 -0.9997 0.0022
vn 0.0246 -0.9997 0.0007
vn 0.0190 -0.9996 0.0228
vn 0.0156 -0.9996 0.0231
vn 0.0321 -0.9995 -0.0030
vn 0.0154 -0.9991 0.0391
vn 0.0191 -0.9982 0.0573
vn 0.0249 -0.9980 0.0582
vn 0.0188 -0.9991 0.0392
vn 0.0321 -0.9955 0.0894
vn -0.0809 -0.9904 0.1122
vn -0.0870 -0.9929 0.0814
vn 0.0304 -0.9957 0.0877
vn 0.0344 -0.9912 0.1280
vn 0.0331 -0.9915 0.1260
vn 0.0234 -0.9958 0.0886
vn 0.0260 -0.9914 0.1283
vn 0.0380 -0.9846 0.1704
vn 0.0384 -0.9844 0.1716
vn 0.0381 -0.9849 0.1690
vn 0.0347 -0.9849 0.1695
vn 0.0220 -0.9786 0.2048
vn 0.0273 -0.9769 0.2119
vn 0.0379 -0.9850 0.1682
vn 0.0179 -0.9909 0.1331
vn 0.0155 -0.9899 0.1406
vn 0.1881 -0.9732 0.1325
vn 0.0070 -0.9950 0.0994
vn -0.0006 -0.9941 0.1087
vn 0.1698 -0.9771 0.1279
vn 0.1820 -0.9751 0.1264
vn 0.1395 -0.9777 0.1571
vn 0.6284 -0.6830 0.3722
vn 0.0103 -0.9963 0.0852
vn 0.7202 -0.6935 0.0202
vn 0.7216 -0.6775 0.1425
vn 0.1020 -0.9767 0.1890
vn 0.4177 -0.6843 0.5977
vn 0.0190 -0.9968 0.0774
vn 0.7060 -0.7075 -0.0315
vn 0.6817 -0.7254 -0.0957
vn 0.5907 -0.7759 -0.2217
vn 0.1397 -0.9787 0.1505
vn 0.1753 -0.9745 0.1398
vn 0.4025 -0.8398 -0.3643
vn 0.0968 -0.9844 0.1469
vn 0.0058 -0.9689 0.2476
vn 0.0167 -0.9615 0.2742
vn 0.1586 -0.8779 -0.4519
vn 0.0017 -0.9966 0.0826
vn -0.0788 -0.9771 0.1976
vn -0.0844 -0.9646 0.2498
vn -0.0771 -0.9854 0.1515
vn -0.5827 -0.7891 0.1944
vn 0.0355 -0.9994 -0.0058
vn 0.0275 -0.9992 -0.0300
vn 0.0373 -0.9993 -0.0064
vn 0.0410 -0.9992 -0.0025
vn 0.0263 -0.9993 -0.0281
vn 0.0361 -0.9981 -0.0499
vn 0.0369 -0.9978 -0.0545
vn 0.1825 -0.9829 -0.0249
vn 0.1774 -0.9833 -0.0409
vn 0.6455 -0.7059 0.2915
vn 0.6954 -0.7108 0.1059
vn 0.1783 -0.9836 0.0257
vn 0.9656 -0.1570 0.2072
vn 0.8781 -0.1521 0.4536
vn 0.9746 -0.0000 0.2238
vn 0.8837 -0.0000 0.4680
vn 0.0223 -0.9989 -0.0415
vn 0.0185 -0.9976 -0.0663
vn 0.0224 -0.9985 -0.0495
vn 0.0234 -0.9986 -0.0476
vn 0.0229 -0.9990 -0.0379
vn 0.0262 -0.9978 -0.0612
vn 0.0199 -0.9966 -0.0805
vn 0.0224 -0.9991 -0.0360
vn 0.0266 -0.9970 -0.0731
vn 0.0224 -0.9974 -0.0684
vn 0.0235 -0.9978 -0.0613
vn 0.0232 -0.9964 -0.0812
vn 0.0224 -0.9953 -0.0943
vn 0.0225 -0.9955 -0.0918
vn 0.1187 -0.9739 -0.1934
vn 0.0828 -0.9760 -0.2012
vn 0.0522 -0.9768 -0.2075
vn 0.0245 -0.9978 -0.0619
vn 0.0246 -0.9980 -0.0583
vn 0.0231 -0.9987 -0.0463
vn 0.0206 -0.9991 -0.0363
vn 0.0231 -0.9990 -0.0373
vn 0.0215 -0.9993 -0.0292
vn 0.0190 -0.9994 -0.0289
vn 0.0197 -0.9992 -0.0354
vn 0.0185 -0.9994 -0.0286
vn 0.0184 -0.9994 -0.0280
vn 0.0208 -0.9992 -0.0334
vn 0.0177 -0.9996 -0.0226
vn 0.0184 -0.9996 -0.0216
vn 0.0171 -0.9996 -0.0214
vn 0.0171 -0.9998 -0.0064
vn 0.0136 -0.9999 0.0093
vn 0.0172 -0.9995 0.0260
vn 0.0177 -0.9998 0.0018
vn 0.0176 -0.9998 0.0103
vn 0.0200 -0.9998 -0.0026
vn 0.0184 -0.9998 -0.0117
vn 0.0173 -0.9997 -0.0166
vn 0.0195 -0.9996 -0.0190
vn 0.0243 -0.9996 -0.0107
vn -0.0928 -0.9874 -0.1284
vn -0.1213 -0.9873 -0.1029
vn -0.6230 -0.6994 -0.3502
vn -0.5137 -0.6971 -0.5001
vn -0.1410 -0.9879 -0.0641
vn -0.6883 -0.7038 -0.1760
vn -0.1390 -0.9900 -0.0243
vn 0.0187 -0.9994 -0.0275
vn -0.6966 -0.7175 0.0081
vn 0.0175 -0.9996 -0.0242
vn 0.0207 -0.9993 -0.0311
vn -0.1286 -0.9916 0.0135
vn -0.6628 -0.7245 0.1893
vn -0.5871 -0.7267 0.3566
vn -0.1112 -0.9927 0.0461
vn 0.0205 -0.9993 -0.0328
vn 0.0213 -0.9997 -0.0116
vn 0.0308 -0.9995 -0.0102
vn 0.0305 -0.9995 0.0018
vn 0.0211 -0.9998 -0.0010
vn 0.0266 -0.9995 -0.0187
vn 0.0211 -0.9995 -0.0214
vn 0.0206 -0.9998 0.0046
vn 0.0200 -0.9998 0.0045
vn 0.0165 -0.9998 0.0071
vn 0.0621 -0.9864 0.1525
vn 0.0191 -0.9877 0.1550
vn -0.0179 -0.9887 0.1487
vn 0.0297 -0.9995 0.0060
vn 0.0526 -0.9985 0.0177
vn 0.0542 -0.9984 0.0179
vn 0.0819 -0.9958 0.0399
vn 0.0756 -0.9964 0.0396
vn -0.0479 -0.9905 0.1290
vn -0.0366 -0.9897 0.1387
vn -0.3717 -0.7291 0.5746
vn -0.7948 -0.1586 0.5857
vn -0.5780 -0.1586 0.8005
vn -0.3055 -0.1575 0.9391
vn -0.5149 -0.7337 0.4433
vn -0.1952 -0.7230 0.6627
vn -0.6099 -0.7451 0.2701
vn -0.0532 -0.9941 0.0945
vn -0.6519 -0.7550 0.0700
vn -0.9870 -0.1606 0.0079
vn -0.0539 -0.9920 0.1138
vn -0.9362 -0.1601 0.3128
vn -0.9554 -0.0000 0.2953
vn -0.9999 -0.0000 -0.0140
vn -0.6274 -0.7660 -0.1399
vn -0.9401 -0.1588 -0.3017
vn -0.9469 -0.0000 -0.3215
vn -0.7989 -0.1559 -0.5809
vn -0.5386 -0.7722 -0.3371
vn -0.8027 -0.0000 -0.5964
vn -0.3941 -0.7727 -0.4976
vn -0.5771 -0.1490 -0.8030
vn -0.5806 -0.0000 -0.8142
vn -0.0272 -0.9980 0.0578
vn 0.0881 -0.9794 0.1818
vn -0.0152 -0.9985 0.0517
vn 0.1052 -0.9832 0.1492
vn 0.1073 -0.9869 0.1202
vn -0.0422 -0.9964 0.0734
vn 0.0017 -0.9993 0.0368
vn 0.0603 -0.9773 0.2032
vn 0.0392 -0.9812 0.1889
vn 0.0342 -0.9992 0.0184
vn 0.0309 -0.7654 -0.6428
vn -0.2004 -0.7686 -0.6075
vn 0.0827 -0.9966 -0.0011
vn 0.2618 -0.7436 -0.6152
vn 0.3181 -0.1418 -0.9374
vn 0.0100 -0.1474 -0.9890
vn -0.2998 -0.1455 -0.9429
vn 0.0018 -0.0000 -1.0000
vn 0.4578 -0.7332 -0.5028
vn 0.5920 -0.1445 -0.7929
vn 0.3073 -0.0000 -0.9516
vn 0.5843 -0.0000 -0.8115
vn -0.3034 -0.0000 -0.9529
vn 0.8090 -0.1532 -0.5675
vn 0.6827 -0.7164 -0.1436
vn 0.9447 -0.1522 -0.2906
vn 0.5965 -0.7291 -0.3355
vn 0.8064 -0.0000 -0.5914
vn 0.9497 -0.0000 -0.3131
vn 0.1460 -0.9890 0.0237
vn 0.1651 -0.9851 0.0486
vn 0.0176 -0.9935 0.1123
vn 0.0153 -0.9957 0.0916
vn 0.0208 -0.9903 0.1374
vn 0.1207 -0.9927 0.0047
vn 0.0158 -0.9976 0.0669
vn 0.0112 -0.9973 0.0731
vn 0.1704 -0.9822 0.0787
vn 0.0220 -0.9958 0.0891
vn 0.0194 -0.9926 0.1197
vn 0.0197 -0.9893 0.1443
vn 0.0291 -0.9840 0.1757
vn 0.0315 -0.9955 0.0899
vn 0.0261 -0.9918 0.1255
vn 0.0351 -0.9903 0.1346
vn 0.0338 -0.9843 0.1731
vn 0.0412 -0.9844 0.1708
vn 0.0433 -0.9928 0.1115
vn 0.0417 -0.9920 0.1191
vn 0.0381 -0.9890 0.1430
vn -0.1207 -0.9771 0.1754
vn -0.1207 -0.9760 0.1810
vn -0.1019 -0.9785 0.1793
vn 0.0448 -0.9764 0.2112
vn 0.0405 -0.9750 0.2184
vn 0.0372 -0.9735 0.2255
vn 0.0348 -0.9626 0.2687
vn 0.0365 -0.9678 0.2492
vn 0.0375 -0.9707 0.2374
vn 0.0579 -0.9610 0.2705
vn 0.0436 -0.9630 0.2658
vn 0.0535 -0.9677 0.2462
vn 0.0317 -0.9766 0.2129
vn 0.0490 -0.9732 0.2245
vn 0.0922 -0.9636 0.2508
vn 0.0855 -0.9703 0.2261
vn 0.1751 -0.9573 0.2303
vn 0.0965 -0.9566 0.2750
vn 0.1764 -0.9425 0.2838
vn 0.1752 -0.9482 0.2651
vn 0.0716 -0.9752 0.2093
vn 0.1034 -0.9735 0.2042
vn 0.1377 -0.9768 0.1642
vn 0.2196 -0.9560 0.1945
vn 0.3269 -0.9215 0.2095
vn 0.3140 -0.9085 0.2757
vn 0.3177 -0.9173 0.2399
vn 0.5062 -0.8171 0.2761
vn 0.2223 -0.9631 0.1514
vn 0.3314 -0.9272 0.1745
vn 0.5036 -0.8372 0.2133
vn 0.5042 -0.8285 0.2438
vn 0.6910 -0.6642 0.2851
vn 0.6883 -0.6788 0.2558
vn 0.6861 -0.6880 0.2365
vn 0.5041 -0.8425 0.1898
vn 0.3280 -0.9333 0.1460
vn 0.3223 -0.9365 0.1380
vn 0.5008 -0.8462 0.1819
vn 0.1800 -0.9800 0.0850
vn 0.2227 -0.9672 0.1221
vn 0.1079 -0.9923 0.0616
vn 0.0871 -0.9952 0.0449
vn 0.1378 -0.9852 0.1024
vn 0.0954 -0.9945 0.0426
vn 0.1826 -0.9799 0.0799
vn 0.3135 -0.9403 0.1326
vn 0.1799 -0.9799 0.0857
vn 0.3035 -0.9443 0.1271
vn 0.4892 -0.8545 0.1746
vn 0.4714 -0.8646 0.1738
vn 0.3085 -0.9510 -0.0178
vn 0.4284 -0.9032 0.0282
vn 0.2005 -0.7648 -0.6123
vn 0.3688 -0.7295 -0.5760
vn 0.2670 -0.7442 -0.6122
vn 0.2271 -0.9725 -0.0509
vn -0.2133 -0.1661 -0.9628
vn -0.5054 -0.1523 -0.8493
vn 0.1049 -0.8037 -0.5857
vn 0.0769 -0.1681 -0.9828
vn 0.5569 -0.8262 0.0858
vn 0.6965 -0.6897 0.1978
vn 0.6122 -0.7637 0.2047
vn 0.6287 -0.7678 0.1234
vn -0.0566 -0.8740 -0.4826
vn 0.6574 -0.7459 0.1068
vn 0.7414 -0.6529 0.1549
vn -0.2385 -0.9357 -0.2601
vn -0.3193 -0.9467 0.0423
vn 0.7180 -0.6908 0.0851
vn 0.6360 -0.7696 0.0559
vn 0.5508 -0.8333 0.0476
vn 0.6462 -0.7630 0.0185
vn -0.3034 -0.8992 0.3153
vn -0.9394 -0.1403 0.3129
vn -0.9644 -0.0000 0.2646
vn -0.9916 -0.1281 -0.0168
vn -0.9996 -0.0000 -0.0290
vn -0.9312 -0.1227 -0.3433
vn -0.7634 -0.1334 -0.6320
vn -0.9486 -0.0000 -0.3165
vn -0.8166 -0.0000 -0.5772
vn -0.6036 -0.0000 -0.7973
vn -0.3248 -0.0000 -0.9458
vn -0.0047 -0.0000 -1.0000
vn 0.3132 -0.0000 -0.9497
vn 0.3589 -0.1647 -0.9187
vn 0.6130 -0.1603 -0.7736
vn 0.5992 -0.0000 -0.8006
vn 0.8207 -0.0000 -0.5714
vn 0.8168 -0.1581 -0.5549
vn 0.9466 -0.1565 -0.2819
vn 0.9584 -0.0000 -0.2854
vn 0.9996 -0.0000 0.0283
vn 0.9880 -0.1530 0.0208
vn 0.9351 -0.1502 0.3211
vn 0.9411 -0.0000 0.3382
vn 0.7886 -0.0000 0.6149
vn 0.7917 -0.1475 0.5928
vn 0.5580 -0.0000 0.8298
vn 0.6045 -0.7058 0.3695
vn 0.6873 -0.7022 0.1858
vn 0.7098 -0.7043 -0.0143
vn 0.1901 -0.9809 -0.0410
vn 0.1828 -0.9811 -0.0637
vn 0.6765 -0.7065 -0.2080
vn 0.0430 -0.9989 -0.0190
vn 0.0428 -0.9984 -0.0382
vn 0.0569 -0.9983 0.0090
vn 0.1745 -0.9817 -0.0764
vn 0.5944 -0.7110 -0.3758
vn 0.1842 -0.9802 -0.0733
vn 0.4836 -0.7161 -0.5033
vn 0.0963 -0.9944 0.0445
vn 0.0584 -0.9982 0.0112
vn 0.0412 -0.9990 -0.0161
vn 0.0390 -0.9986 -0.0354
vn 0.0316 -0.9990 -0.0321
vn 0.0506 -0.9987 0.0087
vn 0.0316 -0.9994 -0.0144
vn 0.0244 -0.9993 -0.0300
vn 0.7797 -0.5993 0.1815
vn 0.7282 -0.6469 0.2265
vn 0.8507 -0.4756 0.2239
vn 0.8056 -0.5343 0.2560
vn 0.8473 -0.5025 0.1718
vn 0.7747 -0.6202 0.1230
vn 0.6491 -0.7319 0.2074
vn 0.6755 -0.7053 0.2150
vn 0.8866 -0.4125 0.2092
vn 0.8817 -0.4076 0.2376
vn 0.8933 -0.3535 0.2776
vn 0.8736 -0.4077 0.2656
vn 0.8995 -0.3601 0.2472
vn 0.9166 -0.3061 0.2572
vn 0.9087 -0.3029 0.2874
vn 0.9291 -0.2555 0.2674
vn 0.9209 -0.2546 0.2950
vn 0.9356 -0.2237 0.2732
vn 0.9272 -0.2251 0.2994
vn 0.9188 -0.2266 0.3232
vn 0.9025 -0.2957 0.3132
vn 0.9130 -0.2522 0.3206
vn 0.9076 -0.2464 0.3401
vn 0.9116 -0.2254 0.3437
vn 0.8982 -0.2861 0.3337
vn 0.8951 -0.2746 0.3512
vn 0.9029 -0.2374 0.3585
vn 0.8832 -0.3039 0.3573
vn 0.8841 -0.3179 0.3424
vn 0.8925 -0.2618 0.3672
vn 0.8996 -0.2257 0.3738
vn 0.8861 -0.3315 0.3238
vn 0.8913 -0.2473 0.3800
vn 0.8829 -0.2883 0.3706
vn 0.8821 -0.2718 0.3848
vn 0.8971 -0.2124 0.3875
vn 0.8926 -0.1961 0.4060
vn 0.8880 -0.2315 0.3973
vn 0.8684 -0.3329 0.3674
vn 0.8674 -0.3473 0.3563
vn 0.8673 -0.3193 0.3819
vn 0.8822 -0.2150 0.4189
vn 0.8784 -0.2563 0.4034
vn 0.8776 -0.2438 0.4128
vn 0.8161 -0.4498 0.3630
vn 0.8152 -0.4586 0.3539
vn 0.8173 -0.4417 0.3700
vn 0.8686 -0.3079 0.3882
vn 0.8145 -0.4692 0.3413
vn 0.6936 -0.6414 0.3279
vn 0.6931 -0.6266 0.3564
vn 0.6934 -0.6342 0.3420
vn 0.5057 -0.7992 0.3250
vn 0.5060 -0.8082 0.3014
vn 0.3110 -0.9013 0.3014
vn 0.3153 -0.8914 0.3255
vn 0.5057 -0.7906 0.3452
vn 0.5087 -0.7845 0.3546
vn 0.3198 -0.8856 0.3368
vn 0.1809 -0.9334 0.3099
vn 0.1857 -0.9282 0.3225
vn 0.1019 -0.9476 0.3028
vn 0.1054 -0.9430 0.3157
vn 0.0660 -0.9476 0.3125
vn 0.0481 -0.9493 0.3108
vn 0.0463 -0.9536 0.2973
vn 0.0632 -0.9520 0.2995
vn 0.0356 -0.9498 0.3109
vn 0.0346 -0.9531 0.3006
vn 0.0271 -0.9498 0.3117
vn 0.0245 -0.9497 0.3121
vn 0.0240 -0.9497 0.3122
vn 0.0250 -0.9497 0.3121
vn 0.0250 -0.9498 0.3120
vn 0.0263 -0.9498 0.3118
vn 0.0263 -0.9497 0.3120
vn 0.0269 -0.9496 0.3123
vn 0.0274 -0.9497 0.3120
vn 0.6945 -0.6214 0.3626
vn 0.6928 -0.6517 0.3086
vn 0.8129 -0.4800 0.3298
vn 0.8663 -0.3622 0.3440
vn 0.8663 -0.3755 0.3293
vn 0.8123 -0.4935 0.3109
vn 0.8115 -0.5073 0.2899
vn 0.8670 -0.3895 0.3107
vn 0.8682 -0.4003 0.2932
vn 0.8108 -0.5157 0.2768
vn 0.8883 -0.3438 0.3045
vn 0.8715 -0.2997 0.3881
vn 0.8804 -0.2334 0.4127
vn 0.8797 -0.2016 0.4307
vn 0.8819 -0.1918 0.4307
vn 0.8824 -0.2258 0.4127
vn 0.8151 -0.1916 0.5467
vn 0.8177 -0.2539 0.5166
vn 0.8746 -0.2914 0.3875
vn 0.8112 -0.1543 0.5640
vn 0.8837 -0.1827 0.4310
vn 0.8838 -0.1476 0.4439
vn 0.8825 -0.1554 0.4439
vn 0.8797 -0.1353 0.4559
vn 0.8810 -0.1264 0.4560
vn 0.8085 -0.1221 0.5757
vn 0.8039 -0.1051 0.5854
vn 0.8805 -0.1663 0.4438
vn 0.8779 -0.1457 0.4562
vn 0.8843 -0.1802 0.4308
vn 0.7995 -0.0972 0.5928
vn 0.4774 -0.0415 0.8777
vn 0.4734 -0.0394 0.8800
vn 0.8049 0.0087 0.5934
vn 0.6926 0.5514 0.4651
vn 0.4776 0.0745 0.8754
vn 0.4131 0.5894 0.6942
vn 0.2254 0.9706 0.0843
vn 0.0153 0.9966 -0.0813
vn 0.1329 0.9782 0.1597
vn 0.0082 0.9963 -0.0858
vn 0.0191 0.9965 -0.0811
vn 0.0093 0.9964 -0.0838
vn 0.0248 0.9967 -0.0769
vn 0.0252 0.9970 -0.0734
vn 0.0319 0.9971 -0.0687
vn 0.0316 0.9964 -0.0781
vn 0.0398 0.9967 -0.0701
vn 0.0417 0.9977 -0.0531
vn 0.0325 0.9980 -0.0550
vn 0.0402 0.9966 -0.0722
vn 0.0260 0.9979 -0.0598
vn 0.0432 0.9965 -0.0721
vn 0.0452 0.9967 -0.0668
vn 0.0416 0.9967 -0.0698
vn 0.0428 0.9967 -0.0697
vn 0.0386 0.9967 -0.0707
vn 0.0595 0.9969 -0.0519
vn 0.0502 0.9983 -0.0289
vn 0.0483 0.9985 -0.0259
vn 0.0545 0.9985 0.0056
vn 0.0629 0.9979 0.0130
vn 0.0575 0.9978 0.0329
vn 0.0544 0.9980 0.0307
vn 0.0419 0.9983 0.0398
vn 0.0626 0.9960 0.0631
vn 0.0296 0.9990 0.0335
vn 0.0036 1.0000 0.0061
vn 0.0055 1.0000 0.0071
vn 0.0228 0.9993 0.0282
vn 0.0156 0.9998 0.0153
vn 0.0025 1.0000 0.0043
vn 0.0025 1.0000 0.0031
vn 0.0346 0.9990 0.0294
vn 0.0094 0.9999 0.0118
vn 0.0227 0.9996 0.0180
vn 0.0057 1.0000 0.0073
vn 0.0008 1.0000 0.0019
vn -0.0000 1.0000 -0.0000
vn 0.0167 0.9997 0.0164
vn 0.0274 0.9996 0.0098
vn 0.0161 0.9669 0.2547
vn 0.0323 0.9993 -0.0177
vn 0.0397 0.9992 -0.0088
vn 0.0375 0.9992 0.0143
vn 0.0225 0.9731 0.2292
vn 0.0265 0.9984 -0.0499
vn 0.0202 0.9972 -0.0722
vn 0.0335 0.9987 -0.0394
vn 0.0207 0.9812 0.1917
vn 0.0413 0.9833 0.1772
vn 0.0126 0.6293 0.7770
vn 0.0963 0.6296 0.7710
vn 0.1048 0.1243 0.9867
vn 0.1026 0.0185 0.9945
vn -0.0001 0.0333 0.9994
vn 0.0012 0.1342 0.9910
vn 0.0014 0.1307 0.9914
vn -0.0006 0.0329 0.9995
vn -0.0008 0.0323 0.9995
vn 0.0009 0.1298 0.9915
vn 0.0085 0.6124 0.7905
vn 0.0054 0.6053 0.7959
vn -0.0005 0.0329 0.9995
vn -0.0007 0.0329 0.9995
vn -0.0022 0.0324 0.9995
vn -0.0019 0.0359 0.9994
vn -0.0013 0.0334 0.9994
vn 0.0404 0.9987 -0.0316
vn 0.0471 0.9989 -0.0009
vn 0.0456 0.9987 0.0231
vn 0.0420 0.9967 -0.0690
vn 0.0275 0.9968 -0.0749
vn 0.0118 0.9965 -0.0823
vn 0.0320 0.9967 -0.0748
vn 0.0152 0.9967 -0.0797
vn 0.0047 0.9964 -0.0847
vn 0.0090 0.9965 -0.0834
vn 0.0002 0.9975 -0.0707
vn -0.0000 0.9971 -0.0763
vn -0.0000 0.9975 -0.0705
vn 0.0040 0.9964 -0.0849
vn 0.0022 0.9963 -0.0854
vn 0.0009 0.9963 -0.0860
vn 0.8209 -0.4363 0.3684
vn 0.9132 -0.2172 0.3448
vn 0.9211 -0.2172 0.3232
vn 0.9296 -0.2134 0.3004
vn 0.9380 -0.2118 0.2745
vn 0.9463 -0.1108 0.3036
vn 0.9402 -0.1122 0.3216
vn 0.8065 0.4480 0.3857
vn 0.8021 0.4409 0.4028
vn 0.8028 0.4412 0.4009
vn 0.9588 -0.1080 0.2629
vn 0.8098 0.4352 0.3935
vn 0.9525 -0.1097 0.2842
vn 0.0900 -0.9937 0.0663
vn 0.0999 -0.9906 0.0932
vn 0.1461 -0.9801 0.1343
vn 0.0443 -0.9785 0.2015
vn 0.0308 -0.9836 0.1775
vn 0.0266 -0.9866 0.1611
vn -0.6757 -0.7158 0.1765
vn -0.6428 -0.7658 0.0174
vn -0.9596 -0.2313 -0.1601
vn -0.9966 -0.0224 0.0799
vn -0.9789 -0.1757 0.1040
vn -0.9779 -0.0779 -0.1941
vn -0.9645 -0.1587 0.2109
vn -0.6619 -0.6888 0.2957
vn -0.6707 -0.7016 0.2405
vn -0.9443 -0.1424 0.2968
vn -0.9593 0.0028 0.2824
vn -0.9816 -0.0059 0.1909
vn -0.1145 -0.9778 0.1753
vn 0.0257 -0.9978 0.0614
vn 0.6606 -0.7046 0.2591
vn 0.7125 -0.6991 0.0597
vn 0.1509 -0.9825 0.1094
vn 0.0105 -0.9985 0.0536
vn 0.1240 -0.9844 0.1252
vn 0.0100 -0.9993 0.0364
vn 0.0129 -0.9998 0.0180
vn 0.4026 -0.7183 0.5674
vn 0.5495 -0.7162 0.4301
vn 0.0934 -0.9859 0.1388
vn 0.7942 -0.1591 0.5864
vn 0.9512 -0.0000 0.3087
vn 0.9375 -0.1501 0.3139
vn 0.5841 -0.0000 0.8117
vn 0.8076 -0.0000 0.5897
vn 0.5758 -0.1584 0.8021
vn 1.0000 -0.0000 -0.0022
vn 0.9892 -0.1461 0.0135
vn 0.3022 -0.1542 0.9407
vn -0.0072 -0.0000 1.0000
vn 0.3030 -0.0000 0.9530
vn -0.0017 -0.1555 0.9878
vn 0.0119 -0.7189 0.6950
vn 0.2216 -0.7135 0.6647
vn -0.3166 -0.0000 0.9486
vn -0.5962 -0.0000 0.8028
vn -0.8163 -0.0000 0.5776
vn 0.0155 -0.9986 0.0497
vn 0.0225 -0.9991 -0.0355
vn -0.0199 -0.7001 -0.7138
vn 0.0248 -0.9774 -0.2099
vn 0.1460 -0.6958 -0.7032
vn 0.3068 -0.6940 -0.6513
vn 0.1913 -0.1552 -0.9692
vn -0.0617 -0.1570 -0.9857
vn 0.4400 -0.0000 -0.8980
vn 0.4318 -0.1543 -0.8887
vn 0.6439 -0.1532 -0.7497
vn 0.8131 -0.1558 -0.5609
vn 0.5674 -0.6944 -0.4426
vn 0.4527 -0.6897 -0.5652
vn 0.9286 -0.1585 -0.3354
vn 0.1435 -0.9736 -0.1773
vn 0.6456 -0.7026 -0.2993
vn 0.9835 -0.1582 -0.0876
vn 0.9737 -0.1570 0.1654
vn 0.8988 -0.1547 0.4102
vn 0.7629 -0.1531 0.6281
vn 0.5701 -0.1528 0.8072
vn 0.4668 -0.7685 0.4377
vn 0.5885 -0.7489 0.3047
vn 0.3364 -0.1529 0.9292
vn 0.0741 -0.1522 0.9856
vn 0.1003 -0.8002 0.5913
vn 0.2998 -0.7868 0.5395
vn -0.1915 -0.1529 0.9695
vn 0.0659 -0.9896 -0.1279
vn 0.0298 -0.9924 -0.1196
vn -0.1104 -0.8015 0.5877
vn -0.3047 -0.7993 0.5179
vn -0.6626 -0.1557 0.7326
vn -0.4447 -0.1541 0.8823
vn -0.4616 -0.7958 0.3918
vn -0.0066 -0.9885 -0.1509
vn 0.0042 -0.9921 -0.1254
vn 0.1049 -0.9560 -0.2739
vn -0.5705 -0.7878 0.2322
vn -0.0102 -0.9849 -0.1726
vn 0.1198 -0.9573 -0.2632
vn -0.0306 -0.9834 -0.1791
vn -0.6575 -0.7476 -0.0935
vn -0.6385 -0.7665 0.0695
vn 0.1144 -0.9734 -0.1986
vn -0.0483 -0.9842 -0.1702
vn 0.1279 -0.9626 -0.2387
vn -0.6332 -0.7332 -0.2480
vn -0.9632 -0.1616 -0.2149
vn -0.9861 -0.1612 0.0393
vn -0.9426 -0.1589 0.2937
vn -0.8773 -0.1566 -0.4536
vn -0.5741 -0.7170 -0.3953
vn -0.7345 -0.1509 -0.6617
vn -0.4807 -0.7004 -0.5276
vn -0.3437 -0.6989 -0.6272
vn -0.5415 -0.1536 -0.8265
vn -0.3114 -0.1576 -0.9371
vn -0.1842 -0.7017 -0.6882
vn -0.8331 -0.1580 0.5300
vn 0.0117 0.9412 -0.3376
vn 0.0251 0.9440 -0.3289
vn 0.0108 0.9630 -0.2695
vn 0.0094 0.9551 -0.2962
vn -0.0044 0.9810 -0.1941
vn -0.0053 0.9849 -0.1729
vn -0.0061 0.9947 -0.1031
vn -0.0105 0.9942 -0.1074
vn 0.0035 0.9844 -0.1759
vn -0.0085 0.9952 -0.0976
vn 0.0162 0.9715 -0.2363
vn 0.0221 0.9555 -0.2940
vn -0.9672 0.1941 0.1642
vn -0.9754 0.1940 0.1051
vn -0.9824 0.1870 0.0013
vn -1.0000 -0.0039 -0.0029
vn -0.9941 -0.0000 0.1084
vn -1.0000 -0.0042 -0.0031
vn -0.9438 0.2252 0.2421
vn -0.9537 0.1919 0.2317
vn -0.8538 -0.5049 0.1268
vn -0.9262 0.2959 0.2337
vn -0.9477 0.2146 0.2363
vn -0.9449 0.2246 0.2381
vn -0.9161 0.3207 0.2407
vn -0.8778 0.4136 0.2417
vn -0.8887 0.4031 0.2186
vn -0.9728 -0.1476 0.1784
vn -0.0000 0.9561 0.2930
vn -0.0000 0.9491 0.3148
vn -0.0000 0.9349 0.3548
vn -0.0000 0.9262 0.3770
vn -0.0000 0.9172 0.3984
vn -0.0000 0.9053 0.4247
vn -0.0000 0.8943 0.4474
vn -0.0000 0.8881 0.4597
vn -0.0000 0.8851 0.4653
vn -0.0000 0.8907 0.4545
vn -0.0000 0.9043 0.4269
vn -0.0000 0.9210 0.3896
vn -0.0000 0.9377 0.3474
vn -0.0000 0.9569 0.2903
vn -0.0000 0.9666 0.2563
vn -0.0000 0.9829 0.1843
vn -0.0000 0.9929 0.1189
vn 0.0993 -0.8844 -0.4561
vn 0.1149 -0.8683 -0.4826
vn 0.1055 -0.8680 -0.4853
vn 0.0900 -0.8845 -0.4577
vn 0.0797 -0.8998 -0.4289
vn -0.0024 -0.8725 -0.4886
vn 0.0103 -0.8574 -0.5145
vn 0.0154 -0.8415 -0.5400
vn -0.4860 -0.6449 -0.5898
vn -0.4864 -0.6373 -0.5977
vn 0.1121 -0.8516 -0.5121
vn 0.0115 -0.8310 -0.5561
vn 0.1087 -0.8418 -0.5287
vn -0.0012 -0.8211 -0.5708
vn -0.4806 -0.6318 -0.6081
vn -0.4832 -0.6154 -0.6227
vn -0.8823 -0.1688 -0.4395
vn -0.8858 -0.1328 -0.4447
vn -0.0107 -0.8050 -0.5932
vn -0.0061 -0.7860 -0.6181
vn -0.5065 -0.5745 -0.6429
vn -0.5093 -0.5175 -0.6876
vn -0.8705 -0.0786 -0.4859
vn -0.9177 0.0543 -0.3936
vn -0.9398 0.0286 -0.3404
vn -0.4278 -0.4438 -0.7874
vn 0.1063 -0.7224 -0.6832
vn 0.0215 -0.7641 -0.6447
vn -0.7945 -0.0123 -0.6071
vn 0.1590 -0.7831 -0.6012
vn 0.2544 -0.7515 -0.6087
vn 0.2675 -0.7496 -0.6054
vn 0.1784 -0.7829 -0.5960
vn 0.1438 -0.8037 -0.5774
vn 0.1119 -0.8019 -0.5869
vn 0.0964 -0.8190 -0.5657
vn 0.1298 -0.8215 -0.5552
vn 0.1239 -0.8352 -0.5359
vn 0.0992 -0.8336 -0.5434
vn 0.1875 -0.8215 -0.5386
vn 0.2064 -0.8043 -0.5572
vn 0.1690 -0.8363 -0.5215
vn 0.2624 -0.7990 -0.5411
vn 0.2355 -0.8183 -0.5243
vn 0.2719 -0.8088 -0.5214
vn 0.3186 -0.7948 -0.5165
vn 0.3578 -0.7722 -0.5251
vn 0.3073 -0.7906 -0.5296
vn 0.3482 -0.7638 -0.5435
vn 0.4000 -0.7286 -0.5560
vn 0.4446 -0.7021 -0.5562
vn 0.4010 -0.7410 -0.5386
vn 0.3396 -0.7429 -0.5769
vn 0.2911 -0.7789 -0.5555
vn 0.2342 -0.7829 -0.5764
vn 0.2972 -0.7458 -0.5962
vn 0.3905 -0.6985 -0.5996
vn 0.4654 -0.6557 -0.5945
vn 0.4686 -0.6599 -0.5873
vn 0.4150 -0.6978 -0.5839
vn 0.4626 -0.6553 -0.5972
vn 0.3845 -0.7011 -0.6005
vn 0.3736 -0.7019 -0.6064
vn 0.4595 -0.6531 -0.6019
vn 0.3613 -0.5714 -0.7369
vn 0.2376 -0.6471 -0.7244
vn -0.2493 -0.3112 -0.9171
vn -0.0424 -0.1689 -0.9847
vn -0.4129 0.2821 -0.8660
vn -0.6232 0.1239 -0.7722
vn -0.4925 0.3918 -0.7771
vn -0.3528 0.4828 -0.8015
vn -0.6924 0.2407 -0.6802
vn -0.2666 0.3774 -0.8869
vn 0.1036 -0.0895 -0.9906
vn 0.2073 -0.0366 -0.9776
vn 0.5007 -0.5023 -0.7050
vn 0.4424 -0.5304 -0.7231
vn 0.5086 -0.6206 -0.5968
vn 0.5100 -0.6219 -0.5942
vn 0.5513 -0.5980 -0.5818
vn 0.5493 -0.5974 -0.5843
vn 0.5942 -0.5809 -0.5563
vn 0.6541 -0.5593 -0.5092
vn 0.6627 -0.5597 -0.4976
vn 0.5979 -0.5799 -0.5534
vn 0.6365 -0.4364 -0.6360
vn 0.5603 -0.4726 -0.6802
vn 0.7467 -0.3888 -0.5398
vn 0.7536 -0.5101 -0.4145
vn 0.8496 -0.4157 -0.3245
vn 0.7645 -0.5001 -0.4067
vn 0.7691 -0.4865 -0.4145
vn 0.6732 -0.5547 -0.4890
vn 0.7670 -0.4884 -0.4161
vn 0.6787 -0.5532 -0.4831
vn 0.6053 -0.5819 -0.5431
vn 0.6141 -0.5827 -0.5323
vn 0.5544 -0.6006 -0.5761
vn 0.5591 -0.6085 -0.5631
vn 0.5113 -0.6253 -0.5896
vn 0.5144 -0.6319 -0.5798
vn 0.5108 -0.6463 -0.5669
vn 0.5614 -0.6181 -0.5503
vn 0.5549 -0.6403 -0.5312
vn 0.4956 -0.6703 -0.5523
vn 0.4705 -0.6746 -0.5688
vn 0.4306 -0.6988 -0.5712
vn 0.6204 -0.5904 -0.5163
vn 0.6851 -0.5558 -0.4709
vn 0.6926 -0.5628 -0.4512
vn 0.6243 -0.6015 -0.4985
vn 0.7639 -0.4954 -0.4137
vn 0.7662 -0.5086 -0.3928
vn 0.8405 -0.4337 -0.3247
vn 0.8384 -0.4162 -0.3519
vn 0.8865 -0.3515 -0.3009
vn 0.8965 -0.3523 -0.2686
vn 0.9071 -0.3537 -0.2284
vn 0.8526 -0.4369 -0.2869
vn -0.8496 0.1095 -0.5160
vn -0.3536 0.4826 -0.8013
vn 0.1222 -0.8430 -0.5239
vn 0.1215 -0.8520 -0.5092
vn 0.1684 0.9840 0.0577
vn 0.1725 0.9848 -0.0201
vn -0.2526 0.5407 -0.8024
vn -0.3359 0.6284 -0.7016
vn -0.2316 0.6868 -0.6889
vn 0.5772 -0.0000 -0.8166
vn 0.6772 -0.0000 -0.7358
vn 0.8446 -0.0000 -0.5354
vn 0.9544 -0.0000 -0.2986
vn 0.9542 -0.0000 -0.2991
vn 0.9991 -0.0000 -0.0414
vn 0.9758 -0.0000 0.2186
vn 0.8860 -0.0000 0.4637
vn 0.7358 -0.0000 0.6772
vn 0.7339 -0.0000 0.6793
vn 0.5336 -0.0000 0.8457
vn 0.5354 0.0001 0.8446
vn 0.2986 -0.0000 0.9544
vn 0.0414 -0.0000 0.9991
vn -0.2186 -0.0000 0.9758
vn -0.4637 -0.0000 0.8860
vn -0.6772 -0.0000 0.7358
vn -0.8446 -0.0000 0.5355
vn -0.9544 -0.0000 0.2986
vn -0.9991 -0.0000 0.0414
vn -0.9758 -0.0000 -0.2186
vn -0.8860 -0.0000 -0.4637
vn -0.7358 -0.0000 -0.6772
vn -0.5354 -0.0000 -0.8446
vn -0.2986 -0.0000 -0.9544
vn -0.3002 -0.0000 -0.9539
vn -0.0414 -0.0000 -0.9991
vn 0.2186 -0.0000 -0.9758
vn 0.3420 -0.0000 -0.9397
vn 0.2199 -0.0000 -0.9755
vn -0.0398 -0.0000 -0.9992
vn -0.2970 -0.0000 -0.9549
vn -0.5336 -0.0000 -0.8457
vn -0.7342 -0.0000 -0.6789
vn -0.8848 -0.0000 -0.4659
vn -0.9753 -0.0000 -0.2209
vn -0.9992 -0.0000 0.0392
vn -0.9549 -0.0000 0.2969
vn -0.8453 -0.0000 0.5343
vn -0.6777 -0.0000 0.7353
vn -0.4635 -0.0000 0.8861
vn -0.2176 -0.0000 0.9760
vn 0.0429 -0.0000 0.9991
vn 0.3002 -0.0000 0.9539
vn 0.5372 0.0001 0.8434
vn 0.7377 -0.0000 0.6751
vn 0.8882 -0.0000 0.4594
vn 0.9770 -0.0000 0.2134
vn 0.9990 -0.0000 -0.0441
vn 0.9545 -0.0000 -0.2981
vn 0.8450 -0.0000 -0.5347
vn 0.6773 -0.0000 -0.7357
vn 0.1953 0.0828 0.9772
vn 0.5899 0.0766 0.8039
vn 0.5920 0.0774 0.8022
vn 0.1958 0.0825 0.9772
vn -0.2025 0.0751 0.9764
vn -0.2009 0.0745 0.9768
vn 0.1964 0.0827 0.9770
vn -0.6022 0.0535 0.7965
vn -0.6027 0.0532 0.7962
vn -0.2038 0.0743 0.9762
vn -0.6028 0.0533 0.7961
vn -0.8734 0.0225 0.4865
vn -0.8726 0.0223 0.4880
vn -0.9584 0.0032 0.2853
vn -0.9813 -0.0057 0.1923
vn -0.9585 0.0034 0.2852
vn -0.9816 -0.0059 0.1910
vn -0.9966 -0.0223 0.0799
vn -0.9965 -0.0219 0.0806
vn -0.9766 -0.0818 -0.1987
vn -0.9773 -0.0786 -0.1966
vn -0.8087 -0.1691 -0.5634
vn -0.5430 -0.2359 -0.8059
vn -0.5370 -0.2358 -0.8099
vn -0.8068 -0.1694 -0.5660
vn -0.1918 -0.2710 -0.9433
vn -0.5296 -0.2377 -0.8142
vn -0.1930 -0.2724 -0.9426
vn -0.8039 -0.1706 -0.5698
vn -0.1936 -0.2712 -0.9429
vn -0.9759 -0.0799 -0.2029
vn -0.9964 -0.0220 0.0816
vn -0.9810 -0.0053 0.1937
vn -0.9584 0.0031 0.2854
vn -0.8715 0.0230 0.4899
vn 0.1977 -0.2623 -0.9445
vn 0.2002 -0.2643 -0.9434
vn 0.5509 -0.2072 -0.8085
vn 0.8177 -0.1210 -0.5628
vn 0.5483 -0.2097 -0.8095
vn 0.8227 -0.1178 -0.5561
vn 0.9096 -0.0683 -0.4098
vn 0.9083 -0.0641 -0.4134
vn 0.9066 -0.0710 -0.4160
vn 0.8111 -0.1221 -0.5719
vn 0.5442 -0.2081 -0.8127
vn 0.1949 -0.2649 -0.9444
vn 0.5938 0.0765 0.8009
vn 0.8900 0.0559 0.4525
vn 0.8893 0.0555 0.4539
vn 0.9956 0.0273 0.0891
vn 0.9958 0.0280 0.0866
vn 0.9929 0.0056 -0.1192
vn 0.9928 0.0064 -0.1196
vn 0.9753 -0.0136 -0.2203
vn 0.9758 -0.0125 -0.2183
vn 0.9655 -0.0266 -0.2589
vn 0.9654 -0.0287 -0.2593
vn 0.9650 -0.0267 -0.2608
vn 0.9747 -0.0133 -0.2229
vn 0.9928 0.0054 -0.1198
vn 0.9953 0.0286 0.0921
vn 0.8883 0.0562 0.4558
vn -0.8229 -0.0000 0.5682
vn -0.9582 -0.0000 0.2861
vn -0.6070 -0.0000 0.7947
vn -0.3318 -0.0000 0.9434
vn -0.0240 -0.0000 0.9997
vn 0.2861 -0.0000 0.9582
vn 0.5682 -0.0000 0.8229
vn 0.7947 -0.0000 0.6070
vn 0.9434 -0.0000 0.3317
vn 0.9997 -0.0000 0.0240
vn 0.9582 -0.0000 -0.2861
vn 0.9034 -0.0000 -0.4289
vn 0.9580 -0.0000 -0.2868
vn 0.9998 -0.0000 0.0196
vn 0.9457 -0.0000 0.3251
vn 0.8008 -0.0000 0.5989
vn 0.5785 -0.0000 0.8157
vn 0.3026 -0.0000 0.9531
vn -0.0014 -0.0000 1.0000
vn -0.2999 -0.0000 0.9540
vn -0.5777 -0.0000 0.8163
vn -0.8035 -0.0000 0.5953
vn -0.9522 -0.0000 0.3056
vn -0.9998 -0.0000 -0.0196
vn -0.9997 -0.0000 -0.0240
vn -0.9434 -0.0000 -0.3317
vn -0.9386 -0.0000 -0.3451
vn -0.7742 -0.0000 -0.6330
vn -0.7947 -0.0000 -0.6070
vn -0.5682 -0.0000 -0.8229
vn -0.5324 -0.0000 -0.8465
vn -0.2443 -0.0000 -0.9697
vn -0.2861 -0.0000 -0.9582
vn 0.0240 -0.0000 -0.9997
vn 0.0546 -0.0000 -0.9985
vn 0.3514 -0.0000 -0.9362
vn 0.3317 -0.0000 -0.9434
vn 0.6070 -0.0000 -0.7947
vn 0.6152 -0.0000 -0.7884
vn 0.7211 -0.0000 -0.6928
vn -0.9495 -0.0000 -0.3139
vn -0.8060 -0.0000 -0.5919
vn -1.0000 -0.0000 -0.0051
vn -0.9526 -0.0000 0.3041
vn -0.8120 -0.0000 0.5836
vn -0.5919 -0.0000 0.8060
vn -0.3139 -0.0000 0.9495
vn -0.0052 -0.0000 1.0000
vn 0.3041 -0.0000 0.9526
vn 0.5836 -0.0000 0.8120
vn 0.8060 -0.0000 0.5919
vn 1.0000 -0.0000 0.0051
vn 0.9495 -0.0000 0.3139
vn 0.9477 -0.0000 0.3192
vn 0.9999 -0.0000 0.0126
vn 0.8043 -0.0000 0.5942
vn 0.5832 -0.0000 0.8124
vn 0.3052 -0.0000 0.9523
vn -0.0031 -0.0000 1.0000
vn -0.3111 -0.0000 0.9504
vn -0.5876 -0.0000 0.8092
vn -0.8076 -0.0000 0.5897
vn -0.9498 -0.0000 0.3129
vn -1.0000 -0.0000 0.0037
vn -0.9519 -0.0000 -0.3064
vn -0.8092 -0.0000 -0.5875
vn -0.5865 -0.0000 -0.8099
vn -0.3048 -0.0000 -0.9524
vn -0.3041 -0.0000 -0.9526
vn -0.5836 -0.0000 -0.8120
vn 0.0052 -0.0000 -1.0000
vn 0.3139 -0.0000 -0.9495
vn 0.4550 -0.0000 -0.8905
vn 0.3204 -0.0000 -0.9473
vn 0.0084 -0.0000 -1.0000
vn 0.9555 -0.0000 -0.2951
vn 0.9526 -0.0000 -0.3041
vn 0.8120 -0.0000 -0.5836
vn 0.8176 -0.0000 -0.5758
vn 0.7135 -0.0000 -0.7006
vn 0.9497 -0.0000 -0.3130
vn -0.0692 -0.9586 -0.2762
vn -0.0893 -0.9564 -0.2780
vn -0.0972 -0.9598 -0.2633
vn -0.0158 -0.9919 -0.1261
vn -0.0730 -0.9610 -0.2667
vn -0.0596 -0.9646 -0.2571
vn -0.0548 -0.9638 -0.2608
vn -0.0536 -0.9933 -0.1025
vn -0.0371 -0.9924 -0.1172
vn 0.0710 -0.7997 0.5961
vn -0.1110 -0.9658 -0.2342
vn 0.0220 -0.9902 -0.1378
vn 0.5255 -0.7683 0.3655
vn 0.2610 -0.7932 0.5502
vn -0.0419 -0.8001 0.5984
vn -0.0078 -0.1640 0.9864
vn 0.1391 -0.1559 0.9779
vn 0.3861 -0.1382 0.9120
vn 0.1467 -0.0000 0.9892
vn 0.7255 -0.0000 0.6882
vn 0.7358 -0.1210 0.6663
vn 0.3841 -0.0000 0.9233
vn 0.9444 -0.1121 0.3091
vn 0.7283 -0.6843 -0.0362
vn 0.7008 -0.7020 0.1268
vn 0.9894 -0.1189 0.0831
vn 0.9945 -0.0000 0.1043
vn 0.9420 -0.0000 0.3357
vn 0.9903 -0.1299 -0.0486
vn 0.9996 -0.0000 -0.0299
vn 0.9865 -0.1311 -0.0983
vn 0.7213 -0.6779 -0.1419
vn 0.9965 -0.0000 -0.0836
vn 0.7168 -0.6868 -0.1200
vn 0.9962 -0.0000 -0.0872
vn 0.9871 -0.1245 -0.1003
vn 0.9946 -0.0000 -0.1041
vn 0.9805 -0.0000 -0.1966
vn 0.9703 -0.1236 -0.2079
vn 0.9862 -0.1189 -0.1151
vn 0.7425 -0.6538 -0.1458
vn 0.7124 -0.6677 -0.2162
vn 0.7348 -0.6645 -0.1356
vn 0.1399 -0.9836 -0.1140
vn 0.1455 -0.9825 -0.1167
vn 0.1235 -0.9834 -0.1331
vn 0.6137 -0.7013 -0.3626
vn 0.8935 -0.1421 -0.4260
vn 0.7628 -0.1546 -0.6278
vn 0.0911 -0.9840 -0.1532
vn 0.0791 -0.9823 -0.1697
vn 0.5137 -0.7044 -0.4899
vn -0.0409 -0.9967 -0.0707
vn -0.0517 -0.9956 -0.0786
vn -0.0403 -0.9970 -0.0667
vn 0.4737 -0.6958 -0.5399
vn 0.0746 -0.9809 -0.1796
vn -0.0446 -0.9971 -0.0612
vn -0.0431 -0.9973 -0.0602
vn -0.0389 -0.9971 -0.0660
vn 0.0696 -0.9819 -0.1760
vn -0.0390 -0.9971 -0.0659
vn -0.0378 -0.9969 -0.0687
vn -0.0463 -0.9975 -0.0541
vn 0.0682 -0.9832 -0.1696
vn 0.4660 -0.6973 -0.5446
vn 0.4658 -0.6992 -0.5423
vn 0.0653 -0.9841 -0.1653
vn 0.3861 -0.7063 -0.5934
vn 0.0513 -0.9842 -0.1696
vn 0.4499 -0.7044 -0.5490
vn -0.0436 -0.9978 -0.0490
vn -0.0387 -0.9984 -0.0424
vn 0.0221 -0.9835 -0.1794
vn -0.0315 -0.9989 -0.0360
vn -0.0291 -0.9989 -0.0366
vn -0.0370 -0.9984 -0.0422
vn -0.0430 -0.9979 -0.0487
vn -0.0238 -0.9991 -0.0349
vn -0.0235 -0.9991 -0.0349
vn -0.0208 -0.9993 -0.0318
vn -0.0259 -0.9989 -0.0386
vn -0.0351 -0.9984 -0.0441
vn -0.0250 -0.9988 -0.0415
vn -0.0214 -0.9992 -0.0346
vn -0.0208 -0.9992 -0.0351
vn -0.0253 -0.9987 -0.0437
vn -0.0347 -0.9983 -0.0478
vn -0.0338 -0.9984 -0.0463
vn -0.1718 -0.9850 0.0163
vn -0.1658 -0.9849 0.0490
vn -0.0428 -0.9979 -0.0488
vn -0.0423 -0.9979 -0.0487
vn -0.1612 -0.9850 0.0618
vn -0.0428 -0.9977 -0.0517
vn -0.1599 -0.9851 0.0640
vn -0.5429 -0.7017 0.4614
vn -0.5542 -0.7029 0.4460
vn -0.6002 -0.7028 0.3818
vn -0.6744 -0.7046 0.2205
vn -0.9256 -0.1481 0.3484
vn -0.8058 -0.1512 0.5725
vn -0.7347 -0.1555 0.6604
vn -0.7183 -0.0000 0.6958
vn -0.7166 -0.1559 0.6799
vn -0.7355 -0.0000 0.6775
vn -0.8063 -0.0000 0.5915
vn -0.9303 -0.0000 0.3667
vn -1.0000 -0.0000 -0.0009
vn -0.9886 -0.1497 -0.0145
vn -0.9160 -0.1504 -0.3720
vn -0.9282 -0.0000 -0.3720
vn -0.7031 -0.7106 -0.0283
vn -0.1704 -0.9849 -0.0311
vn -0.1619 -0.9837 -0.0781
vn -0.6537 -0.7056 -0.2735
vn -0.0226 -0.9997 -0.0137
vn -0.1485 -0.9834 -0.1044
vn -0.0193 -0.9995 -0.0243
vn -0.5724 -0.7016 -0.4244
vn -0.0202 -0.9995 -0.0249
vn -0.0230 -0.9996 -0.0144
vn -0.0248 -0.9996 -0.0150
vn -0.0205 -0.9995 -0.0247
vn -0.0222 -0.9995 -0.0244
vn -0.0286 -0.9995 -0.0137
vn -0.0270 -0.9995 -0.0152
vn -0.0240 -0.9994 -0.0240
vn -0.0191 -0.9994 -0.0271
vn -0.0190 -0.9995 -0.0260
vn -0.0196 -0.9995 -0.0260
vn -0.0162 -0.9996 -0.0251
vn -0.0187 -0.9995 -0.0261
vn -0.0096 -0.9998 -0.0197
vn -0.0082 -0.9998 -0.0193
vn -0.0111 -0.9998 -0.0189
vn -0.0181 -0.9995 -0.0249
vn -0.0184 -0.9995 -0.0256
vn -0.0143 -0.9996 -0.0250
vn -0.0684 -0.9904 0.1198
vn -0.0987 -0.9891 0.1091
vn -0.4256 -0.7154 0.5542
vn -0.0153 -0.7275 0.6860
vn -0.0146 -0.9919 0.1263
vn -0.2697 -0.7228 0.6362
vn 0.0369 -0.9914 0.1255
vn 0.0692 -0.9904 0.1200
vn 0.4027 -0.7121 0.5751
vn 0.2417 -0.7179 0.6528
vn 0.6655 -0.1545 0.7302
vn 0.4664 -0.7076 0.5309
vn 0.0842 -0.9891 0.1211
vn 0.5779 -0.1513 0.8019
vn 0.3540 -0.1481 0.9235
vn 0.5897 -0.0000 0.8076
vn 0.3630 -0.0000 0.9318
vn -0.0032 -0.0000 1.0000
vn -0.0111 -0.1514 0.9884
vn -0.3705 -0.1531 0.9161
vn -0.5969 -0.0000 0.8023
vn -0.3695 -0.0000 0.9292
vn -0.5931 -0.1567 0.7897
vn -0.6775 -0.1578 0.7184
vn -0.4878 -0.7091 0.5092
vn -0.5031 -0.7022 0.5037
vn -0.6848 -0.0000 0.7288
vn -0.7037 -0.0000 0.7105
vn -0.6955 -0.1559 0.7014
vn -0.6970 -0.1559 0.7000
vn -0.1130 -0.9880 0.1052
vn -0.1167 -0.9869 0.1110
vn -0.1232 -0.9850 0.1209
vn -0.5047 -0.6987 0.5070
vn -0.1386 -0.9824 0.1252
vn -0.5183 -0.6937 0.5002
vn -0.0265 -0.9996 0.0104
vn -0.0096 -0.9999 0.0036
vn -0.0024 -1.0000 -0.0070
vn -0.0034 -0.9999 -0.0133
vn -0.0034 -1.0000 -0.0084
vn -0.0127 -0.9999 0.0016
vn -0.0042 -0.9999 -0.0138
vn -0.0048 -0.9999 -0.0143
vn -0.0057 -0.9999 -0.0092
vn -0.0054 -0.9999 -0.0141
vn -0.0069 -0.9999 -0.0108
vn -0.0189 -0.9998 -0.0026
vn -0.0155 -0.9999 -0.0007
vn -0.0089 -0.9999 -0.0114
vn -0.0051 -0.9999 -0.0144
vn -0.0119 -0.9998 -0.0170
vn -0.0123 -0.9998 -0.0177
vn -0.0181 -0.9995 -0.0251
vn -0.0192 -0.9993 -0.0314
vn -0.0196 -0.9993 -0.0317
vn -0.0186 -0.9995 -0.0247
vn -0.0182 -0.9991 -0.0386
vn -0.0096 -0.9990 -0.0446
vn -0.0107 -0.9988 -0.0484
vn -0.0181 -0.9991 -0.0373
vn -0.0100 -0.9987 -0.0508
vn -0.0187 -0.9990 -0.0407
vn -0.0174 -0.9992 -0.0369
vn -0.0090 -0.9991 -0.0422
vn -0.0171 -0.9992 -0.0367
vn -0.0089 -0.9991 -0.0405
vn 0.0014 -0.9992 -0.0407
vn 0.0006 -0.9990 -0.0439
vn -0.0007 -0.9993 -0.0383
vn 0.0069 -0.9993 -0.0363
vn 0.0046 -0.9992 -0.0386
vn 0.0022 -0.9992 -0.0393
vn 0.0015 -0.9993 -0.0379
vn -0.0211 -0.9990 -0.0396
vn -0.0037 -0.9992 -0.0391
vn -0.0009 -0.9989 -0.0479
vn -0.0162 -0.9991 -0.0403
vn -0.0117 -0.9990 -0.0426
vn 0.0041 -0.9994 -0.0351
vn 0.0050 -0.9993 -0.0361
vn -0.0079 -0.9989 -0.0453
vn -0.0298 -0.9982 -0.0520
vn -0.0330 -0.9982 -0.0492
vn -0.0359 -0.9983 -0.0455
vn -0.1179 -0.9799 -0.1610
vn -0.5087 -0.6849 -0.5217
vn -0.1391 -0.9765 -0.1647
vn -0.4903 -0.6910 -0.5312
vn -0.1062 -0.9828 -0.1510
vn -0.4855 -0.6961 -0.5288
vn -0.6885 -0.1564 -0.7082
vn -0.7128 -0.0000 -0.7014
vn -0.7013 -0.1554 -0.6957
vn -0.7008 -0.0000 -0.7133
vn -0.6853 -0.1571 -0.7111
vn -0.6974 -0.0000 -0.7167
vn -0.6661 -0.1556 -0.7294
vn -0.6780 -0.0000 -0.7350
vn -0.5913 -0.0000 -0.8065
vn -0.5805 -0.1502 -0.8003
vn -0.3576 -0.1472 -0.9222
vn -0.3624 -0.0000 -0.9320
vn 0.0088 -0.0000 -1.0000
vn 0.3612 -0.1503 -0.9203
vn 0.3758 -0.0000 -0.9267
vn 0.0052 -0.1493 -0.9888
vn -0.0175 -0.7056 -0.7084
vn 0.2297 -0.7065 -0.6694
vn -0.0287 -0.9826 -0.1837
vn -0.0766 -0.9808 -0.1795
vn -0.2637 -0.6949 -0.6691
vn -0.1055 -0.9803 -0.1668
vn -0.4175 -0.6916 -0.5894
vn -0.1080 -0.9822 -0.1536
vn -0.4736 -0.6962 -0.5395
vn 0.5999 -0.0000 -0.8001
vn 0.5835 -0.1555 -0.7971
vn 0.6685 -0.1577 -0.7268
vn 0.6856 -0.0000 -0.7280
vn 0.7038 -0.0000 -0.7104
vn 0.6869 -0.1567 -0.7097
vn 0.6883 -0.1564 -0.7084
vn 0.7056 -0.0000 -0.7086
vn 0.7147 -0.0000 -0.6995
vn 0.6971 -0.1561 -0.6998
vn 0.7817 -0.0000 -0.6237
vn 0.9089 -0.0000 -0.4171
vn -0.7784 -0.1585 -0.6074
vn -0.6417 -0.7026 -0.3075
vn -0.5591 -0.6983 -0.4470
vn -0.9036 -0.1572 -0.3984
vn -0.9172 -0.0000 -0.3984
vn -0.7904 -0.0000 -0.6126
vn -0.9703 -0.1437 -0.1947
vn -0.9821 -0.0000 -0.1882
vn -0.9957 -0.0000 -0.0926
vn -0.9978 -0.0000 -0.0656
vn -0.9877 -0.1364 -0.0764
vn -0.9857 -0.1346 -0.1014
vn -0.7433 -0.6585 -0.1179
vn -0.7454 -0.6586 -0.1028
vn -0.2148 -0.9725 -0.0903
vn -0.2104 -0.9734 -0.0909
vn -0.1915 -0.9762 -0.1022
vn -0.7122 -0.6780 -0.1822
vn -0.7351 -0.6692 -0.1087
vn -0.9872 -0.1423 -0.0724
vn -0.9883 -0.1496 -0.0301
vn -0.7191 -0.6888 -0.0922
vn -0.1816 -0.9764 -0.1170
vn -0.2033 -0.9736 -0.1037
vn -0.7084 -0.7054 -0.0248
vn -0.9839 -0.1542 0.0905
vn -0.9378 -0.1548 0.3108
vn -0.6781 -0.7262 0.1130
vn -0.1673 -0.9782 -0.1229
vn -0.1545 -0.9812 -0.1155
vn -0.5560 -0.7456 0.3674
vn -0.3850 -0.1337 0.9132
vn -0.3259 -0.7484 0.5776
vn -0.0951 -0.9933 -0.0654
vn -0.7284 -0.1397 0.6708
vn -0.1307 -0.9871 -0.0923
vn -0.0097 -0.9798 -0.1996
vn -0.0096 -0.9864 -0.1640
vn -0.0080 -0.9860 -0.1668
vn -0.0125 -0.9794 -0.2018
vn -0.0185 -0.9719 -0.2348
vn -0.0253 -0.9716 -0.2351
vn -0.0395 -0.9671 -0.2513
vn -0.0422 -0.9675 -0.2491
vn -0.0172 -0.9792 -0.2020
vn -0.0327 -0.9723 -0.2315
vn -0.0467 -0.9667 -0.2515
vn -0.0631 -0.9659 -0.2510
vn -0.0562 -0.9608 -0.2715
vn -0.0465 -0.9578 -0.2838
vn -0.0449 -0.9663 -0.2536
vn -0.0353 -0.9728 -0.2290
vn -0.0679 -0.9638 -0.2578
vn -0.0780 -0.9631 -0.2577
vn -0.1064 -0.9601 -0.2585
vn -0.0864 -0.9609 -0.2630
vn -0.1200 -0.9550 -0.2711
vn -0.0851 -0.9512 -0.2966
vn -0.1340 -0.9460 -0.2953
vn -0.2006 -0.9357 -0.2903
vn -0.1843 -0.9459 -0.2672
vn -0.1738 -0.9568 -0.2330
vn -0.1232 -0.9637 -0.2369
vn -0.1369 -0.9727 -0.1873
vn -0.1879 -0.9645 -0.1855
vn -0.2667 -0.9476 -0.1760
vn -0.2894 -0.9246 -0.2476
vn -0.2740 -0.9388 -0.2086
vn -0.4277 -0.8867 -0.1757
vn -0.4153 -0.8972 -0.1502
vn -0.1700 -0.9737 -0.1516
vn -0.2579 -0.9537 -0.1546
vn -0.4309 -0.8946 -0.1185
vn -0.2518 -0.9568 -0.1454
vn -0.2450 -0.9604 -0.1326
vn -0.3411 -0.9349 -0.0976
vn -0.1888 -0.9742 -0.1236
vn -0.3532 -0.9277 -0.1208
vn -0.1847 -0.9742 -0.1299
vn -0.1357 -0.9847 -0.1095
vn -0.1487 -0.9830 -0.1080
vn -0.1783 -0.9816 0.0681
vn -0.1929 -0.9800 0.0495
vn -0.1586 -0.9846 0.0737
vn -0.1084 -0.9894 -0.0966
vn -0.0836 -0.9920 -0.0943
vn -0.0985 -0.9903 0.0978
vn -0.1265 -0.9883 0.0855
vn -0.0966 -0.9908 -0.0952
vn -0.0788 -0.9928 -0.0900
vn -0.0843 -0.9918 -0.0963
vn -0.0727 -0.9932 -0.0911
vn -0.0707 -0.9934 -0.0904
vn -0.0716 -0.9933 -0.0909
vn -0.0687 -0.9936 -0.0901
vn -0.0690 -0.9932 -0.0936
vn -0.0674 -0.9936 -0.0903
vn -0.0748 -0.9920 -0.1015
vn -0.0739 -0.9916 -0.1063
vn -0.0693 -0.9930 -0.0952
vn -0.0671 -0.9937 -0.0903
vn -0.0665 -0.9937 -0.0906
vn -0.0659 -0.9936 -0.0918
vn -0.0673 -0.9935 -0.0914
vn -0.0641 -0.9941 -0.0878
vn -0.0637 -0.9941 -0.0877
vn -0.0671 -0.9936 -0.0907
vn -0.0516 -0.9956 -0.0786
vn -0.0637 -0.9941 -0.0875
vn -0.0647 -0.9940 -0.0876
vn -0.0654 -0.9939 -0.0888
vn -0.0517 -0.9956 -0.0787
vn -0.0386 -0.9968 -0.0693
vn -0.1326 -0.9898 0.0513
vn -0.1161 -0.9917 0.0562
vn -0.0394 -0.9968 -0.0695
vn -0.1029 -0.9918 0.0758
vn -0.3365 -0.7412 0.5809
vn -0.1974 -0.7213 0.6638
vn -0.1250 -0.7000 0.7031
vn -0.0929 -0.9910 0.0959
vn -0.4666 -0.7297 0.4998
vn -0.6232 -0.1631 0.7649
vn -0.4239 -0.1622 0.8910
vn -0.2059 -0.1487 0.9672
vn -0.4135 -0.0000 0.9105
vn -0.1957 -0.0000 0.9807
vn -0.1027 -0.1385 0.9850
vn -0.0920 -0.0000 0.9958
vn -0.0783 -0.1385 0.9873
vn -0.0654 -0.0000 0.9979
vn -0.0596 -0.0000 0.9982
vn -0.0771 -0.1415 0.9869
vn -0.0324 -0.1390 0.9898
vn -0.0076 -0.0000 1.0000
vn 0.1223 -0.0000 0.9925
vn 0.3524 -0.0000 0.9358
vn 0.3110 -0.1328 0.9411
vn 0.0928 -0.1299 0.9872
vn -0.0556 -0.7074 0.7046
vn 0.0767 -0.7361 0.6725
vn -0.1269 -0.7096 0.6931
vn -0.1321 -0.7050 0.6968
vn -0.1148 -0.6994 0.7054
vn 0.2889 -0.7894 0.5417
vn -0.2223 -0.9742 0.0393
vn -0.2230 -0.9736 0.0493
vn 0.6623 -0.1395 0.7361
vn 0.9111 -0.1297 0.3912
vn 0.5205 -0.7864 0.3326
vn 0.9309 -0.0000 0.3652
vn 0.9906 -0.0000 0.1371
vn 0.7065 -0.0000 0.7077
vn 0.5979 -0.7891 0.1411
vn 0.9796 -0.1329 0.1509
vn -0.2525 -0.9675 0.0109
vn -0.2303 -0.9728 0.0266
vn 0.5945 -0.8040 0.0089
vn 0.9904 -0.1385 0.0030
vn 1.0000 -0.0000 -0.0017
vn 0.9896 -0.0000 -0.1436
vn 0.9812 -0.1281 -0.1442
vn 0.5906 -0.7982 -0.1190
vn 0.5352 -0.7778 -0.3295
vn -0.2961 -0.9550 -0.0191
vn 0.9145 -0.1090 -0.3895
vn -0.2732 -0.9620 -0.0041
vn 0.2418 -0.7782 -0.5795
vn 0.6627 -0.1142 -0.7401
vn 0.9273 -0.0000 -0.3744
vn 0.7084 -0.0000 -0.7059
vn 0.2819 -0.1353 -0.9498
vn -0.1514 -0.7102 -0.6876
vn -0.0564 -0.7393 -0.6711
vn 0.0605 -0.1369 -0.9887
vn 0.1102 -0.0000 -0.9939
vn 0.3519 -0.0000 -0.9360
vn -0.3337 -0.9423 -0.0259
vn -0.3524 -0.9356 -0.0196
vn -0.4318 -0.8924 0.1312
vn -0.3676 -0.9181 0.1485
vn -0.2654 -0.9564 0.1220
vn -0.2691 -0.9612 -0.0614
vn -0.1599 -0.9845 0.0723
vn -0.1411 -0.9876 0.0695
vn -0.1760 -0.9770 -0.1207
vn -0.3568 -0.9207 0.1581
vn -0.2535 -0.9590 0.1266
vn -0.2031 -0.9708 0.1279
vn -0.0971 -0.9917 0.0840
vn -0.0684 -0.9958 0.0609
vn -0.0899 -0.9948 0.0469
vn -0.1024 -0.9938 0.0428
vn -0.0806 -0.9958 0.0434
vn -0.0862 -0.9955 0.0400
vn -0.1021 -0.9839 -0.1467
vn -0.1229 -0.9806 -0.1527
vn -0.1408 -0.6674 -0.7313
vn -0.1259 -0.6835 -0.7190
vn -0.0980 -0.1389 -0.9854
vn -0.0982 -0.1283 -0.9869
vn -0.0565 -0.1320 -0.9896
vn -0.1572 -0.6848 -0.7116
vn -0.0287 -0.0000 -0.9996
vn -0.0836 -0.0000 -0.9965
vn -0.0872 -0.0000 -0.9962
vn -0.1043 -0.0000 -0.9945
vn -0.1825 -0.0000 -0.9832
vn -0.1949 -0.1442 -0.9702
vn -0.1152 -0.1488 -0.9821
vn -0.1339 -0.6959 -0.7056
vn -0.1985 -0.6973 -0.6887
vn -0.1151 -0.9848 -0.1302
vn -0.1016 -0.9860 -0.1321
vn -0.0808 -0.9962 0.0338
vn -0.0770 -0.9966 0.0291
vn -0.0721 -0.9967 0.0371
vn -0.0770 -0.9961 0.0425
vn -0.0591 -0.9980 0.0203
vn -0.0430 -0.9984 0.0368
vn -0.0651 -0.9978 0.0151
vn -0.0617 -0.9962 0.0610
vn -0.0562 -0.9969 0.0548
vn -0.0388 -0.9969 0.0687
vn -0.0431 -0.9963 0.0744
vn -0.0631 -0.9961 0.0616
vn -0.0439 -0.9962 0.0748
vn -0.0358 -0.9964 0.0774
vn -0.0320 -0.9969 0.0722
vn 0.1156 -0.9876 0.1064
vn 0.1276 -0.9874 0.0936
vn 0.1438 -0.9856 0.0887
vn -0.0361 -0.9963 0.0777
vn 0.6964 -0.7072 0.1224
vn 0.7163 -0.6904 0.1013
vn 0.7303 -0.6760 0.0987
vn -0.0362 -0.9963 0.0785
vn 0.1566 -0.9837 0.0884
vn 0.9867 -0.1438 0.0753
vn 0.9884 -0.1350 0.0700
vn 0.9906 -0.1352 0.0222
vn 0.1472 -0.9853 0.0866
vn 0.7283 -0.6821 0.0664
vn 0.7263 -0.6869 -0.0254
vn -0.0379 -0.9959 0.0822
vn -0.0499 -0.9945 0.0920
vn 0.1405 -0.9877 0.0692
vn 0.9858 -0.1318 -0.1040
vn 0.9364 -0.1317 -0.3254
vn 0.1076 -0.9934 0.0388
vn 0.6792 -0.7087 -0.1907
vn -0.0771 -0.9901 0.1175
vn -0.0669 -0.9926 0.1009
vn 0.0358 -0.9994 0.0032
vn 0.4908 -0.7581 -0.4295
vn 0.7240 -0.1435 -0.6748
vn 0.3736 -0.1465 -0.9160
vn -0.0061 -0.9995 -0.0307
vn 0.2388 -0.7506 -0.6161
vn -0.0704 -0.9888 0.1319
vn -0.0488 -0.9903 0.1301
vn -0.0249 -0.9984 -0.0508
vn 0.0735 -0.7348 -0.6743
vn -0.0548 -0.9877 0.1464
vn -0.0786 -0.9860 0.1472
vn -0.0416 -0.9901 0.1339
vn -0.0341 -0.9927 0.1160
vn -0.0368 -0.9969 -0.0699
vn -0.0696 -0.9947 -0.0762
vn -0.0371 -0.9931 0.1117
vn -0.1392 -0.7020 -0.6985
vn -0.0251 -0.7191 -0.6944
vn -0.1461 -0.1322 -0.9804
vn -0.3858 -0.1323 -0.9130
vn -0.0040 -0.1423 -0.9898
vn -0.3221 -0.7051 -0.6317
vn -0.1165 -0.9919 -0.0506
vn -0.5454 -0.7312 -0.4097
vn -0.7307 -0.1485 -0.6664
vn -0.7272 -0.0000 -0.6864
vn -0.3795 -0.0000 -0.9252
vn -0.1429 -0.0000 -0.9897
vn -0.0000 -0.0000 -1.0000
vn 0.1419 -0.0000 -0.9899
vn 0.1372 -0.1477 -0.9795
vn 0.3800 -0.0000 -0.9250
vn 0.7262 -0.0000 -0.6875
vn 0.9402 -0.0000 -0.3405
vn 0.9933 -0.0000 -0.1157
vn 0.9999 -0.0000 0.0109
vn 0.9982 -0.0000 0.0596
vn 0.9978 -0.0000 0.0656
vn 0.9957 -0.0000 0.0925
vn 0.9826 -0.1543 0.1036
vn 0.9651 -0.1598 0.2075
vn 0.9805 -0.0000 0.1963
vn 0.9098 -0.0000 0.4151
vn 0.8918 -0.1644 0.4215
vn 0.7680 -0.1604 0.6200
vn 0.7848 -0.0000 0.6198
vn 0.7125 -0.0000 0.7016
vn 0.7006 -0.1536 0.6968
vn 0.6876 -0.1527 0.7098
vn 0.6987 -0.0000 0.7154
vn 0.6958 -0.0000 0.7183
vn 0.6848 -0.1534 0.7124
vn 0.6771 -0.0000 0.7359
vn 0.4850 -0.7003 0.5238
vn 0.4889 -0.6962 0.5257
vn 0.1003 -0.9856 0.1363
vn 0.0933 -0.9873 0.1287
vn 0.4976 -0.6964 0.5171
vn 0.5299 -0.7132 0.4588
vn 0.1070 -0.9855 0.1317
vn 0.1060 -0.9843 0.1413
vn -0.0106 -0.9997 0.0241
vn -0.0166 -0.9997 0.0151
vn -0.0175 -0.9998 0.0113
vn -0.0117 -0.9992 0.0373
vn -0.0155 -0.9994 0.0310
vn -0.0129 -0.9997 0.0183
vn -0.0239 -0.9997 0.0066
vn -0.0239 -0.9997 0.0019
vn -0.0230 -0.9997 0.0042
vn -0.0225 -0.9997 0.0033
vn -0.0234 -0.9997 0.0065
vn -0.0291 -0.9995 0.0158
vn -0.0446 -0.9990 0.0024
vn -0.0357 -0.9994 -0.0051
vn -0.0295 -0.9996 -0.0019
vn -0.0409 -0.9991 -0.0070
vn -0.0508 -0.9987 -0.0011
vn -0.1507 -0.9812 -0.1206
vn -0.0324 -0.9995 -0.0025
vn -0.1566 -0.9801 -0.1220
vn -0.1490 -0.9818 -0.1179
vn -0.3337 -0.7028 -0.6283
vn -0.4660 -0.6967 -0.5454
vn -0.1388 -0.9830 -0.1205
vn -0.5219 -0.6871 -0.5055
vn -0.5226 -0.6905 -0.5000
vn -0.7007 -0.1533 -0.6967
vn -0.6944 -0.1522 -0.7033
vn -0.6090 -0.1523 -0.7784
vn -0.6995 -0.0000 -0.7146
vn -0.6098 -0.0000 -0.7926
vn -0.7066 -0.0000 -0.7076
vn -0.7088 -0.0000 -0.7054
vn -0.7024 -0.1548 -0.6948
vn -0.7197 -0.1568 -0.6764
vn -0.7274 -0.0000 -0.6863
vn -0.7998 -0.0000 -0.6003
vn -0.7896 -0.1549 -0.5937
vn -0.5261 -0.6996 -0.4834
vn -0.5192 -0.6942 -0.4985
vn -0.1402 -0.9835 -0.1142
vn -0.0248 -0.9997 -0.0055
vn -0.0260 -0.9997 -0.0006
vn -0.1415 -0.9832 -0.1153
vn -0.0316 -0.9995 -0.0035
vn -0.0264 -0.9996 -0.0033
vn -0.0250 -0.9997 -0.0012
vn -0.0258 -0.9997 0.0002
vn -0.0249 -0.9997 -0.0000
vn -0.0251 -0.9997 -0.0049
vn -0.0254 -0.9997 -0.0043
vn -0.0268 -0.9996 -0.0030
vn -0.0277 -0.9996 -0.0011
vn -0.3861 -0.0000 -0.9224
vn -0.3894 -0.1441 -0.9097
vn -0.0266 -0.9983 0.0515
vn -0.0215 -0.9982 0.0562
vn 0.1072 -0.9869 0.1208
vn 0.5980 -0.7295 0.3321
vn 0.6629 -0.7222 0.1973
vn -0.9381 -0.1573 -0.3085
vn -0.9440 -0.0000 -0.3298
vn -0.9950 -0.0000 -0.1003
vn -0.9840 -0.1562 -0.0858
vn -0.9870 -0.1549 0.0424
vn -0.9995 -0.0000 0.0323
vn -0.9965 -0.0000 0.0836
vn -0.9962 -0.0000 0.0874
vn -0.9865 -0.1342 0.0935
vn -0.9848 -0.1487 0.0896
vn -0.7298 -0.6772 0.0940
vn -0.7481 -0.6569 0.0940
vn -0.2185 -0.9743 0.0546
vn -0.2063 -0.9765 0.0626
vn -0.2030 -0.9772 0.0619
vn -0.7202 -0.6906 0.0655
vn -0.7651 -0.6352 0.1055
vn -0.9870 -0.1200 0.1074
vn -0.9723 -0.1226 0.1991
vn -0.2240 -0.9728 0.0595
vn -0.2066 -0.9757 0.0731
vn -0.7454 -0.6445 0.1700
vn -0.0238 -0.9993 0.0280
vn -0.0305 -0.9990 0.0316
vn -0.0361 -0.9992 0.0183
vn -0.1761 -0.9800 0.0929
vn -0.6600 -0.6844 0.3097
vn -0.8991 -0.1413 0.4143
vn -0.7722 -0.1535 0.6165
vn -0.1576 -0.9812 0.1113
vn -0.5650 -0.6963 0.4427
vn -0.0406 -0.9991 0.0115
vn -0.0429 -0.9990 0.0094
vn -0.0295 -0.9995 0.0082
vn -0.0331 -0.9994 0.0057
vn -0.0375 -0.9991 0.0179
vn -0.0378 -0.9991 0.0169
vn -0.0460 -0.9989 0.0079
vn -0.0367 -0.9993 0.0033
vn -0.0481 -0.9988 0.0058
vn -0.0397 -0.9992 0.0013
vn -0.0512 -0.9987 0.0042
vn 0.0424 -0.9922 -0.1173
vn -0.0218 -0.9998 -0.0046
vn 0.0943 -0.9881 -0.1212
vn 0.0720 -0.9905 -0.1169
vn -0.0396 -0.9991 0.0159
vn 0.2617 -0.7369 -0.6233
vn 0.0238 -0.9927 -0.1183
vn 0.3986 -0.7318 -0.5528
vn 0.4749 -0.7143 -0.5141
vn 0.0132 -0.9906 -0.1358
vn 0.1281 -0.7076 -0.6950
vn -0.0246 -0.9993 0.0275
vn -0.0249 -0.9995 0.0191
vn -0.0027 -0.9871 -0.1601
vn 0.0551 -0.6844 -0.7270
vn -0.0124 -0.9863 -0.1646
vn -0.0266 -0.9996 0.0079
vn -0.0292 -0.9994 0.0179
vn -0.0264 -0.9993 0.0246
vn -0.0304 -0.9995 0.0105
vn -0.0242 -0.9997 0.0033
vn -0.0120 -0.9868 -0.1614
vn -0.0267 -0.9996 0.0083
vn -0.0200 -0.9998 0.0014
vn -0.0219 -0.9997 0.0067
vn -0.0185 -0.9872 -0.1581
vn -0.0339 -0.9991 0.0251
vn -0.0251 -0.9995 0.0211
vn -0.0285 -0.9988 0.0404
vn -0.0381 -0.9983 0.0438
vn -0.0456 -0.9978 0.0486
vn -0.0428 -0.9984 0.0379
vn -0.0410 -0.9987 0.0300
vn -0.0371 -0.9991 0.0189
vn -0.0215 -0.9996 0.0178
vn -0.0185 -0.9998 0.0042
vn -0.0175 -0.9998 0.0002
vn -0.0186 -0.9997 0.0143
vn -0.0185 -0.9993 0.0331
vn -0.0233 -0.9990 0.0370
vn -0.0254 -0.9982 0.0541
vn -0.0147 -0.9998 0.0105
vn -0.0189 -0.9986 0.0488
vn -0.0083 -0.9989 0.0457
vn -0.0095 -0.9995 0.0306
vn -0.0289 -0.9974 0.0660
vn -0.0318 -0.9966 0.0764
vn -0.0288 -0.9977 0.0610
vn -0.0219 -0.9980 0.0601
vn -0.0384 -0.9973 0.0632
vn -0.0368 -0.9958 0.0838
vn -0.0450 -0.9958 0.0797
vn -0.0486 -0.9968 0.0634
vn -0.0506 -0.9967 0.0635
vn -0.0484 -0.9973 0.0545
vn -0.2033 -0.9779 0.0487
vn -0.1871 -0.9820 0.0245
vn -0.0480 -0.9962 0.0727
vn -0.0422 -0.9948 0.0929
vn -0.0441 -0.9940 0.0997
vn -0.0435 -0.9922 0.1169
vn -0.0407 -0.9933 0.1077
vn -0.1525 -0.9883 -0.0056
vn -0.0412 -0.9939 0.1027
vn -0.0450 -0.9910 0.1259
vn -0.0455 -0.9851 0.1661
vn -0.0383 -0.9917 0.1229
vn -0.0378 -0.9958 0.0829
vn -0.0377 -0.9951 0.0916
vn -0.0414 -0.9898 0.1363
vn -0.0431 -0.9926 0.1131
vn -0.0333 -0.9960 0.0830
vn -0.0424 -0.9945 0.0961
vn -0.0330 -0.9963 0.0799
vn -0.0440 -0.9919 0.1188
vn -0.0300 -0.9967 0.0754
vn 0.1002 -0.9776 0.1854
vn 0.1147 -0.9779 0.1747
vn 0.1201 -0.9772 0.1752
vn -0.0398 -0.9889 0.1430
vn 0.6707 -0.7016 0.2405
vn 0.6757 -0.7158 0.1765
vn 0.6619 -0.6888 0.2958
vn 0.1202 -0.9762 0.1805
vn -0.0422 -0.9844 0.1711
vn 0.6048 -0.6743 0.4238
vn 0.8636 -0.1147 0.4910
vn 0.9443 -0.1424 0.2968
vn 0.9645 -0.1587 0.2109
vn 0.9593 0.0028 0.2824
vn 0.9816 -0.0059 0.1909
vn 0.9966 -0.0224 0.0799
vn 0.9789 -0.1757 0.1040
vn 0.9596 -0.2313 -0.1601
vn 0.6428 -0.7658 0.0174
vn 0.9779 -0.0779 -0.1941
vn 0.8146 -0.1672 -0.5555
vn 0.7983 -0.3137 -0.5140
vn 0.5366 -0.8177 -0.2084
vn 0.1023 -0.9785 0.1793
vn 0.5346 -0.3767 -0.7565
vn 0.3595 -0.8539 -0.3764
vn 0.0533 -0.9892 0.1362
vn 0.0852 -0.9834 0.1600
vn 0.1143 -0.8842 -0.4530
vn -0.2035 -0.4076 -0.8902
vn -0.1586 -0.8779 -0.4519
vn -0.0544 -0.9893 0.1357
vn -0.0019 -0.9912 0.1326
vn 0.1905 -0.4154 -0.8895
vn 0.1994 -0.2714 -0.9416
vn -0.1998 -0.2645 -0.9435
vn 0.5441 -0.2357 -0.8052
vn -0.5610 -0.2059 -0.8018
vn -0.5583 -0.3506 -0.7519
vn -0.8196 -0.2602 -0.5104
vn -0.8256 -0.1166 -0.5521
vn -0.9434 -0.0454 -0.3285
vn -0.9348 -0.1964 -0.2960
vn -0.9674 -0.1706 -0.1872
vn -0.9758 -0.0123 -0.2181
vn -0.9927 0.0058 -0.1201
vn -0.9844 -0.1473 -0.0958
vn -0.9883 -0.1153 0.0994
vn -0.9960 0.0277 0.0854
vn -0.8918 0.0552 0.4491
vn -0.8870 -0.0952 0.4518
vn -0.5907 -0.0850 0.8024
vn -0.5928 0.0765 0.8017
vn -0.1947 0.0825 0.9774
vn -0.1937 -0.0745 0.9782
vn 0.2022 -0.0764 0.9764
vn 0.2050 0.0745 0.9759
vn 0.6071 0.0529 0.7928
vn 0.8745 0.0222 0.4845
vn 0.6039 -0.0903 0.7919
vn 0.4036 -0.6744 0.6183
vn 0.0473 -0.9767 0.2091
vn -0.0025 -0.9738 0.2272
vn 0.1229 -0.6625 0.7389
vn -0.1526 -0.6702 0.7263
vn -0.4177 -0.6843 0.5977
vn -0.1020 -0.9767 0.1890
vn -0.0573 -0.9745 0.2171
vn -0.0244 -0.9967 0.0770
vn -0.0190 -0.9968 0.0774
vn -0.0284 -0.9965 0.0788
vn -0.0224 -0.9970 0.0745
vn -0.0161 -0.9970 0.0753
vn -0.0265 -0.9967 0.0765
vn -0.0258 -0.9965 0.0790
vn -0.0167 -0.9977 0.0662
vn -0.0258 -0.9973 0.0693
vn -0.0115 -0.9983 0.0563
vn -0.0021 -0.9986 0.0524
vn -0.0094 -0.9980 0.0625
vn -0.0128 -0.9976 0.0682
vn -0.0228 -0.9955 0.0917
vn -0.0074 -0.9949 0.1002
vn -0.0074 -0.9965 0.0837
vn -0.0320 -0.9953 0.0913
vn -0.0244 -0.9976 0.0643
vn -0.0064 -0.9988 0.0489
vn -0.0177 -0.9988 0.0461
vn -0.0024 -0.9991 0.0426
vn -0.0139 -0.9991 0.0397
vn -0.0188 -0.9991 0.0386
vn -0.0282 -0.9975 0.0653
vn -0.0212 -0.9987 0.0455
vn -0.0178 -0.9993 0.0332
vn 0.0899 -0.9944 0.0550
vn 0.0899 -0.9940 0.0616
vn -0.0144 -0.9994 0.0323
vn 0.0895 -0.9936 0.0688
vn 0.5912 -0.7904 0.1603
vn 0.5938 -0.7907 0.1486
vn 0.9522 -0.2312 0.1997
vn 0.9494 -0.2307 0.2131
vn 0.9494 -0.2312 0.2127
vn 0.5902 -0.7903 0.1646
vn 0.5998 -0.7917 0.1164
vn 0.0895 -0.9959 0.0122
vn 0.6074 -0.7917 0.0655
vn 0.9675 -0.2319 0.1009
vn 0.0903 -0.9952 0.0370
vn 0.9590 -0.2317 0.1631
vn 0.9867 -0.0000 0.1624
vn 0.9805 -0.0000 0.1968
vn 0.9947 -0.0000 0.1027
vn 0.9947 -0.0000 0.1028
vn 0.9758 0.1944 0.1001
vn 0.9688 0.1937 0.1548
vn 0.9632 0.1943 0.1859
vn 0.6557 0.7495 0.0913
vn 0.6622 0.7465 0.0657
vn 0.6509 0.7522 0.1027
vn 0.1261 0.9919 -0.0118
vn 0.1336 0.9910 0.0103
vn 0.1283 0.9917 -0.0013
vn 0.1251 0.9920 -0.0158
vn 0.6469 0.7552 0.1060
vn -0.0033 0.9990 -0.0436
vn -0.0027 0.9997 -0.0225
vn -0.0040 0.9993 -0.0381
vn -0.0038 0.9993 -0.0376
vn -0.0034 0.9990 -0.0436
vn 0.1263 0.9917 -0.0232
vn -0.0016 0.9987 -0.0506
vn -0.0017 0.9987 -0.0506
vn 0.0037 0.9975 -0.0703
vn 0.0038 0.9975 -0.0699
vn 0.0070 0.9942 -0.1070
vn 0.0114 0.9937 -0.1117
vn 0.1316 0.9903 -0.0438
vn 0.1398 0.9864 -0.0866
vn 0.6533 0.7529 0.0798
vn 0.6623 0.7478 0.0460
vn 0.9659 0.1930 0.1726
vn 0.9637 0.1939 0.1838
vn 0.9615 0.1950 0.1938
vn 0.6485 0.7547 0.0993
vn 0.9607 0.1956 0.1972
vn 0.9779 -0.0000 0.2093
vn 0.9796 -0.0000 0.2009
vn 0.9783 -0.0000 0.2072
vn 0.9805 -0.0000 0.1967
vn 0.9804 -0.0000 0.1972
vn 0.9487 -0.2324 0.2146
vn 0.9494 -0.2321 0.2114
vn 0.9783 -0.0000 0.2071
vn 0.9791 -0.0000 0.2032
vn 0.9763 -0.0000 0.2164
vn 0.9449 -0.2117 0.2495
vn 0.9464 -0.2273 0.2293
vn 0.9656 0.2040 0.1611
vn 0.9617 0.2314 0.1469
vn 0.7040 0.7046 -0.0883
vn 0.9606 0.2372 0.1448
vn 0.6083 0.7867 -0.1054
vn 0.9723 -0.0000 0.2336
vn 0.6474 0.7619 -0.0194
vn 0.9572 -0.0000 0.2894
vn 0.9577 0.2116 0.1951
vn 0.9061 0.3744 0.1968
vn 0.9350 0.1870 0.3012
vn 0.9022 0.4228 0.0852
vn 0.9176 -0.0000 0.3974
vn 0.8601 0.1882 0.4742
vn 0.5761 0.3920 0.7172
vn 0.6172 0.2114 0.7579
vn 0.8390 0.3645 0.4039
vn 0.5643 -0.0000 0.8256
vn 0.8208 -0.0000 0.5712
vn 0.2480 0.2091 0.9459
vn 0.2340 0.3943 0.8887
vn 0.0259 0.9027 0.4294
vn 0.0126 0.2067 0.9783
vn 0.0057 -0.0000 1.0000
vn 0.2211 -0.0000 0.9753
vn 0.0233 0.9045 -0.4259
vn 0.0388 0.9041 -0.4255
vn -0.0452 0.9098 0.4126
vn 0.0319 0.9025 -0.4296
vn -0.0971 0.2097 0.9729
vn 0.0655 0.9447 -0.3214
vn 0.1622 0.9136 -0.3728
vn 0.0824 0.8853 -0.4577
vn 0.1233 0.8666 -0.4835
vn 0.2304 0.8756 -0.4246
vn 0.2408 0.8847 -0.3991
vn 0.1310 0.8818 -0.4530
vn 0.1120 0.9123 -0.3939
vn 0.2183 0.9117 -0.3480
vn 0.1852 0.9226 -0.3384
vn 0.0962 0.9265 -0.3638
vn -0.0063 0.9182 -0.3961
vn 0.0019 0.9031 -0.4294
vn -0.0091 0.9117 -0.4108
vn 0.0061 0.8963 -0.4434
vn 0.0064 0.8652 -0.5014
vn 0.0164 0.8648 -0.5018
vn 0.0059 0.8386 -0.5447
vn -0.0020 0.8338 -0.5520
vn -0.0117 0.8230 -0.5680
vn -0.0023 0.8296 -0.5584
vn 0.0244 0.8374 -0.5461
vn 0.0300 0.8449 -0.5340
vn 0.0498 0.8464 -0.5303
vn 0.0506 0.8407 -0.5391
vn 0.0628 0.8351 -0.5465
vn 0.0528 0.8445 -0.5330
vn 0.0431 0.8638 -0.5019
vn 0.0471 0.8648 -0.4999
vn 0.0319 0.8642 -0.5022
vn 0.0421 0.8826 -0.4682
vn 0.0289 0.8879 -0.4591
vn 0.0176 0.8983 -0.4391
vn 0.0298 0.8848 -0.4651
vn 0.0364 0.8875 -0.4593
vn 0.0360 0.8827 -0.4686
vn 0.0302 0.8830 -0.4684
vn 0.0301 0.8903 -0.4544
vn 0.0517 0.8922 -0.4488
vn 0.0517 0.8823 -0.4679
vn 0.1231 0.8777 -0.4631
vn 0.1238 0.8895 -0.4399
vn 0.2610 0.8593 -0.4399
vn 0.2674 0.8511 -0.4518
vn 0.4377 0.7741 -0.4573
vn 0.4120 0.7916 -0.4513
vn 0.5768 0.6766 -0.4578
vn 0.5848 0.6664 -0.4626
vn 0.7035 0.5628 -0.4341
vn 0.7024 0.5578 -0.4420
vn 0.7945 0.4406 -0.4178
vn 0.8028 0.4408 -0.4015
vn 0.8512 0.3258 -0.4115
vn 0.8389 0.3439 -0.4219
vn 0.8661 0.2424 -0.4372
vn 0.8833 0.1558 -0.4422
vn 0.8875 0.1678 -0.4292
vn 0.8697 0.2392 -0.4318
vn 0.8933 0.2344 -0.3834
vn 0.9026 0.1796 -0.3914
vn 0.9240 0.1848 -0.3346
vn 0.9158 0.2304 -0.3290
vn 0.8945 0.3122 -0.3200
vn 0.8756 0.3120 -0.3687
vn 0.9255 0.2280 -0.3025
vn 0.9034 0.3111 -0.2950
vn 0.8174 0.4753 -0.3255
vn 0.8101 0.4472 -0.3791
vn 0.8204 0.4634 -0.3349
vn 0.9323 0.1840 -0.3113
vn 0.9634 0.1972 -0.1818
vn 0.9542 0.2409 -0.1776
vn 0.9257 0.3319 -0.1814
vn 0.8293 0.5186 -0.2083
vn 0.6460 0.5633 0.5152
vn 0.7813 0.3631 0.5076
vn 0.8149 0.2639 0.5161
vn 0.1473 0.1809 0.9724
vn 0.1845 0.1334 0.9737
vn 0.1954 0.1042 0.9752
vn 0.8271 0.2126 0.5203
vn -0.0224 0.0750 0.9969
vn -0.0076 0.0603 0.9982
vn 0.2065 0.0801 0.9752
vn 0.8394 0.1669 0.5172
vn 0.2110 0.0643 0.9754
vn 0.2122 0.0587 0.9755
vn 0.0008 0.0323 0.9995
vn 0.8481 0.1272 0.5143
vn 0.0019 0.0359 0.9994
vn 0.8461 0.1378 0.5148
vn 0.0022 0.0324 0.9995
vn 0.0007 0.0329 0.9995
vn -0.0014 0.1307 0.9914
vn 0.0006 0.0329 0.9995
vn 0.2159 0.1785 0.9600
vn -0.0009 0.1298 0.9915
vn -0.0054 0.6053 0.7960
vn 0.1532 0.6386 0.7542
vn 0.0228 0.9676 0.2515
vn -0.0085 0.6124 0.7905
vn -0.0225 0.9731 0.2293
vn -0.0161 0.9669 0.2547
vn 0.1806 0.9781 0.1034
vn -0.0061 1.0000 0.0074
vn 0.6224 0.6807 0.3862
vn -0.0168 0.9997 0.0166
vn -0.0274 0.9996 0.0098
vn 0.9560 0.2326 -0.1785
vn 0.7286 0.6707 -0.1392
vn 0.2208 0.9739 -0.0524
vn 0.8215 0.2632 0.5058
vn 0.7159 0.6553 -0.2410
vn 0.2155 0.9738 -0.0722
vn -0.0010 1.0000 0.0020
vn -0.0025 1.0000 0.0031
vn -0.0025 1.0000 0.0043
vn -0.0156 0.9998 0.0153
vn -0.0095 0.9999 0.0117
vn -0.0227 0.9996 0.0180
vn -0.0055 1.0000 0.0071
vn -0.0228 0.9993 0.0282
vn -0.0419 0.9983 0.0398
vn -0.0346 0.9990 0.0294
vn -0.0375 0.9992 0.0143
vn -0.0456 0.9987 0.0231
vn -0.0397 0.9992 -0.0088
vn -0.0323 0.9993 -0.0177
vn -0.0265 0.9984 -0.0499
vn -0.0335 0.9987 -0.0394
vn -0.0404 0.9987 -0.0316
vn -0.0471 0.9989 -0.0009
vn -0.0483 0.9985 -0.0259
vn -0.0417 0.9977 -0.0531
vn -0.0325 0.9980 -0.0550
vn -0.0545 0.9985 0.0056
vn -0.0260 0.9979 -0.0598
vn -0.0319 0.9971 -0.0687
vn -0.0398 0.9967 -0.0701
vn -0.0402 0.9966 -0.0722
vn -0.0316 0.9964 -0.0781
vn -0.0191 0.9965 -0.0811
vn -0.0252 0.9970 -0.0734
vn -0.0248 0.9967 -0.0769
vn -0.0386 0.9967 -0.0707
vn -0.0428 0.9967 -0.0696
vn -0.0416 0.9967 -0.0698
vn -0.0452 0.9967 -0.0668
vn -0.0432 0.9965 -0.0721
vn -0.0275 0.9968 -0.0749
vn -0.0152 0.9967 -0.0797
vn -0.0040 0.9964 -0.0849
vn -0.0093 0.9964 -0.0838
vn -0.0025 0.9963 -0.0861
vn -0.0082 0.9963 -0.0858
vn -0.2255 0.9706 0.0844
vn -0.0002 0.9963 -0.0864
vn -0.0001 0.9963 -0.0864
vn -0.2410 0.9696 0.0433
vn -0.2373 0.9704 0.0440
vn -0.7603 0.5434 0.3558
vn -0.7657 0.5341 0.3584
vn -0.6926 0.5512 0.4652
vn -0.8049 0.0087 0.5934
vn -0.8844 -0.0180 0.4664
vn -0.8842 -0.0282 0.4663
vn -0.8773 -0.1189 0.4650
vn -0.8759 -0.1272 0.4655
vn -0.8797 -0.1353 0.4559
vn -0.8039 -0.1051 0.5854
vn -0.7995 -0.0972 0.5928
vn -0.8810 -0.1264 0.4560
vn -0.8838 -0.1476 0.4439
vn -0.8825 -0.1554 0.4439
vn -0.8805 -0.1663 0.4438
vn -0.8746 -0.1382 0.4648
vn -0.8779 -0.1457 0.4562
vn -0.8085 -0.1221 0.5757
vn -0.8113 -0.1543 0.5640
vn -0.8837 -0.1827 0.4310
vn -0.8819 -0.1918 0.4307
vn -0.8824 -0.2258 0.4127
vn -0.8804 -0.2334 0.4127
vn -0.8715 -0.2997 0.3881
vn -0.8746 -0.2914 0.3875
vn -0.8151 -0.1916 0.5467
vn -0.8177 -0.2539 0.5166
vn -0.5049 -0.0810 0.8594
vn -0.5370 -0.1169 0.8355
vn -0.1706 0.0357 0.9847
vn -0.1288 0.0354 0.9910
vn -0.1130 0.0297 0.9931
vn -0.4905 -0.0625 0.8692
vn -0.4829 -0.0499 0.8743
vn -0.4774 -0.0415 0.8777
vn -0.1033 0.0198 0.9945
vn -0.1056 0.0238 0.9941
vn -0.0015 0.0433 0.9991
vn 0.0006 0.0361 0.9993
vn 0.0013 0.0360 0.9994
vn -0.0077 0.0580 0.9983
vn -0.0077 0.0558 0.9984
vn -0.0224 0.0723 0.9971
vn -0.0235 0.0679 0.9974
vn -0.0592 0.0901 0.9942
vn -0.0590 0.0839 0.9947
vn -0.1313 0.1016 0.9861
vn -0.0577 0.0969 0.9936
vn -0.1417 0.1179 0.9829
vn -0.1358 0.1122 0.9844
vn -0.2051 0.1040 0.9732
vn -0.1943 0.0983 0.9760
vn -0.2651 0.0057 0.9642
vn -0.2297 0.0323 0.9727
vn -0.5541 -0.1957 0.8091
vn -0.7810 -0.3855 0.4914
vn -0.6703 -0.5573 0.4900
vn -0.5072 -0.3039 0.8064
vn -0.4123 -0.4094 0.8139
vn -0.5036 -0.7112 0.4904
vn -0.3332 -0.8127 0.4780
vn -0.3088 -0.4878 0.8165
vn -0.2327 -0.0848 0.9689
vn -0.2576 -0.0422 0.9653
vn -0.2367 -0.5225 0.8191
vn -0.2164 -0.1070 0.9704
vn -0.2136 0.0639 0.9748
vn -0.2089 0.0268 0.9776
vn -0.2059 0.0073 0.9786
vn -0.2164 0.0307 0.9758
vn -0.2346 0.0753 0.9692
vn -0.2257 0.0696 0.9717
vn -0.2271 0.0320 0.9734
vn -0.2130 0.0079 0.9770
vn -0.2099 0.0064 0.9777
vn -0.1984 0.0005 0.9801
vn -0.1993 -0.0000 0.9799
vn -0.1876 0.2009 0.9615
vn -0.1904 0.2059 0.9599
vn -0.1745 0.2272 0.9581
vn -0.1744 -0.0000 0.9847
vn -0.1509 -0.0000 0.9885
vn -0.1470 0.2065 0.9674
vn -0.1678 0.2041 0.9645
vn -0.1501 -0.1137 0.9821
vn -0.1977 -0.0000 0.9803
vn -0.2007 -0.1121 0.9732
vn -0.1747 -0.1128 0.9781
vn -0.1282 -0.5392 0.8324
vn -0.1115 -0.5406 0.8338
vn -0.1538 -0.5354 0.8304
vn -0.1352 -0.1141 0.9842
vn -0.1369 -0.0000 0.9906
vn -0.0944 -0.8793 0.4668
vn -0.0728 -0.8822 0.4652
vn -0.1347 -0.8735 0.4677
vn -0.1895 -0.5321 0.8252
vn -0.0675 -0.9475 0.3126
vn -0.1077 -0.9427 0.3157
vn -0.1893 -0.9274 0.3225
vn -0.2095 -0.8581 0.4689
vn -0.1067 -0.9428 0.3159
vn -0.1054 -0.9430 0.3157
vn -0.0660 -0.9476 0.3125
vn -0.1857 -0.9282 0.3225
vn -0.1877 -0.9278 0.3223
vn -0.0669 -0.9476 0.3125
vn -0.0476 -0.9560 0.2896
vn -0.0481 -0.9493 0.3108
vn -0.0487 -0.9492 0.3110
vn -0.0609 -0.9566 0.2848
vn -0.0998 -0.9533 0.2850
vn -0.0922 -0.9687 0.2303
vn -0.0592 -0.9703 0.2347
vn -0.1716 -0.9556 0.2397
vn -0.1774 -0.9401 0.2910
vn -0.3127 -0.8981 0.3092
vn -0.3057 -0.9157 0.2609
vn -0.3079 -0.9236 0.2282
vn -0.1713 -0.9628 0.2091
vn -0.0934 -0.9756 0.1986
vn -0.1767 -0.9684 0.1760
vn -0.0915 -0.9806 0.1736
vn -0.0590 -0.9831 0.1731
vn -0.0612 -0.9778 0.2002
vn -0.0502 -0.9766 0.2090
vn -0.0387 -0.9636 0.2645
vn -0.0468 -0.9683 0.2454
vn -0.0483 -0.9743 0.2199
vn -0.0519 -0.9833 0.1742
vn -0.0440 -0.9750 0.2177
vn -0.0415 -0.9838 0.1747
vn -0.0440 -0.9764 0.2116
vn -0.0364 -0.9685 0.2462
vn -0.0365 -0.9674 0.2507
vn -0.0282 -0.9618 0.2722
vn -0.0309 -0.9642 0.2633
vn -0.0253 -0.9544 0.2975
vn -0.0287 -0.9562 0.2914
vn -0.0264 -0.9586 0.2834
vn -0.0292 -0.9608 0.2756
vn -0.0248 -0.9581 0.2855
vn -0.0265 -0.9563 0.2913
vn -0.0245 -0.9536 0.3001
vn -0.0168 -0.9602 0.2787
vn -0.0167 -0.9615 0.2742
vn -0.0251 -0.9592 0.2816
vn -0.0171 -0.9663 0.2568
vn -0.0968 -0.9844 0.1469
vn -0.1397 -0.9787 0.1505
vn -0.0058 -0.9689 0.2476
vn -0.4025 -0.8398 -0.3643
vn -0.5906 -0.7760 -0.2216
vn -0.6817 -0.7254 -0.0957
vn -0.1753 -0.9745 0.1398
vn -0.1881 -0.9732 0.1325
vn -0.7060 -0.7075 -0.0315
vn -0.7202 -0.6935 0.0202
vn -0.1820 -0.9751 0.1264
vn -0.0155 -0.9899 0.1406
vn -0.0379 -0.9850 0.1682
vn -0.0220 -0.9786 0.2048
vn -0.0347 -0.9849 0.1695
vn -0.0342 -0.9756 0.2169
vn -0.0273 -0.9769 0.2119
vn -0.0381 -0.9849 0.1690
vn -0.0179 -0.9909 0.1331
vn -0.0260 -0.9914 0.1283
vn -0.0380 -0.9846 0.1704
vn -0.0331 -0.9915 0.1260
vn -0.0344 -0.9912 0.1280
vn 0.0771 -0.9854 0.1515
vn 0.0788 -0.9771 0.1976
vn -0.0384 -0.9844 0.1716
vn 0.0800 -0.9900 0.1163
vn -0.0334 -0.9951 0.0935
vn 0.5823 -0.7800 0.2290
vn 0.5871 -0.7900 0.1768
vn 0.5829 -0.7883 0.1971
vn 0.0851 -0.9924 0.0888
vn 0.5906 -0.7598 0.2718
vn 0.6018 -0.7314 0.3209
vn 0.9416 -0.1932 0.2759
vn 0.9277 -0.1729 0.3308
vn 0.6113 -0.6911 0.3855
vn 0.0973 -0.9467 0.3070
vn 0.0844 -0.9646 0.2498
vn -0.0425 -0.9745 0.2204
vn -0.0414 -0.9632 0.2655
vn -0.0389 -0.9640 0.2631
vn -0.0414 -0.9747 0.2195
vn -0.0320 -0.9649 0.2606
vn -0.0325 -0.9557 0.2926
vn -0.0348 -0.9549 0.2949
vn 0.1567 -0.8924 0.4233
vn -0.0297 -0.9503 0.3100
vn -0.0304 -0.9511 0.3074
vn 0.1235 -0.9263 0.3559
vn -0.0278 -0.9496 0.3122
vn -0.0274 -0.9497 0.3120
vn -0.0278 -0.9491 0.3137
vn -0.0279 -0.9516 0.3062
vn -0.0255 -0.9508 0.3089
vn -0.0269 -0.9496 0.3122
vn -0.0244 -0.9506 0.3094
vn -0.0263 -0.9498 0.3118
vn -0.0250 -0.9497 0.3121
vn -0.0250 -0.9498 0.3120
vn -0.0282 -0.9516 0.3061
vn -0.0245 -0.9497 0.3121
vn -0.0241 -0.9497 0.3121
vn -0.0240 -0.9497 0.3122
vn -0.0271 -0.9498 0.3117
vn -0.0344 -0.9534 0.2997
vn -0.0356 -0.9498 0.3109
vn -0.0272 -0.9498 0.3118
vn -0.0359 -0.9498 0.3109
vn -0.0361 -0.9498 0.3109
vn -0.0273 -0.9498 0.3118
vn -0.0432 -0.8817 0.4699
vn -0.0581 -0.8834 0.4651
vn -0.0492 -0.9492 0.3109
vn -0.0245 -0.9497 0.3123
vn -0.0821 -0.5358 0.8404
vn -0.0111 -0.5163 0.8563
vn -0.0226 -0.8753 0.4831
vn 0.0301 -0.8598 0.5098
vn -0.0257 -0.9494 0.3131
vn -0.0249 -0.9497 0.3121
vn -0.0242 -0.9496 0.3124
vn -0.0250 -0.9497 0.3120
vn -0.0268 -0.9495 0.3125
vn 0.1477 -0.4775 0.8662
vn 0.1299 -0.8561 0.5002
vn 0.4241 -0.4635 0.7780
vn 0.6015 -0.5333 0.5949
vn 0.8008 -0.1023 0.5902
vn 0.5481 -0.0828 0.8323
vn 0.2097 -0.0903 0.9736
vn 0.8899 -0.1413 0.4336
vn 0.6185 -0.6293 0.4707
vn -0.0989 -0.0000 0.9951
vn -0.0983 -0.1125 0.9888
vn 0.0023 -0.1052 0.9944
vn -0.1352 0.2078 0.9688
vn -0.0629 0.9145 0.3997
vn 0.0521 0.8998 -0.4332
vn 0.0675 0.8855 -0.4596
vn -0.0580 0.9199 0.3879
vn -0.0564 0.9257 0.3739
vn 0.0961 0.8668 -0.4893
vn 0.1374 0.8511 -0.5068
vn -0.0383 0.9302 0.3650
vn 0.0243 0.9258 0.3771
vn 0.2143 0.8433 -0.4929
vn 0.3571 0.8350 -0.4186
vn 0.1364 0.8965 0.4215
vn 0.2843 0.8366 0.4682
vn 0.5134 0.7922 -0.3299
vn 0.6708 0.6937 -0.2623
vn 0.4324 0.7483 0.5030
vn -0.0970 0.2722 0.9573
vn -0.1519 0.2586 0.9540
vn -0.2177 0.1143 0.9693
vn 0.0189 0.2489 0.9683
vn 0.5402 0.7122 -0.4483
vn 0.3827 0.7616 -0.5230
vn 0.4242 0.7493 -0.5086
vn 0.5709 0.6908 -0.4438
vn 0.6914 0.6073 -0.3913
vn 0.6736 0.6334 -0.3809
vn 0.5856 0.6747 -0.4492
vn 0.7030 0.5791 -0.4129
vn 0.4560 0.7507 -0.4780
vn 0.2703 0.8169 -0.5095
vn 0.2630 0.7791 -0.5691
vn 0.1461 0.7980 -0.5846
vn 0.1331 0.8393 -0.5271
vn 0.0678 0.8499 -0.5226
vn 0.0891 0.8119 -0.5769
vn 0.0617 0.8299 -0.5544
vn 0.0380 0.8590 -0.5106
vn 0.0788 0.8191 -0.5682
vn 0.1045 0.7984 -0.5929
vn 0.1541 0.7791 -0.6077
vn 0.2418 0.7751 -0.5838
vn -0.0268 -0.9499 0.3115
vn -0.0263 -0.9497 0.3120
vn 0.0006 -0.9941 0.1087
vn -0.1698 -0.9771 0.1279
vn -0.7216 -0.6775 0.1425
vn -0.6284 -0.6830 0.3722
vn -0.1395 -0.9777 0.1571
vn -0.0103 -0.9963 0.0852
vn -0.3172 -0.9286 0.1925
vn -0.3378 -0.9247 0.1756
vn -0.2176 -0.9628 0.1603
vn -0.1096 -0.9863 0.1230
vn -0.0990 -0.9848 0.1427
vn -0.0867 -0.9912 0.0996
vn -0.0631 -0.9944 0.0850
vn -0.0440 -0.9962 0.0746
vn -0.4971 -0.8357 0.2333
vn -0.6816 -0.6771 0.2776
vn -0.6771 -0.6885 0.2598
vn -0.4981 -0.8413 0.2100
vn -0.6875 -0.6596 0.3038
vn -0.4977 -0.8271 0.2612
vn -0.5137 -0.8342 0.2005
vn -0.6851 -0.6860 0.2450
vn -0.7117 -0.6616 0.2361
vn -0.6115 -0.7663 0.1971
vn -0.5249 -0.8405 0.1341
vn -0.4375 -0.8858 0.1549
vn -0.3487 -0.9233 0.1612
vn -0.8054 -0.5200 0.2847
vn -0.8042 -0.5153 0.2962
vn -0.8644 -0.3872 0.3208
vn -0.8155 -0.5146 0.2649
vn -0.8645 -0.4001 0.3041
vn -0.8673 -0.4066 0.2871
vn -0.8250 -0.5131 0.2368
vn -0.8727 -0.4129 0.2605
vn -0.8775 -0.4214 0.2289
vn -0.7347 -0.6490 0.1974
vn -0.8280 -0.5251 0.1967
vn -0.7217 -0.6798 0.1302
vn -0.6278 -0.7663 0.1363
vn -0.6124 -0.7874 0.0700
vn -0.5339 -0.8445 0.0414
vn -0.5520 -0.8298 0.0823
vn -0.5016 -0.8633 0.0567
vn -0.4892 -0.8719 0.0197
vn -0.4877 -0.8675 0.0978
vn -0.4655 -0.8850 0.0035
vn -0.5111 -0.8595 0.0053
vn -0.4723 -0.8805 -0.0400
vn -0.4235 -0.9051 -0.0379
vn -0.5793 -0.8148 0.0222
vn -0.5524 -0.8318 -0.0534
vn -0.6450 -0.7642 -0.0058
vn -0.6930 -0.7191 0.0519
vn -0.8126 -0.5679 0.1309
vn -0.7867 -0.6119 0.0816
vn -0.8798 -0.4497 0.1539
vn -0.8792 -0.4314 0.2025
vn -0.9047 -0.3659 0.2184
vn -0.8983 -0.3642 0.2457
vn -0.9163 -0.3074 0.2568
vn -0.9225 -0.3085 0.2321
vn -0.9285 -0.3110 0.2029
vn -0.9106 -0.3686 0.1869
vn -0.9185 -0.3660 0.1495
vn -0.9267 -0.3567 0.1181
vn -0.8876 -0.4531 0.0826
vn -0.8791 -0.4622 0.1167
vn -0.9434 -0.3020 0.1367
vn -0.9358 -0.3117 0.1650
vn -0.7749 -0.6312 0.0332
vn -0.7733 -0.6340 0.0015
vn -0.6006 -0.7951 -0.0840
vn -0.6039 -0.7958 -0.0457
vn -0.7834 -0.6209 -0.0288
vn -0.8961 -0.4402 0.0565
vn -0.9023 -0.4302 0.0280
vn -0.7915 -0.6081 -0.0610
vn -0.6183 -0.7713 -0.1511
vn -0.6071 -0.7859 -0.1174
vn -0.4427 -0.8712 -0.2123
vn -0.7982 -0.5956 -0.0897
vn -0.6290 -0.7563 -0.1798
vn -0.4596 -0.8556 -0.2381
vn -0.6406 -0.7409 -0.2018
vn -0.4770 -0.8397 -0.2596
vn -0.3282 -0.8969 -0.2963
vn -0.3083 -0.9112 -0.2734
vn -0.4936 -0.8238 -0.2788
vn -0.3489 -0.8815 -0.3181
vn -0.2399 -0.9088 -0.3415
vn -0.2205 -0.9237 -0.3134
vn -0.3618 -0.8676 -0.3411
vn -0.3738 -0.8549 -0.3597
vn -0.2692 -0.8821 -0.3865
vn -0.5254 -0.7904 -0.3148
vn -0.5113 -0.8075 -0.2941
vn -0.2575 -0.8939 -0.3670
vn -0.6715 -0.7027 -0.2353
vn -0.8133 -0.5655 -0.1373
vn -0.8238 -0.5455 -0.1543
vn -0.6549 -0.7228 -0.2206
vn -0.8307 -0.5306 -0.1686
vn -0.6872 -0.6817 -0.2511
vn -0.6938 -0.6670 -0.2716
vn -0.6976 -0.6517 -0.2978
vn -0.5500 -0.7541 -0.3588
vn -0.8294 -0.5157 -0.2148
vn -0.5391 -0.7727 -0.3351
vn -0.8323 -0.5207 -0.1903
vn -0.3879 -0.8397 -0.3800
vn -0.2904 -0.8525 -0.4347
vn -0.2798 -0.8705 -0.4048
vn -0.4035 -0.8207 -0.4045
vn -0.4170 -0.7976 -0.4359
vn -0.3224 -0.8103 -0.4894
vn -0.3025 -0.8312 -0.4665
vn -0.4332 -0.7744 -0.4611
vn -0.5720 -0.7088 -0.4127
vn -0.5604 -0.7317 -0.3881
vn -0.2262 -0.8449 -0.4847
vn -0.1806 -0.8677 -0.4632
vn -0.2155 -0.8650 -0.4531
vn -0.2435 -0.8286 -0.5041
vn -0.2056 -0.8369 -0.5072
vn -0.1876 -0.8502 -0.4919
vn -0.1718 -0.8519 -0.4947
vn -0.1638 -0.8683 -0.4683
vn -0.1412 -0.8687 -0.4748
vn -0.1487 -0.8528 -0.5006
vn -0.1559 -0.8432 -0.5146
vn -0.1831 -0.8420 -0.5075
vn -0.2066 -0.8323 -0.5144
vn -0.2355 -0.8183 -0.5243
vn -0.1875 -0.8215 -0.5386
vn -0.2719 -0.8088 -0.5214
vn -0.2347 -0.8266 -0.5115
vn -0.1690 -0.8363 -0.5215
vn -0.2777 -0.8131 -0.5115
vn -0.3186 -0.7948 -0.5165
vn -0.3578 -0.7722 -0.5251
vn -0.3073 -0.7906 -0.5296
vn -0.2624 -0.7990 -0.5411
vn -0.3482 -0.7638 -0.5435
vn -0.2911 -0.7789 -0.5555
vn -0.2064 -0.8043 -0.5572
vn -0.2342 -0.7829 -0.5764
vn -0.3396 -0.7429 -0.5769
vn -0.4000 -0.7286 -0.5560
vn -0.4306 -0.6988 -0.5712
vn -0.4150 -0.6978 -0.5839
vn -0.2972 -0.7458 -0.5963
vn -0.3905 -0.6985 -0.5996
vn -0.4686 -0.6599 -0.5873
vn -0.4654 -0.6557 -0.5945
vn -0.5113 -0.6253 -0.5896
vn -0.5144 -0.6319 -0.5798
vn -0.5108 -0.6463 -0.5669
vn -0.4705 -0.6746 -0.5688
vn -0.4446 -0.7021 -0.5562
vn -0.4956 -0.6703 -0.5523
vn -0.5591 -0.6085 -0.5631
vn -0.5614 -0.6181 -0.5503
vn -0.5549 -0.6403 -0.5312
vn -0.4645 -0.7107 -0.5284
vn -0.4010 -0.7410 -0.5386
vn -0.5408 -0.6705 -0.5079
vn -0.4273 -0.7443 -0.5133
vn -0.5153 -0.7044 -0.4882
vn -0.3889 -0.7695 -0.5065
vn -0.4880 -0.7276 -0.4821
vn -0.4582 -0.7517 -0.4743
vn -0.3519 -0.7906 -0.5011
vn -0.6038 -0.6671 -0.4362
vn -0.5883 -0.6851 -0.4295
vn -0.7089 -0.6016 -0.3682
vn -0.7128 -0.5891 -0.3806
vn -0.7092 -0.5856 -0.3926
vn -0.6165 -0.6466 -0.4493
vn -0.6222 -0.6270 -0.4687
vn -0.6243 -0.6015 -0.4985
vn -0.6926 -0.5628 -0.4512
vn -0.7013 -0.5745 -0.4220
vn -0.7810 -0.5126 -0.3568
vn -0.7967 -0.5076 -0.3280
vn -0.8702 -0.4221 -0.2540
vn -0.8526 -0.4369 -0.2869
vn -0.7662 -0.5086 -0.3927
vn -0.8405 -0.4337 -0.3247
vn -0.7639 -0.4954 -0.4137
vn -0.8384 -0.4162 -0.3519
vn -0.8541 -0.3834 -0.3515
vn -0.6787 -0.5532 -0.4831
vn -0.6851 -0.5558 -0.4709
vn -0.7670 -0.4884 -0.4161
vn -0.8642 -0.3754 -0.3350
vn -0.7691 -0.4865 -0.4145
vn -0.9253 -0.2693 -0.2670
vn -0.9047 -0.3070 -0.2955
vn -0.8865 -0.3515 -0.3009
vn -0.6732 -0.5547 -0.4890
vn -0.6627 -0.5597 -0.4976
vn -0.8573 -0.3982 -0.3262
vn -0.7645 -0.5001 -0.4067
vn -0.7536 -0.5101 -0.4145
vn -0.6053 -0.5819 -0.5431
vn -0.5979 -0.5799 -0.5534
vn -0.6541 -0.5593 -0.5092
vn -0.5942 -0.5809 -0.5563
vn -0.6365 -0.4363 -0.6360
vn -0.5603 -0.4727 -0.6802
vn -0.7467 -0.3888 -0.5397
vn -0.5643 0.1336 -0.8147
vn -0.3153 0.0232 -0.9487
vn -0.4301 0.0846 -0.8988
vn -0.8526 -0.3033 -0.4256
vn -0.6817 0.1872 -0.7073
vn -0.1576 0.6143 -0.7732
vn -0.0693 0.5643 -0.8227
vn -0.2335 0.6548 -0.7189
vn -0.7325 0.2511 -0.6328
vn -0.9044 -0.2049 -0.3742
vn -0.2739 0.6772 -0.6830
vn -0.9264 -0.1220 -0.3561
vn -0.7370 0.3055 -0.6029
vn -0.2784 0.6919 -0.6662
vn -0.0924 0.7647 -0.6377
vn -0.0721 0.7468 -0.6612
vn -0.0924 0.7646 -0.6379
vn -0.0725 0.7466 -0.6613
vn -0.0986 0.7693 -0.6313
vn -0.0986 0.7692 -0.6314
vn -0.0952 0.7765 -0.6229
vn -0.0982 0.7694 -0.6312
vn -0.0964 0.7747 -0.6249
vn -0.0925 0.7644 -0.6380
vn -0.0958 0.7737 -0.6263
vn -0.0786 0.8345 -0.5453
vn -0.0778 0.8358 -0.5435
vn -0.0488 0.9598 -0.2764
vn -0.0475 0.9609 -0.2726
vn -0.0469 0.9606 -0.2739
vn -0.0777 0.8340 -0.5463
vn -0.0105 0.9998 0.0189
vn 0.1702 0.9833 0.0644
vn 0.1588 0.9632 -0.2168
vn -0.0081 0.9998 0.0207
vn 0.0914 0.8621 -0.4984
vn 0.5492 0.8308 -0.0899
vn 0.8653 0.4558 0.2084
vn 0.8909 0.4235 0.1638
vn 0.6369 0.7485 -0.1848
vn 0.2843 0.9586 0.0154
vn 0.3827 0.9043 0.1894
vn 0.2057 0.9661 0.1563
vn 0.2428 0.9557 0.1666
vn 0.4185 0.8872 0.1944
vn 0.0267 0.9927 0.1180
vn 0.0274 0.9930 0.1148
vn 0.0727 0.9882 0.1346
vn 0.0698 0.9881 0.1367
vn 0.0894 0.9827 0.1622
vn 0.0904 0.9826 0.1623
vn 0.0558 0.9796 0.1932
vn 0.2288 0.9569 0.1786
vn 0.0591 0.9796 0.1923
vn 0.0636 0.9797 0.1900
vn 0.3333 0.9219 0.1974
vn 0.0634 0.9805 0.1862
vn 0.0166 0.9698 0.2434
vn 0.0001 0.9559 0.2936
vn 0.0158 0.9694 0.2448
vn 0.0148 0.9693 0.2455
vn 0.0001 0.9558 0.2939
vn 0.0134 0.9692 0.2461
vn 0.0131 0.9689 0.2470
vn -0.2424 0.9214 0.3038
vn -0.2404 0.9159 0.3214
vn -0.2412 0.9068 0.3456
vn -0.2416 0.8965 0.3713
vn -0.2423 0.8853 0.3970
vn -0.2421 0.8711 0.4274
vn -0.2411 0.8570 0.4554
vn -0.2410 0.8479 0.4722
vn -0.2415 0.8418 0.4827
vn -0.2413 0.8384 0.4888
vn -0.2419 0.8400 0.4857
vn -0.2435 0.8502 0.4668
vn -0.2451 0.8654 0.4371
vn -0.8154 0.4177 0.4008
vn -0.8132 0.4278 0.3945
vn -0.2455 0.8814 0.4036
vn -0.8145 0.4222 0.3981
vn -0.9707 -0.1040 0.2164
vn -0.9636 -0.2037 0.1732
vn -0.9581 -0.2034 0.2016
vn -0.9683 -0.2014 0.1481
vn -0.9653 -0.1059 0.2386
vn -0.9756 -0.1014 0.1947
vn -0.9801 -0.0940 0.1749
vn -0.9779 -0.1834 0.1000
vn -0.9733 -0.1932 0.1240
vn -0.9849 -0.0860 0.1505
vn -0.8161 0.4191 0.3979
vn -0.8193 0.4254 0.3844
vn -0.9889 -0.0796 0.1251
vn -0.8235 0.4343 0.3650
vn -0.9815 -0.1770 0.0732
vn -0.9834 -0.1744 0.0495
vn -0.8271 0.4435 0.3454
vn -0.9919 -0.0758 0.1018
vn -0.9843 -0.1745 0.0281
vn -0.9827 -0.1836 0.0239
vn -0.9819 -0.1842 0.0447
vn -0.9941 -0.0742 0.0796
vn -0.9798 -0.1877 0.0690
vn -0.9765 -0.2134 0.0302
vn -0.9745 -0.2172 0.0556
vn -0.9709 -0.2239 0.0848
vn -0.9762 -0.1938 0.0970
vn -0.9713 -0.2040 0.1224
vn -0.9609 -0.2424 0.1338
vn -0.9663 -0.2137 0.1434
vn -0.9660 -0.2327 0.1122
vn -0.9554 -0.2804 0.0926
vn -0.9445 -0.3259 0.0406
vn -0.9401 -0.3334 0.0708
vn -0.9601 -0.2723 0.0637
vn -0.9342 -0.3436 0.0955
vn -0.9501 -0.2898 0.1152
vn -0.9635 -0.2655 0.0332
vn -0.9657 -0.2594 0.0073
vn -0.9507 -0.3099 -0.0150
vn -0.9479 -0.3183 0.0093
vn -0.9530 -0.3012 -0.0331
vn -0.9193 -0.3867 -0.0729
vn -0.9150 -0.3994 -0.0572
vn -0.9671 -0.2541 -0.0106
vn -0.9111 -0.4109 -0.0318
vn -0.8045 -0.5821 -0.1179
vn -0.9070 -0.4211 -0.0032
vn -0.9785 -0.2064 -0.0053
vn -0.9682 -0.2492 -0.0244
vn -0.9774 -0.2110 0.0101
vn -0.9540 -0.2960 -0.0474
vn -0.9537 -0.2944 -0.0622
vn -0.9202 -0.3763 -0.1081
vn -0.9222 -0.3764 -0.0883
vn -0.9690 -0.2439 -0.0387
vn -0.9819 -0.1861 -0.0356
vn -0.9695 -0.2386 -0.0564
vn -0.9802 -0.1973 -0.0185
vn -0.9512 -0.2961 -0.0872
vn -0.9686 -0.2354 -0.0803
vn -0.9481 -0.2973 -0.1124
vn -0.9104 -0.3794 -0.1648
vn -0.9159 -0.3780 -0.1347
vn -0.8251 -0.5077 -0.2480
vn -0.8211 -0.5014 -0.2728
vn -0.9040 -0.3823 -0.1914
vn -0.9432 -0.3028 -0.1364
vn -0.9635 -0.2440 -0.1105
vn -0.9374 -0.3129 -0.1527
vn -0.8956 -0.3909 -0.2124
vn -0.9672 -0.2358 -0.0948
vn -0.9285 -0.3281 -0.1739
vn -0.8847 -0.4042 -0.2321
vn -0.8090 -0.5009 -0.3074
vn -0.8159 -0.4969 -0.2957
vn -0.9530 -0.2630 -0.1503
vn -0.9178 -0.3462 -0.1945
vn -0.9586 -0.2551 -0.1267
vn -0.9785 -0.1848 -0.0921
vn -0.9810 -0.1791 -0.0746
vn -0.9888 -0.1384 -0.0557
vn -0.9760 -0.1856 -0.1142
vn -0.9864 -0.1340 -0.0949
vn -0.9874 -0.1408 -0.0719
vn -0.9910 -0.1248 -0.0488
vn -0.9899 -0.1253 -0.0661
vn -0.9915 -0.1231 -0.0432
vn -0.9823 -0.1752 -0.0655
vn -0.9896 -0.1358 -0.0476
vn -0.9891 -0.1415 -0.0408
vn -0.9910 -0.1281 -0.0381
vn -0.9898 -0.1408 -0.0236
vn -0.9828 -0.1772 -0.0528
vn -0.9880 -0.1525 -0.0247
vn -0.9858 -0.1677 -0.0097
vn -0.9874 -0.1577 -0.0099
vn -0.9992 -0.0362 0.0166
vn -0.9997 -0.0224 0.0014
vn -0.9979 -0.0542 0.0347
vn -0.9853 -0.1707 0.0079
vn -0.9836 -0.1805 0.0047
vn -0.9961 -0.0689 0.0552
vn -0.8344 0.4683 0.2906
vn -0.8353 0.4858 0.2574
vn -0.8308 0.4536 0.3224
vn -0.8332 0.5030 0.2296
vn -0.8309 0.5178 0.2036
vn -0.8303 0.5257 0.1849
vn -0.8344 0.5248 0.1684
vn -0.9997 -0.0217 -0.0141
vn -0.9998 -0.0172 -0.0060
vn -0.8383 0.5247 0.1483
vn -0.9992 -0.0236 -0.0334
vn -0.9983 -0.0107 -0.0568
vn -0.8344 0.5378 0.1207
vn -0.2446 0.9304 0.2729
vn -0.2446 0.9241 0.2936
vn -0.8270 0.5580 0.0693
vn -0.2343 0.9468 0.2205
vn -0.1967 0.9669 0.1624
vn -0.1570 0.9801 0.1217
vn -0.8034 0.5939 -0.0427
vn 0.0877 0.9829 0.1618
vn -0.8187 0.5741 0.0093
vn 0.0547 0.9794 0.1943
vn 0.0686 0.9889 0.1315
vn -0.1539 0.9846 0.0827
vn -0.1684 0.9840 0.0577
vn -0.7582 0.6415 -0.1168
vn 0.0237 0.9936 0.1104
vn -0.7793 0.6200 -0.0905
vn -0.9769 -0.0114 -0.2136
vn -0.9850 -0.0331 -0.1696
vn -0.9669 -0.1636 -0.1960
vn -0.9726 0.0087 -0.2324
vn -0.9519 -0.1702 -0.2549
vn -0.9571 -0.1754 -0.2307
vn -0.9558 -0.2019 -0.2137
vn -0.9734 -0.1485 -0.1745
vn -0.9789 -0.1325 -0.1554
vn -0.9424 -0.2189 -0.2530
vn -0.9913 -0.0151 -0.1306
vn -0.9866 -0.1113 -0.1197
vn -0.9835 -0.1275 -0.1287
vn -0.9893 -0.1156 -0.0885
vn -0.9960 -0.0004 -0.0891
vn -0.9724 -0.1799 -0.1487
vn -0.9477 -0.2628 -0.1810
vn -0.9385 -0.2588 -0.2284
vn -0.9627 -0.1805 -0.2014
vn -0.9071 -0.3537 -0.2284
vn -0.8965 -0.3523 -0.2686
vn -0.9355 -0.2281 -0.2699
vn -0.9059 -0.3095 -0.2890
vn -0.9088 -0.3041 -0.2856
vn -0.8496 -0.4157 -0.3245
vn -0.9386 0.1245 -0.3217
vn -0.9363 -0.0661 -0.3450
vn -0.6970 0.5008 -0.5132
vn -0.7241 0.3593 -0.5887
vn -0.6097 0.7157 -0.3406
vn -0.7189 0.6686 -0.1903
vn -0.2430 0.7775 -0.5801
vn -0.2646 0.7085 -0.6542
vn -0.2387 0.9191 -0.3134
vn -0.1725 0.9848 -0.0201
vn -0.0102 0.9998 0.0196
vn -0.7040 -0.6161 -0.3533
vn -0.7007 -0.6351 -0.3249
vn -0.9616 -0.2164 0.1686
vn -0.9557 -0.2508 0.1540
vn -0.9492 -0.2548 0.1847
vn -0.9561 -0.2169 0.1972
vn -0.9488 -0.2188 0.2278
vn -0.9418 -0.2556 0.2184
vn -0.9356 -0.2552 0.2439
vn -0.9422 -0.2216 0.2515
vn -0.9512 -0.2057 0.2298
vn -0.9444 -0.2095 0.2532
vn -0.9588 -0.1080 0.2628
vn -0.8028 0.4413 0.4010
vn -0.8098 0.4352 0.3935
vn -0.9525 -0.1094 0.2843
vn -0.9463 -0.1108 0.3036
vn -0.9380 -0.2118 0.2745
vn -0.9296 -0.2134 0.3004
vn -0.8021 0.4409 0.4027
vn -0.9402 -0.1122 0.3216
vn -0.8065 0.4480 0.3857
vn -0.9336 -0.1156 0.3392
vn -0.9211 -0.2172 0.3232
vn -0.9132 -0.2172 0.3448
vn -0.8090 0.4607 0.3650
vn -0.9265 -0.1170 0.3576
vn -0.8066 0.4690 0.3597
vn -0.9200 -0.1100 0.3763
vn -0.9068 -0.2105 0.3653
vn -0.9026 -0.1991 0.3817
vn -0.9152 -0.0993 0.3906
vn -0.7995 0.4857 0.3533
vn -0.8024 0.4761 0.3597
vn -0.9114 -0.0857 0.4026
vn -0.7888 0.5064 0.3483
vn -0.7956 0.4974 0.3459
vn -0.9032 -0.0704 0.4235
vn -0.8987 -0.1860 0.3972
vn -0.8921 -0.1698 0.4187
vn -0.8906 -0.0541 0.4516
vn -0.8831 -0.0391 0.4676
vn -0.8799 -0.1527 0.4500
vn -0.7692 0.5284 0.3594
vn -0.7781 0.5154 0.3590
vn -0.8830 -0.1599 0.4414
vn -0.8926 -0.1961 0.4060
vn -0.8843 -0.1802 0.4308
vn -0.8929 -0.1776 0.4138
vn -0.8991 -0.1930 0.3928
vn -0.8996 -0.2272 0.3730
vn -0.8971 -0.2124 0.3874
vn -0.9020 -0.2067 0.3790
vn -0.9061 -0.2181 0.3626
vn -0.9022 -0.2407 0.3579
vn -0.9070 -0.2485 0.3400
vn -0.9114 -0.2261 0.3438
vn -0.8942 -0.2806 0.3488
vn -0.8922 -0.2652 0.3655
vn -0.8967 -0.2917 0.3330
vn -0.8841 -0.3400 0.3205
vn -0.8827 -0.3268 0.3378
vn -0.8830 -0.3096 0.3526
vn -0.8863 -0.3510 0.3021
vn -0.9019 -0.2983 0.3125
vn -0.8920 -0.3590 0.2747
vn -0.9083 -0.3045 0.2868
vn -0.9211 -0.2543 0.2949
vn -0.9129 -0.2522 0.3209
vn -0.9188 -0.2266 0.3233
vn -0.9272 -0.2250 0.2995
vn -0.9356 -0.2237 0.2732
vn -0.9291 -0.2555 0.2673
vn -0.8914 -0.2485 0.3791
vn -0.8829 -0.2908 0.3687
vn -0.8822 -0.2728 0.3838
vn -0.8879 -0.2317 0.3973
vn -0.8687 -0.3346 0.3652
vn -0.8675 -0.3200 0.3808
vn -0.8785 -0.2564 0.4031
vn -0.8673 -0.3525 0.3514
vn -0.8822 -0.2151 0.4188
vn -0.8797 -0.2016 0.4307
vn -0.8776 -0.2438 0.4128
vn -0.8686 -0.3079 0.3882
vn -0.8173 -0.4417 0.3700
vn -0.8209 -0.4363 0.3684
vn -0.6960 -0.6194 0.3632
vn -0.6927 -0.6306 0.3498
vn -0.6945 -0.6214 0.3626
vn -0.8166 -0.4507 0.3606
vn -0.5124 -0.7822 0.3545
vn -0.6977 -0.6178 0.3626
vn -0.8227 -0.4321 0.3694
vn -0.5087 -0.7845 0.3546
vn -0.5109 -0.7830 0.3548
vn -0.3224 -0.8847 0.3367
vn -0.3251 -0.8838 0.3366
vn -0.3198 -0.8856 0.3368
vn -0.5051 -0.7961 0.3334
vn -0.5019 -0.8127 0.2960
vn -0.6930 -0.6430 0.3261
vn -0.8151 -0.4641 0.3468
vn -0.8123 -0.4799 0.3316
vn -0.8083 -0.4985 0.3134
vn -0.8656 -0.3711 0.3363
vn -0.2455 0.9677 0.0581
vn -0.2465 0.9660 0.0779
vn -0.2421 0.9693 0.0439
vn -0.0009 0.9963 -0.0860
vn -0.0047 0.9964 -0.0847
vn -0.0002 0.9975 -0.0707
vn -0.0118 0.9965 -0.0823
vn -0.0090 0.9965 -0.0834
vn -0.0320 0.9967 -0.0748
vn -0.0420 0.9967 -0.0690
vn -0.2441 0.9101 0.3350
vn -0.2483 0.9282 0.2772
vn -0.2498 0.9441 0.2152
vn -0.2483 0.9517 0.1804
vn -0.2476 0.9564 0.1551
vn -0.2472 0.9609 0.1248
vn -0.2467 0.9642 0.0970
vn -0.2426 0.9024 0.3561
vn -0.2450 0.8955 0.3716
vn 0.6550 0.7126 -0.2514
vn 0.9301 0.3351 0.1506
vn 0.9036 0.4052 0.1388
vn 0.5905 0.7602 -0.2711
vn 0.0861 0.8140 -0.5745
vn 0.0623 0.8112 -0.5815
vn 0.5308 0.8030 -0.2711
vn 0.0476 0.8099 -0.5846
vn 0.0531 0.7998 -0.5979
vn 0.8513 0.5032 0.1489
vn 0.7993 0.5627 0.2109
vn 0.4938 0.8340 -0.2464
vn 0.4809 0.8543 -0.1973
vn 0.0821 0.7761 -0.6253
vn -0.0299 0.7101 -0.7034
vn -0.0722 0.7468 -0.6611
vn -0.0302 0.7100 -0.7036
vn 0.0363 0.6618 -0.7488
vn 0.0367 0.6619 -0.7487
vn 0.1382 0.7408 -0.6574
vn 0.4798 0.8612 -0.1680
vn 0.5141 0.8397 -0.1750
vn 0.1402 0.6028 -0.7855
vn 0.2316 0.6868 -0.6889
vn 0.2521 0.5411 -0.8023
vn 0.1397 0.6029 -0.7855
vn 0.2526 0.5407 -0.8024
vn 0.3359 0.6284 -0.7016
vn 0.3540 0.4825 -0.8012
vn 0.4287 0.5729 -0.6985
vn 0.5647 0.8075 -0.1703
vn 0.6074 0.7789 -0.1562
vn 0.5566 0.4854 -0.6742
vn 0.4932 0.3908 -0.7772
vn 0.7409 0.3419 -0.5780
vn 0.6945 0.2394 -0.6785
vn 0.7532 0.6534 -0.0756
vn 0.6666 0.7327 -0.1370
vn 0.4613 0.7295 0.5050
vn 0.4012 0.7641 0.5051
vn 0.8009 0.5976 0.0379
vn 0.5176 0.6994 0.4929
vn 0.8813 0.2224 -0.4171
vn 0.5553 0.6873 0.4682
vn 0.5045 0.6096 0.6115
vn 0.4370 0.6346 0.6375
vn 0.3415 0.6923 0.6357
vn 0.5480 0.5962 0.5868
vn 0.5511 0.5930 0.5871
vn 0.5095 0.6061 0.6108
vn 0.5827 0.6798 0.4454
vn 0.4435 0.6283 0.6392
vn 0.5899 0.5751 0.5668
vn 0.6060 0.6707 0.4277
vn 0.6452 0.6472 0.4059
vn 0.6477 0.5413 0.5362
vn 0.7210 0.6104 0.3280
vn 0.7448 0.4935 0.4492
vn 0.6521 0.5403 0.5319
vn 0.7530 0.4837 0.4462
vn 0.7577 0.4808 0.4413
vn 0.5913 0.5743 0.5661
vn 0.5915 0.5738 0.5665
vn 0.6572 0.5349 0.5310
vn 0.8472 0.4098 0.3381
vn 0.8620 0.3891 0.3247
vn 0.9097 0.3158 0.2695
vn 0.9003 0.3366 0.2759
vn 0.9329 0.2614 0.2478
vn 0.9438 0.2252 0.2421
vn 0.9537 0.1919 0.2317
vn 0.9477 0.2146 0.2363
vn 0.9262 0.2959 0.2337
vn 0.8538 -0.5049 0.1268
vn 0.8778 0.4136 0.2417
vn 0.8887 0.4031 0.2186
vn 0.9161 0.3207 0.2407
vn 0.9728 -0.1476 0.1784
vn 0.9449 0.2246 0.2381
vn 0.9277 0.2819 0.2450
vn 0.8940 0.3552 0.2731
vn 0.8380 0.4286 0.3378
vn 0.5557 0.5904 0.5853
vn 0.5102 0.6042 0.6121
vn 0.4537 0.6185 0.6415
vn 0.3461 0.6883 0.6375
vn 0.3453 0.6877 0.6387
vn 0.2593 0.7522 0.6057
vn 0.2615 0.7492 0.6086
vn 0.2065 0.7838 0.5857
vn 0.2068 0.7838 0.5856
vn 0.1557 0.7987 0.5813
vn 0.1571 0.7953 0.5855
vn 0.1092 0.8161 0.5675
vn 0.1079 0.8163 0.5675
vn 0.0897 0.8319 0.5476
vn 0.0901 0.8325 0.5466
vn 0.1081 0.8176 0.5656
vn 0.0894 0.8328 0.5464
vn 0.2148 0.8362 0.5047
vn 0.2357 0.8210 0.5200
vn 0.1538 0.8019 0.5773
vn 0.2916 0.8016 0.5220
vn 0.7311 0.6475 0.2148
vn 0.7136 0.6674 0.2128
vn 0.9596 0.2019 -0.1959
vn 0.7667 0.6136 0.1889
vn 0.9571 0.1787 -0.2281
vn 0.9604 0.1907 -0.2032
vn 0.9476 0.0281 -0.3181
vn 0.9504 0.0339 -0.3092
vn 0.9522 0.0385 -0.3030
vn 0.9594 0.2058 -0.1929
vn 0.7113 0.6721 0.2059
vn 0.2143 0.8434 0.4927
vn 0.2142 0.8526 0.4766
vn 0.7086 0.6798 0.1889
vn 0.9563 0.2109 -0.2024
vn 0.6990 0.6985 0.1534
vn 0.2082 0.8702 0.4466
vn 0.1954 0.8884 0.4154
vn 0.6847 0.7195 0.1161
vn 0.9364 0.2412 -0.2550
vn 0.9474 0.2248 -0.2278
vn 0.9433 0.0571 -0.3271
vn 0.9505 0.0452 -0.3075
vn 0.9505 0.0450 -0.3076
vn 0.9345 0.0712 -0.3487
vn 0.9346 0.0713 -0.3486
vn 0.9432 0.0569 -0.3273
vn 0.9433 0.0576 -0.3269
vn 0.9505 0.0453 -0.3074
vn 0.9520 0.0377 -0.3037
vn 0.9520 0.0375 -0.3037
vn 0.9496 0.0296 -0.3121
vn 0.9464 0.0219 -0.3224
vn 0.9458 0.0192 -0.3243
vn 0.9491 0.0274 -0.3136
vn 0.8879 -0.1679 -0.4283
vn 0.8823 -0.1688 -0.4395
vn 0.4832 -0.6154 -0.6227
vn 0.4806 -0.6318 -0.6081
vn 0.4864 -0.6373 -0.5977
vn 0.8959 -0.1570 -0.4157
vn 0.8963 -0.1522 -0.4165
vn 0.4860 -0.6449 -0.5898
vn 0.4871 -0.6528 -0.5802
vn 0.8917 -0.1440 -0.4292
vn 0.8866 -0.1332 -0.4430
vn 0.4932 -0.6568 -0.5704
vn 0.9346 0.0715 -0.3485
vn 0.9261 0.0843 -0.3677
vn 0.5002 -0.6618 -0.5585
vn 0.8817 -0.1249 -0.4550
vn 0.9165 0.0961 -0.3884
vn 0.8761 -0.1159 -0.4679
vn 0.9164 0.0961 -0.3884
vn 0.9261 0.0836 -0.3680
vn 0.9260 0.0833 -0.3682
vn 0.9165 0.0968 -0.3881
vn 0.9124 0.2732 -0.3048
vn 0.9251 0.2566 -0.2798
vn 0.9052 0.1066 -0.4113
vn 0.8989 0.2861 -0.3319
vn 0.6667 0.7409 0.0816
vn 0.6447 0.7629 0.0485
vn 0.6250 0.7805 0.0171
vn 0.1525 0.9219 0.3562
vn 0.1759 0.9060 0.3850
vn 0.0172 0.9232 0.3840
vn 0.1360 0.9342 0.3299
vn 0.0300 0.9117 0.4097
vn 0.0523 0.8978 0.4372
vn 0.1391 0.9443 0.2983
vn 0.0217 0.9341 0.3563
vn 0.6090 0.7912 -0.0558
vn 0.6159 0.7876 -0.0200
vn 0.1467 0.9518 0.2693
vn 0.0309 0.9435 0.3298
vn 0.1442 0.9593 0.2427
vn 0.0318 0.9508 0.3081
vn 0.0212 0.9598 0.2800
vn 0.5974 0.7968 -0.0907
vn 0.1314 0.9685 0.2114
vn 0.5768 0.8060 -0.1328
vn 0.1143 0.9775 0.1775
vn 0.5391 0.8165 -0.2065
vn 0.5518 0.8152 -0.1760
vn 0.1090 0.9822 0.1528
vn 0.0077 0.9682 0.2502
vn 0.0023 0.9738 0.2272
vn 0.0061 0.9688 0.2478
vn 0.1122 0.9847 0.1332
vn 0.0002 0.9744 0.2250
vn 0.0041 0.9787 0.2055
vn 0.0073 0.9777 0.2099
vn -0.0002 0.9747 0.2237
vn 0.0039 0.9694 0.2455
vn 0.0201 0.9602 0.2785
vn 0.0203 0.9601 0.2788
vn 0.0299 0.9515 0.3062
vn 0.0289 0.9522 0.3039
vn 0.0299 0.9444 0.3273
vn 0.0288 0.9445 0.3271
vn 0.0204 0.9356 0.3524
vn 0.0184 0.9368 0.3494
vn 0.0177 0.9233 0.3837
vn 0.0160 0.9233 0.3837
vn 0.0307 0.9110 0.4112
vn 0.0526 0.8972 0.4384
vn 0.0526 0.8962 0.4404
vn 0.0311 0.9097 0.4142
vn 0.0704 0.8821 0.4658
vn 0.0711 0.8806 0.4685
vn 0.0842 0.8664 0.4922
vn 0.0844 0.8662 0.4925
vn 0.0708 0.8829 0.4643
vn 0.0843 0.8653 0.4941
vn 0.0893 0.8502 0.5189
vn 0.0895 0.8501 0.5190
vn 0.0896 0.8498 0.5194
vn 0.0889 0.8408 0.5340
vn 0.0888 0.8410 0.5337
vn 0.0889 0.8409 0.5339
vn -0.0002 0.9796 0.2008
vn 0.0085 0.9831 0.1831
vn 0.0079 0.9876 0.1568
vn 0.0127 0.9867 0.1619
vn 0.0097 0.9827 0.1847
vn 0.0166 0.9899 0.1410
vn 0.0166 0.9859 0.1662
vn 0.0138 0.9903 0.1379
vn 0.0124 0.9821 0.1881
vn 0.0126 0.9906 0.1361
vn 0.0114 0.9943 0.1057
vn 0.0156 0.9937 0.1108
vn 0.0171 0.9965 0.0824
vn 0.0179 0.9964 0.0830
vn 0.0202 0.9980 0.0599
vn 0.0191 0.9983 0.0555
vn 0.0225 0.9984 0.0520
vn 0.0244 0.9984 0.0513
vn 0.0158 0.9989 0.0451
vn 0.0163 0.9986 0.0501
vn 0.0063 0.9997 0.0240
vn 0.0159 0.9990 0.0420
vn 0.0235 0.9984 0.0515
vn 0.0061 0.9998 0.0206
vn 0.0056 0.9997 0.0227
vn 0.0011 1.0000 -0.0014
vn -0.0028 0.9998 -0.0220
vn -0.0030 0.9998 -0.0216
vn 0.0009 1.0000 0.0003
vn 0.0012 1.0000 -0.0031
vn -0.0040 0.9993 -0.0378
vn -0.0015 0.9987 -0.0512
vn 0.0038 0.9974 -0.0716
vn 0.0091 0.9949 -0.1007
vn -0.0035 0.9844 -0.1759
vn -0.0162 0.9715 -0.2363
vn -0.0108 0.9630 -0.2695
vn 0.0053 0.9849 -0.1729
vn 0.0044 0.9810 -0.1941
vn 0.1249 0.9763 -0.1765
vn -0.0094 0.9551 -0.2962
vn 0.0903 0.9563 -0.2783
vn -0.0117 0.9412 -0.3376
vn -0.0251 0.9440 -0.3289
vn 0.0700 0.9428 -0.3260
vn -0.0221 0.9555 -0.2940
vn 0.0223 0.9978 0.0625
vn 0.1534 0.9880 0.0175
vn 0.1564 0.9877 0.0016
vn 0.1436 0.9896 -0.0057
vn 0.6591 0.7265 -0.1945
vn 0.6816 0.7273 -0.0800
vn 0.6764 0.7365 0.0115
vn 0.1424 0.9896 0.0183
vn 0.9731 0.1761 -0.1487
vn 0.9408 -0.0171 -0.3385
vn 0.9306 0.1733 -0.3223
vn 0.9870 -0.0143 -0.1601
vn 1.0000 -0.0039 -0.0029
vn 0.9824 0.1870 0.0013
vn 0.9870 -0.0142 -0.1603
vn 1.0000 -0.0042 -0.0031
vn 1.0000 -0.0043 -0.0035
vn 0.9408 -0.0168 -0.3386
vn 0.9869 -0.0139 -0.1606
vn 0.9724 -0.2334 -0.0073
vn 0.9568 -0.2394 -0.1648
vn 0.6141 -0.7891 -0.0180
vn 0.0888 -0.9958 -0.0211
vn 0.0805 -0.9950 -0.0586
vn 0.6023 -0.7871 -0.1330
vn 0.5679 -0.7837 -0.2517
vn 0.0684 -0.9940 -0.0855
vn -0.0420 -0.9981 -0.0450
vn -0.0360 -0.9985 -0.0402
vn -0.0271 -0.9994 -0.0216
vn -0.0370 -0.9984 -0.0417
vn -0.0226 -0.9997 -0.0000
vn -0.0259 -0.9997 -0.0020
vn -0.0305 -0.9992 -0.0239
vn -0.0215 -0.9997 0.0101
vn -0.0335 -0.9994 -0.0059
vn -0.0189 -0.9997 0.0178
vn -0.0370 -0.9990 -0.0244
vn -0.0190 -0.9997 0.0184
vn -0.0374 -0.9993 -0.0091
vn -0.0419 -0.9988 -0.0248
vn -0.0388 -0.9986 -0.0362
vn -0.0400 -0.9983 -0.0423
vn -0.0352 -0.9984 -0.0442
vn -0.0312 -0.9988 -0.0382
vn -0.0336 -0.9992 -0.0231
vn -0.0295 -0.9991 -0.0319
vn -0.0377 -0.9989 -0.0292
vn -0.0178 -0.9997 -0.0181
vn -0.1597 -0.9836 -0.0841
vn -0.0220 -0.9997 -0.0091
vn -0.1812 -0.9830 -0.0283
vn -0.1770 -0.9829 -0.0519
vn -0.0319 -0.9994 -0.0091
vn -0.0142 -0.9998 -0.0115
vn -0.0166 -0.9999 -0.0044
vn -0.0165 -0.9998 0.0093
vn -0.1021 -0.9877 -0.1189
vn -0.0624 -0.9880 -0.1412
vn -0.0141 -0.9999 -0.0042
vn -0.0357 -0.9873 -0.1549
vn -0.0929 -0.7121 -0.6959
vn -0.0172 -0.9999 -0.0005
vn -0.2384 -0.7256 -0.6455
vn -0.4690 -0.7284 -0.4995
vn -0.0063 -0.7084 -0.7058
vn 0.0086 -0.1566 -0.9876
vn -0.1150 -0.1573 -0.9808
vn -0.3328 -0.1618 -0.9290
vn -0.1146 -0.0000 -0.9934
vn -0.3354 -0.0000 -0.9421
vn -0.6850 -0.0000 -0.7286
vn -0.6794 -0.1554 -0.7171
vn -0.9151 -0.1489 -0.3747
vn -0.6957 -0.7085 -0.1187
vn -0.6540 -0.7019 -0.2823
vn -0.9765 -0.1619 -0.1420
vn -0.9903 -0.0000 -0.1392
vn -0.9264 -0.0000 -0.3766
vn -1.0000 -0.0000 0.0023
vn -0.9864 -0.1643 -0.0035
vn -0.9772 -0.1607 0.1386
vn -0.6981 -0.7116 0.0797
vn -0.9891 -0.0000 0.1472
vn -0.7026 -0.7113 -0.0200
vn -0.9113 -0.1606 0.3791
vn -0.1757 -0.9844 -0.0054
vn -0.1541 -0.9878 0.0240
vn -0.6433 -0.7260 0.2432
vn -0.0220 -0.9992 -0.0326
vn -0.0150 -0.9986 -0.0509
vn -0.1178 -0.9910 0.0640
vn -0.4803 -0.7242 0.4948
vn -0.0183 -0.9964 -0.0823
vn -0.0203 -0.9980 -0.0594
vn -0.0245 -0.9988 -0.0425
vn -0.0099 -0.9973 -0.0722
vn -0.0747 -0.9923 0.0988
vn -0.0848 -0.6969 0.7121
vn -0.0366 -0.9939 0.1039
vn -0.2482 -0.6927 0.6772
vn -0.0111 -0.9966 -0.0813
vn -0.0119 -0.9957 -0.0922
vn -0.0093 -0.9962 -0.0862
vn -0.0136 -0.9968 -0.0785
vn -0.0106 -0.9934 0.1141
vn -0.0175 -0.9978 -0.0637
vn -0.0043 -0.9917 0.1286
vn 0.0496 -0.6937 0.7186
vn 0.0115 -0.6995 0.7145
vn 0.0309 -0.1378 0.9900
vn 0.0836 -0.0000 0.9965
vn 0.0805 -0.1410 0.9867
vn 0.0346 -0.0000 0.9994
vn -0.0958 -0.0000 0.9954
vn -0.0950 -0.1328 0.9866
vn -0.3170 -0.1302 0.9394
vn -0.3204 -0.0000 0.9473
vn -0.6634 -0.1454 0.7340
vn -0.6718 -0.0000 0.7407
vn -0.9207 -0.0000 0.3903
vn 0.0855 -0.1325 0.9875
vn 0.1052 -0.0000 0.9945
vn 0.1012 -0.1213 0.9874
vn 0.0875 -0.0000 0.9962
vn 0.0692 -0.6653 0.7434
vn 0.0542 -0.6809 0.7304
vn -0.0051 -0.9901 0.1405
vn -0.0248 -0.9982 -0.0547
vn 0.0006 -0.9897 0.1434
vn -0.0288 -0.9976 -0.0633
vn -0.0264 -0.9978 -0.0607
vn -0.0272 -0.9983 -0.0522
vn -0.0143 -0.9974 -0.0699
vn -0.0339 -0.9977 -0.0584
vn -0.0164 -0.9957 -0.0913
vn -0.0313 -0.9972 -0.0684
vn -0.0322 -0.9976 -0.0621
vn -0.0350 -0.9973 -0.0647
vn -0.0333 -0.9970 -0.0698
vn -0.0359 -0.9970 -0.0681
vn -0.0357 -0.9965 -0.0751
vn -0.0329 -0.9973 -0.0662
vn -0.0330 -0.9974 -0.0647
vn -0.0418 -0.9977 -0.0533
vn -0.0339 -0.9973 -0.0649
vn -0.0423 -0.9977 -0.0526
vn -0.0320 -0.9972 -0.0672
vn -0.0426 -0.9977 -0.0519
vn -0.0478 -0.9980 -0.0422
vn -0.0415 -0.9983 -0.0402
vn -0.0396 -0.9983 -0.0430
vn -0.0492 -0.9979 -0.0411
vn -0.0469 -0.9979 -0.0443
vn -0.0449 -0.9980 -0.0455
vn -0.0413 -0.9977 -0.0540
vn -0.0407 -0.9977 -0.0544
vn -0.0441 -0.9979 -0.0481
vn -0.1581 -0.9777 -0.1380
vn -0.1720 -0.9784 -0.1144
vn -0.0334 -0.9972 -0.0668
vn -0.0312 -0.9972 -0.0683
vn -0.0343 -0.9968 -0.0720
vn -0.0370 -0.9962 -0.0784
vn -0.0289 -0.9951 -0.0942
vn -0.0269 -0.9953 -0.0930
vn -0.0151 -0.9931 -0.1165
vn -0.0177 -0.9932 -0.1152
vn -0.0105 -0.9902 -0.1391
vn -0.0084 -0.9903 -0.1385
vn -0.0071 -0.9895 -0.1443
vn -0.0061 -0.9856 -0.1691
vn -0.0103 -0.9842 -0.1767
vn -0.0078 -0.9880 -0.1543
vn -0.0122 -0.9908 -0.1345
vn -0.0082 -0.9928 -0.1197
vn -0.0157 -0.9863 -0.1642
vn -0.0185 -0.9893 -0.1445
vn -0.0257 -0.9886 -0.1483
vn -0.0108 -0.9826 -0.1854
vn -0.0126 -0.9810 -0.1937
vn -0.0213 -0.9851 -0.1708
vn -0.0170 -0.9779 -0.2082
vn -0.0186 -0.9788 -0.2038
vn -0.0313 -0.9723 -0.2315
vn -0.0215 -0.9706 -0.2396
vn -0.0088 -0.9760 -0.2174
vn -0.0072 -0.9749 -0.2226
vn 0.0872 -0.9527 -0.2912
vn 0.0820 -0.9586 -0.2729
vn -0.0136 -0.9794 -0.2013
vn 0.0756 -0.9491 -0.3058
vn -0.0168 -0.9694 -0.2448
vn -0.0350 -0.9617 -0.2720
vn 0.0559 -0.9431 -0.3278
vn 0.0466 -0.9352 -0.3510
vn -0.0457 -0.9530 -0.2995
vn -0.0436 -0.9540 -0.2966
vn -0.0378 -0.9627 -0.2680
vn -0.0419 -0.9643 -0.2613
vn -0.0430 -0.9552 -0.2928
vn -0.0439 -0.9456 -0.3224
vn -0.0420 -0.9465 -0.3200
vn -0.0435 -0.9477 -0.3162
vn -0.0371 -0.9377 -0.3453
vn -0.0663 -0.9284 -0.3656
vn -0.0374 -0.9264 -0.3746
vn -0.0490 -0.9403 -0.3367
vn -0.0350 -0.9362 -0.3498
vn -0.0315 -0.9253 -0.3780
vn -0.0554 -0.9137 -0.4025
vn -0.0457 -0.9135 -0.4042
vn -0.0696 -0.8996 -0.4311
vn -0.0797 -0.8998 -0.4289
vn -0.1130 -0.9003 -0.4202
vn -0.0896 -0.9156 -0.3919
vn -0.1461 -0.8994 -0.4119
vn -0.1568 -0.8845 -0.4393
vn -0.1301 -0.8850 -0.4470
vn -0.1238 -0.9142 -0.3859
vn -0.0993 -0.8844 -0.4561
vn -0.1149 -0.8683 -0.4826
vn -0.0900 -0.8845 -0.4577
vn -0.1055 -0.8680 -0.4853
vn -0.1215 -0.8520 -0.5092
vn -0.1222 -0.8430 -0.5239
vn -0.1121 -0.8516 -0.5121
vn -0.1087 -0.8418 -0.5287
vn -0.1239 -0.8352 -0.5359
vn -0.1298 -0.8215 -0.5552
vn -0.0992 -0.8336 -0.5434
vn -0.0964 -0.8190 -0.5657
vn -0.1438 -0.8037 -0.5774
vn -0.1119 -0.8019 -0.5869
vn -0.1590 -0.7831 -0.6012
vn -0.1784 -0.7829 -0.5960
vn -0.2675 -0.7496 -0.6054
vn -0.2544 -0.7515 -0.6087
vn -0.1063 -0.7224 -0.6832
vn 0.0061 -0.7860 -0.6181
vn -0.0215 -0.7641 -0.6447
vn 0.0107 -0.8050 -0.5932
vn 0.5065 -0.5745 -0.6429
vn 0.5093 -0.5175 -0.6876
vn 0.8858 -0.1328 -0.4447
vn 0.9177 0.0543 -0.3936
vn 0.9399 0.0286 -0.3404
vn 0.8705 -0.0786 -0.4859
vn 0.9403 0.0308 -0.3388
vn 0.7945 -0.0123 -0.6071
vn 0.8495 0.1092 -0.5161
vn 0.8500 0.1087 -0.5154
vn 0.9183 0.0550 -0.3920
vn 0.9189 0.0560 -0.3906
vn 0.9415 0.0358 -0.3352
vn 0.8506 0.1084 -0.5145
vn 0.9391 0.1817 -0.2918
vn 0.7957 0.5916 0.1301
vn 0.3503 0.7858 0.5097
vn 0.2051 0.7862 0.5830
vn 0.2562 0.7554 0.6031
vn 0.4278 -0.4439 -0.7874
vn 0.6924 0.2407 -0.6802
vn 0.6232 0.1239 -0.7721
vn 0.2493 -0.3112 -0.9171
vn -0.2376 -0.6471 -0.7244
vn -0.3613 -0.5714 -0.7369
vn 0.0424 -0.1689 -0.9847
vn 0.4129 0.2821 -0.8660
vn 0.2666 0.3773 -0.8869
vn 0.3528 0.4828 -0.8015
vn -0.1036 -0.0895 -0.9906
vn 0.4925 0.3919 -0.7771
vn 0.4931 0.3919 -0.7767
vn 0.6936 0.2395 -0.6794
vn 0.3536 0.4827 -0.8013
vn -0.4424 -0.5304 -0.7231
vn -0.5007 -0.5023 -0.7050
vn -0.2073 -0.0366 -0.9776
vn 0.1593 0.4379 -0.8848
vn 0.1389 0.6032 -0.7854
vn 0.2520 0.5415 -0.8020
vn 0.0412 0.5017 -0.8641
vn 0.0363 0.6622 -0.7484
vn -0.0301 0.7101 -0.7035
vn -0.5086 -0.6206 -0.5968
vn -0.4595 -0.6531 -0.6019
vn -0.4626 -0.6553 -0.5972
vn -0.5100 -0.6219 -0.5942
vn -0.5513 -0.5980 -0.5818
vn -0.5493 -0.5974 -0.5843
vn -0.5544 -0.6006 -0.5761
vn -0.3736 -0.7019 -0.6064
vn -0.3845 -0.7011 -0.6005
vn 0.0012 -0.8211 -0.5708
vn -0.0115 -0.8310 -0.5561
vn -0.0154 -0.8415 -0.5400
vn -0.0103 -0.8575 -0.5145
vn 0.0024 -0.8725 -0.4886
vn 0.0192 -0.8868 -0.4618
vn 0.0399 -0.8987 -0.4366
vn 0.0543 -0.9083 -0.4148
vn 0.5090 -0.6642 -0.5474
vn 0.5127 -0.6660 -0.5418
vn 0.0532 -0.9187 -0.3914
vn 0.0471 -0.9274 -0.3710
vn 0.4992 -0.6790 -0.5384
vn 0.5077 -0.6721 -0.5391
vn 0.8568 -0.1080 -0.5042
vn 0.8441 -0.1090 -0.5249
vn 0.8302 -0.1088 -0.5467
vn 0.4913 -0.6848 -0.5383
vn 0.4895 -0.6877 -0.5361
vn 0.8144 -0.1055 -0.5706
vn 0.7987 -0.0972 -0.5938
vn 0.4970 -0.6829 -0.5353
vn 0.5046 -0.6770 -0.5358
vn 0.7890 -0.0919 -0.6075
vn 0.7816 -0.0984 -0.6160
vn 0.5001 -0.6833 -0.5320
vn 0.4877 -0.6990 -0.5229
vn 0.7719 -0.1132 -0.6256
vn 0.7594 -0.1381 -0.6358
vn 0.4697 -0.7209 -0.5095
vn 0.0610 -0.9722 -0.2261
vn 0.0701 -0.9655 -0.2509
vn 0.4528 -0.7422 -0.4940
vn 0.7452 -0.1652 -0.6460
vn 0.7719 0.0641 -0.6324
vn 0.7832 0.0838 -0.6161
vn 0.7939 0.1006 -0.5997
vn 0.7481 -0.1890 -0.6362
vn 0.7829 0.0837 -0.6165
vn 0.7713 0.0638 -0.6333
vn 0.7756 0.0411 -0.6299
vn 0.7759 0.0409 -0.6295
vn 0.8124 0.0169 -0.5829
vn 0.7835 -0.2108 -0.5846
vn 0.4531 -0.7570 -0.4708
vn 0.4791 -0.7688 -0.4237
vn 0.8434 -0.2277 -0.4867
vn 0.9097 -0.2395 -0.3392
vn 0.8731 -0.0046 -0.4875
vn 0.5220 -0.7775 -0.3507
vn 0.0627 -0.9919 -0.1103
vn -0.0388 -0.9979 -0.0518
vn -0.0347 -0.9967 -0.0738
vn 0.0558 -0.9883 -0.1419
vn 0.0526 -0.9836 -0.1727
vn 0.0547 -0.9782 -0.2004
vn -0.0303 -0.9913 -0.1279
vn -0.0328 -0.9943 -0.1015
vn -0.0287 -0.9949 -0.0971
vn -0.0263 -0.9918 -0.1254
vn -0.0190 -0.9931 -0.1161
vn -0.0314 -0.9970 -0.0713
vn -0.0261 -0.9974 -0.0677
vn -0.0243 -0.9957 -0.0899
vn -0.0349 -0.9981 -0.0504
vn -0.0295 -0.9984 -0.0479
vn -0.0405 -0.9981 -0.0454
vn -0.0384 -0.9981 -0.0491
vn -0.0128 -0.9939 -0.1095
vn -0.0302 -0.9878 -0.1529
vn -0.0238 -0.9841 -0.1759
vn 0.8729 -0.0041 -0.4878
vn 0.8117 0.0168 -0.5838
vn 0.8728 -0.0041 -0.4880
vn 0.8120 0.0170 -0.5834
vn 0.8639 0.1860 -0.4680
vn 0.8033 0.2085 -0.5579
vn 0.5641 0.7575 -0.3287
vn 0.6105 0.7387 -0.2858
vn 0.1314 0.9913 0.0082
vn 0.1224 0.9920 0.0321
vn 0.5335 0.7774 -0.3333
vn 0.7666 0.2346 -0.5977
vn 0.1189 0.9911 0.0600
vn 0.5257 0.7914 -0.3119
vn 0.0194 0.9932 0.1151
vn 0.0199 0.9961 0.0863
vn 0.5308 0.7996 -0.2810
vn 0.1183 0.9892 0.0864
vn 0.7719 0.2744 -0.5735
vn 0.7615 0.2566 -0.5952
vn 0.7710 0.0640 -0.6336
vn 0.7825 0.0838 -0.6170
vn 0.7753 0.0414 -0.6302
vn 0.7931 0.1012 -0.6006
vn 0.7813 0.2900 -0.5527
vn 0.7892 0.3027 -0.5343
vn 0.8022 0.1127 -0.5864
vn 0.8024 0.1127 -0.5861
vn 0.7934 0.1014 -0.6002
vn 0.8102 0.1210 -0.5736
vn 0.8100 0.1213 -0.5737
vn 0.8105 0.1211 -0.5731
vn 0.8026 0.1131 -0.5857
vn 0.8237 0.1234 -0.5534
vn 0.8116 0.3101 -0.4951
vn 0.7966 0.3103 -0.5187
vn 0.8238 0.1236 -0.5532
vn 0.8239 0.1235 -0.5531
vn 0.8446 0.1200 -0.5218
vn 0.8447 0.1201 -0.5216
vn 0.8448 0.1199 -0.5215
vn 0.8640 0.1150 -0.4902
vn 0.8639 0.1153 -0.4902
vn 0.8793 0.1122 -0.4630
vn 0.8792 0.1125 -0.4630
vn 0.8926 0.1105 -0.4371
vn 0.8927 0.1110 -0.4368
vn 0.9053 0.1062 -0.4114
vn 0.8680 -0.1090 -0.4845
vn 0.9053 0.1068 -0.4112
vn 0.8925 0.1105 -0.4372
vn 0.8792 0.1128 -0.4630
vn 0.8853 0.2927 -0.3614
vn 0.8717 0.2956 -0.3908
vn 0.8559 0.2992 -0.4218
vn 0.8639 0.1154 -0.4903
vn 0.8350 0.3047 -0.4583
vn 0.5363 0.8128 -0.2274
vn 0.5344 0.8066 -0.2526
vn 0.1170 0.9868 0.1116
vn -0.0980 -0.9288 -0.3574
vn -0.1291 -0.9257 -0.3555
vn -0.1534 -0.9112 -0.3825
vn -0.1699 -0.8971 -0.4078
vn -0.0731 -0.9401 -0.3329
vn -0.1906 -0.9055 -0.3790
vn -0.1711 -0.9204 -0.3516
vn -0.1069 -0.9386 -0.3281
vn -0.1509 -0.9344 -0.3227
vn -0.0519 -0.9491 -0.3106
vn -0.2072 -0.8929 -0.3997
vn -0.2120 -0.8807 -0.4237
vn -0.1777 -0.8834 -0.4336
vn 0.0514 -0.9953 0.0827
vn 0.0711 -0.9943 0.0789
vn 0.4785 -0.7256 0.4945
vn 0.2800 -0.7222 0.6325
vn 0.4164 -0.7344 0.5360
vn 0.0332 -0.9950 0.0944
vn 0.0153 -0.9922 0.1240
vn 0.1361 -0.6783 0.7221
vn 0.1935 -0.1249 0.9731
vn 0.4113 -0.1450 0.8999
vn 0.4267 -0.0000 0.9044
vn 0.2026 -0.0000 0.9793
vn 0.6156 -0.1589 0.7719
vn 0.6279 -0.0000 0.7783
vn 0.6998 -0.0000 0.7143
vn 0.6896 -0.1609 0.7060
vn 0.7001 -0.1588 0.6962
vn 0.7086 -0.0000 0.7056
vn 0.7104 -0.0000 0.7038
vn 0.7040 -0.1567 0.6927
vn 0.5105 -0.7111 0.4835
vn 0.4956 -0.7175 0.4895
vn 0.0911 -0.9925 0.0813
vn -0.0239 -0.9990 -0.0369
vn -0.0062 -0.9992 -0.0401
vn 0.1116 -0.9906 0.0786
vn -0.0002 -0.9988 -0.0493
vn 0.1186 -0.9911 0.0606
vn 0.5699 -0.7249 0.3870
vn 0.1199 -0.9920 0.0397
vn 0.5259 -0.7179 0.4561
vn 0.7235 -0.1586 0.6719
vn 0.7946 -0.1578 0.5863
vn 0.8003 -0.0000 0.5996
vn 0.7281 -0.0000 0.6854
vn 0.9190 -0.1537 0.3630
vn 0.6875 -0.7258 -0.0243
vn 0.6455 -0.7287 0.2290
vn 0.9885 -0.1512 0.0033
vn 1.0000 -0.0000 0.0098
vn 0.9270 -0.0000 0.3751
vn 0.9211 -0.1475 -0.3604
vn 0.9335 -0.0000 -0.3586
vn 0.8086 -0.0000 -0.5883
vn 0.7983 -0.1506 -0.5831
vn 0.7264 -0.1544 -0.6697
vn 0.7363 -0.0000 -0.6767
vn 0.7183 -0.0000 -0.6957
vn 0.7155 -0.0000 -0.6986
vn 0.7042 -0.1558 -0.6927
vn 0.7079 -0.1541 -0.6893
vn 0.5065 -0.6979 -0.5063
vn 0.4960 -0.7049 -0.5071
vn 0.1095 -0.9857 -0.1279
vn 0.1144 -0.9856 -0.1248
vn 0.5191 -0.7001 -0.4903
vn 0.5659 -0.7034 -0.4300
vn 0.1187 -0.9864 -0.1137
vn 0.1287 -0.9880 -0.0851
vn 0.6473 -0.7105 -0.2761
vn 0.1316 -0.9906 -0.0362
vn 0.1264 -0.9919 0.0136
vn 0.7020 -0.0000 -0.7121
vn 0.6892 -0.1584 -0.7070
vn 0.6084 -0.1627 -0.7768
vn 0.6235 -0.0000 -0.7818
vn 0.4228 -0.0000 -0.9062
vn 0.2007 -0.0000 -0.9797
vn 0.1912 -0.1473 -0.9704
vn 0.4074 -0.1623 -0.8987
vn 0.0928 -0.0000 -0.9957
vn 0.0656 -0.0000 -0.9978
vn 0.0626 -0.1466 -0.9872
vn 0.0881 -0.1387 -0.9864
vn 0.0596 -0.0000 -0.9982
vn 0.0118 -0.0000 -0.9999
vn 0.0555 -0.1555 -0.9863
vn 0.0277 -0.7012 -0.7124
vn 0.0336 -0.6913 -0.7218
vn -0.0182 -0.9998 0.0001
vn -0.0028 -0.9995 0.0317
vn 0.0024 -0.9990 0.0447
vn -0.0049 -0.9995 0.0324
vn -0.0398 -0.9981 -0.0477
vn -0.6141 -0.5827 -0.5323
vn -0.6204 -0.5904 -0.5163
vn 0.0001 0.0333 0.9994
vn 0.0013 0.0334 0.9994
vn -0.0012 0.1342 0.9910
vn -0.1048 0.1243 0.9867
vn -0.1026 0.0185 0.9945
vn 0.0005 0.0329 0.9995
vn -0.4734 -0.0394 0.8800
vn -0.4776 0.0745 0.8754
vn -0.4131 0.5894 0.6943
vn -0.0963 0.6296 0.7710
vn -0.0413 0.9833 0.1772
vn -0.1329 0.9782 0.1597
vn -0.0153 0.9966 -0.0813
vn -0.0202 0.9972 -0.0722
vn -0.0126 0.6293 0.7770
vn -0.0207 0.9812 0.1917
vn -0.0595 0.9969 -0.0519
vn -0.0502 0.9983 -0.0289
vn -0.0629 0.9979 0.0130
vn -0.0575 0.9978 0.0329
vn -0.0544 0.9980 0.0307
vn -0.0626 0.9960 0.0631
vn -0.0296 0.9990 0.0335
vn -0.0034 1.0000 0.0058
vn 0.2074 0.9733 -0.0982
vn 0.1426 0.9874 -0.0692
vn 0.6288 0.7158 -0.3037
vn 0.6875 0.6502 -0.3233
vn 0.8860 0.2046 -0.4160
vn 0.8796 0.2167 -0.4235
vn 0.7041 0.6445 -0.2981
vn 0.9017 0.2052 -0.3807
vn 0.9157 0.1076 -0.3873
vn 0.9003 0.1045 -0.4226
vn 0.8961 0.1037 -0.4315
vn 0.8992 0.1104 -0.4233
vn 0.8959 0.1064 -0.4314
vn 0.8928 0.1161 -0.4353
vn 0.8968 0.1255 -0.4243
vn 0.9110 0.1375 -0.3888
vn 0.9147 0.1164 -0.3871
vn 0.9330 0.1207 -0.3390
vn 0.9299 0.1460 -0.3377
vn 0.9377 0.1464 -0.3151
vn 0.9701 0.1564 -0.1858
vn 0.9403 0.1220 -0.3177
vn 0.9734 0.1309 -0.1881
vn 0.9413 0.1131 -0.3180
vn 0.9257 0.2128 -0.3128
vn 0.9745 0.1215 -0.1886
vn 0.9340 0.1116 -0.3394
vn 0.9192 0.2096 -0.3335
vn 0.7157 0.6483 -0.2600
vn 0.2190 0.9724 -0.0808
vn 0.2170 0.9716 -0.0941
vn -0.7169 -0.6969 -0.0201
vn -0.6807 -0.7128 -0.1689
vn -0.0443 -0.9981 0.0438
vn -0.0393 -0.9986 0.0359
vn -0.0333 -0.9991 0.0264
vn -0.0322 -0.9992 0.0220
vn -0.0278 -0.9993 0.0264
vn -0.0282 -0.9993 0.0244
vn -0.0391 -0.9991 0.0169
vn -0.7065 -0.1552 0.6905
vn -0.7143 -0.0000 0.6998
vn -0.9052 -0.0000 0.4250
vn -0.7784 -0.0000 0.6278
vn -0.7056 -0.0000 0.7086
vn -0.9797 -0.0000 0.2005
vn -0.9945 -0.0000 0.1047
vn -0.6183 -0.0000 0.7859
vn -0.7014 -0.0000 0.7128
vn -0.7006 -0.1587 0.6956
vn -0.7138 -0.1570 0.6825
vn -0.7154 -0.0000 0.6988
vn -0.5264 -0.7116 0.4653
vn -0.1542 -0.9863 0.0586
vn -0.5382 -0.7057 0.4608
vn -0.1469 -0.9877 0.0537
vn -0.0349 -0.9974 -0.0632
vn -0.0385 -0.9976 -0.0571
vn -0.0359 -0.9973 -0.0641
vn -0.0401 -0.9975 -0.0580
vn -0.0439 -0.9977 -0.0520
vn -0.0418 -0.9974 -0.0591
vn -0.0445 -0.9976 -0.0529
vn -0.0376 -0.9972 -0.0649
vn -0.0405 -0.9967 -0.0702
vn -0.0396 -0.9968 -0.0701
vn -0.0424 -0.9979 -0.0483
vn -0.0457 -0.9975 -0.0534
vn -0.0429 -0.9977 -0.0516
vn -0.0975 -0.9874 -0.1249
vn -0.0874 -0.9878 -0.1287
vn 0.1057 -0.9845 -0.1400
vn 0.1235 -0.9844 -0.1255
vn 0.0945 -0.9845 -0.1475
vn -0.1071 -0.9816 -0.1579
vn 0.0725 -0.9876 -0.1389
vn -0.1195 -0.9741 -0.1919
vn -0.1233 -0.9802 -0.1546
vn -0.1140 -0.9864 -0.1186
vn -0.0653 -0.9944 -0.0831
vn -0.1491 -0.7809 0.6067
vn -0.1495 -0.1546 0.9766
vn -0.1368 -0.0000 0.9906
vn 0.0032 -0.0000 1.0000
vn -0.3681 -0.0000 0.9298
vn -0.7123 -0.0000 0.7018
vn -0.9372 -0.0000 0.3487
vn -0.9929 -0.0000 0.1187
vn -1.0000 -0.0000 -0.0100
vn -0.9982 -0.0000 -0.0596
vn -0.0443 -0.9978 -0.0495
vn -0.8900 0.0559 0.4525
vn -0.9958 0.0280 0.0866
vn -0.9956 0.0273 0.0891
vn -0.8893 0.0555 0.4539
vn -0.5920 0.0774 0.8022
vn -0.5938 0.0764 0.8009
vn -0.1964 0.0827 0.9770
vn -0.1958 0.0825 0.9772
vn 0.2025 0.0751 0.9764
vn 0.2038 0.0743 0.9762
vn 0.6028 0.0533 0.7961
vn 0.6027 0.0532 0.7962
vn 0.8726 0.0223 0.4880
vn 0.8734 0.0225 0.4865
vn 0.9584 0.0032 0.2853
vn 0.9585 0.0034 0.2852
vn 0.9813 -0.0057 0.1923
vn 0.9816 -0.0059 0.1910
vn 0.9966 -0.0223 0.0799
vn 0.9965 -0.0219 0.0806
vn 0.9766 -0.0818 -0.1987
vn 0.9773 -0.0786 -0.1966
vn 0.8087 -0.1691 -0.5634
vn 0.8068 -0.1694 -0.5660
vn 0.5370 -0.2358 -0.8099
vn 0.5430 -0.2359 -0.8059
vn 0.1936 -0.2712 -0.9429
vn 0.1930 -0.2724 -0.9426
vn -0.1977 -0.2623 -0.9445
vn -0.2002 -0.2643 -0.9434
vn -0.5509 -0.2072 -0.8085
vn -0.5483 -0.2097 -0.8095
vn -0.8177 -0.1210 -0.5628
vn -0.8227 -0.1178 -0.5561
vn -0.9096 -0.0683 -0.4098
vn -0.9083 -0.0641 -0.4134
vn -0.9066 -0.0710 -0.4160
vn -0.8111 -0.1221 -0.5719
vn -0.5442 -0.2081 -0.8127
vn -0.1949 -0.2649 -0.9444
vn 0.1918 -0.2710 -0.9433
vn 0.5296 -0.2377 -0.8142
vn 0.8039 -0.1706 -0.5698
vn 0.9759 -0.0799 -0.2029
vn 0.9964 -0.0220 0.0816
vn 0.9810 -0.0053 0.1937
vn 0.9584 0.0031 0.2853
vn 0.8715 0.0230 0.4899
vn 0.6022 0.0535 0.7965
vn 0.2009 0.0745 0.9768
vn -0.1953 0.0828 0.9772
vn -0.5899 0.0766 0.8039
vn -0.8883 0.0562 0.4558
vn -0.9953 0.0286 0.0921
vn -0.9928 0.0054 -0.1198
vn -0.9928 0.0064 -0.1196
vn -0.9753 -0.0136 -0.2203
vn -0.9747 -0.0133 -0.2229
vn -0.9929 0.0056 -0.1192
vn -0.9758 -0.0125 -0.2183
vn -0.9655 -0.0265 -0.2589
vn -0.9654 -0.0287 -0.2593
vn -0.9650 -0.0267 -0.2608
vn -0.9994 -0.0000 0.0341
vn -0.9953 -0.0000 -0.0968
vn -0.9465 -0.0000 -0.3227
vn -0.7372 -0.0000 -0.6757
vn -0.3871 -0.0000 -0.9221
vn -0.1455 -0.0000 -0.9894
vn -0.0012 -0.0000 -1.0000
vn 0.1405 -0.0000 -0.9901
vn 0.3784 -0.0000 -0.9256
vn 0.7291 -0.0000 -0.6844
vn 0.9423 -0.0000 -0.3347
vn 0.9937 -0.0000 -0.1118
vn 0.9999 -0.0000 0.0133
vn 0.9978 -0.0000 0.0659
vn 0.9956 -0.0000 0.0936
vn 0.9797 -0.0000 0.2005
vn 0.9074 -0.0000 0.4202
vn 0.7833 -0.0000 0.6216
vn 0.7126 -0.0000 0.7016
vn 0.7124 -0.0000 0.7018
vn 0.6986 -0.0000 0.7155
vn 0.6957 -0.0000 0.7183
vn 0.6768 -0.0000 0.7362
vn 0.6770 -0.0000 0.7359
vn 0.5889 -0.0000 0.8082
vn 0.3615 -0.0000 0.9324
vn -0.3716 -0.0000 0.9284
vn -0.0056 -0.0000 1.0000
vn -0.5976 -0.0000 0.8018
vn -0.5968 -0.0000 0.8024
vn -0.5983 -0.0000 0.8013
vn -0.3738 -0.0000 0.9275
vn -0.0080 -0.0000 1.0000
vn -0.6849 -0.0000 0.7287
vn -0.6847 -0.0000 0.7288
vn -0.7038 -0.0000 0.7104
vn -0.7144 -0.0000 0.6998
vn -0.7788 -0.0000 0.6273
vn -0.9051 -0.0000 0.4252
vn -0.9794 -0.0000 0.2018
vn -0.9945 -0.0000 0.1050
vn -0.9962 -0.0000 0.0875
vn -0.9944 -0.0000 0.1053
vn -0.9962 -0.0000 0.0876
vn -0.9792 -0.0000 0.2030
vn -0.9050 -0.0000 0.4253
vn -0.7792 -0.0000 0.6267
vn -0.6850 -0.0000 0.7286
vn 0.3599 -0.0000 0.9330
vn 0.5880 -0.0000 0.8089
vn 0.6765 -0.0000 0.7365
vn 0.7122 -0.0000 0.7020
vn 0.7819 -0.0000 0.6234
vn 0.9050 -0.0000 0.4253
vn 0.9788 -0.0000 0.2046
vn 0.9955 -0.0000 0.0947
vn 0.9978 -0.0000 0.0662
vn 0.9999 -0.0000 0.0157
vn 0.9942 -0.0000 -0.1079
vn 0.9443 -0.0000 -0.3290
vn 0.7318 -0.0000 -0.6815
vn 0.3768 -0.0000 -0.9263
vn 0.1391 -0.0000 -0.9903
vn -0.0025 -0.0000 -1.0000
vn -0.1481 -0.0000 -0.9890
vn -0.3945 -0.0000 -0.9189
vn -0.7470 -0.0000 -0.6648
vn -0.9489 -0.0000 -0.3154
vn -0.9956 -0.0000 -0.0933
vn -0.9994 -0.0000 0.0359
vn 0.9901 -0.0000 0.1405
vn 0.9256 -0.0000 0.3784
vn 1.0000 -0.0000 -0.0012
vn 0.9894 -0.0000 -0.1456
vn 0.9221 -0.0000 -0.3871
vn 0.6757 -0.0000 -0.7372
vn 0.3227 -0.0000 -0.9465
vn 0.0968 -0.0000 -0.9953
vn -0.0341 -0.0000 -0.9994
vn -0.0397 -0.0000 -0.9992
vn 0.0824 -0.0000 -0.9966
vn 0.2931 -0.0000 -0.9561
vn 0.6447 -0.0000 -0.7644
vn 0.9171 -0.0000 -0.3987
vn 0.9891 -0.0000 -0.1474
vn 1.0000 -0.0000 -0.0008
vn 0.9896 -0.0000 0.1437
vn 0.9204 -0.0000 0.3909
vn 0.6621 -0.0000 0.7494
vn 0.6844 -0.0000 0.7291
vn 0.3354 -0.0000 0.9421
vn 0.3181 -0.0000 0.9480
vn 0.1045 -0.0000 0.9945
vn 0.1134 -0.0000 0.9935
vn -0.0124 -0.0000 0.9999
vn -0.0171 -0.0000 0.9999
vn -0.0657 -0.0000 0.9978
vn -0.0661 -0.0000 0.9978
vn -0.0943 -0.0000 0.9955
vn -0.0931 -0.0000 0.9957
vn -0.2001 -0.0000 0.9798
vn -0.2046 -0.0000 0.9788
vn -0.4268 -0.0000 0.9043
vn -0.4202 -0.0000 0.9074
vn -0.6216 -0.0000 0.7833
vn -0.6249 -0.0000 0.7807
vn -0.7023 -0.0000 0.7119
vn -0.7018 -0.0000 0.7123
vn -0.7155 -0.0000 0.6986
vn -0.7156 -0.0000 0.6985
vn -0.7183 -0.0000 0.6957
vn -0.7363 -0.0000 0.6767
vn -0.7370 -0.0000 0.6759
vn -0.8104 -0.0000 0.5859
vn -0.8083 -0.0000 0.5887
vn -0.9324 -0.0000 0.3614
vn -0.9345 -0.0000 0.3560
vn -0.9999 -0.0000 -0.0104
vn -1.0000 -0.0000 -0.0056
vn -0.9276 -0.0000 -0.3737
vn -0.9269 -0.0000 -0.3754
vn -0.7999 -0.0000 -0.6002
vn -0.7276 -0.0000 -0.6860
vn -0.7275 -0.0000 -0.6861
vn -0.7998 -0.0000 -0.6002
vn -0.7089 -0.0000 -0.7054
vn -0.7273 -0.0000 -0.6863
vn -0.7089 -0.0000 -0.7053
vn -0.7081 -0.0000 -0.7061
vn -0.6997 -0.0000 -0.7144
vn -0.6145 -0.0000 -0.7889
vn -0.6121 -0.0000 -0.7908
vn -0.6996 -0.0000 -0.7145
vn -0.3919 -0.0000 -0.9200
vn -0.3977 -0.0000 -0.9175
vn -0.1860 -0.0000 -0.9826
vn -0.1895 -0.0000 -0.9819
vn -0.1057 -0.0000 -0.9944
vn -0.0877 -0.0000 -0.9961
vn -0.0875 -0.0000 -0.9962
vn -0.1050 -0.0000 -0.9945
vn -0.9304 -0.0000 0.3667
vn -0.7154 -0.0000 0.6987
vn -0.6183 -0.0000 0.7860
vn 0.1224 -0.0000 0.9925
vn 0.3525 -0.0000 0.9358
vn 0.9994 -0.0000 -0.0341
vn 0.9953 -0.0000 0.0968
vn 0.9465 -0.0000 0.3227
vn 0.9419 -0.0000 0.3358
vn 0.7372 -0.0000 0.6757
vn 0.3871 -0.0000 0.9220
vn 0.1456 -0.0000 0.9894
vn 0.0012 -0.0000 1.0000
vn -0.1405 -0.0000 0.9901
vn -0.3784 -0.0000 0.9256
vn -0.7291 -0.0000 0.6844
vn -0.9423 -0.0000 0.3347
vn -0.9937 -0.0000 0.1118
vn -0.9999 -0.0000 -0.0133
vn -1.0000 -0.0000 -0.0099
vn -0.9978 -0.0000 -0.0659
vn -0.9956 -0.0000 -0.0936
vn -0.9816 -0.0000 -0.1912
vn -0.9160 -0.0000 -0.4012
vn -0.7898 -0.0000 -0.6133
vn -0.7127 -0.0000 -0.7015
vn -0.7125 -0.0000 -0.7016
vn -0.9147 -0.0000 -0.4041
vn -0.7892 -0.0000 -0.6141
vn -0.9810 -0.0000 -0.1942
vn -0.9955 -0.0000 -0.0946
vn -0.9978 -0.0000 -0.0662
vn -0.9999 -0.0000 -0.0167
vn -0.9945 -0.0000 0.1048
vn -0.9472 -0.0000 0.3206
vn -0.7450 -0.0000 0.6670
vn -0.3884 -0.0000 0.9215
vn -0.1442 -0.0000 0.9896
vn -0.0008 -0.0000 1.0000
vn 0.1444 -0.0000 0.9895
vn 0.3899 -0.0000 0.9208
vn 0.7481 -0.0000 0.6636
vn 0.9508 -0.0000 0.3097
vn 0.9960 -0.0000 0.0892
vn 0.9993 -0.0000 -0.0383
vn -0.7008 -0.0000 -0.7134
vn -0.7007 -0.0000 -0.7134
vn -0.6774 -0.0000 -0.7356
vn -0.6777 -0.0000 -0.7353
vn -0.5906 -0.0000 -0.8069
vn -0.5900 -0.0000 -0.8074
vn -0.3627 -0.0000 -0.9319
vn -0.3631 -0.0000 -0.9318
vn 0.0024 -0.0000 -1.0000
vn 0.3669 -0.0000 -0.9303
vn 0.3713 -0.0000 -0.9285
vn 0.0056 -0.0000 -1.0000
vn 0.3757 -0.0000 -0.9267
vn 0.5973 -0.0000 -0.8020
vn 0.5946 -0.0000 -0.8040
vn 0.6848 -0.0000 -0.7288
vn 0.6839 -0.0000 -0.7295
vn 0.7055 -0.0000 -0.7087
vn 0.7143 -0.0000 -0.6998
vn 0.7140 -0.0000 -0.7002
vn 0.7788 -0.0000 -0.6272
vn 0.7760 -0.0000 -0.6307
vn 0.9013 -0.0000 -0.4332
vn 0.9783 -0.0000 -0.2070
vn 0.9794 -0.0000 -0.2018
vn 0.9051 -0.0000 -0.4251
vn 0.9945 -0.0000 -0.1050
vn 0.9944 -0.0000 -0.1059
vn 0.9962 -0.0000 -0.0875
vn 0.9961 -0.0000 -0.0877
vn 0.7361 -0.0000 -0.6768
vn 0.7155 -0.0000 -0.6987
vn 0.7020 -0.0000 -0.7122
vn 0.7018 -0.0000 -0.7124
vn 0.6216 -0.0000 -0.7834
vn 0.4202 -0.0000 -0.9074
vn 0.1998 -0.0000 -0.9798
vn 0.0926 -0.0000 -0.9957
vn 0.0112 -0.0000 -0.9999
vn -0.1154 -0.0000 -0.9933
vn -0.3362 -0.0000 -0.9418
vn -0.6844 -0.0000 -0.7291
vn -0.9256 -0.0000 -0.3784
vn -0.9901 -0.0000 -0.1405
vn -1.0000 -0.0000 0.0012
vn -0.9894 -0.0000 0.1456
vn -0.9220 -0.0000 0.3871
vn -0.6757 -0.0000 0.7372
vn -0.3227 -0.0000 0.9465
vn 0.0341 -0.0000 0.9994
vn -0.0968 -0.0000 0.9953
vn -0.0978 -0.0000 0.9952
vn 0.0335 -0.0000 0.9994
vn -0.3250 -0.0000 0.9457
vn -0.6796 -0.0000 0.7336
vn -0.9234 -0.0000 0.3838
vn -0.9896 -0.0000 0.1439
vn -1.0000 -0.0000 0.0001
vn -0.9899 -0.0000 -0.1418
vn -0.9249 -0.0000 -0.3802
vn -0.6839 -0.0000 -0.7296
vn -0.3370 -0.0000 -0.9415
vn -0.1162 -0.0000 -0.9932
vn 0.0107 -0.0000 -0.9999
vn 0.0655 -0.0000 -0.9979
vn 0.0923 -0.0000 -0.9957
vn 0.1988 -0.0000 -0.9800
vn 0.4175 -0.0000 -0.9087
vn 0.6196 -0.0000 -0.7849
vn 0.7015 -0.0000 -0.7126
vn 0.7154 -0.0000 -0.6987
vn 0.7360 -0.0000 -0.6770
vn 0.8074 -0.0000 -0.5900
vn 0.9311 -0.0000 -0.3646
vn 0.9323 -0.0000 -0.3616
vn 0.8080 -0.0000 -0.5892
vn 0.8087 -0.0000 -0.5883
vn 0.9335 -0.0000 -0.3585
vn 1.0000 -0.0000 0.0056
vn 0.9283 -0.0000 0.3718
vn 0.8016 -0.0000 0.5979
vn 0.7286 -0.0000 0.6850
vn 0.7282 -0.0000 0.6854
vn 0.6998 -0.0000 0.7144
vn 0.6273 -0.0000 0.7788
vn 0.4251 -0.0000 0.9051
vn 0.2017 -0.0000 0.9794
vn 0.1050 -0.0000 0.9945
vn 0.1049 -0.0000 0.9945
vn 0.0874 -0.0000 0.9962
vn 0.2009 -0.0000 0.9796
vn 0.4235 -0.0000 0.9059
vn 0.6266 -0.0000 0.7793
vn 0.6997 -0.0000 0.7144
vn 0.7290 -0.0000 0.6845
vn 0.8029 -0.0000 0.5961
vn 0.9296 -0.0000 0.3685
vn 1.0000 -0.0000 0.0015
vn -0.0000 -0.9991 -0.0435
vn -0.0004 -0.9991 -0.0434
vn -0.0003 -0.9994 -0.0358
vn -0.0000 -0.9994 -0.0360
vn 0.0003 -0.9994 -0.0358
vn -0.0000 -0.9966 -0.0821
vn -0.0004 -0.9966 -0.0820
vn 0.0004 -0.9966 -0.0820
vn 0.0004 -0.9991 -0.0434
vn 0.0006 -0.9991 -0.0428
vn 0.0008 -0.9967 -0.0815
vn 0.0009 -0.9967 -0.0809
vn 0.0008 -0.9991 -0.0421
vn 0.0004 -0.9994 -0.0354
vn 0.0005 -0.9994 -0.0348
vn 0.0008 -0.9991 -0.0414
vn 0.0005 -0.9994 -0.0342
vn 0.0010 -0.9968 -0.0801
vn 0.0006 -0.9967 -0.0806
vn 0.0012 -0.9994 -0.0336
vn 0.0017 -0.9992 -0.0409
vn 0.0050 -0.9992 -0.0390
vn 0.0036 -0.9995 -0.0325
vn 0.0060 -0.9996 -0.0282
vn 0.0085 -0.9994 -0.0349
vn -0.0053 -0.9970 -0.0774
vn -0.0000 -0.9968 -0.0802
vn -0.0955 -0.9771 -0.1902
vn -0.0416 -0.9814 -0.1876
vn -0.0241 -0.9968 -0.0757
vn 0.0052 -0.9995 -0.0305
vn -0.0152 -0.9822 -0.1872
vn -0.1132 -0.9109 -0.3968
vn -0.2246 -0.8899 -0.3971
vn -0.0936 -0.6827 -0.7247
vn -0.0450 -0.9184 -0.3930
vn -0.2197 -0.6626 -0.7160
vn -0.3889 -0.6210 -0.6805
vn -0.2847 -0.3295 -0.9002
vn -0.1252 -0.3510 -0.9280
vn -0.3038 -0.1457 -0.9415
vn -0.1350 -0.1602 -0.9778
vn -0.5016 -0.1211 -0.8566
vn -0.4792 -0.2896 -0.8285
vn -0.0278 -0.3583 -0.9332
vn -0.0303 -0.1654 -0.9858
vn 0.0001 -0.1666 -0.9860
vn 0.0007 -0.6944 -0.7196
vn -0.0201 -0.6910 -0.7226
vn 0.0003 -0.3602 -0.9329
vn 0.0004 -0.3603 -0.9328
vn 0.0002 -0.1670 -0.9860
vn 0.0006 -0.6941 -0.7198
vn 0.0007 -0.6943 -0.7196
vn 0.0001 -0.1670 -0.9860
vn 0.0002 -0.3601 -0.9329
vn 0.0001 -0.1668 -0.9860
vn -0.0000 -0.0517 -0.9987
vn -0.0001 -0.0510 -0.9987
vn -0.0002 0.0004 -1.0000
vn -0.0004 0.1627 -0.9867
vn -0.0002 0.1627 -0.9867
vn -0.0315 0.1637 -0.9860
vn -0.0312 -0.0499 -0.9983
vn -0.0315 0.0016 -0.9995
vn -0.0005 0.3211 -0.9471
vn -0.0313 0.3218 -0.9463
vn -0.1398 0.0042 -0.9902
vn -0.1386 0.1630 -0.9768
vn -0.1388 0.3184 -0.9378
vn -0.3080 0.1579 -0.9382
vn -0.3101 0.3036 -0.9009
vn -0.3124 0.0095 -0.9499
vn -0.5103 0.0183 -0.8598
vn -0.5040 0.2761 -0.8184
vn -0.5027 0.1482 -0.8516
vn -0.6845 0.1574 -0.7118
vn -0.6730 0.2855 -0.6823
vn -0.7872 0.3203 -0.5269
vn -0.8159 0.1805 -0.5493
vn -0.8982 0.1860 -0.3984
vn -0.8627 0.3272 -0.3856
vn -0.9039 0.3253 -0.2777
vn -0.9406 0.1857 -0.2842
vn -0.9568 0.1888 -0.2212
vn -0.9175 0.3344 -0.2154
vn -0.9201 0.3380 -0.1978
vn -0.9609 0.1874 -0.2037
vn -0.9617 0.1801 -0.2066
vn -0.9211 0.3325 -0.2025
vn -0.9221 0.3235 -0.2125
vn -0.9617 0.1703 -0.2147
vn -0.9623 0.1595 -0.2205
vn -0.9233 0.3132 -0.2221
vn -0.9261 0.3044 -0.2231
vn -0.9646 0.1495 -0.2174
vn -0.9669 0.1387 -0.2143
vn -0.9289 0.2934 -0.2259
vn -0.9285 0.2827 -0.2406
vn -0.9668 0.1273 -0.2216
vn -0.9658 0.1174 -0.2313
vn -0.9267 0.2713 -0.2600
vn -0.9244 0.2649 -0.2743
vn -0.9649 0.1129 -0.2372
vn -0.9664 0.1238 -0.2253
vn -0.9225 0.2726 -0.2731
vn -0.9212 0.3065 -0.2396
vn -0.9715 0.1627 -0.1725
vn -0.9679 0.2241 -0.1142
vn -0.9121 0.3564 -0.2028
vn -0.8981 0.3827 -0.2169
vn -0.9564 0.2751 -0.0987
vn -0.9430 0.3149 -0.1080
vn -0.8847 0.3988 -0.2416
vn -0.8679 0.4279 -0.2525
vn -0.9231 0.3675 -0.1133
vn -0.8916 0.4393 -0.1101
vn -0.8372 0.4884 -0.2460
vn -0.7812 0.5800 -0.2310
vn -0.8324 0.5453 -0.0991
vn -0.7191 0.6899 -0.0834
vn -0.6659 0.7188 -0.1998
vn -0.4955 0.8509 -0.1743
vn -0.5401 0.8387 -0.0697
vn -0.3487 0.9331 -0.0881
vn -0.3111 0.9281 -0.2046
vn -0.1433 0.9568 -0.2531
vn -0.1685 0.9786 -0.1180
vn -0.0287 0.9924 -0.1196
vn -0.0140 0.9673 -0.2533
vn 0.0287 0.9693 -0.2444
vn 0.0150 0.9929 -0.1184
vn 0.0126 0.9912 -0.1315
vn 0.0253 0.9633 -0.2672
vn 0.0180 0.9557 -0.2938
vn 0.0089 0.9894 -0.1452
vn 0.0061 0.9886 -0.1504
vn 0.0123 0.9530 -0.3028
vn 0.0094 0.9536 -0.3010
vn 0.0047 0.9887 -0.1499
vn 0.0039 0.9886 -0.1508
vn 0.0078 0.9530 -0.3028
vn 0.0058 0.9529 -0.3033
vn 0.0029 0.9885 -0.1509
vn 0.0016 0.9886 -0.1507
vn 0.0033 0.9530 -0.3031
vn -0.0000 0.9534 -0.3016
vn -0.0016 0.9886 -0.1506
vn -0.0033 0.9530 -0.3029
vn -0.0000 0.9887 -0.1498
vn -0.0000 1.0000 0.0044
vn -0.0000 0.9988 0.0480
vn 0.0005 0.9989 0.0479
vn -0.0005 0.9989 0.0479
vn 0.0001 1.0000 0.0044
vn -0.0001 1.0000 0.0044
vn 0.0009 0.9989 0.0478
vn 0.0029 0.9888 0.1495
vn 0.0016 0.9887 0.1499
vn -0.0000 0.9887 0.1502
vn -0.0000 0.9473 0.3204
vn 0.0035 0.9476 0.3195
vn -0.0035 0.9476 0.3195
vn -0.0016 0.9887 0.1499
vn 0.0126 0.7571 0.6532
vn 0.0062 0.9478 0.3188
vn 0.0071 0.7560 0.6545
vn -0.0000 0.7545 0.6563
vn 0.0099 0.3550 0.9348
vn -0.0000 0.3517 0.9361
vn -0.0000 0.0464 0.9989
vn 0.0181 0.3577 0.9337
vn 0.0193 0.0531 0.9984
vn 0.0105 0.0498 0.9987
vn 0.0102 -0.0799 0.9967
vn -0.0099 0.3550 0.9348
vn -0.0105 0.0499 0.9987
vn -0.0102 -0.0799 0.9967
vn -0.0000 -0.0834 0.9965
vn -0.0193 0.0531 0.9984
vn -0.0193 -0.0764 0.9969
vn -0.0192 -0.1294 0.9914
vn -0.0100 -0.1326 0.9911
vn -0.0000 -0.1355 0.9908
vn -0.0266 -0.0800 0.9964
vn -0.0264 0.0487 0.9985
vn -0.0181 0.3577 0.9336
vn -0.0246 0.3532 0.9352
vn -0.0126 0.7571 0.6532
vn -0.0171 0.7552 0.6552
vn -0.0312 0.0454 0.9985
vn -0.0293 0.3496 0.9364
vn -0.0206 0.7537 0.6569
vn -0.0083 0.9475 0.3196
vn -0.0062 0.9478 0.3188
vn -0.0029 0.9888 0.1495
vn -0.0100 0.9471 0.3206
vn -0.0047 0.9886 0.1503
vn -0.0039 0.9886 0.1502
vn -0.0009 0.9989 0.0478
vn -0.0013 0.9988 0.0481
vn -0.0015 0.9989 0.0479
vn -0.0019 0.9988 0.0479
vn -0.0060 0.9887 0.1500
vn -0.0084 0.9890 0.1474
vn -0.0027 0.9989 0.0474
vn -0.0033 0.9989 0.0462
vn 0.0004 1.0000 0.0048
vn 0.0013 1.0000 0.0080
vn -0.0035 0.9988 0.0490
vn -0.0539 0.9969 0.0573
vn -0.0472 0.9988 0.0122
vn -0.1916 0.9813 0.0165
vn -0.2003 0.9778 0.0620
vn -0.3798 0.9228 0.0643
vn -0.3705 0.9284 0.0283
vn -0.5598 0.8277 0.0404
vn -0.5703 0.8184 0.0700
vn -0.7542 0.6523 0.0755
vn -0.7430 0.6681 0.0398
vn -0.8612 0.5071 0.0327
vn -0.8696 0.4883 0.0735
vn -0.9286 0.3648 0.0671
vn -0.9214 0.3878 0.0255
vn -0.9537 0.3001 0.0201
vn -0.9597 0.2740 0.0621
vn -0.9788 0.1972 0.0544
vn -0.9728 0.2312 0.0145
vn -0.9638 0.2136 0.1596
vn -0.9810 0.1240 0.1490
vn -0.9921 0.0363 0.1200
vn -0.9909 0.1291 0.0387
vn -0.9854 0.1701 0.0024
vn -0.9343 0.3161 0.1648
vn -0.9162 0.2206 0.3347
vn -0.9385 0.1036 0.3293
vn -0.9503 -0.0109 0.3111
vn -0.7588 -0.4136 0.5032
vn -0.7680 -0.2607 0.5850
vn -0.9563 -0.1258 0.2638
vn -0.7733 -0.1183 0.6229
vn -0.9554 -0.2354 0.1784
vn -0.9437 -0.3249 0.0617
vn -0.7299 -0.6407 0.2380
vn -0.9903 -0.1348 -0.0347
vn -0.7459 -0.5473 0.3797
vn -0.9967 -0.0527 0.0625
vn -0.9986 0.0532 -0.0049
vn -0.9959 -0.0240 -0.0871
vn -0.9276 -0.3719 -0.0340
vn -0.9766 -0.1824 -0.1143
vn -0.9850 -0.0704 -0.1572
vn -0.9696 -0.1974 -0.1444
vn -0.9799 -0.0854 -0.1804
vn -0.9792 -0.0836 -0.1846
vn -0.9682 -0.1967 -0.1545
vn -0.9165 -0.3882 -0.0964
vn -0.9187 -0.3875 -0.0759
vn -0.7041 -0.7070 0.0669
vn -0.3638 -0.9099 0.1996
vn -0.3706 -0.8901 0.2653
vn -0.7132 -0.6895 0.1263
vn -0.3614 -0.9205 0.1484
vn -0.7010 -0.7126 0.0282
vn -0.6996 -0.7144 -0.0127
vn -0.3602 -0.9281 0.0939
vn -0.3608 -0.9316 0.0439
vn -0.7004 -0.7119 -0.0510
vn -0.9158 -0.3774 -0.1370
vn -0.9158 -0.3843 -0.1166
vn -0.9681 -0.1901 -0.1630
vn -0.9795 -0.0758 -0.1866
vn -0.9680 -0.1817 -0.1729
vn -0.9795 -0.0668 -0.1902
vn -0.9802 -0.0250 -0.1963
vn -0.9802 -0.0156 -0.1974
vn -0.9670 -0.1726 -0.1873
vn -0.9780 -0.0571 -0.2007
vn -0.9786 -0.0065 -0.2059
vn -0.9768 -0.0465 -0.2092
vn -0.9770 0.0044 -0.2132
vn -0.9775 0.0146 -0.2106
vn -0.9775 -0.0362 -0.2079
vn -0.9787 -0.0270 -0.2035
vn -0.9784 0.0245 -0.2053
vn -0.9784 0.0325 -0.2041
vn -0.9790 -0.0189 -0.2030
vn -0.9746 -0.0119 -0.2235
vn -0.9737 0.0398 -0.2242
vn -0.9704 -0.1372 -0.1985
vn -0.9668 -0.1297 -0.2202
vn -0.9495 -0.1224 -0.2889
vn -0.9567 -0.0063 -0.2909
vn -0.9557 0.0443 -0.2909
vn -0.9695 -0.1449 -0.1977
vn -0.9207 -0.3457 -0.1812
vn -0.9204 -0.3317 -0.2070
vn -0.9225 -0.3390 -0.1844
vn -0.7109 -0.6904 -0.1341
vn -0.7123 -0.6843 -0.1560
vn -0.9059 -0.3211 -0.2760
vn -0.7068 -0.6732 -0.2174
vn -0.6746 -0.6679 -0.3143
vn -0.3596 -0.9160 -0.1778
vn -0.3755 -0.9192 -0.1183
vn -0.8630 -0.3182 -0.3924
vn -0.3717 -0.9252 -0.0761
vn -0.9049 -0.1211 -0.4081
vn -0.8205 -0.1199 -0.5590
vn -0.7840 -0.3103 -0.5376
vn -0.6223 -0.6533 -0.4312
vn -0.6618 -0.2813 -0.6949
vn -0.6859 -0.1108 -0.7193
vn -0.5433 -0.6139 -0.5727
vn -0.3127 -0.8894 -0.3335
vn -0.1431 -0.9766 -0.1607
vn -0.1487 -0.9817 -0.1193
vn -0.3355 -0.9108 -0.2405
vn -0.0417 -0.9970 -0.0656
vn -0.0455 -0.9976 -0.0524
vn -0.0057 -0.9996 -0.0272
vn -0.0008 -0.9996 -0.0270
vn -0.0007 -0.9998 -0.0213
vn -0.0001 -0.9998 -0.0180
vn -0.0492 -0.9980 -0.0393
vn 0.0045 -1.0000 -0.0031
vn 0.0055 -0.9999 0.0096
vn -0.0409 -0.9992 -0.0005
vn -0.0474 -0.9987 -0.0185
vn 0.0042 -1.0000 0.0073
vn 0.0041 -1.0000 -0.0052
vn 0.0038 -1.0000 -0.0085
vn 0.0027 -0.9999 -0.0119
vn 0.0013 -1.0000 0.0035
vn 0.0021 -1.0000 0.0048
vn 0.0037 -0.9997 -0.0236
vn 0.0010 -0.9999 0.0146
vn 0.0001 -0.9996 0.0268
vn -0.0000 -0.9996 0.0270
vn 0.0003 -0.9996 0.0276
vn 0.0003 -0.9999 0.0138
vn 0.0014 -0.9999 0.0158
vn 0.0001 -0.9999 0.0136
vn -0.0000 -0.9999 0.0134
vn -0.0000 -0.9996 0.0267
vn 0.0002 -1.0000 0.0020
vn 0.0004 -1.0000 0.0023
vn 0.0020 -0.9999 -0.0141
vn 0.0005 -0.9999 -0.0156
vn 0.0003 -0.9999 -0.0158
vn 0.0001 -1.0000 0.0017
vn 0.0001 -1.0000 0.0018
vn 0.0002 -0.9999 -0.0161
vn 0.0002 -0.9999 -0.0165
vn 0.0001 -0.9999 -0.0167
vn -0.0000 -1.0000 0.0014
vn 0.0001 -1.0000 0.0015
vn -0.0000 -0.9999 0.0133
vn -0.0000 -0.9996 0.0266
vn -0.0000 -0.9990 0.0441
vn -0.0000 -0.9979 0.0644
vn -0.0000 -0.9990 0.0442
vn -0.0408 -0.9976 0.0556
vn -0.0407 -0.9985 0.0356
vn -0.0407 -0.9990 0.0197
vn -0.0000 -0.9996 0.0280
vn -0.0405 -0.9960 0.0802
vn -0.1514 -0.9869 0.0564
vn -0.0000 -0.9961 0.0886
vn -0.1522 -0.9883 0.0116
vn -0.1520 -0.9879 0.0312
vn -0.1509 -0.9842 0.0923
vn -0.0405 -0.9925 0.1152
vn -0.3619 -0.9322 0.0079
vn -0.3627 -0.9317 -0.0176
vn -0.1512 -0.9779 0.1444
vn -0.0415 -0.9850 0.1676
vn -0.0018 -0.9847 0.1742
vn -0.0000 -0.9924 0.1231
vn -0.0451 -0.9732 0.2254
vn -0.1534 -0.9672 0.2025
vn -0.0051 -0.9726 0.2323
vn -0.1565 -0.9539 0.2560
vn -0.0109 -0.9586 0.2845
vn -0.0495 -0.9588 0.2796
vn -0.0097 -0.9601 0.2795
vn -0.0162 -0.9411 0.3377
vn -0.0164 -0.9382 0.3456
vn -0.0053 -0.9736 0.2281
vn -0.0559 -0.9385 0.3408
vn -0.0080 -0.9620 0.2731
vn -0.0038 -0.9747 0.2234
vn -0.0015 -0.9854 0.1700
vn -0.0013 -0.9850 0.1725
vn -0.0003 -0.9925 0.1225
vn -0.0000 -0.9925 0.1219
vn -0.0002 -0.9926 0.1214
vn -0.0000 -0.9927 0.1210
vn -0.0007 -0.9858 0.1679
vn -0.0011 -0.9861 0.1660
vn -0.0005 -0.9865 0.1639
vn -0.0022 -0.9771 0.2127
vn -0.0027 -0.9764 0.2160
vn -0.0002 -0.9927 0.1205
vn -0.0032 -0.9756 0.2196
vn -0.0051 -0.9648 0.2628
vn -0.0058 -0.9636 0.2672
vn -0.0098 -0.9474 0.3198
vn -0.0074 -0.9499 0.3126
vn -0.0143 -0.9230 0.3846
vn -0.0206 -0.9159 0.4009
vn -0.0118 -0.9279 0.3726
vn -0.0122 -0.9446 0.3281
vn -0.0074 -0.9310 0.3651
vn -0.0115 -0.8968 0.4423
vn -0.0171 -0.8913 0.4530
vn -0.0056 -0.9511 0.3088
vn -0.0252 -0.8805 0.4734
vn -0.0273 -0.8232 0.5671
vn -0.0478 -0.7844 0.6184
vn -0.0304 -0.8672 0.4970
vn -0.0374 -0.8071 0.5892
vn -0.0528 -0.7028 0.7095
vn -0.0682 -0.5849 0.8083
vn -0.0852 -0.5524 0.8292
vn -0.0494 -0.6072 0.7930
vn -0.0386 -0.7257 0.6870
vn -0.0665 -0.6746 0.7352
vn -0.0785 -0.6361 0.7676
vn -0.0537 -0.7587 0.6492
vn -0.1033 -0.5152 0.8508
vn -0.1108 -0.4843 0.8679
vn -0.0857 -0.6029 0.7932
vn -0.0588 -0.7350 0.6755
vn -0.1388 -0.5780 0.8042
vn -0.1016 -0.7179 0.6886
vn -0.2172 -0.6928 0.6876
vn -0.2877 -0.4079 0.8665
vn -0.2546 -0.5403 0.8020
vn -0.1748 -0.4506 0.8755
vn -0.4530 -0.4625 0.7622
vn -0.4271 -0.6234 0.6550
vn -0.4020 -0.7583 0.5132
vn -0.1886 -0.8167 0.5454
vn -0.0791 -0.8323 0.5487
vn -0.0257 -0.9029 0.4291
vn -0.0370 -0.8393 0.5424
vn -0.0643 -0.9002 0.4306
vn -0.1720 -0.8925 0.4171
vn -0.3821 -0.8455 0.3731
vn -0.1621 -0.9333 0.3204
vn -0.0372 -0.8517 0.5227
vn -0.0229 -0.9087 0.4169
vn -0.4761 -0.3206 0.8189
vn -0.4903 -0.1980 0.8488
vn -0.3041 -0.3014 0.9037
vn -0.3072 -0.1962 0.9312
vn -0.4928 -0.0662 0.8676
vn -0.7713 0.0140 0.6363
vn -0.7495 0.1682 0.6403
vn -0.4764 0.1043 0.8730
vn -0.6920 0.3675 0.6214
vn -0.7708 0.5548 0.3131
vn -0.8698 0.3648 0.3322
vn -0.5644 0.5930 0.5743
vn -0.4176 0.3149 0.8523
vn -0.3003 0.3590 0.8837
vn -0.3902 0.6950 0.6039
vn -0.4029 0.8668 0.2939
vn -0.5972 0.7540 0.2735
vn -0.2031 0.3190 0.9257
vn -0.2399 0.6971 0.6756
vn -0.1659 0.0614 0.9842
vn -0.2719 0.0431 0.9614
vn -0.2079 0.0788 0.9750
vn -0.1446 -0.0748 0.9867
vn -0.1286 -0.0667 0.9894
vn -0.1357 0.0704 0.9882
vn -0.1602 -0.0895 0.9830
vn -0.1423 0.3389 0.9300
vn -0.1079 0.0726 0.9915
vn -0.1070 -0.0654 0.9921
vn -0.0852 -0.0700 0.9939
vn -0.0849 0.0627 0.9944
vn -0.0789 0.3651 0.9276
vn -0.1040 0.3686 0.9238
vn -0.0724 0.7562 0.6503
vn -0.0540 0.7623 0.6449
vn -0.0343 0.9494 0.3122
vn -0.0920 0.9355 0.3410
vn -0.1279 0.7222 0.6798
vn -0.0257 0.9511 0.3079
vn -0.0151 0.9893 0.1453
vn -0.0116 0.9899 0.1416
vn -0.0679 0.9846 0.1613
vn -0.2148 0.9625 0.1656
vn -0.3934 0.9076 0.1465
vn -0.2338 0.9085 0.3464
vn -0.5838 0.7991 0.1434
vn -0.7665 0.6222 0.1593
vn -0.8789 0.4470 0.1667
vn -0.0379 0.7568 0.6525
vn -0.0547 0.3583 0.9320
vn -0.0369 0.3536 0.9347
vn -0.0259 0.7548 0.6554
vn -0.0126 0.9474 0.3198
vn -0.0182 0.9484 0.3166
vn -0.0588 0.0575 0.9966
vn -0.0588 -0.0709 0.9957
vn -0.0387 -0.0758 0.9964
vn -0.0392 0.0517 0.9979
vn -0.0381 -0.1297 0.9908
vn -0.0307 -0.1343 0.9905
vn -0.0590 -0.1280 0.9900
vn -0.0310 -0.0826 0.9961
vn -0.0855 -0.1306 0.9877
vn -0.0872 -0.1777 0.9802
vn -0.0594 -0.1729 0.9831
vn -0.0382 -0.1710 0.9845
vn -0.0606 -0.2171 0.9743
vn -0.0890 -0.2193 0.9716
vn -0.1082 -0.1332 0.9852
vn -0.1132 -0.2155 0.9699
vn -0.1118 -0.1783 0.9776
vn -0.1316 -0.1649 0.9775
vn -0.1284 -0.1335 0.9827
vn -0.1385 -0.1234 0.9827
vn -0.1407 -0.1500 0.9786
vn -0.1424 -0.1867 0.9720
vn -0.1428 -0.2359 0.9612
vn -0.1314 -0.2472 0.9600
vn -0.1928 -0.1865 0.9633
vn -0.1809 -0.1170 0.9765
vn -0.1325 -0.2026 0.9703
vn -0.1141 -0.2592 0.9591
vn -0.1089 -0.3394 0.9343
vn -0.1294 -0.3187 0.9390
vn -0.1378 -0.3046 0.9425
vn -0.1942 -0.2666 0.9441
vn -0.1886 -0.3562 0.9152
vn -0.1309 -0.3857 0.9133
vn -0.1176 -0.4094 0.9047
vn -0.1019 -0.4388 0.8928
vn -0.0790 -0.4660 0.8812
vn -0.0879 -0.3589 0.9292
vn -0.0611 -0.3693 0.9273
vn -0.0588 -0.4856 0.8722
vn -0.0380 -0.4917 0.8699
vn -0.0399 -0.3698 0.9283
vn -0.0888 -0.2701 0.9587
vn -0.0391 -0.2693 0.9622
vn -0.0622 -0.2735 0.9599
vn -0.0273 -0.3707 0.9284
vn -0.0257 -0.4953 0.8684
vn -0.0170 -0.5026 0.8643
vn -0.0198 -0.3795 0.9250
vn -0.0230 -0.2819 0.9592
vn -0.0287 -0.2691 0.9627
vn -0.0261 -0.2215 0.9748
vn -0.0297 -0.2127 0.9767
vn -0.0178 -0.2321 0.9725
vn -0.0162 -0.2969 0.9548
vn -0.0137 -0.3911 0.9202
vn -0.0305 -0.1727 0.9845
vn -0.0264 -0.1740 0.9844
vn -0.0383 -0.2117 0.9766
vn -0.0191 -0.1758 0.9842
vn -0.0267 -0.1320 0.9909
vn -0.0096 -0.1798 0.9837
vn -0.0000 -0.2405 0.9706
vn -0.0000 -0.1823 0.9832
vn -0.0093 -0.2386 0.9711
vn -0.0083 -0.3043 0.9525
vn -0.0072 -0.3990 0.9169
vn -0.0000 -0.4012 0.9160
vn -0.0000 -0.3068 0.9518
vn -0.0000 -0.5206 0.8538
vn 0.0057 -0.5174 0.8557
vn 0.0072 -0.3990 0.9169
vn -0.0057 -0.5174 0.8557
vn 0.0083 -0.3043 0.9525
vn 0.0137 -0.3911 0.9202
vn 0.0162 -0.2969 0.9548
vn 0.0093 -0.2386 0.9711
vn 0.0178 -0.2321 0.9725
vn 0.0191 -0.1759 0.9842
vn 0.0096 -0.1798 0.9837
vn 0.0264 -0.1740 0.9844
vn 0.0230 -0.2819 0.9592
vn 0.0261 -0.2215 0.9748
vn 0.0297 -0.2127 0.9767
vn 0.0383 -0.2117 0.9766
vn 0.0382 -0.1710 0.9845
vn 0.0305 -0.1727 0.9845
vn 0.0391 -0.2693 0.9622
vn 0.0287 -0.2691 0.9627
vn 0.0273 -0.3707 0.9284
vn 0.0399 -0.3698 0.9283
vn 0.0611 -0.3693 0.9273
vn 0.0622 -0.2735 0.9599
vn 0.0606 -0.2170 0.9743
vn 0.0198 -0.3795 0.9250
vn 0.0170 -0.5026 0.8643
vn 0.0257 -0.4953 0.8684
vn 0.0380 -0.4917 0.8699
vn 0.0213 -0.6326 0.7742
vn 0.0588 -0.4856 0.8722
vn 0.0494 -0.6072 0.7930
vn 0.0348 -0.6226 0.7817
vn 0.0139 -0.6411 0.7673
vn 0.0102 -0.7621 0.6474
vn 0.0160 -0.7546 0.6559
vn 0.0254 -0.7419 0.6700
vn 0.0386 -0.7257 0.6870
vn 0.0110 -0.8424 0.5387
vn 0.0163 -0.8351 0.5499
vn 0.0273 -0.8232 0.5671
vn 0.0115 -0.8968 0.4423
vn 0.0171 -0.8913 0.4530
vn 0.0118 -0.9279 0.3726
vn 0.0074 -0.9310 0.3651
vn 0.0045 -0.9327 0.3606
vn 0.0068 -0.9006 0.4347
vn 0.0022 -0.9350 0.3547
vn 0.0004 -0.9536 0.3011
vn 0.0024 -0.9522 0.3056
vn 0.0045 -0.9037 0.4281
vn 0.0056 -0.9511 0.3088
vn 0.0040 -0.8512 0.5249
vn 0.0024 -0.9063 0.4227
vn 0.0068 -0.8479 0.5301
vn 0.0010 -0.9368 0.3499
vn -0.0004 -0.9549 0.2970
vn -0.0000 -0.9553 0.2957
vn 0.0003 -0.9377 0.3474
vn 0.0009 -0.9075 0.4202
vn -0.0000 -0.9378 0.3471
vn -0.0000 -0.9079 0.4192
vn 0.0015 -0.8534 0.5213
vn -0.0000 -0.8540 0.5203
vn 0.0027 -0.7708 0.6370
vn -0.0000 -0.7725 0.6350
vn 0.0058 -0.7674 0.6411
vn 0.0084 -0.6478 0.7618
vn -0.0000 -0.6554 0.7553
vn 0.0040 -0.6534 0.7570
vn 0.0110 -0.5110 0.8595
vn -0.0027 -0.7708 0.6370
vn -0.0040 -0.6534 0.7570
vn -0.0084 -0.6478 0.7618
vn -0.0058 -0.7674 0.6411
vn -0.0102 -0.7621 0.6474
vn -0.0110 -0.5110 0.8595
vn -0.0139 -0.6411 0.7673
vn -0.0213 -0.6326 0.7742
vn -0.0160 -0.7546 0.6559
vn -0.0254 -0.7419 0.6700
vn -0.0348 -0.6226 0.7817
vn -0.0110 -0.8424 0.5387
vn -0.0163 -0.8351 0.5499
vn -0.0068 -0.9006 0.4347
vn -0.0045 -0.9037 0.4281
vn -0.0068 -0.8479 0.5301
vn -0.0040 -0.8512 0.5249
vn -0.0024 -0.9063 0.4227
vn -0.0009 -0.9075 0.4202
vn -0.0015 -0.8534 0.5213
vn -0.0010 -0.9368 0.3499
vn -0.0003 -0.9377 0.3474
vn 0.0003 -0.9673 0.2535
vn -0.0000 -0.9673 0.2535
vn 0.0007 -0.9672 0.2539
vn -0.0000 -0.9553 0.2955
vn 0.0004 -0.9549 0.2970
vn -0.0000 -0.9770 0.2130
vn -0.0002 -0.9771 0.2130
vn -0.0003 -0.9673 0.2535
vn 0.0002 -0.9771 0.2130
vn 0.0004 -0.9863 0.1648
vn -0.0000 -0.9862 0.1654
vn 0.0008 -0.9772 0.2125
vn 0.0009 -0.9775 0.2111
vn 0.0013 -0.9670 0.2548
vn -0.0012 -0.9665 0.2566
vn -0.0003 -0.9776 0.2103
vn -0.0001 -0.9866 0.1631
vn 0.0003 -0.9865 0.1636
vn 0.0001 -0.9927 0.1204
vn -0.0000 -0.9928 0.1201
vn -0.0000 -0.9927 0.1207
vn -0.0000 -0.9927 0.1208
vn -0.0001 -1.0000 0.0017
vn -0.0001 -1.0000 0.0015
vn -0.0000 -0.9999 0.0132
vn -0.0002 -0.9999 -0.0165
vn -0.0000 -0.9999 -0.0168
vn -0.0001 -0.9999 -0.0167
vn -0.0004 -0.9994 -0.0354
vn -0.0005 -0.9994 -0.0348
vn -0.0002 -0.9999 -0.0161
vn -0.0003 -0.9999 -0.0158
vn -0.0001 -1.0000 0.0018
vn -0.0002 -1.0000 0.0020
vn -0.0012 -0.9994 -0.0336
vn -0.0005 -0.9999 -0.0156
vn -0.0005 -0.9994 -0.0342
vn -0.0008 -0.9991 -0.0414
vn -0.0008 -0.9991 -0.0421
vn -0.0009 -0.9967 -0.0809
vn -0.0017 -0.9992 -0.0409
vn -0.0006 -0.9967 -0.0806
vn -0.0010 -0.9968 -0.0801
vn 0.0152 -0.9822 -0.1872
vn 0.0025 -0.9826 -0.1859
vn -0.0050 -0.9992 -0.0390
vn -0.0010 -0.9828 -0.1849
vn 0.0091 -0.9212 -0.3890
vn 0.0936 -0.6827 -0.7247
vn 0.0450 -0.9184 -0.3930
vn 0.0201 -0.6910 -0.7226
vn -0.0010 -0.9223 -0.3865
vn -0.0007 -0.6944 -0.7196
vn -0.0010 -0.9222 -0.3867
vn -0.0008 -0.9826 -0.1860
vn -0.0008 -0.9221 -0.3870
vn -0.0010 -0.9826 -0.1855
vn -0.0007 -0.6943 -0.7196
vn -0.0006 -0.6941 -0.7198
vn -0.0004 -0.9219 -0.3874
vn -0.0003 -0.6941 -0.7199
vn -0.0000 -0.6940 -0.7200
vn -0.0000 -0.9218 -0.3877
vn -0.0000 -0.9824 -0.1866
vn -0.0004 -0.9825 -0.1864
vn 0.0004 -0.9825 -0.1864
vn 0.0004 -0.9219 -0.3874
vn 0.0008 -0.9826 -0.1860
vn 0.0010 -0.9826 -0.1855
vn 0.0008 -0.9221 -0.3870
vn 0.0010 -0.9222 -0.3867
vn 0.0010 -0.9828 -0.1849
vn 0.0010 -0.9223 -0.3865
vn -0.0091 -0.9212 -0.3890
vn -0.0025 -0.9826 -0.1859
vn 0.0003 -0.6941 -0.7199
vn -0.0002 -0.3601 -0.9329
vn -0.0001 -0.1670 -0.9860
vn -0.0003 -0.3602 -0.9329
vn -0.0000 -0.1668 -0.9860
vn -0.0001 -0.1668 -0.9860
vn -0.0000 -0.3601 -0.9329
vn -0.0002 -0.1670 -0.9860
vn -0.0004 -0.3603 -0.9328
vn -0.0001 -0.1666 -0.9860
vn 0.0001 -0.0510 -0.9987
vn 0.0278 -0.3583 -0.9332
vn 0.0303 -0.1653 -0.9858
vn 0.0312 -0.0499 -0.9983
vn 0.1350 -0.1602 -0.9778
vn 0.1384 -0.0466 -0.9893
vn 0.3038 -0.1457 -0.9415
vn 0.2847 -0.3295 -0.9002
vn 0.1252 -0.3510 -0.9280
vn 0.3096 -0.0378 -0.9501
vn 0.5015 -0.1211 -0.8566
vn 0.5074 -0.0242 -0.8614
vn 0.6916 -0.0138 -0.7222
vn 0.6859 -0.1108 -0.7193
vn 0.6618 -0.2813 -0.6949
vn 0.4792 -0.2896 -0.8285
vn 0.8205 -0.1199 -0.5590
vn 0.7840 -0.3103 -0.5376
vn 0.6223 -0.6533 -0.4312
vn 0.5433 -0.6139 -0.5726
vn 0.3889 -0.6210 -0.6805
vn 0.3127 -0.8894 -0.3335
vn 0.2246 -0.8899 -0.3971
vn 0.1132 -0.9109 -0.3968
vn 0.2197 -0.6626 -0.7160
vn 0.0955 -0.9771 -0.1902
vn 0.0416 -0.9814 -0.1876
vn 0.0053 -0.9970 -0.0774
vn 0.0241 -0.9968 -0.0757
vn -0.0085 -0.9994 -0.0349
vn -0.0052 -0.9995 -0.0305
vn -0.0060 -0.9996 -0.0282
vn -0.0027 -0.9999 -0.0119
vn -0.0020 -0.9999 -0.0141
vn -0.0038 -1.0000 -0.0085
vn -0.0037 -0.9997 -0.0236
vn -0.0036 -0.9995 -0.0325
vn 0.0007 -0.9998 -0.0213
vn -0.0045 -1.0000 -0.0031
vn -0.0041 -1.0000 -0.0052
vn 0.0001 -0.9998 -0.0180
vn 0.0057 -0.9996 -0.0272
vn 0.0008 -0.9996 -0.0270
vn 0.0417 -0.9970 -0.0656
vn 0.1431 -0.9766 -0.1607
vn 0.1487 -0.9817 -0.1193
vn 0.0455 -0.9976 -0.0524
vn 0.0492 -0.9980 -0.0393
vn 0.0474 -0.9987 -0.0185
vn 0.1679 -0.9843 -0.0547
vn 0.1625 -0.9826 -0.0903
vn 0.3596 -0.9160 -0.1778
vn 0.3755 -0.9192 -0.1183
vn 0.7068 -0.6732 -0.2174
vn 0.6746 -0.6679 -0.3143
vn 0.3355 -0.9108 -0.2405
vn 0.8630 -0.3182 -0.3924
vn 0.9049 -0.1211 -0.4081
vn 0.9495 -0.1224 -0.2889
vn 0.9059 -0.3211 -0.2760
vn 0.9567 -0.0063 -0.2909
vn 0.9746 -0.0119 -0.2235
vn 0.9668 -0.1297 -0.2202
vn 0.9123 -0.0058 -0.4094
vn 0.9204 -0.3317 -0.2070
vn 0.9557 0.0443 -0.2909
vn 0.8273 0.0393 -0.5603
vn 0.9117 0.0446 -0.4084
vn 0.8271 -0.0093 -0.5619
vn 0.9737 0.0398 -0.2242
vn 0.9568 0.1888 -0.2212
vn 0.8982 0.1857 -0.3984
vn 0.9406 0.1857 -0.2842
vn 0.7872 0.3203 -0.5269
vn 0.8632 0.3258 -0.3858
vn 0.9039 0.3253 -0.2777
vn 0.8159 0.1805 -0.5493
vn 0.6845 0.1574 -0.7118
vn 0.6730 0.2855 -0.6823
vn 0.5103 0.0184 -0.8598
vn 0.5027 0.1482 -0.8516
vn 0.6929 0.0286 -0.7205
vn 0.5040 0.2761 -0.8184
vn 0.3080 0.1579 -0.9382
vn 0.3101 0.3036 -0.9009
vn 0.3124 0.0095 -0.9499
vn 0.1386 0.1630 -0.9768
vn 0.1388 0.3184 -0.9377
vn 0.1398 0.0042 -0.9902
vn 0.0315 0.0016 -0.9995
vn 0.0315 0.1637 -0.9860
vn 0.0313 0.3218 -0.9463
vn 0.0004 0.1627 -0.9867
vn 0.0005 0.3211 -0.9471
vn 0.0002 0.0004 -1.0000
vn 0.0002 0.1627 -0.9867
vn 0.0004 0.3211 -0.9471
vn 0.0003 0.3211 -0.9471
vn 0.0001 0.1627 -0.9867
vn 0.0001 0.1629 -0.9866
vn -0.0000 0.1629 -0.9866
vn -0.0000 0.3214 -0.9469
vn 0.0002 0.3215 -0.9469
vn -0.0001 0.1629 -0.9866
vn -0.0002 0.3214 -0.9469
vn -0.0001 0.1627 -0.9867
vn -0.0003 0.3211 -0.9471
vn -0.0004 0.3211 -0.9471
vn 0.9175 0.3344 -0.2154
vn 0.9201 0.3380 -0.1978
vn 0.9609 0.1874 -0.2037
vn 0.9211 0.3325 -0.2025
vn 0.9617 0.1801 -0.2066
vn 0.9784 0.0325 -0.2041
vn 0.9784 0.0245 -0.2053
vn 0.9787 -0.0270 -0.2035
vn 0.9790 -0.0189 -0.2030
vn 0.9704 -0.1372 -0.1985
vn 0.9695 -0.1449 -0.1977
vn 0.9207 -0.3457 -0.1812
vn 0.9225 -0.3390 -0.1844
vn 0.7109 -0.6904 -0.1341
vn 0.7085 -0.6943 -0.1267
vn 0.3655 -0.9295 -0.0492
vn 0.7123 -0.6843 -0.1560
vn 0.3675 -0.9282 -0.0589
vn 0.3717 -0.9252 -0.0761
vn 0.7056 -0.6986 -0.1186
vn 0.3639 -0.9308 -0.0357
vn 0.1522 -0.9883 0.0116
vn 0.1528 -0.9882 -0.0035
vn 0.1544 -0.9879 -0.0140
vn 0.7033 -0.7030 -0.1054
vn 0.3627 -0.9317 -0.0176
vn 0.9161 -0.3610 -0.1742
vn 0.9182 -0.3529 -0.1798
vn 0.9678 -0.1532 -0.1999
vn 0.9775 -0.0362 -0.2079
vn 0.9768 -0.0465 -0.2092
vn 0.9664 -0.1632 -0.1988
vn 0.9670 -0.1726 -0.1873
vn 0.9780 -0.0571 -0.2007
vn 0.9795 -0.0668 -0.1902
vn 0.9680 -0.1817 -0.1729
vn 0.9158 -0.3775 -0.1370
vn 0.9158 -0.3693 -0.1581
vn 0.9795 -0.0758 -0.1866
vn 0.9681 -0.1901 -0.1630
vn 0.9802 -0.0250 -0.1963
vn 0.9786 -0.0065 -0.2059
vn 0.9802 -0.0156 -0.1974
vn 0.9668 0.1274 -0.2216
vn 0.9658 0.1174 -0.2313
vn 0.9669 0.1387 -0.2143
vn 0.9798 -0.0338 -0.1972
vn 0.9792 -0.0836 -0.1846
vn 0.9801 -0.0362 -0.1952
vn 0.9649 0.1129 -0.2372
vn 0.9285 0.2827 -0.2406
vn 0.9267 0.2713 -0.2600
vn 0.9244 0.2649 -0.2743
vn 0.9664 0.1238 -0.2253
vn 0.9844 -0.0211 -0.1749
vn 0.9936 0.0260 -0.1098
vn 0.9225 0.2726 -0.2731
vn 0.9715 0.1627 -0.1725
vn 0.9212 0.3065 -0.2396
vn 0.9679 0.2241 -0.1142
vn 0.9121 0.3564 -0.2027
vn 0.9944 0.1007 -0.0322
vn 0.8981 0.3827 -0.2169
vn 0.9564 0.2751 -0.0987
vn 0.9854 0.1701 0.0024
vn 0.9430 0.3149 -0.1080
vn 0.8679 0.4279 -0.2525
vn 0.9231 0.3675 -0.1133
vn 0.8847 0.3988 -0.2416
vn 0.9728 0.2312 0.0145
vn 0.9537 0.3001 0.0201
vn 0.9214 0.3878 0.0255
vn 0.9286 0.3648 0.0671
vn 0.8916 0.4393 -0.1101
vn 0.9597 0.2740 0.0621
vn 0.9788 0.1972 0.0544
vn 0.8612 0.5072 0.0327
vn 0.8324 0.5453 -0.0991
vn 0.8372 0.4884 -0.2460
vn 0.7811 0.5800 -0.2310
vn 0.7191 0.6899 -0.0833
vn 0.7430 0.6681 0.0398
vn 0.5598 0.8277 0.0404
vn 0.5401 0.8387 -0.0697
vn 0.4955 0.8509 -0.1743
vn 0.6659 0.7188 -0.1998
vn 0.3487 0.9331 -0.0882
vn 0.3705 0.9284 0.0283
vn 0.1433 0.9568 -0.2532
vn 0.1685 0.9786 -0.1180
vn 0.3112 0.9281 -0.2046
vn 0.1916 0.9813 0.0165
vn 0.0287 0.9924 -0.1196
vn -0.0287 0.9693 -0.2444
vn -0.0150 0.9929 -0.1184
vn 0.0140 0.9673 -0.2533
vn 0.0472 0.9988 0.0122
vn -0.0013 1.0000 0.0080
vn -0.0004 1.0000 0.0048
vn 0.0033 0.9989 0.0462
vn -0.0126 0.9912 -0.1315
vn 0.0035 0.9988 0.0490
vn 0.0539 0.9969 0.0573
vn -0.0089 0.9894 -0.1452
vn -0.0253 0.9633 -0.2672
vn -0.0180 0.9557 -0.2938
vn -0.0061 0.9886 -0.1504
vn -0.0047 0.9887 -0.1499
vn -0.0094 0.9536 -0.3010
vn -0.0123 0.9530 -0.3028
vn -0.0039 0.9886 -0.1508
vn -0.0029 0.9885 -0.1509
vn -0.0058 0.9529 -0.3032
vn -0.0078 0.9530 -0.3028
vn 0.0013 0.9988 0.0481
vn 0.0015 0.9989 0.0479
vn 0.0047 0.9886 0.1503
vn 0.0039 0.9886 0.1502
vn 0.0083 0.9475 0.3196
vn 0.0171 0.7552 0.6552
vn 0.0100 0.9471 0.3206
vn 0.0206 0.7537 0.6569
vn 0.0246 0.3532 0.9352
vn 0.0293 0.3496 0.9364
vn 0.0369 0.3536 0.9347
vn 0.0259 0.7548 0.6554
vn 0.0126 0.9474 0.3198
vn 0.0379 0.7568 0.6525
vn 0.0182 0.9484 0.3166
vn 0.0084 0.9890 0.1474
vn 0.0060 0.9887 0.1500
vn 0.0257 0.9511 0.3079
vn 0.0343 0.9494 0.3122
vn 0.0151 0.9893 0.1453
vn 0.0724 0.7562 0.6503
vn 0.0540 0.7624 0.6449
vn 0.0116 0.9899 0.1416
vn 0.0789 0.3651 0.9276
vn 0.1040 0.3686 0.9238
vn 0.1423 0.3389 0.9300
vn 0.1279 0.7222 0.6798
vn 0.0920 0.9355 0.3410
vn 0.2399 0.6971 0.6757
vn 0.2338 0.9085 0.3464
vn 0.2148 0.9625 0.1656
vn 0.0679 0.9846 0.1613
vn 0.4029 0.8668 0.2939
vn 0.3934 0.9076 0.1465
vn 0.5838 0.7991 0.1434
vn 0.3902 0.6950 0.6039
vn 0.5972 0.7540 0.2735
vn 0.5644 0.5930 0.5743
vn 0.3003 0.3590 0.8837
vn 0.4176 0.3149 0.8523
vn 0.4764 0.1043 0.8730
vn 0.6920 0.3675 0.6214
vn 0.7708 0.5548 0.3131
vn 0.7495 0.1682 0.6403
vn 0.8789 0.4470 0.1667
vn 0.7665 0.6222 0.1593
vn 0.8698 0.3648 0.3322
vn 0.7542 0.6523 0.0754
vn 0.8696 0.4883 0.0735
vn 0.5703 0.8184 0.0700
vn 0.3798 0.9228 0.0643
vn 0.2003 0.9778 0.0620
vn 0.9162 0.2206 0.3347
vn 0.9385 0.1036 0.3293
vn 0.9638 0.2136 0.1596
vn 0.7733 -0.1182 0.6229
vn 0.7713 0.0140 0.6363
vn 0.9343 0.3161 0.1648
vn 0.4903 -0.1980 0.8488
vn 0.4761 -0.3206 0.8188
vn 0.4530 -0.4625 0.7622
vn 0.7680 -0.2607 0.5850
vn 0.9503 -0.0109 0.3111
vn 0.7588 -0.4136 0.5032
vn 0.9921 0.0363 0.1200
vn 0.9810 0.1240 0.1490
vn 0.9563 -0.1258 0.2638
vn 0.9554 -0.2354 0.1784
vn 0.9967 -0.0527 0.0625
vn 0.9903 -0.1348 -0.0347
vn 0.7459 -0.5473 0.3797
vn 0.9437 -0.3249 0.0617
vn 0.7299 -0.6407 0.2380
vn 0.4020 -0.7583 0.5132
vn 0.3821 -0.8455 0.3731
vn 0.3706 -0.8901 0.2653
vn 0.7132 -0.6895 0.1263
vn 0.9276 -0.3719 -0.0340
vn 0.7041 -0.7070 0.0669
vn 0.9188 -0.3875 -0.0759
vn 0.9696 -0.1974 -0.1444
vn 0.9766 -0.1824 -0.1143
vn 0.9850 -0.0704 -0.1573
vn 0.9799 -0.0855 -0.1804
vn 0.9959 -0.0240 -0.0871
vn 0.9986 0.0532 -0.0049
vn 0.9909 0.1291 0.0387
vn 0.9165 -0.3882 -0.0964
vn 0.9158 -0.3843 -0.1166
vn 0.6996 -0.7144 -0.0127
vn 0.7010 -0.7126 0.0282
vn 0.9682 -0.1967 -0.1545
vn 0.3614 -0.9205 0.1484
vn 0.3602 -0.9281 0.0939
vn 0.3608 -0.9316 0.0439
vn 0.7004 -0.7119 -0.0510
vn 0.1512 -0.9779 0.1444
vn 0.1509 -0.9842 0.0923
vn 0.7020 -0.7073 -0.0828
vn 0.3619 -0.9322 0.0079
vn 0.1514 -0.9869 0.0564
vn 0.0405 -0.9925 0.1152
vn 0.0018 -0.9847 0.1742
vn 0.0405 -0.9960 0.0802
vn 0.0415 -0.9850 0.1676
vn 0.0408 -0.9976 0.0556
vn 0.1520 -0.9879 0.0312
vn 0.0407 -0.9985 0.0356
vn 0.0407 -0.9990 0.0197
vn -0.0020 -0.9999 0.0171
vn 0.0403 -0.9991 0.0096
vn 0.0409 -0.9992 -0.0005
vn -0.0055 -0.9999 0.0096
vn 0.1591 -0.9869 -0.0267
vn -0.0042 -1.0000 0.0073
vn -0.0021 -1.0000 0.0048
vn -0.0014 -0.9999 0.0158
vn -0.0010 -0.9999 0.0146
vn -0.0013 -1.0000 0.0035
vn -0.0004 -1.0000 0.0023
vn -0.0001 -0.9999 0.0136
vn -0.0003 -0.9999 0.0138
vn -0.0001 -0.9996 0.0268
vn 0.0002 -0.9927 0.1205
vn 0.0002 -0.9926 0.1214
vn -0.0001 -0.9927 0.1204
vn 0.0001 -0.9866 0.1631
vn -0.0009 -0.9775 0.2111
vn -0.0003 -0.9865 0.1636
vn 0.0003 -0.9776 0.2103
vn 0.0022 -0.9771 0.2127
vn 0.0005 -0.9865 0.1639
vn 0.0011 -0.9861 0.1660
vn 0.0027 -0.9764 0.2160
vn 0.0032 -0.9756 0.2196
vn 0.0007 -0.9858 0.1679
vn 0.0051 -0.9648 0.2628
vn 0.0080 -0.9620 0.2731
vn 0.0058 -0.9636 0.2672
vn 0.0037 -0.9747 0.2234
vn 0.0015 -0.9854 0.1700
vn 0.0074 -0.9499 0.3126
vn 0.0039 -0.9658 0.2591
vn 0.0098 -0.9474 0.3198
vn 0.0012 -0.9665 0.2566
vn -0.0013 -0.9670 0.2548
vn -0.0007 -0.9672 0.2539
vn -0.0008 -0.9772 0.2125
vn -0.0004 -0.9863 0.1648
vn 0.0206 -0.9159 0.4009
vn 0.0143 -0.9230 0.3846
vn 0.0122 -0.9446 0.3281
vn 0.0162 -0.9411 0.3377
vn 0.0229 -0.9087 0.4169
vn 0.0097 -0.9601 0.2795
vn 0.0257 -0.9029 0.4291
vn 0.0164 -0.9382 0.3456
vn 0.0109 -0.9586 0.2845
vn 0.0053 -0.9736 0.2281
vn 0.0013 -0.9850 0.1725
vn 0.0051 -0.9726 0.2323
vn 0.0003 -0.9925 0.1225
vn -0.0003 -0.9996 0.0276
vn 0.0451 -0.9732 0.2254
vn 0.0495 -0.9588 0.2796
vn 0.1565 -0.9539 0.2560
vn 0.1534 -0.9672 0.2025
vn 0.3638 -0.9099 0.1996
vn 0.1621 -0.9333 0.3204
vn 0.0559 -0.9385 0.3408
vn 0.1720 -0.8925 0.4171
vn 0.1886 -0.8167 0.5454
vn 0.0791 -0.8323 0.5487
vn 0.0643 -0.9002 0.4306
vn 0.2172 -0.6928 0.6876
vn 0.4271 -0.6234 0.6550
vn 0.1016 -0.7179 0.6886
vn 0.2546 -0.5404 0.8020
vn 0.1388 -0.5780 0.8042
vn 0.0857 -0.6029 0.7932
vn 0.0588 -0.7350 0.6755
vn 0.1108 -0.4843 0.8679
vn 0.1748 -0.4506 0.8755
vn 0.2877 -0.4079 0.8665
vn 0.1309 -0.3857 0.9133
vn 0.1176 -0.4094 0.9047
vn 0.1033 -0.5152 0.8508
vn 0.1886 -0.3562 0.9152
vn 0.0785 -0.6361 0.7676
vn 0.1942 -0.2666 0.9441
vn 0.1378 -0.3046 0.9425
vn 0.3072 -0.1962 0.9312
vn 0.3041 -0.3014 0.9037
vn 0.4928 -0.0662 0.8676
vn 0.3004 -0.0800 0.9504
vn 0.1928 -0.1865 0.9633
vn 0.1424 -0.1867 0.9720
vn 0.1428 -0.2359 0.9612
vn 0.1809 -0.1170 0.9765
vn 0.2719 0.0431 0.9614
vn 0.1602 -0.0895 0.9830
vn 0.1385 -0.1234 0.9827
vn 0.1407 -0.1500 0.9786
vn 0.1446 -0.0748 0.9867
vn 0.2079 0.0788 0.9750
vn 0.1659 0.0614 0.9842
vn 0.1286 -0.0667 0.9894
vn 0.1284 -0.1335 0.9827
vn 0.1082 -0.1332 0.9852
vn 0.1070 -0.0654 0.9921
vn 0.1357 0.0704 0.9882
vn 0.1079 0.0726 0.9915
vn 0.0852 -0.0700 0.9939
vn 0.0588 -0.0709 0.9957
vn 0.0590 -0.1280 0.9900
vn 0.0588 0.0575 0.9966
vn 0.0855 -0.1306 0.9877
vn 0.0849 0.0627 0.9944
vn 0.0547 0.3583 0.9320
vn 0.0392 0.0517 0.9979
vn 0.0387 -0.0758 0.9964
vn 0.0312 0.0454 0.9985
vn 0.0310 -0.0826 0.9961
vn 0.0381 -0.1297 0.9908
vn 0.0307 -0.1343 0.9905
vn 0.0266 -0.0800 0.9964
vn 0.0267 -0.1320 0.9909
vn 0.0192 -0.1293 0.9914
vn 0.0100 -0.1326 0.9911
vn 0.0193 -0.0763 0.9969
vn 0.0264 0.0487 0.9985
vn 0.0872 -0.1777 0.9802
vn 0.1118 -0.1783 0.9776
vn 0.1132 -0.2155 0.9699
vn 0.0890 -0.2193 0.9716
vn 0.0594 -0.1729 0.9832
vn 0.0888 -0.2701 0.9587
vn 0.0879 -0.3589 0.9292
vn 0.1089 -0.3394 0.9343
vn 0.1141 -0.2592 0.9591
vn 0.1314 -0.2472 0.9600
vn 0.1325 -0.2026 0.9703
vn 0.1294 -0.3187 0.9390
vn 0.1316 -0.1649 0.9775
vn 0.1019 -0.4388 0.8928
vn 0.0790 -0.4660 0.8813
vn 0.0852 -0.5524 0.8292
vn 0.0682 -0.5849 0.8083
vn 0.0528 -0.7028 0.7095
vn 0.0665 -0.6746 0.7352
vn 0.0478 -0.7844 0.6184
vn 0.0374 -0.8071 0.5892
vn 0.0304 -0.8672 0.4970
vn 0.0372 -0.8517 0.5227
vn 0.0537 -0.7587 0.6492
vn 0.0252 -0.8805 0.4734
vn 0.0370 -0.8393 0.5424
vn 0.2031 0.3190 0.9257
vn 0.0019 0.9988 0.0479
vn 0.0027 0.9989 0.0474
vn 0.9289 0.2934 -0.2259
vn 0.9261 0.3044 -0.2231
vn 0.9646 0.1495 -0.2174
vn 0.9623 0.1595 -0.2205
vn 0.9233 0.3132 -0.2221
vn 0.9221 0.3235 -0.2125
vn 0.9617 0.1703 -0.2147
vn 0.9775 0.0146 -0.2106
vn 0.9770 0.0044 -0.2132
vn -0.0008 -0.9967 -0.0815
vn -0.0006 -0.9991 -0.0428
vn -0.0004 -0.9536 0.3011
vn -0.0024 -0.9522 0.3056
vn -0.0039 -0.9658 0.2591
vn -0.0045 -0.9327 0.3606
vn -0.0022 -0.9350 0.3547
vn -0.3004 -0.0800 0.9504
vn -0.7020 -0.7073 -0.0828
vn -0.7033 -0.7030 -0.1054
vn -0.3639 -0.9308 -0.0357
vn -0.7056 -0.6986 -0.1186
vn -0.9161 -0.3610 -0.1742
vn -0.9158 -0.3693 -0.1581
vn -0.9182 -0.3529 -0.1798
vn -0.9678 -0.1532 -0.1999
vn -0.9664 -0.1632 -0.1988
vn -0.3655 -0.9295 -0.0492
vn -0.7085 -0.6943 -0.1267
vn -0.1544 -0.9879 -0.0140
vn -0.1528 -0.9882 -0.0035
vn -0.3675 -0.9282 -0.0589
vn -0.1591 -0.9869 -0.0267
vn -0.0403 -0.9991 0.0096
vn 0.0020 -0.9999 0.0171
vn -0.1679 -0.9843 -0.0547
vn -0.1625 -0.9826 -0.0903
vn -0.6916 -0.0138 -0.7222
vn -0.8271 -0.0093 -0.5619
vn -0.8273 0.0393 -0.5603
vn -0.6929 0.0286 -0.7205
vn -0.5074 -0.0242 -0.8614
vn -0.3096 -0.0378 -0.9501
vn -0.1384 -0.0466 -0.9893
vn -0.9123 -0.0058 -0.4094
vn -0.9117 0.0442 -0.4084
vn -0.9798 -0.0339 -0.1972
vn -0.9801 -0.0362 -0.1952
vn -0.9844 -0.0211 -0.1749
vn -0.9936 0.0260 -0.1098
vn -0.9944 0.1007 -0.0322
vn -0.0070 0.7560 0.6545
vn -0.0257 0.9989 -0.0387
vn -0.0257 0.9979 -0.0588
vn 0.1351 0.9864 -0.0933
vn 0.1345 0.9882 -0.0727
vn 0.1342 0.9894 -0.0562
vn -0.0258 0.9994 -0.0228
vn -0.0179 0.9995 -0.0245
vn -0.0178 0.9990 -0.0404
vn -0.0177 0.9980 -0.0605
vn 0.2916 0.9506 -0.1063
vn -0.0254 0.9996 -0.0126
vn 0.1363 0.9896 -0.0461
vn 0.2908 0.9526 -0.0889
vn 0.2941 0.9525 -0.0788
vn 0.1427 0.9888 -0.0429
vn 0.3017 0.9502 -0.0780
vn -0.0247 0.9997 -0.0037
vn -0.0286 0.9995 0.0123
vn 0.3073 0.9475 -0.0883
vn 0.1473 0.9881 -0.0437
vn 0.1405 0.9889 -0.0483
vn 0.2917 0.9500 -0.1119
vn 0.2681 0.9501 -0.1594
vn 0.1326 0.9890 -0.0661
vn -0.0293 0.9991 0.0304
vn -0.0244 0.9989 0.0391
vn 0.1344 0.9853 -0.1053
vn -0.0184 0.9988 0.0451
vn -0.0134 0.9991 0.0405
vn -0.0205 0.9991 0.0367
vn -0.0224 0.9994 0.0262
vn -0.0144 0.9994 0.0326
vn -0.0085 0.9997 0.0215
vn -0.0190 0.9998 0.0087
vn -0.0040 1.0000 0.0055
vn -0.0028 0.9997 0.0226
vn 0.0038 1.0000 0.0085
vn 0.0028 1.0000 0.0054
vn 0.0034 0.9997 0.0243
vn 0.0024 0.9994 0.0346
vn -0.0068 0.9995 0.0322
vn 0.0030 1.0000 -0.0071
vn -0.0023 1.0000 -0.0081
vn -0.0047 0.9999 -0.0159
vn 0.0005 0.9999 -0.0156
vn 0.0021 1.0000 -0.0048
vn 0.0010 0.9999 -0.0146
vn 0.0013 1.0000 -0.0035
vn -0.0006 0.9996 -0.0274
vn -0.0000 0.9996 -0.0270
vn 0.0003 0.9999 -0.0137
vn 0.0001 0.9996 -0.0268
vn 0.0001 0.9999 -0.0136
vn -0.0000 0.9996 -0.0267
vn -0.0000 0.9990 -0.0441
vn -0.0000 0.9979 -0.0643
vn -0.0000 0.9961 -0.0882
vn -0.0002 0.9927 -0.1210
vn -0.0000 0.9927 -0.1205
vn -0.0001 0.9928 -0.1201
vn -0.0000 0.9961 -0.0883
vn -0.0011 0.9862 -0.1657
vn -0.0000 0.9928 -0.1198
vn -0.0001 0.9867 -0.1628
vn -0.0005 0.9865 -0.1637
vn -0.0022 0.9772 -0.2125
vn -0.0003 0.9777 -0.2101
vn -0.0012 0.9666 -0.2563
vn -0.0050 0.9650 -0.2624
vn -0.0026 0.9764 -0.2157
vn -0.0039 0.9660 -0.2587
vn -0.0031 0.9757 -0.2193
vn -0.0057 0.9638 -0.2666
vn -0.0079 0.9621 -0.2724
vn -0.0015 0.9855 -0.1697
vn -0.0007 0.9858 -0.1676
vn -0.0037 0.9748 -0.2230
vn -0.0059 0.9737 -0.2277
vn -0.0102 0.9603 -0.2787
vn -0.0165 0.9417 -0.3359
vn -0.0122 0.9452 -0.3264
vn -0.0096 0.9479 -0.3183
vn -0.0203 0.9172 -0.3979
vn -0.0141 0.9241 -0.3819
vn -0.0073 0.9502 -0.3114
vn -0.0114 0.9288 -0.3703
vn -0.0055 0.9514 -0.3079
vn -0.0246 0.8824 -0.4698
vn -0.0072 0.9316 -0.3634
vn -0.0111 0.8982 -0.4394
vn -0.0166 0.8931 -0.4496
vn -0.0044 0.9332 -0.3592
vn -0.0065 0.9017 -0.4322
vn -0.0043 0.9047 -0.4260
vn -0.0021 0.9354 -0.3536
vn -0.0003 0.9538 -0.3005
vn -0.0023 0.9524 -0.3049
vn 0.0013 0.9671 -0.2545
vn 0.0007 0.9673 -0.2537
vn -0.0009 0.9372 -0.3488
vn 0.0004 0.9551 -0.2964
vn -0.0003 0.9381 -0.3464
vn -0.0008 0.9083 -0.4182
vn -0.0023 0.9072 -0.4206
vn -0.0000 0.9554 -0.2952
vn 0.0003 0.9674 -0.2534
vn -0.0000 0.9674 -0.2534
vn -0.0000 0.9555 -0.2950
vn -0.0000 0.9382 -0.3461
vn -0.0000 0.9087 -0.4174
vn 0.0008 0.9083 -0.4182
vn 0.0003 0.9381 -0.3464
vn 0.0009 0.9372 -0.3488
vn -0.0004 0.9551 -0.2964
vn -0.0003 0.9674 -0.2534
vn -0.0007 0.9673 -0.2537
vn 0.0003 0.9538 -0.3005
vn -0.0013 0.9671 -0.2545
vn 0.0012 0.9666 -0.2563
vn 0.0023 0.9524 -0.3049
vn 0.0021 0.9354 -0.3536
vn 0.0044 0.9332 -0.3592
vn 0.0055 0.9514 -0.3079
vn 0.0072 0.9316 -0.3634
vn 0.0111 0.8982 -0.4394
vn 0.0065 0.9017 -0.4322
vn 0.0043 0.9047 -0.4260
vn 0.0107 0.8445 -0.5354
vn 0.0066 0.8498 -0.5271
vn 0.0023 0.9072 -0.4206
vn 0.0038 0.8529 -0.5220
vn 0.0099 0.7638 -0.6454
vn 0.0056 0.7689 -0.6393
vn 0.0025 0.7723 -0.6352
vn 0.0014 0.8550 -0.5186
vn -0.0000 0.8556 -0.5176
vn -0.0000 0.7740 -0.6332
vn -0.0025 0.7723 -0.6352
vn -0.0014 0.8550 -0.5186
vn -0.0082 0.6487 -0.7610
vn -0.0056 0.7689 -0.6393
vn -0.0039 0.6544 -0.7561
vn -0.0000 0.6566 -0.7543
vn -0.0038 0.8529 -0.5220
vn -0.0099 0.7638 -0.6454
vn -0.0066 0.8498 -0.5271
vn -0.0210 0.6330 -0.7739
vn -0.0156 0.7564 -0.6539
vn -0.0136 0.6417 -0.7668
vn -0.0107 0.8445 -0.5354
vn -0.0249 0.7437 -0.6681
vn -0.0267 0.8258 -0.5634
vn -0.0159 0.8374 -0.5464
vn -0.0381 0.7272 -0.6853
vn -0.0491 0.6073 -0.7929
vn -0.0343 0.6229 -0.7816
vn -0.0378 0.4906 -0.8706
vn -0.0256 0.4938 -0.8692
vn -0.0274 0.3676 -0.9296
vn -0.0398 0.3672 -0.9293
vn -0.0610 0.3675 -0.9280
vn -0.0585 0.4848 -0.8726
vn -0.0789 0.4648 -0.8819
vn -0.0853 0.5507 -0.8303
vn -0.0678 0.5843 -0.8087
vn -0.1020 0.4364 -0.8940
vn -0.1090 0.3371 -0.9351
vn -0.0877 0.3570 -0.9300
vn -0.1191 0.4058 -0.9062
vn -0.1307 0.3156 -0.9399
vn -0.1325 0.2451 -0.9604
vn -0.0888 0.2690 -0.9590
vn -0.1141 0.2577 -0.9595
vn -0.1334 0.2011 -0.9704
vn -0.1477 0.1746 -0.9735
vn -0.1132 0.2160 -0.9698
vn -0.1447 0.2990 -0.9432
vn -0.1484 0.2300 -0.9618
vn -0.1325 0.1566 -0.9787
vn -0.0890 0.2198 -0.9715
vn -0.0875 0.1737 -0.9809
vn -0.1118 0.1723 -0.9787
vn -0.0859 0.1181 -0.9893
vn -0.1084 0.1135 -0.9876
vn -0.0593 0.1209 -0.9909
vn -0.0605 0.2170 -0.9743
vn -0.0593 0.1701 -0.9836
vn -0.0620 0.2722 -0.9602
vn -0.0383 0.2111 -0.9767
vn -0.0382 0.1686 -0.9849
vn -0.0391 0.2673 -0.9628
vn -0.0297 0.2118 -0.9769
vn -0.0288 0.2668 -0.9633
vn -0.0231 0.2802 -0.9597
vn -0.0261 0.2209 -0.9750
vn -0.0178 0.2322 -0.9725
vn -0.0162 0.2961 -0.9550
vn -0.0136 0.3896 -0.9209
vn -0.0198 0.3770 -0.9260
vn -0.0170 0.5016 -0.8649
vn -0.0109 0.5108 -0.8596
vn -0.0056 0.5176 -0.8556
vn -0.0071 0.3979 -0.9174
vn -0.0000 0.4003 -0.9164
vn -0.0000 0.5211 -0.8535
vn 0.0056 0.5176 -0.8556
vn 0.0039 0.6544 -0.7561
vn 0.0082 0.6487 -0.7610
vn 0.0109 0.5108 -0.8596
vn 0.0136 0.3896 -0.9209
vn 0.0071 0.3979 -0.9174
vn 0.0082 0.3040 -0.9526
vn 0.0162 0.2961 -0.9550
vn 0.0178 0.2322 -0.9725
vn -0.0000 0.2412 -0.9705
vn -0.0000 0.3064 -0.9519
vn 0.0092 0.2393 -0.9709
vn 0.0096 0.1776 -0.9841
vn 0.0191 0.1730 -0.9847
vn 0.0192 0.1220 -0.9923
vn -0.0000 0.1807 -0.9835
vn 0.0100 0.1257 -0.9920
vn -0.0000 0.1296 -0.9916
vn -0.0000 0.1066 -0.9943
vn -0.0103 0.1021 -0.9947
vn -0.0100 0.1259 -0.9920
vn 0.0103 0.1021 -0.9947
vn -0.0096 0.1776 -0.9841
vn -0.0000 0.0990 -0.9951
vn 0.0106 0.0943 -0.9955
vn 0.0192 0.0899 -0.9958
vn 0.0192 0.0977 -0.9950
vn 0.0263 0.1031 -0.9943
vn 0.0260 0.0959 -0.9951
vn 0.0187 0.2439 -0.9696
vn 0.0105 0.2481 -0.9687
vn 0.0251 0.2494 -0.9681
vn 0.0310 0.1004 -0.9945
vn 0.0302 0.2534 -0.9669
vn 0.0387 0.2466 -0.9684
vn 0.0395 0.0931 -0.9949
vn 0.0309 0.1078 -0.9937
vn 0.0389 0.1006 -0.9942
vn 0.0307 0.1298 -0.9911
vn 0.0382 0.1247 -0.9915
vn 0.0382 0.1686 -0.9849
vn 0.0305 0.1705 -0.9849
vn 0.0267 0.1261 -0.9917
vn 0.0264 0.1715 -0.9848
vn 0.0297 0.2118 -0.9769
vn 0.0261 0.2209 -0.9750
vn 0.0231 0.2802 -0.9597
vn 0.0288 0.2668 -0.9633
vn 0.0391 0.2673 -0.9628
vn 0.0383 0.2110 -0.9767
vn 0.0274 0.3676 -0.9296
vn 0.0398 0.3672 -0.9293
vn 0.0378 0.4906 -0.8706
vn 0.0198 0.3770 -0.9260
vn 0.0170 0.5016 -0.8649
vn 0.0256 0.4938 -0.8692
vn 0.0210 0.6330 -0.7739
vn 0.0249 0.7437 -0.6681
vn 0.0343 0.6229 -0.7816
vn 0.0156 0.7564 -0.6539
vn 0.0136 0.6417 -0.7668
vn 0.0159 0.8374 -0.5464
vn 0.0491 0.6073 -0.7929
vn 0.0381 0.7272 -0.6853
vn 0.0267 0.8258 -0.5634
vn 0.0246 0.8824 -0.4698
vn 0.0368 0.8098 -0.5856
vn 0.0524 0.7043 -0.7080
vn 0.0166 0.8931 -0.4496
vn 0.0853 0.5507 -0.8303
vn 0.0678 0.5843 -0.8087
vn 0.0474 0.7868 -0.6154
vn 0.0663 0.6754 -0.7344
vn 0.0798 0.6350 -0.7684
vn 0.1045 0.5115 -0.8529
vn 0.1191 0.4058 -0.9062
vn 0.0789 0.4648 -0.8819
vn 0.1020 0.4364 -0.8940
vn 0.1090 0.3371 -0.9351
vn 0.1307 0.3156 -0.9399
vn 0.1325 0.2451 -0.9604
vn 0.0888 0.2690 -0.9590
vn 0.0877 0.3570 -0.9300
vn 0.1141 0.2577 -0.9595
vn 0.1447 0.2990 -0.9432
vn 0.1484 0.2300 -0.9618
vn 0.1477 0.1746 -0.9735
vn 0.1334 0.2011 -0.9704
vn 0.1132 0.2160 -0.9698
vn 0.1382 0.3782 -0.9153
vn 0.1643 0.3586 -0.9189
vn 0.1721 0.2775 -0.9452
vn 0.1696 0.2083 -0.9632
vn 0.1830 0.1964 -0.9633
vn 0.1738 0.1328 -0.9758
vn 0.1882 0.2681 -0.9448
vn 0.1635 0.1473 -0.9755
vn 0.1853 0.3449 -0.9202
vn 0.0164 0.4167 -0.9089
vn 0.0202 0.3721 -0.9280
vn 0.0206 0.3559 -0.9343
vn 0.1660 0.4356 -0.8847
vn 0.0017 0.4811 -0.8767
vn 0.1132 0.5737 -0.8112
vn 0.1291 0.5592 -0.8189
vn -0.0351 0.5882 -0.8080
vn 0.1486 0.4471 -0.8820
vn 0.1170 0.4755 -0.8719
vn 0.0917 0.5980 -0.7963
vn 0.0642 0.7332 -0.6770
vn 0.0525 0.8324 -0.5517
vn 0.0777 0.7169 -0.6929
vn 0.0545 0.7603 -0.6473
vn 0.0375 0.8535 -0.5198
vn 0.0408 0.8402 -0.5408
vn 0.0288 0.9040 -0.4265
vn 0.0195 0.9390 -0.3434
vn 0.0277 0.9383 -0.3447
vn 0.0345 0.9009 -0.4327
vn 0.0165 0.9417 -0.3359
vn 0.0232 0.9101 -0.4137
vn 0.0102 0.9603 -0.2787
vn 0.0145 0.9590 -0.2832
vn 0.0079 0.9621 -0.2724
vn 0.0122 0.9452 -0.3264
vn 0.0203 0.9172 -0.3979
vn 0.0096 0.9479 -0.3183
vn 0.0141 0.9241 -0.3819
vn 0.0114 0.9288 -0.3703
vn 0.0073 0.9502 -0.3114
vn 0.0050 0.9650 -0.2624
vn 0.0057 0.9638 -0.2666
vn 0.0031 0.9757 -0.2193
vn 0.0026 0.9764 -0.2157
vn 0.0022 0.9772 -0.2125
vn 0.0039 0.9660 -0.2587
vn 0.0005 0.9865 -0.1637
vn 0.0011 0.9862 -0.1657
vn 0.0001 0.9867 -0.1628
vn 0.0003 0.9777 -0.2101
vn -0.0009 0.9775 -0.2109
vn -0.0009 0.9772 -0.2124
vn -0.0004 0.9863 -0.1647
vn -0.0003 0.9866 -0.1634
vn -0.0001 0.9928 -0.1200
vn -0.0000 0.9927 -0.1204
vn -0.0001 0.9927 -0.1206
vn -0.0000 0.9961 -0.0884
vn -0.0000 0.9862 -0.1653
vn -0.0000 0.9927 -0.1207
vn -0.0001 0.9862 -0.1653
vn 0.0001 0.9927 -0.1206
vn 0.0004 0.9863 -0.1647
vn 0.0001 0.9862 -0.1653
vn 0.0002 0.9771 -0.2129
vn 0.0009 0.9772 -0.2124
vn 0.0009 0.9775 -0.2109
vn 0.0001 0.9928 -0.1200
vn 0.0003 0.9866 -0.1634
vn -0.0000 0.9996 -0.0266
vn -0.0000 0.9999 -0.0133
vn 0.0001 1.0000 -0.0017
vn 0.0001 1.0000 -0.0018
vn 0.0003 0.9999 0.0158
vn 0.0001 1.0000 -0.0015
vn 0.0002 0.9999 0.0162
vn 0.0002 0.9999 0.0165
vn 0.0003 0.9993 0.0361
vn 0.0001 0.9999 0.0167
vn -0.0000 1.0000 -0.0014
vn 0.0004 0.9994 0.0357
vn 0.0006 0.9994 0.0351
vn 0.0008 0.9990 0.0437
vn 0.0009 0.9990 0.0443
vn 0.0006 0.9994 0.0345
vn 0.0006 0.9990 0.0450
vn 0.0012 0.9994 0.0339
vn 0.0017 0.9991 0.0432
vn 0.0048 0.9991 0.0415
vn 0.0005 0.9999 0.0155
vn 0.0020 0.9999 0.0140
vn 0.0036 0.9995 0.0328
vn 0.0075 0.9992 0.0395
vn 0.0082 0.9990 0.0433
vn 0.0058 0.9996 0.0286
vn 0.0076 0.9993 0.0378
vn 0.0050 0.9989 0.0475
vn 0.0017 0.9988 0.0487
vn 0.0027 0.9999 0.0119
vn 0.0025 0.9986 0.0527
vn 0.0018 0.9986 0.0526
vn 0.0010 0.9986 0.0529
vn 0.0010 0.9988 0.0490
vn 0.0025 0.9987 0.0512
vn 0.0068 0.9990 0.0440
vn 0.0063 0.9988 0.0477
vn 0.0048 0.9987 0.0509
vn 0.0699 0.9891 -0.1298
vn 0.0072 0.9934 -0.1144
vn 0.0307 0.9922 -0.1206
vn -0.0033 0.9989 0.0468
vn 0.1825 0.9399 -0.2884
vn 0.1065 0.9534 -0.2822
vn 0.0475 0.9608 -0.2732
vn 0.1163 0.9840 -0.1353
vn -0.0003 0.9991 0.0417
vn 0.2458 0.9391 -0.2403
vn 0.0116 0.9623 -0.2718
vn 0.0011 0.9628 -0.2702
vn 0.0011 0.9628 -0.2701
vn 0.0011 0.9939 -0.1098
vn 0.0011 0.9939 -0.1101
vn 0.0008 0.9631 -0.2690
vn 0.0009 0.9941 -0.1087
vn 0.0010 0.9986 0.0535
vn 0.0008 0.9985 0.0541
vn 0.0010 0.9986 0.0536
vn 0.0010 0.9985 0.0538
vn 0.0006 0.9985 0.0538
vn 0.0007 0.9985 0.0547
vn 0.0005 0.9941 -0.1087
vn 0.0005 0.9985 0.0545
vn 0.0005 0.9631 -0.2690
vn -0.0000 0.9631 -0.2690
vn -0.0000 0.9985 0.0548
vn -0.0000 0.9941 -0.1085
vn 0.0003 0.9985 0.0547
vn -0.0003 0.9985 0.0547
vn -0.0003 0.9985 0.0544
vn -0.0005 0.9941 -0.1087
vn -0.0005 0.9985 0.0544
vn -0.0009 0.9941 -0.1087
vn -0.0008 0.9985 0.0541
vn -0.0008 0.9631 -0.2690
vn -0.0005 0.9631 -0.2690
vn -0.0010 0.9985 0.0538
vn -0.0007 0.9985 0.0538
vn -0.0010 0.9986 0.0536
vn -0.0011 0.9939 -0.1098
vn -0.0010 0.9986 0.0535
vn -0.0007 0.9985 0.0544
vn -0.0011 0.9939 -0.1101
vn -0.0010 0.9986 0.0529
vn -0.0011 0.9628 -0.2702
vn -0.0011 0.9628 -0.2701
vn -0.0017 0.9988 0.0487
vn -0.0010 0.9988 0.0490
vn -0.0011 0.9986 0.0528
vn -0.0018 0.9986 0.0526
vn -0.0072 0.9934 -0.1144
vn -0.0011 0.9986 0.0536
vn -0.0307 0.9922 -0.1206
vn -0.0048 0.9987 0.0509
vn -0.0475 0.9608 -0.2732
vn -0.0116 0.9623 -0.2718
vn -0.0068 0.9990 0.0440
vn -0.0050 0.9989 0.0475
vn -0.0025 0.9987 0.0512
vn -0.0063 0.9988 0.0477
vn -0.0699 0.9891 -0.1298
vn -0.0025 0.9986 0.0527
vn -0.1163 0.9840 -0.1353
vn 0.0033 0.9989 0.0468
vn -0.1826 0.9399 -0.2884
vn -0.1065 0.9534 -0.2822
vn 0.0003 0.9991 0.0417
vn 0.0134 0.9991 0.0405
vn -0.1344 0.9853 -0.1053
vn 0.0184 0.9988 0.0451
vn -0.0024 0.9994 0.0346
vn 0.0068 0.9995 0.0322
vn 0.0144 0.9994 0.0326
vn 0.0205 0.9991 0.0367
vn 0.0244 0.9989 0.0391
vn 0.0224 0.9994 0.0262
vn 0.0293 0.9991 0.0304
vn -0.1411 0.9888 -0.0486
vn -0.1326 0.9890 -0.0661
vn 0.0286 0.9995 0.0123
vn -0.1473 0.9881 -0.0437
vn -0.3073 0.9475 -0.0883
vn -0.2681 0.9501 -0.1594
vn -0.2928 0.9496 -0.1124
vn -0.1427 0.9888 -0.0429
vn -0.3017 0.9502 -0.0780
vn -0.2941 0.9525 -0.0788
vn -0.1342 0.9894 -0.0562
vn -0.1363 0.9896 -0.0461
vn -0.2909 0.9526 -0.0889
vn -0.2905 0.9510 -0.1061
vn -0.1351 0.9864 -0.0933
vn -0.1342 0.9883 -0.0727
vn -0.2916 0.9482 -0.1264
vn -0.2924 0.9449 -0.1475
vn -0.1348 0.9796 -0.1494
vn -0.1358 0.9839 -0.1165
vn -0.2915 0.9397 -0.1790
vn -0.2921 0.9283 -0.2300
vn -0.1339 0.9564 -0.2596
vn -0.1345 0.9703 -0.2011
vn -0.2911 0.9130 -0.2858
vn -0.2872 0.8974 -0.3351
vn -0.1293 0.9200 -0.3699
vn -0.1310 0.9409 -0.3124
vn -0.2828 0.8782 -0.3858
vn -0.2731 0.8523 -0.4460
vn -0.1047 0.8264 -0.5533
vn -0.1253 0.8859 -0.4467
vn -0.2529 0.8064 -0.5346
vn -0.2239 0.7224 -0.6543
vn -0.0731 0.7200 -0.6901
vn -0.1894 0.6086 -0.7706
vn -0.1568 0.5202 -0.8395
vn -0.1407 0.4697 -0.8716
vn -0.1327 0.4454 -0.8855
vn -0.1231 0.4474 -0.8858
vn -0.0899 0.4801 -0.8726
vn 0.0764 0.3045 -0.9494
vn 0.0406 0.3555 -0.9338
vn -0.0103 0.4653 -0.8851
vn 0.0606 0.4296 -0.9010
vn 0.1081 0.2577 -0.9602
vn 0.0997 0.2718 -0.9572
vn 0.0954 0.4257 -0.8998
vn 0.0947 0.4355 -0.8952
vn 0.0836 0.2521 -0.9641
vn 0.1025 0.2544 -0.9617
vn 0.0767 0.4203 -0.9041
vn 0.0554 0.3956 -0.9167
vn 0.0587 0.2434 -0.9682
vn 0.0370 0.3936 -0.9185
vn 0.0286 0.4000 -0.9161
vn 0.0237 0.3966 -0.9177
vn 0.0177 0.3918 -0.9199
vn 0.0101 0.3958 -0.9183
vn 0.0001 0.3986 -0.9171
vn -0.0100 0.3955 -0.9184
vn -0.0105 0.2477 -0.9688
vn -0.0000 0.2521 -0.9677
vn -0.0177 0.3916 -0.9200
vn -0.0187 0.2437 -0.9697
vn -0.0251 0.2495 -0.9681
vn -0.0237 0.3967 -0.9177
vn -0.0302 0.2534 -0.9669
vn -0.0310 0.1004 -0.9945
vn -0.0286 0.4000 -0.9161
vn -0.0192 0.0899 -0.9958
vn -0.0260 0.0958 -0.9951
vn -0.0263 0.1031 -0.9943
vn -0.0193 0.0977 -0.9950
vn -0.0192 0.1220 -0.9923
vn -0.0267 0.1261 -0.9917
vn -0.0307 0.1298 -0.9911
vn -0.0309 0.1078 -0.9937
vn -0.0389 0.1006 -0.9942
vn -0.0395 0.0931 -0.9949
vn -0.0595 0.0851 -0.9946
vn -0.0382 0.1247 -0.9915
vn -0.0593 0.0933 -0.9939
vn -0.0387 0.2466 -0.9683
vn -0.0860 0.0854 -0.9926
vn -0.0587 0.2436 -0.9681
vn -0.0836 0.2521 -0.9641
vn -0.0859 0.0759 -0.9934
vn -0.1070 0.0728 -0.9916
vn -0.1059 0.0631 -0.9924
vn -0.1235 0.0675 -0.9900
vn -0.1255 0.0757 -0.9892
vn -0.1081 0.2577 -0.9602
vn -0.1025 0.2544 -0.9617
vn -0.1393 0.0851 -0.9866
vn -0.0997 0.2719 -0.9572
vn -0.0606 0.4296 -0.9010
vn -0.0954 0.4257 -0.8998
vn -0.0947 0.4355 -0.8952
vn -0.1559 0.0971 -0.9830
vn -0.1529 0.1101 -0.9821
vn -0.1408 0.0889 -0.9860
vn -0.0764 0.3045 -0.9494
vn -0.1738 0.1328 -0.9758
vn -0.1635 0.1473 -0.9755
vn -0.1696 0.2083 -0.9632
vn -0.1830 0.1964 -0.9633
vn -0.0406 0.3555 -0.9338
vn -0.0206 0.3559 -0.9343
vn -0.1882 0.2681 -0.9448
vn -0.0202 0.3721 -0.9280
vn -0.0164 0.4167 -0.9089
vn -0.1853 0.3449 -0.9202
vn -0.1643 0.3586 -0.9189
vn -0.1721 0.2775 -0.9452
vn -0.1660 0.4356 -0.8847
vn -0.1382 0.3782 -0.9153
vn -0.1170 0.4755 -0.8719
vn -0.1486 0.4471 -0.8820
vn -0.1132 0.5737 -0.8112
vn -0.0917 0.5980 -0.7963
vn -0.0798 0.6350 -0.7684
vn -0.1045 0.5115 -0.8529
vn -0.0663 0.6754 -0.7344
vn -0.0545 0.7603 -0.6473
vn -0.0474 0.7868 -0.6154
vn -0.0642 0.7332 -0.6770
vn -0.0524 0.7043 -0.7080
vn -0.0368 0.8098 -0.5856
vn -0.0777 0.7169 -0.6929
vn -0.0525 0.8324 -0.5517
vn -0.0408 0.8402 -0.5408
vn -0.0375 0.8535 -0.5198
vn -0.0288 0.9040 -0.4265
vn -0.0232 0.9101 -0.4137
vn -0.0299 0.8692 -0.4935
vn -0.0345 0.9009 -0.4327
vn -0.0277 0.9383 -0.3447
vn -0.0195 0.9390 -0.3434
vn -0.0233 0.9585 -0.2843
vn -0.0145 0.9590 -0.2832
vn -0.0300 0.9586 -0.2833
vn -0.0403 0.8997 -0.4347
vn -0.0329 0.9378 -0.3456
vn 0.1294 0.9200 -0.3699
vn 0.1310 0.9409 -0.3123
vn -0.0277 0.9729 -0.2294
vn -0.0204 0.9730 -0.2300
vn 0.1339 0.9564 -0.2596
vn -0.0273 0.9850 -0.1702
vn 0.1345 0.9703 -0.2011
vn 0.1348 0.9796 -0.1494
vn -0.0268 0.9927 -0.1178
vn -0.0182 0.9927 -0.1192
vn -0.0187 0.9850 -0.1717
vn -0.0069 0.9849 -0.1729
vn -0.0055 0.9926 -0.1216
vn -0.0010 0.9925 -0.1219
vn -0.0019 0.9851 -0.1721
vn -0.0095 0.9729 -0.2311
vn -0.0055 0.9962 -0.0871
vn -0.0177 0.9963 -0.0846
vn -0.0056 0.9980 -0.0631
vn -0.0008 0.9961 -0.0881
vn -0.0008 0.9979 -0.0641
vn -0.0000 0.9926 -0.1215
vn -0.0058 0.9991 -0.0430
vn -0.0008 0.9990 -0.0440
vn -0.0060 0.9996 -0.0268
vn -0.0260 0.9962 -0.0830
vn 0.1358 0.9839 -0.1165
vn 0.2924 0.9448 -0.1475
vn 0.2915 0.9397 -0.1790
vn 0.2916 0.9482 -0.1264
vn 0.2921 0.9283 -0.2300
vn 0.2911 0.9130 -0.2858
vn 0.2872 0.8974 -0.3351
vn 0.2828 0.8782 -0.3858
vn 0.2731 0.8523 -0.4461
vn 0.1254 0.8859 -0.4467
vn 0.1047 0.8264 -0.5533
vn 0.2530 0.8064 -0.5346
vn 0.2239 0.7224 -0.6543
vn 0.0731 0.7200 -0.6901
vn 0.0351 0.5882 -0.8080
vn 0.1894 0.6086 -0.7706
vn 0.1568 0.5202 -0.8395
vn -0.0017 0.4811 -0.8767
vn 0.1407 0.4697 -0.8716
vn 0.1327 0.4453 -0.8855
vn 0.1231 0.4474 -0.8858
vn 0.0899 0.4801 -0.8726
vn 0.0103 0.4653 -0.8851
vn -0.0890 0.7090 -0.6996
vn -0.0583 0.8279 -0.5578
vn -0.1292 0.5592 -0.8189
vn -0.1404 0.0990 -0.9851
vn -0.1450 0.1300 -0.9809
vn -0.1287 0.1109 -0.9855
vn -0.0767 0.4202 -0.9042
vn -0.0554 0.3957 -0.9167
vn -0.0370 0.3937 -0.9185
vn -0.0264 0.1715 -0.9848
vn -0.0305 0.1705 -0.9849
vn -0.0192 0.1730 -0.9847
vn -0.0107 0.0940 -0.9955
vn 0.0595 0.0850 -0.9946
vn 0.0593 0.0934 -0.9939
vn 0.0860 0.0854 -0.9926
vn 0.0859 0.0759 -0.9934
vn 0.0593 0.1209 -0.9909
vn 0.0859 0.1181 -0.9893
vn 0.0875 0.1737 -0.9809
vn 0.0593 0.1702 -0.9836
vn 0.0605 0.2171 -0.9743
vn 0.0890 0.2198 -0.9715
vn 0.1084 0.1135 -0.9876
vn 0.1118 0.1723 -0.9787
vn 0.1325 0.1566 -0.9787
vn 0.1450 0.1300 -0.9809
vn 0.1404 0.0990 -0.9851
vn 0.1287 0.1109 -0.9855
vn 0.1529 0.1101 -0.9821
vn 0.1408 0.0889 -0.9860
vn 0.1255 0.0757 -0.9892
vn 0.1070 0.0728 -0.9916
vn 0.1059 0.0631 -0.9924
vn 0.1235 0.0675 -0.9900
vn 0.1393 0.0851 -0.9866
vn 0.1559 0.0971 -0.9830
vn 0.0620 0.2722 -0.9602
vn 0.0610 0.3675 -0.9280
vn 0.0585 0.4848 -0.8726
vn 0.0890 0.7090 -0.6996
vn 0.0583 0.8279 -0.5578
vn 0.0403 0.8997 -0.4347
vn 0.0329 0.9378 -0.3456
vn 0.0300 0.9586 -0.2833
vn 0.0233 0.9585 -0.2843
vn 0.0204 0.9730 -0.2300
vn 0.0277 0.9729 -0.2294
vn 0.0273 0.9850 -0.1702
vn 0.0182 0.9927 -0.1192
vn 0.0268 0.9927 -0.1178
vn 0.0187 0.9850 -0.1717
vn 0.0069 0.9849 -0.1729
vn 0.0055 0.9926 -0.1216
vn 0.0010 0.9925 -0.1219
vn 0.0019 0.9851 -0.1721
vn 0.0095 0.9729 -0.2311
vn 0.0059 0.9737 -0.2277
vn 0.0015 0.9855 -0.1697
vn 0.0002 0.9927 -0.1210
vn 0.0007 0.9858 -0.1676
vn 0.0037 0.9748 -0.2230
vn 0.0001 0.9928 -0.1201
vn -0.0001 0.9999 -0.0136
vn -0.0013 1.0000 -0.0035
vn -0.0003 0.9999 -0.0137
vn -0.0001 0.9996 -0.0268
vn -0.0004 1.0000 -0.0023
vn -0.0002 1.0000 -0.0020
vn -0.0001 1.0000 -0.0018
vn -0.0003 0.9999 0.0158
vn -0.0005 0.9999 0.0155
vn -0.0020 0.9999 0.0140
vn -0.0027 0.9999 0.0119
vn -0.0058 0.9996 0.0287
vn -0.0012 0.9994 0.0339
vn -0.0036 0.9995 0.0328
vn -0.0008 0.9990 0.0437
vn -0.0017 0.9991 0.0432
vn -0.0006 0.9994 0.0345
vn -0.0048 0.9991 0.0415
vn -0.0076 0.9993 0.0378
vn -0.0006 0.9994 0.0351
vn -0.0004 0.9994 0.0357
vn -0.0006 0.9990 0.0450
vn -0.0002 0.9999 0.0165
vn -0.0009 0.9990 0.0443
vn -0.0002 0.9999 0.0162
vn -0.0001 1.0000 -0.0017
vn -0.0001 1.0000 -0.0015
vn -0.0000 0.9999 0.0168
vn -0.0001 0.9999 0.0167
vn -0.0000 0.9999 -0.0132
vn -0.0003 0.9993 0.0361
vn -0.0000 0.9993 0.0363
vn -0.0004 0.9990 0.0455
vn -0.0000 0.9990 0.0457
vn 0.0004 0.9990 0.0455
vn 0.0004 0.9987 0.0508
vn -0.0000 0.9987 0.0510
vn -0.0004 0.9987 0.0507
vn -0.0010 0.9988 0.0497
vn -0.0008 0.9987 0.0502
vn -0.0038 1.0000 0.0085
vn -0.0034 0.9997 0.0243
vn 0.0028 0.9997 0.0226
vn 0.0085 0.9997 0.0215
vn 0.0040 1.0000 0.0055
vn -0.0028 1.0000 0.0054
vn 0.0190 0.9998 0.0087
vn -0.0030 1.0000 -0.0071
vn 0.0163 0.9999 -0.0054
vn 0.0023 1.0000 -0.0081
vn 0.0047 0.9999 -0.0159
vn 0.0060 0.9996 -0.0268
vn 0.0006 0.9996 -0.0274
vn -0.0005 0.9999 -0.0156
vn 0.0174 0.9997 -0.0141
vn 0.0179 0.9995 -0.0245
vn -0.0010 0.9999 -0.0146
vn -0.0021 1.0000 -0.0048
vn 0.0008 0.9990 -0.0440
vn 0.0008 0.9979 -0.0641
vn 0.0055 0.9962 -0.0871
vn 0.0008 0.9961 -0.0881
vn 0.0056 0.9980 -0.0631
vn 0.0058 0.9991 -0.0430
vn 0.0177 0.9980 -0.0605
vn 0.0178 0.9990 -0.0404
vn 0.0255 0.9989 -0.0387
vn 0.0257 0.9979 -0.0588
vn 0.0177 0.9963 -0.0846
vn 0.0260 0.9962 -0.0830
vn 0.0258 0.9994 -0.0228
vn 0.0254 0.9996 -0.0126
vn 0.0247 0.9997 -0.0037
vn -0.2458 0.9391 -0.2403
vn 0.0008 0.9987 0.0502
vn 0.0010 0.9988 0.0497
vn 0.0011 0.9986 0.0536
vn 0.0011 0.9986 0.0528
vn 0.0004 1.0000 -0.0023
vn 0.0002 1.0000 -0.0020
vn -0.0000 0.9771 -0.2130
vn -0.0002 0.9771 -0.2129
vn 0.0299 0.8692 -0.4935
vn -0.0092 0.2393 -0.9709
vn -0.0082 0.3040 -0.9526
vn -0.0163 0.9999 -0.0054
vn -0.0174 0.9997 -0.0141
vt 0.208189 0.954938
vt 0.208637 0.955503
vt 0.208367 0.963537
vt 0.208739 0.966056
vt 0.207981 0.943970
vt 0.208520 0.943842
vt 0.209330 0.956045
vt 0.209208 0.930611
vt 0.208395 0.930727
vt 0.207768 0.930876
vt 0.209272 0.943743
vt 0.210454 0.943700
vt 0.211974 0.956964
vt 0.211823 0.930547
vt 0.211899 0.943688
vt 0.210512 0.956540
vt 0.210393 0.930562
vt 0.210319 0.915703
vt 0.209058 0.899476
vt 0.211634 0.899443
vt 0.211734 0.915686
vt 0.210233 0.899459
vt 0.209136 0.915739
vt 0.208273 0.915811
vt 0.207570 0.915901
vt 0.208163 0.899493
vt 0.207407 0.899510
vt 0.207298 0.882169
vt 0.208074 0.882173
vt 0.208937 0.864353
vt 0.208978 0.882174
vt 0.208035 0.864353
vt 0.207256 0.864352
vt 0.207297 0.846536
vt 0.208073 0.846532
vt 0.208162 0.829212
vt 0.209057 0.829229
vt 0.208978 0.846531
vt 0.207406 0.829195
vt 0.207568 0.812804
vt 0.208271 0.812894
vt 0.209206 0.798094
vt 0.207766 0.797829
vt 0.208393 0.797978
vt 0.209134 0.812966
vt 0.210317 0.813002
vt 0.210232 0.829246
vt 0.211821 0.798158
vt 0.211732 0.813019
vt 0.210391 0.798143
vt 0.211633 0.829262
vt 0.213292 0.813031
vt 0.213204 0.829273
vt 0.213109 0.846553
vt 0.211525 0.846547
vt 0.210138 0.846537
vt 0.210088 0.864352
vt 0.211469 0.864352
vt 0.213110 0.882151
vt 0.213060 0.864352
vt 0.211525 0.882158
vt 0.210138 0.882168
vt 0.214912 0.864352
vt 0.214947 0.882146
vt 0.217093 0.846565
vt 0.214947 0.846559
vt 0.217094 0.882140
vt 0.217073 0.864352
vt 0.219446 0.864352
vt 0.221938 0.882133
vt 0.221933 0.864352
vt 0.219455 0.882135
vt 0.221938 0.846571
vt 0.219455 0.846569
vt 0.219474 0.829300
vt 0.219493 0.813059
vt 0.217172 0.813051
vt 0.221948 0.829304
vt 0.217133 0.829293
vt 0.221959 0.813063
vt 0.224576 0.813063
vt 0.224568 0.829304
vt 0.219513 0.798193
vt 0.221971 0.798196
vt 0.224585 0.798197
vt 0.227354 0.798197
vt 0.227359 0.785053
vt 0.224594 0.785053
vt 0.221983 0.785051
vt 0.227350 0.813063
vt 0.230393 0.798197
vt 0.227347 0.829304
vt 0.230393 0.813063
vt 0.230395 0.829303
vt 0.233817 0.813063
vt 0.233820 0.829303
vt 0.233825 0.846571
vt 0.227346 0.846571
vt 0.230399 0.846571
vt 0.230401 0.864352
vt 0.233826 0.882133
vt 0.233828 0.864352
vt 0.230399 0.882133
vt 0.227347 0.882133
vt 0.227347 0.864352
vt 0.224559 0.864352
vt 0.224562 0.882133
vt 0.224562 0.846571
vt 0.224569 0.899400
vt 0.227348 0.899400
vt 0.221949 0.899401
vt 0.227352 0.915641
vt 0.224578 0.915641
vt 0.221961 0.915642
vt 0.219495 0.915645
vt 0.219515 0.930511
vt 0.221973 0.930508
vt 0.219475 0.899404
vt 0.224587 0.930507
vt 0.227356 0.930507
vt 0.227361 0.943651
vt 0.224596 0.943652
vt 0.221985 0.943653
vt 0.222001 0.958011
vt 0.219553 0.957906
vt 0.224609 0.958074
vt 0.219533 0.943656
vt 0.217241 0.943662
vt 0.215186 0.943670
vt 0.217275 0.957750
vt 0.215236 0.957545
vt 0.215137 0.930528
vt 0.217210 0.930519
vt 0.217174 0.915653
vt 0.215016 0.899422
vt 0.217135 0.899412
vt 0.215079 0.915664
vt 0.213294 0.915674
vt 0.213373 0.930537
vt 0.213205 0.899431
vt 0.213441 0.943678
vt 0.213509 0.957291
vt 0.213588 0.973568
vt 0.215297 0.974604
vt 0.215363 0.993255
vt 0.212058 0.972236
vt 0.212147 0.988505
vt 0.213673 0.991176
vt 0.210573 0.970505
vt 0.210636 0.985033
vt 0.209434 0.980852
vt 0.209383 0.968428
vt 0.208832 0.976056
vt 0.208565 0.970374
vt 0.217317 0.975448
vt 0.217364 0.994951
vt 0.219613 0.996239
vt 0.222023 0.976516
vt 0.219581 0.976090
vt 0.222048 0.997094
vt 0.224649 0.997612
vt 0.227397 0.997890
vt 0.227382 0.976912
vt 0.224627 0.976774
vt 0.230400 0.958098
vt 0.230407 0.976873
vt 0.230416 0.997812
vt 0.227369 0.958108
vt 0.233832 0.997264
vt 0.233825 0.976599
vt 0.238136 0.957911
vt 0.238141 0.976127
vt 0.238147 0.996321
vt 0.233820 0.958029
vt 0.233818 0.943651
vt 0.238134 0.943650
vt 0.230395 0.930507
vt 0.230396 0.943651
vt 0.233818 0.930507
vt 0.238134 0.930507
vt 0.243856 0.915642
vt 0.238135 0.915642
vt 0.243855 0.930507
vt 0.233819 0.915641
vt 0.243855 0.943650
vt 0.243857 0.957752
vt 0.250582 0.930456
vt 0.250582 0.943599
vt 0.250584 0.957526
vt 0.257917 0.957205
vt 0.250588 0.974743
vt 0.243862 0.975494
vt 0.257920 0.973917
vt 0.257915 0.943446
vt 0.265784 0.930017
vt 0.265785 0.943160
vt 0.257915 0.930303
vt 0.265786 0.956746
vt 0.274122 0.971754
vt 0.265788 0.972944
vt 0.274119 0.942708
vt 0.274120 0.956110
vt 0.282537 0.955390
vt 0.282536 0.942164
vt 0.290655 0.941601
vt 0.290655 0.954683
vt 0.282539 0.970507
vt 0.290657 0.969365
vt 0.299058 0.953813
vt 0.282541 0.986568
vt 0.290658 0.984846
vt 0.299060 0.983153
vt 0.299059 0.968142
vt 0.308328 0.966652
vt 0.308329 0.981291
vt 0.317321 0.979207
vt 0.317321 0.964951
vt 0.308328 0.952603
vt 0.317320 0.951188
vt 0.308327 0.939732
vt 0.317320 0.938413
vt 0.324890 0.937050
vt 0.324891 0.949701
vt 0.324891 0.963091
vt 0.331344 0.973823
vt 0.331308 0.947572
vt 0.331325 0.960543
vt 0.324892 0.976851
vt 0.336909 0.956775
vt 0.336983 0.969727
vt 0.341376 0.964603
vt 0.341265 0.952462
vt 0.341165 0.940731
vt 0.336842 0.944233
vt 0.336790 0.932508
vt 0.331295 0.935222
vt 0.341086 0.929820
vt 0.341011 0.918216
vt 0.336740 0.920201
vt 0.331282 0.922289
vt 0.324890 0.909042
vt 0.324890 0.923907
vt 0.331268 0.907567
vt 0.336680 0.905909
vt 0.336618 0.891161
vt 0.340922 0.904406
vt 0.331252 0.892405
vt 0.340829 0.890078
vt 0.343668 0.876532
vt 0.340744 0.876921
vt 0.343786 0.903395
vt 0.343724 0.889338
vt 0.336561 0.877487
vt 0.331231 0.864351
vt 0.331238 0.878151
vt 0.336534 0.864350
vt 0.340703 0.864350
vt 0.343641 0.864350
vt 0.336561 0.851214
vt 0.340743 0.851779
vt 0.343668 0.852169
vt 0.345964 0.864350
vt 0.345963 0.852470
vt 0.343724 0.839362
vt 0.345961 0.839930
vt 0.340828 0.838623
vt 0.336679 0.822792
vt 0.336618 0.837540
vt 0.340921 0.824295
vt 0.343785 0.825305
vt 0.345960 0.826069
vt 0.345958 0.812769
vt 0.341009 0.810485
vt 0.343843 0.811795
vt 0.343892 0.800630
vt 0.341162 0.787969
vt 0.343944 0.790582
vt 0.345957 0.792751
vt 0.341084 0.798880
vt 0.345957 0.801912
vt 0.336788 0.796192
vt 0.331306 0.781128
vt 0.336840 0.784468
vt 0.336738 0.808500
vt 0.331293 0.793479
vt 0.331281 0.806413
vt 0.324889 0.819659
vt 0.331266 0.821134
vt 0.324888 0.804794
vt 0.324888 0.791651
vt 0.317317 0.777513
vt 0.324888 0.779000
vt 0.317318 0.803431
vt 0.317317 0.790289
vt 0.308325 0.788970
vt 0.299055 0.787854
vt 0.299055 0.774889
vt 0.308325 0.776099
vt 0.299055 0.800996
vt 0.308325 0.802112
vt 0.308326 0.816977
vt 0.299056 0.815861
vt 0.299057 0.831751
vt 0.308327 0.832727
vt 0.317318 0.818296
vt 0.317319 0.833881
vt 0.324889 0.835074
vt 0.324890 0.849867
vt 0.317319 0.849186
vt 0.308327 0.848527
vt 0.299058 0.847969
vt 0.317320 0.864351
vt 0.308328 0.864351
vt 0.299058 0.864351
vt 0.308328 0.880175
vt 0.299058 0.880733
vt 0.290656 0.881110
vt 0.290656 0.864351
vt 0.290656 0.847592
vt 0.282538 0.847312
vt 0.282536 0.830600
vt 0.282538 0.864351
vt 0.290654 0.831092
vt 0.290653 0.815108
vt 0.282535 0.814546
vt 0.282534 0.799681
vt 0.290653 0.800243
vt 0.290652 0.787101
vt 0.282534 0.773312
vt 0.290653 0.774019
vt 0.282534 0.786539
vt 0.274116 0.785995
vt 0.265782 0.785543
vt 0.265783 0.771957
vt 0.265782 0.798686
vt 0.274117 0.799138
vt 0.274117 0.772593
vt 0.274118 0.756949
vt 0.265785 0.755759
vt 0.265788 0.738257
vt 0.282535 0.758196
vt 0.282537 0.742134
vt 0.274121 0.740185
vt 0.290654 0.743856
vt 0.290653 0.759338
vt 0.299056 0.760560
vt 0.299056 0.745549
vt 0.308325 0.762049
vt 0.308326 0.747411
vt 0.317318 0.749494
vt 0.317317 0.763751
vt 0.324888 0.765610
vt 0.324888 0.751851
vt 0.331341 0.754878
vt 0.336980 0.758974
vt 0.331322 0.768158
vt 0.336906 0.771926
vt 0.341262 0.776239
vt 0.341373 0.764098
vt 0.344012 0.780423
vt 0.344087 0.770209
vt 0.345492 0.777094
vt 0.345959 0.784544
vt 0.257917 0.754787
vt 0.257920 0.736598
vt 0.250588 0.735098
vt 0.250584 0.753960
vt 0.243863 0.733648
vt 0.243858 0.753210
vt 0.238143 0.732383
vt 0.250581 0.771178
vt 0.243854 0.770952
vt 0.238138 0.752577
vt 0.238133 0.770793
vt 0.233817 0.770675
vt 0.243853 0.785054
vt 0.238132 0.785054
vt 0.233815 0.785053
vt 0.233821 0.752105
vt 0.230412 0.730892
vt 0.233828 0.731440
vt 0.230404 0.751831
vt 0.230397 0.770606
vt 0.230394 0.785053
vt 0.227378 0.751792
vt 0.227366 0.770596
vt 0.224605 0.770630
vt 0.224623 0.751931
vt 0.222019 0.752189
vt 0.221997 0.770694
vt 0.219550 0.770798
vt 0.219578 0.752615
vt 0.217314 0.753256
vt 0.217272 0.770954
vt 0.219530 0.785048
vt 0.217239 0.785042
vt 0.215233 0.771160
vt 0.215184 0.785034
vt 0.215135 0.798177
vt 0.217208 0.798186
vt 0.213371 0.798168
vt 0.215078 0.813041
vt 0.213439 0.785027
vt 0.211897 0.785017
vt 0.211971 0.771740
vt 0.213506 0.771414
vt 0.213585 0.755137
vt 0.212142 0.740199
vt 0.213669 0.737528
vt 0.215358 0.735449
vt 0.212054 0.756469
vt 0.215293 0.754101
vt 0.210569 0.758200
vt 0.209327 0.772660
vt 0.209430 0.747853
vt 0.210632 0.743672
vt 0.209380 0.760277
vt 0.210509 0.772165
vt 0.210452 0.785005
vt 0.209270 0.784962
vt 0.208517 0.784863
vt 0.208634 0.773202
vt 0.208186 0.773767
vt 0.207979 0.784735
vt 0.208735 0.762649
vt 0.208364 0.765168
vt 0.208562 0.758331
vt 0.208829 0.752649
vt 0.217360 0.733753
vt 0.219609 0.732466
vt 0.222044 0.731611
vt 0.224644 0.731093
vt 0.227392 0.730815
vt 0.215014 0.829283
vt 0.233816 0.798197
vt 0.238132 0.798197
vt 0.243853 0.798197
vt 0.243855 0.813062
vt 0.238134 0.813062
vt 0.238137 0.829302
vt 0.243857 0.829302
vt 0.243861 0.846570
vt 0.238141 0.846570
vt 0.238144 0.864352
vt 0.238142 0.882134
vt 0.243862 0.882134
vt 0.243864 0.864352
vt 0.250589 0.864352
vt 0.257920 0.882032
vt 0.257921 0.864352
vt 0.250588 0.882109
vt 0.257919 0.846671
vt 0.250587 0.846595
vt 0.250584 0.829346
vt 0.257914 0.813265
vt 0.250581 0.813112
vt 0.257916 0.829479
vt 0.265785 0.829729
vt 0.274119 0.830125
vt 0.274121 0.847040
vt 0.265787 0.846814
vt 0.274118 0.814003
vt 0.265783 0.813551
vt 0.265789 0.864352
vt 0.274121 0.881663
vt 0.274122 0.864351
vt 0.265788 0.881889
vt 0.265786 0.898974
vt 0.274119 0.914700
vt 0.274120 0.898578
vt 0.265785 0.915152
vt 0.257918 0.899224
vt 0.257916 0.915439
vt 0.250583 0.915591
vt 0.250585 0.899358
vt 0.243859 0.899402
vt 0.238138 0.899402
vt 0.233821 0.899401
vt 0.230396 0.899401
vt 0.230395 0.915641
vt 0.282537 0.898102
vt 0.290655 0.913594
vt 0.290655 0.897610
vt 0.282536 0.914156
vt 0.282538 0.881391
vt 0.282536 0.929021
vt 0.290655 0.928459
vt 0.274119 0.929565
vt 0.299057 0.927706
vt 0.308327 0.911725
vt 0.299058 0.912841
vt 0.299058 0.940848
vt 0.308327 0.926590
vt 0.317320 0.925270
vt 0.317320 0.910405
vt 0.317320 0.894820
vt 0.324890 0.878834
vt 0.317320 0.879515
vt 0.324890 0.893628
vt 0.308328 0.895975
vt 0.299058 0.896952
vt 0.324890 0.864351
vt 0.250580 0.798248
vt 0.257913 0.785257
vt 0.250580 0.785105
vt 0.257913 0.798400
vt 0.257914 0.771499
vt 0.331238 0.850550
vt 0.331251 0.836296
vt 0.345963 0.876231
vt 0.345962 0.888771
vt 0.345961 0.902632
vt 0.345960 0.915931
vt 0.343845 0.916905
vt 0.345959 0.926789
vt 0.343894 0.928070
vt 0.343947 0.938118
vt 0.345959 0.935949
vt 0.344014 0.948277
vt 0.345961 0.944157
vt 0.345495 0.951606
vt 0.344090 0.958492
vt 0.274125 0.988518
vt 0.265792 0.990447
vt 0.257924 0.992106
vt 0.250592 0.993605
vt 0.243867 0.995056
vt 0.015615 0.129919
vt 0.016399 0.135951
vt 0.012687 0.135951
vt 0.011903 0.129919
vt 0.008191 0.129919
vt 0.008975 0.135951
vt 0.009480 0.141984
vt 0.013192 0.141984
vt 0.016904 0.141984
vt 0.013553 0.117854
vt 0.009841 0.117854
vt 0.008854 0.111822
vt 0.012566 0.111822
vt 0.011693 0.105789
vt 0.007981 0.105789
vt 0.004269 0.105789
vt 0.005142 0.111822
vt 0.006129 0.117854
vt 0.010906 0.123887
vt 0.014618 0.123887
vt 0.007194 0.123887
vt 0.007259 0.099757
vt 0.010970 0.099757
vt 0.010383 0.093725
vt 0.006671 0.093725
vt 0.002959 0.093725
vt 0.003547 0.099757
vt 0.006201 0.087692
vt 0.009913 0.087692
vt 0.009590 0.081660
vt 0.005878 0.081660
vt 0.002166 0.081660
vt 0.002489 0.087692
vt 0.016854 0.154048
vt 0.013142 0.154048
vt 0.013352 0.148016
vt 0.017064 0.148016
vt 0.009640 0.148016
vt 0.009430 0.154048
vt 0.005728 0.075627
vt 0.009440 0.075627
vt 0.008465 0.071103
vt 0.005665 0.069595
vt 0.002897 0.071103
vt 0.002016 0.075627
vt 0.015338 0.166113
vt 0.011626 0.166113
vt 0.012537 0.160081
vt 0.016249 0.160081
vt 0.008825 0.160081
vt 0.007914 0.166113
vt 0.008508 0.212864
vt 0.005665 0.214372
vt 0.005901 0.208340
vt 0.009613 0.208340
vt 0.009932 0.202307
vt 0.006220 0.202307
vt 0.002508 0.202307
vt 0.002190 0.208340
vt 0.002940 0.212864
vt 0.013035 0.178178
vt 0.009323 0.178178
vt 0.010499 0.172146
vt 0.014211 0.172146
vt 0.006787 0.172146
vt 0.005611 0.178178
vt 0.006704 0.196275
vt 0.010416 0.196275
vt 0.011090 0.190243
vt 0.007378 0.190243
vt 0.003667 0.190243
vt 0.002993 0.196275
vt 0.008267 0.184210
vt 0.011979 0.184210
vt 0.004555 0.184210
vt 0.601005 0.312812
vt 0.596617 0.333911
vt 0.601592 0.334169
vt 0.605542 0.293540
vt 0.611502 0.294382
vt 0.606495 0.313346
vt 0.589525 0.333797
vt 0.593055 0.312420
vt 0.596127 0.292792
vt 0.609985 0.274290
vt 0.583914 0.292339
vt 0.584589 0.275178
vt 0.582400 0.312298
vt 0.597214 0.275866
vt 0.594792 0.262592
vt 0.584419 0.253369
vt 0.591600 0.253846
vt 0.584633 0.261967
vt 0.598342 0.252456
vt 0.603591 0.260755
vt 0.610008 0.254544
vt 0.614751 0.246131
vt 0.621412 0.249000
vt 0.604064 0.248732
vt 0.616651 0.260528
vt 0.608647 0.243412
vt 0.601715 0.246517
vt 0.606181 0.242339
vt 0.609324 0.237044
vt 0.618530 0.237686
vt 0.611970 0.237236
vt 0.613935 0.230450
vt 0.614444 0.223300
vt 0.623589 0.218898
vt 0.621443 0.228758
vt 0.610973 0.231091
vt 0.610959 0.224940
vt 0.608771 0.219346
vt 0.610284 0.231181
vt 0.610300 0.225180
vt 0.609374 0.218982
vt 0.613001 0.216647
vt 0.616440 0.205529
vt 0.609110 0.211357
vt 0.606310 0.213610
vt 0.622683 0.210393
vt 0.636625 0.199669
vt 0.637953 0.185723
vt 0.632703 0.190841
vt 0.645332 0.190077
vt 0.642177 0.200867
vt 0.638272 0.213394
vt 0.642152 0.188571
vt 0.624145 0.192462
vt 0.623163 0.198454
vt 0.633247 0.214631
vt 0.629477 0.227051
vt 0.634017 0.226364
vt 0.629814 0.238482
vt 0.625610 0.238174
vt 0.625546 0.250523
vt 0.636378 0.226210
vt 0.632149 0.238666
vt 0.627955 0.251236
vt 0.633620 0.238779
vt 0.629437 0.251673
vt 0.625473 0.264708
vt 0.623869 0.264176
vt 0.621099 0.263261
vt 0.616432 0.277584
vt 0.619621 0.278469
vt 0.614941 0.295098
vt 0.621376 0.278951
vt 0.616792 0.295466
vt 0.622327 0.279212
vt 0.612804 0.314189
vt 0.609958 0.313829
vt 0.617757 0.295661
vt 0.611826 0.314062
vt 0.606586 0.334546
vt 0.601134 0.356749
vt 0.599479 0.356707
vt 0.602119 0.356801
vt 0.607569 0.334625
vt 0.604799 0.334427
vt 0.608362 0.334765
vt 0.603474 0.357059
vt 0.613594 0.314353
vt 0.608921 0.334903
vt 0.614151 0.314498
vt 0.602913 0.356928
vt 0.597316 0.380674
vt 0.591269 0.403645
vt 0.596520 0.380553
vt 0.597878 0.380800
vt 0.592066 0.403770
vt 0.592629 0.403894
vt 0.587658 0.423982
vt 0.588220 0.424108
vt 0.598162 0.380864
vt 0.592913 0.403956
vt 0.588504 0.424171
vt 0.593091 0.403996
vt 0.584314 0.443081
vt 0.584491 0.443124
vt 0.588682 0.424211
vt 0.584035 0.443012
vt 0.583483 0.442877
vt 0.578930 0.462024
vt 0.579454 0.462180
vt 0.579722 0.462260
vt 0.574377 0.481502
vt 0.574634 0.481596
vt 0.574807 0.481654
vt 0.579896 0.462309
vt 0.580140 0.462372
vt 0.585030 0.443259
vt 0.580436 0.462451
vt 0.584736 0.443181
vt 0.575054 0.481729
vt 0.575353 0.481819
vt 0.580763 0.462550
vt 0.575681 0.481922
vt 0.569698 0.501261
vt 0.570023 0.501382
vt 0.569389 0.501146
vt 0.563654 0.518342
vt 0.569131 0.501047
vt 0.563347 0.518191
vt 0.563087 0.518061
vt 0.568957 0.500977
vt 0.556897 0.530269
vt 0.556745 0.530163
vt 0.562917 0.517976
vt 0.557131 0.530433
vt 0.550433 0.539376
vt 0.557406 0.530621
vt 0.550204 0.539146
vt 0.550007 0.538947
vt 0.549880 0.538817
vt 0.541865 0.545372
vt 0.541762 0.545218
vt 0.542026 0.545609
vt 0.532944 0.550203
vt 0.532820 0.549935
vt 0.533090 0.550516
vt 0.542214 0.545884
vt 0.542399 0.546150
vt 0.533235 0.550824
vt 0.551288 0.540192
vt 0.542903 0.546859
vt 0.550658 0.539594
vt 0.533614 0.551627
vt 0.524350 0.556804
vt 0.534462 0.553425
vt 0.523766 0.554845
vt 0.544051 0.548459
vt 0.523504 0.553973
vt 0.514121 0.556652
vt 0.513906 0.555402
vt 0.523404 0.553644
vt 0.513965 0.555740
vt 0.505374 0.556266
vt 0.505348 0.555922
vt 0.505441 0.557192
vt 0.497959 0.556909
vt 0.498036 0.555999
vt 0.498058 0.555653
vt 0.492364 0.555046
vt 0.492251 0.555386
vt 0.505318 0.555578
vt 0.492420 0.554699
vt 0.498061 0.555307
vt 0.498055 0.555013
vt 0.492444 0.554402
vt 0.492460 0.554209
vt 0.498051 0.554823
vt 0.505291 0.555285
vt 0.505274 0.555096
vt 0.513765 0.554584
vt 0.513797 0.554772
vt 0.505249 0.554817
vt 0.498046 0.554547
vt 0.513719 0.554310
vt 0.523164 0.552845
vt 0.523085 0.552577
vt 0.522926 0.552040
vt 0.513625 0.553759
vt 0.505199 0.554256
vt 0.505149 0.553554
vt 0.513514 0.553069
vt 0.498016 0.553299
vt 0.498034 0.553996
vt 0.492518 0.553446
vt 0.488333 0.553280
vt 0.492494 0.552783
vt 0.488388 0.552823
vt 0.488326 0.552197
vt 0.492481 0.553949
vt 0.488003 0.551439
vt 0.492329 0.552042
vt 0.485259 0.551733
vt 0.485383 0.552344
vt 0.484873 0.550998
vt 0.487057 0.549739
vt 0.481632 0.549081
vt 0.483761 0.549307
vt 0.483180 0.551385
vt 0.482781 0.550689
vt 0.481567 0.550481
vt 0.479761 0.549010
vt 0.480394 0.548942
vt 0.480966 0.550506
vt 0.481434 0.551023
vt 0.481980 0.551147
vt 0.482144 0.551737
vt 0.481388 0.551427
vt 0.483352 0.551989
vt 0.481374 0.551896
vt 0.483404 0.552457
vt 0.482181 0.552204
vt 0.482212 0.552503
vt 0.483444 0.552747
vt 0.483492 0.552995
vt 0.482262 0.552768
vt 0.481400 0.552478
vt 0.481374 0.552201
vt 0.480612 0.551709
vt 0.479308 0.549885
vt 0.480647 0.551388
vt 0.480599 0.551995
vt 0.479132 0.550487
vt 0.479211 0.550206
vt 0.476459 0.546871
vt 0.472157 0.541287
vt 0.472435 0.541077
vt 0.476273 0.547121
vt 0.476666 0.546589
vt 0.472743 0.540844
vt 0.476915 0.546205
vt 0.473092 0.540566
vt 0.467219 0.532196
vt 0.467560 0.531991
vt 0.467946 0.531760
vt 0.462483 0.520631
vt 0.462966 0.520396
vt 0.462089 0.520841
vt 0.468425 0.531518
vt 0.473550 0.540300
vt 0.474186 0.540101
vt 0.469048 0.531281
vt 0.477951 0.545735
vt 0.477309 0.545869
vt 0.475489 0.539928
vt 0.479211 0.545742
vt 0.481456 0.545831
vt 0.485127 0.546290
vt 0.477948 0.539738
vt 0.482148 0.539694
vt 0.490660 0.547405
vt 0.483954 0.533509
vt 0.489901 0.537455
vt 0.489753 0.542989
vt 0.476619 0.528626
vt 0.479835 0.525623
vt 0.473225 0.530195
vt 0.465077 0.519557
vt 0.468235 0.518341
vt 0.470439 0.530892
vt 0.472329 0.516655
vt 0.473475 0.501486
vt 0.476642 0.514661
vt 0.463922 0.505316
vt 0.468534 0.503387
vt 0.465199 0.489423
vt 0.460124 0.491669
vt 0.462285 0.475368
vt 0.456678 0.477949
vt 0.468167 0.472728
vt 0.470571 0.487156
vt 0.477179 0.484556
vt 0.485004 0.465597
vt 0.475386 0.469610
vt 0.479518 0.499421
vt 0.487437 0.496997
vt 0.485958 0.481315
vt 0.496361 0.478271
vt 0.496302 0.461732
vt 0.508559 0.459058
vt 0.507839 0.476266
vt 0.496825 0.494779
vt 0.507275 0.493331
vt 0.516391 0.508448
vt 0.506743 0.508940
vt 0.497302 0.509833
vt 0.519340 0.475237
vt 0.517835 0.492621
vt 0.527556 0.492615
vt 0.539495 0.475645
vt 0.536591 0.493180
vt 0.533828 0.508746
vt 0.525393 0.508397
vt 0.529813 0.475122
vt 0.531992 0.457188
vt 0.521990 0.440048
vt 0.520785 0.457552
vt 0.542362 0.457576
vt 0.533900 0.439335
vt 0.544972 0.439489
vt 0.535344 0.422084
vt 0.552079 0.458323
vt 0.547101 0.421897
vt 0.558009 0.422160
vt 0.555272 0.440043
vt 0.564114 0.440744
vt 0.567360 0.422610
vt 0.560448 0.459197
vt 0.566776 0.459964
vt 0.570809 0.441337
vt 0.574449 0.422981
vt 0.575554 0.441814
vt 0.579467 0.423275
vt 0.583398 0.403347
vt 0.578014 0.403227
vt 0.570432 0.403091
vt 0.573573 0.380485
vt 0.562701 0.380652
vt 0.560436 0.402941
vt 0.581828 0.380405
vt 0.592243 0.356539
vt 0.587747 0.380393
vt 0.576728 0.356764
vt 0.585721 0.356575
vt 0.564887 0.357155
vt 0.567076 0.334312
vt 0.579837 0.333904
vt 0.553693 0.313385
vt 0.568793 0.312572
vt 0.551379 0.357926
vt 0.552659 0.335168
vt 0.538004 0.336618
vt 0.523152 0.338891
vt 0.523381 0.317211
vt 0.523000 0.361461
vt 0.538559 0.314881
vt 0.537387 0.359260
vt 0.536932 0.382139
vt 0.523143 0.405168
vt 0.523108 0.384069
vt 0.536348 0.403623
vt 0.548813 0.403034
vt 0.550168 0.381129
vt 0.508815 0.387311
vt 0.508312 0.364833
vt 0.509303 0.408125
vt 0.493815 0.369322
vt 0.495503 0.412359
vt 0.494634 0.391755
vt 0.481145 0.397293
vt 0.480002 0.374874
vt 0.467965 0.380369
vt 0.469400 0.402773
vt 0.471062 0.423076
vt 0.482423 0.417736
vt 0.483435 0.434675
vt 0.473910 0.454653
vt 0.472517 0.439755
vt 0.484267 0.449999
vt 0.496311 0.445423
vt 0.496054 0.429607
vt 0.509422 0.425749
vt 0.509173 0.442091
vt 0.522773 0.423207
vt 0.464253 0.443650
vt 0.455259 0.430664
vt 0.459722 0.461201
vt 0.462422 0.427198
vt 0.466112 0.458220
vt 0.457437 0.446904
vt 0.450861 0.450062
vt 0.445853 0.452476
vt 0.453589 0.464100
vt 0.448920 0.466322
vt 0.443055 0.436613
vt 0.448331 0.434036
vt 0.445836 0.414222
vt 0.438266 0.394865
vt 0.443848 0.392054
vt 0.440369 0.416944
vt 0.453021 0.410671
vt 0.451192 0.388397
vt 0.442840 0.368964
vt 0.450243 0.365319
vt 0.458797 0.384690
vt 0.460451 0.407043
vt 0.457919 0.361641
vt 0.449940 0.342983
vt 0.466861 0.335301
vt 0.467194 0.357385
vt 0.457584 0.339421
vt 0.457558 0.319553
vt 0.457870 0.301102
vt 0.450051 0.322942
vt 0.450548 0.304283
vt 0.466906 0.297367
vt 0.466741 0.315596
vt 0.478991 0.310529
vt 0.493242 0.287489
vt 0.493172 0.305293
vt 0.493259 0.324821
vt 0.479082 0.292559
vt 0.479125 0.330090
vt 0.479396 0.352006
vt 0.493415 0.346587
vt 0.508144 0.342215
vt 0.508146 0.320526
vt 0.508147 0.300835
vt 0.508233 0.282962
vt 0.523504 0.297270
vt 0.523590 0.279200
vt 0.508488 0.266730
vt 0.523702 0.263135
vt 0.538626 0.260296
vt 0.538844 0.276422
vt 0.538831 0.294716
vt 0.554169 0.293108
vt 0.555408 0.272147
vt 0.574134 0.260790
vt 0.565555 0.257120
vt 0.561156 0.249018
vt 0.551648 0.256247
vt 0.570853 0.274774
vt 0.569563 0.292380
vt 0.550660 0.243425
vt 0.559258 0.239261
vt 0.558180 0.230629
vt 0.549937 0.232824
vt 0.538286 0.246488
vt 0.537937 0.235147
vt 0.523815 0.227692
vt 0.523793 0.237208
vt 0.536955 0.226233
vt 0.523788 0.249121
vt 0.549959 0.222288
vt 0.561084 0.214155
vt 0.555579 0.211784
vt 0.549823 0.209228
vt 0.543773 0.216026
vt 0.534718 0.219703
vt 0.558572 0.222475
vt 0.563331 0.222404
vt 0.563126 0.229005
vt 0.565235 0.228397
vt 0.565369 0.222428
vt 0.567060 0.216722
vt 0.565268 0.215935
vt 0.568655 0.210228
vt 0.565251 0.206894
vt 0.570111 0.211663
vt 0.574325 0.207635
vt 0.573208 0.205909
vt 0.570607 0.201922
vt 0.578695 0.203033
vt 0.576998 0.198835
vt 0.574825 0.192678
vt 0.567555 0.195875
vt 0.560081 0.201132
vt 0.565083 0.187972
vt 0.558480 0.190887
vt 0.553138 0.192576
vt 0.552926 0.200886
vt 0.548562 0.200581
vt 0.549440 0.193429
vt 0.543315 0.206340
vt 0.546656 0.200466
vt 0.547768 0.193833
vt 0.545256 0.207182
vt 0.539806 0.212437
vt 0.532497 0.215554
vt 0.531560 0.213779
vt 0.538149 0.210947
vt 0.537657 0.210487
vt 0.531257 0.213184
vt 0.542701 0.206068
vt 0.542114 0.205732
vt 0.537188 0.209986
vt 0.530933 0.212574
vt 0.524037 0.214098
vt 0.523691 0.212769
vt 0.536731 0.209465
vt 0.523885 0.213437
vt 0.530599 0.211957
vt 0.516580 0.212514
vt 0.509598 0.210496
vt 0.510009 0.209297
vt 0.516553 0.211835
vt 0.509844 0.209919
vt 0.516538 0.213166
vt 0.516356 0.213763
vt 0.509189 0.210980
vt 0.515332 0.215639
vt 0.507483 0.212670
vt 0.524086 0.216599
vt 0.524110 0.214747
vt 0.523950 0.220868
vt 0.512759 0.220125
vt 0.503343 0.216862
vt 0.510175 0.227644
vt 0.495608 0.225117
vt 0.497900 0.210465
vt 0.509120 0.238617
vt 0.491173 0.214009
vt 0.480953 0.217452
vt 0.494659 0.240317
vt 0.481155 0.243247
vt 0.481657 0.229071
vt 0.470480 0.232245
vt 0.470246 0.220611
vt 0.469589 0.246609
vt 0.461990 0.235126
vt 0.460939 0.249600
vt 0.462060 0.223304
vt 0.455227 0.214884
vt 0.454970 0.237803
vt 0.461678 0.212810
vt 0.469513 0.210320
vt 0.455257 0.225708
vt 0.448702 0.228003
vt 0.444303 0.218352
vt 0.449035 0.216854
vt 0.443037 0.242315
vt 0.443691 0.229750
vt 0.448204 0.240364
vt 0.447158 0.255013
vt 0.445855 0.271407
vt 0.452544 0.268683
vt 0.440777 0.273502
vt 0.442026 0.257046
vt 0.453899 0.252357
vt 0.439813 0.257932
vt 0.440814 0.243163
vt 0.440138 0.243343
vt 0.439132 0.258127
vt 0.438581 0.274417
vt 0.437900 0.274624
vt 0.437180 0.292217
vt 0.436503 0.292437
vt 0.437368 0.274596
vt 0.435970 0.292423
vt 0.438602 0.258088
vt 0.439611 0.243293
vt 0.438175 0.257942
vt 0.436939 0.274460
vt 0.439187 0.243137
vt 0.439549 0.230292
vt 0.438819 0.243003
vt 0.437805 0.257815
vt 0.440332 0.230604
vt 0.439913 0.230437
vt 0.440631 0.218886
vt 0.441261 0.207368
vt 0.440271 0.218731
vt 0.441046 0.219065
vt 0.442032 0.207716
vt 0.441619 0.207530
vt 0.442589 0.195786
vt 0.442898 0.182905
vt 0.442233 0.195620
vt 0.443001 0.195977
vt 0.443664 0.183267
vt 0.443253 0.183074
vt 0.443797 0.170164
vt 0.444407 0.157829
vt 0.444813 0.158028
vt 0.444055 0.157655
vt 0.443443 0.169994
vt 0.444206 0.170360
vt 0.444716 0.170466
vt 0.444846 0.183268
vt 0.445377 0.170368
vt 0.444178 0.183371
vt 0.445978 0.158065
vt 0.445321 0.158144
vt 0.445911 0.146320
vt 0.445405 0.146193
vt 0.445902 0.134774
vt 0.447058 0.134893
vt 0.446406 0.134912
vt 0.446567 0.146270
vt 0.448179 0.145948
vt 0.451552 0.145258
vt 0.451131 0.156777
vt 0.447633 0.157655
vt 0.451891 0.134158
vt 0.448630 0.134660
vt 0.448946 0.125355
vt 0.449088 0.119595
vt 0.452233 0.119334
vt 0.452125 0.125006
vt 0.447404 0.125511
vt 0.447555 0.119701
vt 0.446905 0.119667
vt 0.446754 0.125501
vt 0.449162 0.115923
vt 0.446981 0.115935
vt 0.447634 0.115997
vt 0.447760 0.112931
vt 0.449276 0.112883
vt 0.449395 0.110556
vt 0.447901 0.110603
vt 0.447258 0.110490
vt 0.447108 0.112829
vt 0.446616 0.112613
vt 0.446388 0.110028
vt 0.446771 0.110271
vt 0.446231 0.112362
vt 0.446089 0.115529
vt 0.446483 0.115754
vt 0.446404 0.119506
vt 0.446005 0.119295
vt 0.445852 0.125147
vt 0.446253 0.125353
vt 0.445500 0.134571
vt 0.445660 0.119111
vt 0.445505 0.124968
vt 0.445151 0.134394
vt 0.444651 0.145814
vt 0.444355 0.145665
vt 0.445211 0.124816
vt 0.444856 0.134244
vt 0.445001 0.145990
vt 0.444615 0.134120
vt 0.444758 0.124580
vt 0.444971 0.124691
vt 0.444401 0.134011
vt 0.443897 0.145434
vt 0.444113 0.145543
vt 0.443513 0.157388
vt 0.443296 0.157281
vt 0.442681 0.169626
vt 0.442899 0.169731
vt 0.443144 0.169850
vt 0.443757 0.157509
vt 0.442351 0.182647
vt 0.442597 0.182763
vt 0.441931 0.195480
vt 0.441684 0.195365
vt 0.440711 0.207119
vt 0.440958 0.207231
vt 0.439966 0.218600
vt 0.439717 0.218492
vt 0.438989 0.230069
vt 0.439241 0.230169
vt 0.438508 0.242889
vt 0.438253 0.242796
vt 0.437236 0.257621
vt 0.437492 0.257708
vt 0.436252 0.274242
vt 0.435994 0.274160
vt 0.436566 0.274342
vt 0.435163 0.292193
vt 0.434586 0.292030
vt 0.434845 0.292104
vt 0.433557 0.310855
vt 0.433295 0.310792
vt 0.433878 0.310932
vt 0.432995 0.330119
vt 0.432407 0.330008
vt 0.432672 0.330058
vt 0.432296 0.350556
vt 0.432029 0.350521
vt 0.432622 0.350599
vt 0.432863 0.373215
vt 0.432267 0.373172
vt 0.432535 0.373191
vt 0.433621 0.396375
vt 0.433353 0.396373
vt 0.433949 0.396378
vt 0.436110 0.418500
vt 0.435515 0.418535
vt 0.435783 0.418519
vt 0.438553 0.438233
vt 0.438286 0.438267
vt 0.438878 0.438192
vt 0.441786 0.454066
vt 0.441199 0.454177
vt 0.441463 0.454127
vt 0.444665 0.467983
vt 0.444404 0.468047
vt 0.444985 0.467904
vt 0.448626 0.481491
vt 0.448052 0.481660
vt 0.448310 0.481584
vt 0.452328 0.495048
vt 0.452074 0.495137
vt 0.456948 0.508361
vt 0.456403 0.508600
vt 0.456648 0.508492
vt 0.452637 0.494939
vt 0.453004 0.494810
vt 0.449430 0.481254
vt 0.448999 0.481381
vt 0.457711 0.508025
vt 0.457302 0.508205
vt 0.453427 0.494661
vt 0.453930 0.494467
vt 0.450549 0.480810
vt 0.449940 0.481076
vt 0.458810 0.507546
vt 0.458203 0.507810
vt 0.454538 0.494202
vt 0.456265 0.493419
vt 0.460420 0.506845
vt 0.452412 0.479940
vt 0.463576 0.520140
vt 0.446312 0.467540
vt 0.446924 0.467274
vt 0.445798 0.467705
vt 0.442608 0.453910
vt 0.443742 0.453497
vt 0.443126 0.453763
vt 0.440230 0.437959
vt 0.438096 0.418079
vt 0.437470 0.418343
vt 0.436944 0.418450
vt 0.439707 0.438087
vt 0.440850 0.437694
vt 0.439263 0.438143
vt 0.436497 0.418477
vt 0.442168 0.453994
vt 0.445362 0.467812
vt 0.434337 0.396381
vt 0.433697 0.373274
vt 0.433250 0.373242
vt 0.434784 0.396384
vt 0.435314 0.396299
vt 0.435948 0.396036
vt 0.434873 0.372951
vt 0.434229 0.373210
vt 0.433986 0.350665
vt 0.435016 0.330009
vt 0.434353 0.330253
vt 0.433818 0.330275
vt 0.433451 0.350708
vt 0.434640 0.350412
vt 0.436982 0.349261
vt 0.442577 0.346524
vt 0.437215 0.371776
vt 0.442826 0.326305
vt 0.437332 0.328906
vt 0.438171 0.309853
vt 0.443519 0.307425
vt 0.444585 0.289001
vt 0.439406 0.291245
vt 0.435897 0.310894
vt 0.435226 0.311126
vt 0.434692 0.311128
vt 0.434256 0.311023
vt 0.435538 0.292300
vt 0.433377 0.330192
vt 0.433007 0.350650
vt 0.451403 0.286094
vt 0.458544 0.283131
vt 0.467431 0.279709
vt 0.459570 0.265883
vt 0.468322 0.262748
vt 0.479488 0.275422
vt 0.480186 0.259018
vt 0.494054 0.255249
vt 0.508816 0.251996
vt 0.493559 0.270890
vt 0.461452 0.521180
vt 0.461207 0.521311
vt 0.466656 0.532535
vt 0.466919 0.532376
vt 0.461745 0.521024
vt 0.460986 0.521430
vt 0.466411 0.532684
vt 0.471651 0.541699
vt 0.471899 0.541494
vt 0.476087 0.547408
vt 0.478957 0.551249
vt 0.475902 0.547715
vt 0.479046 0.550848
vt 0.480601 0.552382
vt 0.480612 0.552820
vt 0.481466 0.552861
vt 0.481232 0.553391
vt 0.482325 0.553555
vt 0.482016 0.553992
vt 0.481185 0.553926
vt 0.482353 0.553132
vt 0.483569 0.553337
vt 0.483519 0.553723
vt 0.485046 0.554329
vt 0.483190 0.554109
vt 0.485338 0.553975
vt 0.485420 0.553611
vt 0.488160 0.554389
vt 0.488254 0.554038
vt 0.488284 0.553733
vt 0.485400 0.553291
vt 0.485387 0.553067
vt 0.488304 0.553532
vt 0.485381 0.552799
vt 0.487947 0.554729
vt 0.487270 0.555589
vt 0.485784 0.557505
vt 0.481720 0.557553
vt 0.484017 0.555309
vt 0.491165 0.558162
vt 0.491909 0.556249
vt 0.490219 0.560600
vt 0.497791 0.558946
vt 0.483894 0.559948
vt 0.497579 0.561548
vt 0.505783 0.561952
vt 0.505591 0.559281
vt 0.514474 0.558717
vt 0.514924 0.561358
vt 0.525095 0.559308
vt 0.535544 0.555719
vt 0.545519 0.550506
vt 0.554578 0.543312
vt 0.552730 0.541560
vt 0.562274 0.533782
vt 0.560112 0.532378
vt 0.569081 0.520821
vt 0.566679 0.519727
vt 0.564799 0.518870
vt 0.558422 0.531281
vt 0.557678 0.530800
vt 0.563964 0.518488
vt 0.572913 0.502420
vt 0.570913 0.501703
vt 0.576599 0.482215
vt 0.583806 0.463514
vt 0.578670 0.482875
vt 0.581695 0.462845
vt 0.586293 0.443683
vt 0.589544 0.424457
vt 0.590486 0.424818
vt 0.592641 0.425644
vt 0.588427 0.444411
vt 0.585355 0.443363
vt 0.591160 0.445343
vt 0.595403 0.426702
vt 0.586506 0.464369
vt 0.581317 0.483719
vt 0.575468 0.503335
vt 0.600078 0.406888
vt 0.602774 0.382835
vt 0.597179 0.405642
vt 0.606029 0.384346
vt 0.612600 0.361102
vt 0.608855 0.359349
vt 0.614849 0.337309
vt 0.619137 0.339183
vt 0.625195 0.318687
vt 0.620497 0.316851
vt 0.630329 0.299711
vt 0.625539 0.298111
vt 0.626377 0.280385
vt 0.629905 0.281383
vt 0.621863 0.296882
vt 0.616891 0.315442
vt 0.634493 0.282682
vt 0.633521 0.266964
vt 0.637642 0.268023
vt 0.640519 0.254748
vt 0.640705 0.240833
vt 0.636938 0.253798
vt 0.643869 0.241868
vt 0.647761 0.229187
vt 0.644781 0.228089
vt 0.649126 0.215589
vt 0.652267 0.216508
vt 0.656584 0.204358
vt 0.656466 0.192659
vt 0.653201 0.203668
vt 0.659914 0.193267
vt 0.662214 0.183110
vt 0.658792 0.182532
vt 0.660054 0.173255
vt 0.663442 0.173762
vt 0.663696 0.164817
vt 0.660311 0.164485
vt 0.659621 0.155878
vt 0.663072 0.155870
vt 0.661113 0.146179
vt 0.657676 0.146683
vt 0.654167 0.136149
vt 0.657363 0.135002
vt 0.652083 0.122254
vt 0.648971 0.123952
vt 0.645533 0.107844
vt 0.641965 0.109769
vt 0.631826 0.097938
vt 0.635296 0.096154
vt 0.639816 0.093830
vt 0.646560 0.125269
vt 0.639210 0.111256
vt 0.638083 0.111867
vt 0.645256 0.125980
vt 0.630156 0.098803
vt 0.630456 0.098641
vt 0.637787 0.112032
vt 0.645551 0.125821
vt 0.650650 0.137414
vt 0.653902 0.147239
vt 0.650343 0.137527
vt 0.651690 0.137038
vt 0.653582 0.147295
vt 0.655014 0.147074
vt 0.655831 0.155891
vt 0.656948 0.155885
vt 0.657688 0.164229
vt 0.656327 0.172702
vt 0.657429 0.172863
vt 0.656589 0.164126
vt 0.656268 0.164108
vt 0.655508 0.155903
vt 0.655216 0.155930
vt 0.656003 0.172663
vt 0.655710 0.172637
vt 0.655975 0.164106
vt 0.655730 0.164112
vt 0.655288 0.172605
vt 0.654794 0.155982
vt 0.655553 0.164116
vt 0.654973 0.155960
vt 0.655465 0.172619
vt 0.654159 0.181757
vt 0.654403 0.181797
vt 0.653982 0.181728
vt 0.651619 0.191759
vt 0.651795 0.191802
vt 0.652038 0.191861
vt 0.648595 0.202675
vt 0.654698 0.181845
vt 0.648838 0.202747
vt 0.649133 0.202828
vt 0.652334 0.191927
vt 0.652667 0.191989
vt 0.655026 0.181898
vt 0.656140 0.182084
vt 0.649466 0.202904
vt 0.650576 0.203132
vt 0.653792 0.192187
vt 0.645642 0.214566
vt 0.646685 0.214874
vt 0.642461 0.227233
vt 0.637200 0.239683
vt 0.641464 0.226864
vt 0.638247 0.240027
vt 0.634166 0.253063
vt 0.629052 0.265816
vt 0.633010 0.252756
vt 0.630343 0.266147
vt 0.632681 0.252665
vt 0.628722 0.265729
vt 0.628429 0.265644
vt 0.632388 0.252577
vt 0.636877 0.239576
vt 0.636586 0.239480
vt 0.640613 0.226568
vt 0.641144 0.226747
vt 0.632147 0.252502
vt 0.636345 0.239403
vt 0.640854 0.226647
vt 0.645024 0.214373
vt 0.644782 0.214294
vt 0.645316 0.214466
vt 0.644608 0.214238
vt 0.648141 0.202538
vt 0.648420 0.202622
vt 0.644330 0.214147
vt 0.640163 0.226419
vt 0.640439 0.226511
vt 0.636171 0.239346
vt 0.635894 0.239257
vt 0.631695 0.252360
vt 0.631972 0.252447
vt 0.628013 0.265515
vt 0.627735 0.265430
vt 0.623655 0.279602
vt 0.623933 0.279685
vt 0.624108 0.279737
vt 0.628187 0.265569
vt 0.619793 0.296207
vt 0.624349 0.279810
vt 0.619374 0.296089
vt 0.619550 0.296139
vt 0.614609 0.314617
vt 0.614432 0.314571
vt 0.609203 0.334972
vt 0.609380 0.335016
vt 0.609626 0.335076
vt 0.614854 0.314681
vt 0.615146 0.314768
vt 0.609917 0.335164
vt 0.610233 0.335290
vt 0.615466 0.314884
vt 0.620086 0.296294
vt 0.620410 0.296397
vt 0.624642 0.279896
vt 0.624970 0.279988
vt 0.605965 0.357996
vt 0.604785 0.357443
vt 0.611551 0.335868
vt 0.604471 0.357312
vt 0.598878 0.381044
vt 0.598586 0.380959
vt 0.604180 0.357224
vt 0.599193 0.381174
vt 0.594922 0.404672
vt 0.593950 0.404254
vt 0.600252 0.381665
vt 0.593632 0.404132
vt 0.589222 0.424345
vt 0.588928 0.424266
vt 0.593338 0.404050
vt 0.603934 0.357167
vt 0.603756 0.357125
vt 0.598340 0.380904
vt 0.619095 0.296011
vt 0.618540 0.295855
vt 0.623103 0.279437
vt 0.627184 0.265260
vt 0.631144 0.252187
vt 0.626412 0.265017
vt 0.630374 0.251951
vt 0.635345 0.239079
vt 0.634571 0.238893
vt 0.638836 0.226091
vt 0.639614 0.226238
vt 0.643780 0.213968
vt 0.643001 0.213791
vt 0.642037 0.213708
vt 0.637870 0.226100
vt 0.640568 0.213611
vt 0.644410 0.201564
vt 0.646810 0.202160
vt 0.645852 0.201943
vt 0.649048 0.191147
vt 0.649939 0.181102
vt 0.652364 0.181460
vt 0.651408 0.181326
vt 0.647597 0.190762
vt 0.650005 0.191366
vt 0.650785 0.191553
vt 0.647589 0.202371
vt 0.653702 0.181680
vt 0.653146 0.181585
vt 0.651339 0.191690
vt 0.654449 0.172538
vt 0.654714 0.164133
vt 0.653669 0.172497
vt 0.655007 0.172583
vt 0.655271 0.164122
vt 0.653937 0.164182
vt 0.652995 0.164303
vt 0.652717 0.172486
vt 0.652263 0.156449
vt 0.653188 0.156221
vt 0.653958 0.156087
vt 0.652595 0.147519
vt 0.651291 0.147862
vt 0.654512 0.156017
vt 0.652048 0.147650
vt 0.648852 0.138070
vt 0.643817 0.126689
vt 0.644330 0.126437
vt 0.648111 0.138355
vt 0.649383 0.137875
vt 0.643095 0.127038
vt 0.642207 0.127458
vt 0.647212 0.138728
vt 0.634817 0.113713
vt 0.635688 0.113247
vt 0.636391 0.112849
vt 0.628123 0.100137
vt 0.636888 0.112557
vt 0.628805 0.099701
vt 0.629285 0.099377
vt 0.623985 0.089857
vt 0.623750 0.090038
vt 0.623291 0.090392
vt 0.629530 0.099212
vt 0.637142 0.112408
vt 0.644594 0.126308
vt 0.637305 0.112313
vt 0.644761 0.126226
vt 0.629687 0.099106
vt 0.637524 0.112184
vt 0.629898 0.098964
vt 0.624134 0.089742
vt 0.624336 0.089585
vt 0.619795 0.082555
vt 0.624585 0.089409
vt 0.620018 0.082344
vt 0.620299 0.082116
vt 0.616126 0.075538
vt 0.617081 0.074849
vt 0.620652 0.081888
vt 0.624878 0.089233
vt 0.616524 0.075190
vt 0.611976 0.066762
vt 0.613837 0.067963
vt 0.608336 0.062209
vt 0.608012 0.062887
vt 0.612257 0.069081
vt 0.611878 0.069604
vt 0.607664 0.063596
vt 0.607268 0.064367
vt 0.611483 0.070148
vt 0.615522 0.076214
vt 0.615816 0.075883
vt 0.619354 0.082969
vt 0.619613 0.082729
vt 0.611042 0.070737
vt 0.615168 0.076601
vt 0.614678 0.077113
vt 0.618899 0.083378
vt 0.618254 0.083892
vt 0.609875 0.072061
vt 0.614028 0.077688
vt 0.610527 0.071398
vt 0.606344 0.066031
vt 0.601725 0.059826
vt 0.605715 0.066821
vt 0.606828 0.065184
vt 0.600821 0.061899
vt 0.601346 0.060939
vt 0.594753 0.056050
vt 0.587216 0.054149
vt 0.587199 0.052782
vt 0.594465 0.057231
vt 0.594934 0.054550
vt 0.587114 0.050958
vt 0.586960 0.048542
vt 0.578379 0.048099
vt 0.578926 0.050654
vt 0.595079 0.052705
vt 0.579321 0.052555
vt 0.570980 0.054740
vt 0.570311 0.052886
vt 0.579642 0.053988
vt 0.571543 0.056171
vt 0.572134 0.057379
vt 0.563405 0.061344
vt 0.562720 0.060121
vt 0.579965 0.055138
vt 0.562035 0.058711
vt 0.551394 0.062111
vt 0.553047 0.065255
vt 0.561206 0.056903
vt 0.552312 0.063873
vt 0.541638 0.069631
vt 0.542398 0.070990
vt 0.531687 0.076844
vt 0.530898 0.075507
vt 0.529846 0.073837
vt 0.540657 0.067915
vt 0.539351 0.065614
vt 0.549033 0.057567
vt 0.550167 0.059749
vt 0.538147 0.063486
vt 0.527159 0.069520
vt 0.528446 0.071595
vt 0.518259 0.077212
vt 0.516835 0.075185
vt 0.507812 0.080099
vt 0.509269 0.082148
vt 0.510856 0.084353
vt 0.519809 0.079396
vt 0.520977 0.081020
vt 0.521828 0.082335
vt 0.512054 0.085986
vt 0.512912 0.087312
vt 0.522427 0.083590
vt 0.513482 0.088593
vt 0.505501 0.092954
vt 0.505029 0.091627
vt 0.504306 0.090221
vt 0.497138 0.093756
vt 0.497688 0.095253
vt 0.496347 0.091899
vt 0.503294 0.088465
vt 0.501955 0.086088
vt 0.494245 0.087157
vt 0.495260 0.089435
vt 0.500726 0.083878
vt 0.500046 0.082624
vt 0.506492 0.078157
vt 0.493667 0.085860
vt 0.499580 0.081818
vt 0.507007 0.078930
vt 0.493234 0.085028
vt 0.485884 0.088549
vt 0.485324 0.087613
vt 0.492650 0.084146
vt 0.486372 0.089378
vt 0.498990 0.080951
vt 0.491223 0.082061
vt 0.505906 0.077295
vt 0.497540 0.078702
vt 0.504476 0.074912
vt 0.510310 0.064809
vt 0.501428 0.069573
vt 0.513488 0.070098
vt 0.494492 0.073752
vt 0.514959 0.072444
vt 0.525392 0.066788
vt 0.525967 0.067599
vt 0.515540 0.073279
vt 0.523870 0.064545
vt 0.531560 0.053687
vt 0.520551 0.059501
vt 0.534914 0.058539
vt 0.536447 0.060717
vt 0.545836 0.052587
vt 0.537014 0.061531
vt 0.547378 0.054741
vt 0.547944 0.055568
vt 0.558017 0.050202
vt 0.557442 0.049367
vt 0.558458 0.050992
vt 0.548394 0.056342
vt 0.537474 0.062290
vt 0.526444 0.068349
vt 0.516047 0.074033
vt 0.568548 0.048107
vt 0.568053 0.046805
vt 0.559053 0.052249
vt 0.571579 0.043224
vt 0.566032 0.044116
vt 0.573459 0.039117
vt 0.572545 0.038511
vt 0.577371 0.043471
vt 0.577563 0.044344
vt 0.577863 0.045720
vt 0.586810 0.046277
vt 0.586733 0.044906
vt 0.586693 0.043983
vt 0.595402 0.048884
vt 0.595304 0.049786
vt 0.602371 0.057502
vt 0.595199 0.050966
vt 0.602618 0.056580
vt 0.602838 0.055763
vt 0.602070 0.058632
vt 0.577322 0.032220
vt 0.564442 0.041897
vt 0.576270 0.031939
vt 0.571110 0.036223
vt 0.574224 0.031342
vt 0.568634 0.030571
vt 0.574043 0.025573
vt 0.576499 0.023787
vt 0.574729 0.015533
vt 0.571955 0.017757
vt 0.575595 0.014977
vt 0.577479 0.023605
vt 0.573337 0.008042
vt 0.572457 0.008654
vt 0.569935 0.002463
vt 0.569293 0.010853
vt 0.566344 0.004406
vt 0.571264 0.003603
vt 0.561563 0.016226
vt 0.557490 0.009214
vt 0.546633 0.015309
vt 0.551783 0.022824
vt 0.542470 0.028700
vt 0.537037 0.021112
vt 0.527644 0.027012
vt 0.532899 0.034395
vt 0.522345 0.040447
vt 0.517395 0.033395
vt 0.507154 0.039582
vt 0.511744 0.046319
vt 0.502031 0.051470
vt 0.497784 0.044891
vt 0.489553 0.049778
vt 0.493562 0.056267
vt 0.486689 0.061073
vt 0.482734 0.054697
vt 0.476761 0.059457
vt 0.480644 0.065727
vt 0.474654 0.070068
vt 0.471073 0.063866
vt 0.464963 0.067827
vt 0.468374 0.074060
vt 0.461455 0.077664
vt 0.457728 0.071244
vt 0.450709 0.074101
vt 0.454929 0.080686
vt 0.449831 0.082930
vt 0.445246 0.076389
vt 0.441019 0.078293
vt 0.445818 0.084707
vt 0.442552 0.086327
vt 0.437706 0.080004
vt 0.435410 0.081310
vt 0.440226 0.087577
vt 0.439037 0.088246
vt 0.434232 0.082002
vt 0.433635 0.082305
vt 0.433086 0.082444
vt 0.437924 0.088696
vt 0.438448 0.088546
vt 0.442558 0.094000
vt 0.445261 0.097876
vt 0.442034 0.094196
vt 0.444687 0.098196
vt 0.445862 0.097513
vt 0.443146 0.093684
vt 0.444344 0.093043
vt 0.449445 0.095840
vt 0.446698 0.091867
vt 0.447065 0.096903
vt 0.448675 0.099369
vt 0.451844 0.099820
vt 0.449455 0.100650
vt 0.448273 0.101122
vt 0.451069 0.098430
vt 0.447475 0.099928
vt 0.446866 0.100310
vt 0.446241 0.100717
vt 0.447052 0.101782
vt 0.447679 0.101434
vt 0.447937 0.101914
vt 0.448508 0.102303
vt 0.447880 0.102416
vt 0.447335 0.102142
vt 0.447303 0.102544
vt 0.448527 0.101710
vt 0.449718 0.101334
vt 0.452258 0.101339
vt 0.449772 0.102009
vt 0.452123 0.100595
vt 0.455359 0.099584
vt 0.455061 0.098737
vt 0.455567 0.100379
vt 0.459041 0.098395
vt 0.458729 0.097509
vt 0.459296 0.099216
vt 0.455734 0.101277
vt 0.463856 0.096825
vt 0.464174 0.097654
vt 0.459537 0.100140
vt 0.464525 0.098598
vt 0.472324 0.097888
vt 0.471498 0.096471
vt 0.470927 0.095495
vt 0.464969 0.099865
vt 0.459805 0.101334
vt 0.455908 0.102433
vt 0.465402 0.101352
vt 0.460065 0.102740
vt 0.456075 0.103788
vt 0.452439 0.106014
vt 0.456216 0.105285
vt 0.452390 0.104595
vt 0.452353 0.103300
vt 0.460282 0.104299
vt 0.456318 0.106777
vt 0.460440 0.105858
vt 0.465941 0.104557
vt 0.465723 0.102961
vt 0.473628 0.101174
vt 0.482649 0.100592
vt 0.473127 0.099529
vt 0.481613 0.097331
vt 0.473920 0.102762
vt 0.482278 0.099031
vt 0.489955 0.096626
vt 0.490400 0.098165
vt 0.489236 0.094821
vt 0.488127 0.092593
vt 0.479366 0.093785
vt 0.480501 0.095449
vt 0.487036 0.090570
vt 0.478634 0.092738
vt 0.478110 0.091919
vt 0.470064 0.093712
vt 0.477600 0.090939
vt 0.470489 0.094672
vt 0.476558 0.088946
vt 0.474441 0.085086
vt 0.467413 0.088384
vt 0.469191 0.091865
vt 0.481482 0.081447
vt 0.484065 0.085577
vt 0.478152 0.076014
vt 0.471596 0.079933
vt 0.484488 0.071835
vt 0.488258 0.077618
vt 0.490618 0.067431
vt 0.497532 0.062838
vt 0.506225 0.058095
vt 0.516240 0.052982
vt 0.527124 0.047283
vt 0.537916 0.041446
vt 0.552351 0.042398
vt 0.547657 0.035919
vt 0.542455 0.047832
vt 0.556693 0.030083
vt 0.561120 0.036830
vt 0.565368 0.023318
vt 0.555847 0.047195
vt 0.464808 0.083554
vt 0.458595 0.086584
vt 0.461150 0.091109
vt 0.456403 0.093031
vt 0.453766 0.088726
vt 0.449931 0.090361
vt 0.452669 0.094494
vt 0.454292 0.097241
vt 0.457978 0.095930
vt 0.462740 0.094228
vt 0.463509 0.095909
vt 0.490687 0.099595
vt 0.483094 0.103870
vt 0.482881 0.102055
vt 0.498049 0.096634
vt 0.490962 0.101362
vt 0.498398 0.098336
vt 0.491370 0.103910
vt 0.498912 0.100798
vt 0.506610 0.097013
vt 0.505952 0.094612
vt 0.514031 0.090215
vt 0.514827 0.092564
vt 0.523925 0.087464
vt 0.523037 0.085172
vt 0.532963 0.079625
vt 0.532293 0.078085
vt 0.543799 0.073719
vt 0.533940 0.081859
vt 0.544904 0.075894
vt 0.543040 0.072219
vt 0.553725 0.066476
vt 0.554568 0.067946
vt 0.555799 0.070072
vt 0.565602 0.064892
vt 0.564297 0.062796
vt 0.572911 0.058819
vt 0.574035 0.060947
vt 0.580819 0.058828
vt 0.580341 0.056565
vt 0.586968 0.056536
vt 0.594001 0.058118
vt 0.587166 0.055193
vt 0.586541 0.058800
vt 0.591791 0.061126
vt 0.593172 0.059239
vt 0.598735 0.063533
vt 0.604843 0.067464
vt 0.603435 0.068275
vt 0.596651 0.064988
vt 0.601203 0.069566
vt 0.600038 0.062634
vt 0.598984 0.071325
vt 0.605555 0.074733
vt 0.607684 0.073458
vt 0.603313 0.076200
vt 0.593570 0.067154
vt 0.588895 0.071727
vt 0.593474 0.071378
vt 0.584793 0.065092
vt 0.589214 0.063252
vt 0.597617 0.073540
vt 0.587542 0.068542
vt 0.581234 0.071164
vt 0.577898 0.077160
vt 0.573147 0.074899
vt 0.569784 0.071411
vt 0.578370 0.067521
vt 0.583748 0.073888
vt 0.585601 0.075720
vt 0.582124 0.078479
vt 0.589432 0.074178
vt 0.589731 0.075425
vt 0.586483 0.076686
vt 0.583911 0.079139
vt 0.586868 0.077225
vt 0.579932 0.081897
vt 0.583038 0.082240
vt 0.582377 0.082132
vt 0.584472 0.079485
vt 0.585017 0.079864
vt 0.584351 0.082574
vt 0.583696 0.082396
vt 0.587230 0.077776
vt 0.587581 0.078331
vt 0.585555 0.080258
vt 0.590041 0.076705
vt 0.590170 0.077339
vt 0.592910 0.077305
vt 0.593010 0.076663
vt 0.595698 0.077662
vt 0.595388 0.078253
vt 0.598202 0.080766
vt 0.598677 0.080259
vt 0.602516 0.085008
vt 0.601949 0.085432
vt 0.605364 0.090538
vt 0.605982 0.090230
vt 0.607842 0.094244
vt 0.607184 0.094376
vt 0.607542 0.097338
vt 0.608184 0.097428
vt 0.607099 0.100156
vt 0.606571 0.099819
vt 0.604467 0.101650
vt 0.604804 0.102194
vt 0.601518 0.103302
vt 0.601424 0.102660
vt 0.598134 0.102530
vt 0.595289 0.100939
vt 0.594928 0.101515
vt 0.597980 0.103178
vt 0.597890 0.103832
vt 0.594626 0.102112
vt 0.594441 0.102749
vt 0.597928 0.104499
vt 0.601664 0.103938
vt 0.601913 0.104563
vt 0.605172 0.102732
vt 0.606748 0.104550
vt 0.605601 0.103261
vt 0.602626 0.106031
vt 0.598114 0.106115
vt 0.604164 0.109201
vt 0.592868 0.108328
vt 0.593984 0.104472
vt 0.598471 0.109616
vt 0.599872 0.114922
vt 0.596520 0.123029
vt 0.603193 0.121952
vt 0.609932 0.120450
vt 0.593058 0.114464
vt 0.606582 0.114023
vt 0.612711 0.112060
vt 0.617786 0.109325
vt 0.613118 0.104416
vt 0.609272 0.107371
vt 0.616604 0.118951
vt 0.623073 0.117878
vt 0.628401 0.116884
vt 0.620984 0.104233
vt 0.619799 0.126322
vt 0.635324 0.130531
vt 0.627076 0.127107
vt 0.627892 0.134042
vt 0.621143 0.132452
vt 0.627285 0.138556
vt 0.634025 0.137918
vt 0.632507 0.142069
vt 0.621469 0.136761
vt 0.627018 0.140522
vt 0.621609 0.138666
vt 0.615966 0.138488
vt 0.615600 0.136701
vt 0.614787 0.132736
vt 0.613055 0.127137
vt 0.608884 0.134537
vt 0.609996 0.138227
vt 0.606756 0.129045
vt 0.600813 0.131538
vt 0.603498 0.137502
vt 0.598788 0.141906
vt 0.600775 0.145480
vt 0.594396 0.135462
vt 0.604976 0.141187
vt 0.605649 0.142856
vt 0.605956 0.143488
vt 0.601669 0.147078
vt 0.610507 0.139911
vt 0.602068 0.147641
vt 0.610728 0.140580
vt 0.610969 0.141226
vt 0.616175 0.139858
vt 0.606336 0.144062
vt 0.616090 0.139179
vt 0.621613 0.139358
vt 0.621528 0.140030
vt 0.626608 0.141817
vt 0.626867 0.141191
vt 0.631500 0.144470
vt 0.631821 0.143871
vt 0.635158 0.148987
vt 0.635645 0.148530
vt 0.631079 0.145010
vt 0.634609 0.149398
vt 0.634030 0.149786
vt 0.636431 0.154887
vt 0.637078 0.154635
vt 0.637715 0.154367
vt 0.630608 0.145519
vt 0.626294 0.142422
vt 0.621400 0.140692
vt 0.616240 0.140530
vt 0.611222 0.141860
vt 0.606752 0.144607
vt 0.603113 0.148525
vt 0.602566 0.148107
vt 0.599950 0.153102
vt 0.600587 0.153368
vt 0.599297 0.158788
vt 0.598613 0.158686
vt 0.598680 0.164501
vt 0.599369 0.164435
vt 0.600757 0.169963
vt 0.600104 0.170192
vt 0.602839 0.175405
vt 0.603416 0.175026
vt 0.607123 0.179284
vt 0.606662 0.179795
vt 0.611349 0.183016
vt 0.611656 0.182400
vt 0.616691 0.184187
vt 0.621983 0.185133
vt 0.621904 0.184457
vt 0.616566 0.184864
vt 0.616418 0.185526
vt 0.611011 0.183613
vt 0.610613 0.184169
vt 0.616222 0.186156
vt 0.622066 0.185791
vt 0.622159 0.186410
vt 0.629254 0.186689
vt 0.615700 0.187820
vt 0.627835 0.184967
vt 0.627463 0.184433
vt 0.622704 0.188224
vt 0.632116 0.181479
vt 0.632664 0.181862
vt 0.631634 0.181014
vt 0.627154 0.183843
vt 0.626876 0.183225
vt 0.631185 0.180507
vt 0.634568 0.176572
vt 0.637415 0.171890
vt 0.636758 0.171693
vt 0.635147 0.176933
vt 0.635747 0.177243
vt 0.638082 0.172040
vt 0.638768 0.172096
vt 0.636392 0.177453
vt 0.637868 0.177900
vt 0.640966 0.178924
vt 0.640126 0.172143
vt 0.642810 0.172264
vt 0.634277 0.182998
vt 0.646010 0.172391
vt 0.646440 0.165266
vt 0.643524 0.165664
vt 0.641119 0.165988
vt 0.644583 0.180027
vt 0.647619 0.180711
vt 0.648918 0.172457
vt 0.651543 0.164522
vt 0.649236 0.164864
vt 0.651249 0.172481
vt 0.648580 0.157485
vt 0.645883 0.158256
vt 0.644141 0.150616
vt 0.646764 0.149488
vt 0.648984 0.148684
vt 0.650840 0.156847
vt 0.650382 0.148175
vt 0.645820 0.139264
vt 0.643600 0.140041
vt 0.640843 0.128034
vt 0.641016 0.141603
vt 0.638694 0.128849
vt 0.631650 0.115616
vt 0.624379 0.103033
vt 0.633547 0.114438
vt 0.626079 0.101511
vt 0.621797 0.091399
vt 0.620584 0.092281
vt 0.618787 0.093791
vt 0.627271 0.100643
vt 0.616156 0.085289
vt 0.611909 0.087992
vt 0.616351 0.094960
vt 0.614168 0.086647
vt 0.609817 0.080361
vt 0.611890 0.079072
vt 0.607592 0.081747
vt 0.605827 0.082851
vt 0.600447 0.078679
vt 0.609819 0.088792
vt 0.604525 0.083670
vt 0.608163 0.089263
vt 0.601632 0.077576
vt 0.613223 0.094823
vt 0.610460 0.094240
vt 0.603688 0.084200
vt 0.607207 0.089621
vt 0.609123 0.094072
vt 0.609448 0.097766
vt 0.608491 0.094136
vt 0.611085 0.098513
vt 0.606597 0.089924
vt 0.608821 0.097557
vt 0.607636 0.100514
vt 0.608193 0.100912
vt 0.609708 0.101997
vt 0.603092 0.084594
vt 0.599168 0.079772
vt 0.596015 0.077083
vt 0.596343 0.076527
vt 0.599692 0.079328
vt 0.593102 0.076018
vt 0.596829 0.075507
vt 0.593178 0.075368
vt 0.593285 0.074044
vt 0.589899 0.076068
vt 0.614752 0.100259
vt 0.613196 0.078261
vt 0.609026 0.072658
vt 0.617428 0.084450
vt 0.622632 0.090863
vt 0.638533 0.144495
vt 0.636595 0.147281
vt 0.641536 0.152096
vt 0.639437 0.153417
vt 0.640917 0.159700
vt 0.643149 0.159047
vt 0.638332 0.154068
vt 0.639724 0.160055
vt 0.639166 0.166246
vt 0.639047 0.160238
vt 0.639857 0.166171
vt 0.638365 0.160375
vt 0.637679 0.160489
vt 0.637785 0.166216
vt 0.638475 0.166249
vt 0.614574 0.191582
vt 0.609317 0.185695
vt 0.606284 0.189201
vt 0.593017 0.190021
vt 0.612170 0.196713
vt 0.603879 0.182005
vt 0.599707 0.185072
vt 0.602701 0.194006
vt 0.599752 0.199430
vt 0.591993 0.197353
vt 0.597709 0.203887
vt 0.603702 0.207185
vt 0.607812 0.202482
vt 0.591359 0.201898
vt 0.596840 0.205791
vt 0.591084 0.203870
vt 0.585147 0.203587
vt 0.584884 0.201655
vt 0.584268 0.197233
vt 0.583040 0.190846
vt 0.580944 0.183015
vt 0.570481 0.176585
vt 0.588840 0.181285
vt 0.578796 0.174369
vt 0.572664 0.184969
vt 0.586524 0.172672
vt 0.595273 0.178951
vt 0.592696 0.171508
vt 0.577417 0.165534
vt 0.591688 0.163414
vt 0.585631 0.163493
vt 0.585823 0.153102
vt 0.579968 0.147825
vt 0.584391 0.141122
vt 0.590559 0.144395
vt 0.572982 0.152965
vt 0.575811 0.157927
vt 0.592383 0.155356
vt 0.594917 0.148022
vt 0.595802 0.157348
vt 0.597624 0.151000
vt 0.598841 0.152330
vt 0.597337 0.158242
vt 0.597952 0.158524
vt 0.599354 0.152776
vt 0.597997 0.164519
vt 0.597329 0.164441
vt 0.598771 0.170515
vt 0.599444 0.170388
vt 0.595587 0.164121
vt 0.596912 0.170810
vt 0.599710 0.176908
vt 0.601619 0.176050
vt 0.602246 0.175756
vt 0.605642 0.180712
vt 0.606177 0.180280
vt 0.566189 0.161379
vt 0.555830 0.158269
vt 0.556639 0.163707
vt 0.568243 0.168403
vt 0.559305 0.170968
vt 0.564561 0.156469
vt 0.563446 0.153417
vt 0.570300 0.150101
vt 0.569134 0.148789
vt 0.562932 0.151969
vt 0.555933 0.153055
vt 0.555916 0.154702
vt 0.548304 0.153852
vt 0.547090 0.157864
vt 0.541204 0.150764
vt 0.538640 0.154754
vt 0.542292 0.149039
vt 0.548824 0.152071
vt 0.548994 0.151406
vt 0.549158 0.150739
vt 0.542978 0.147852
vt 0.555884 0.151685
vt 0.555913 0.152369
vt 0.542638 0.148447
vt 0.537389 0.143847
vt 0.533793 0.137959
vt 0.533192 0.138292
vt 0.536894 0.144325
vt 0.537879 0.143372
vt 0.534395 0.137648
vt 0.538367 0.142899
vt 0.532120 0.131415
vt 0.533442 0.131206
vt 0.534997 0.137347
vt 0.532781 0.131299
vt 0.533295 0.124945
vt 0.535235 0.118881
vt 0.533942 0.125079
vt 0.536378 0.119541
vt 0.535816 0.119190
vt 0.532637 0.124848
vt 0.531958 0.124826
vt 0.532745 0.118189
vt 0.530126 0.124793
vt 0.529849 0.132032
vt 0.534616 0.118657
vt 0.531456 0.131579
vt 0.539347 0.113694
vt 0.545164 0.109150
vt 0.538023 0.112832
vt 0.539804 0.114138
vt 0.545580 0.110401
vt 0.545797 0.111005
vt 0.552666 0.109868
vt 0.552745 0.109241
vt 0.540227 0.114637
vt 0.546005 0.111634
vt 0.552630 0.110526
vt 0.559703 0.110734
vt 0.552614 0.111199
vt 0.559206 0.111981
vt 0.559434 0.111346
vt 0.546209 0.112275
vt 0.540631 0.115164
vt 0.565753 0.114125
vt 0.571528 0.118180
vt 0.565341 0.114663
vt 0.570401 0.118942
vt 0.570957 0.118549
vt 0.566198 0.113610
vt 0.566711 0.113142
vt 0.568450 0.111634
vt 0.560051 0.110169
vt 0.561512 0.108315
vt 0.572133 0.117859
vt 0.573984 0.117017
vt 0.577910 0.123961
vt 0.583135 0.123923
vt 0.578297 0.115084
vt 0.575727 0.124019
vt 0.572578 0.107999
vt 0.565118 0.103835
vt 0.584628 0.112001
vt 0.569990 0.096203
vt 0.577647 0.103376
vt 0.582211 0.098902
vt 0.577708 0.092109
vt 0.587425 0.104901
vt 0.589910 0.100970
vt 0.585564 0.095477
vt 0.581920 0.089717
vt 0.587001 0.094002
vt 0.583709 0.088679
vt 0.582238 0.085017
vt 0.574404 0.086302
vt 0.579953 0.085417
vt 0.563632 0.080736
vt 0.573925 0.081359
vt 0.565606 0.088329
vt 0.553577 0.092156
vt 0.538296 0.091656
vt 0.555791 0.098428
vt 0.550347 0.086224
vt 0.542940 0.102601
vt 0.540676 0.097130
vt 0.529263 0.102596
vt 0.531634 0.107860
vt 0.527554 0.097107
vt 0.517934 0.102391
vt 0.519187 0.108131
vt 0.521070 0.115488
vt 0.535003 0.111080
vt 0.526008 0.124663
vt 0.519968 0.125764
vt 0.510297 0.113307
vt 0.511358 0.120769
vt 0.512370 0.129428
vt 0.528410 0.117148
vt 0.520915 0.135185
vt 0.513460 0.139194
vt 0.503127 0.125684
vt 0.504113 0.134365
vt 0.505124 0.144270
vt 0.496101 0.139287
vt 0.497044 0.149637
vt 0.506216 0.155656
vt 0.497975 0.161851
vt 0.514756 0.149978
vt 0.515973 0.159887
vt 0.507460 0.165774
vt 0.522416 0.145173
vt 0.525758 0.155534
vt 0.531832 0.149234
vt 0.535763 0.160195
vt 0.528018 0.141597
vt 0.533737 0.166269
vt 0.525147 0.164733
vt 0.516824 0.167027
vt 0.524918 0.170075
vt 0.508926 0.171876
vt 0.510175 0.175103
vt 0.517355 0.171517
vt 0.517610 0.173473
vt 0.510767 0.176600
vt 0.524777 0.173014
vt 0.517702 0.174166
vt 0.524825 0.172320
vt 0.511003 0.177240
vt 0.505517 0.182583
vt 0.511183 0.177897
vt 0.517740 0.174867
vt 0.505170 0.182035
vt 0.504760 0.181516
vt 0.499154 0.186881
vt 0.503753 0.180386
vt 0.501050 0.187950
vt 0.500491 0.187620
vt 0.498857 0.194312
vt 0.499492 0.194384
vt 0.498395 0.201300
vt 0.500494 0.200683
vt 0.497442 0.194109
vt 0.499860 0.200865
vt 0.503497 0.206551
vt 0.504056 0.206194
vt 0.501790 0.207689
vt 0.504499 0.205763
vt 0.504884 0.205295
vt 0.501614 0.200240
vt 0.501069 0.200470
vt 0.500074 0.194462
vt 0.500631 0.194543
vt 0.502013 0.188684
vt 0.501547 0.188310
vt 0.505835 0.183145
vt 0.511335 0.178563
vt 0.517752 0.175572
vt 0.524557 0.174399
vt 0.524679 0.173707
vt 0.531489 0.174629
vt 0.531221 0.175269
vt 0.537168 0.178005
vt 0.537580 0.177458
vt 0.542364 0.182019
vt 0.541822 0.182429
vt 0.544810 0.187975
vt 0.545447 0.187739
vt 0.546435 0.194045
vt 0.545759 0.194076
vt 0.544670 0.200086
vt 0.545325 0.200266
vt 0.541541 0.205363
vt 0.545985 0.200406
vt 0.547106 0.193977
vt 0.546072 0.187473
vt 0.546673 0.187148
vt 0.542893 0.181588
vt 0.543394 0.181116
vt 0.544584 0.179840
vt 0.548058 0.186317
vt 0.539301 0.174608
vt 0.538346 0.176315
vt 0.537978 0.176899
vt 0.531737 0.173983
vt 0.531947 0.173325
vt 0.532490 0.171229
vt 0.541460 0.170678
vt 0.547183 0.177002
vt 0.551033 0.184536
vt 0.546076 0.164949
vt 0.551865 0.173683
vt 0.555797 0.182100
vt 0.562547 0.179305
vt 0.494515 0.193636
vt 0.488840 0.194107
vt 0.490537 0.181734
vt 0.495326 0.202276
vt 0.489523 0.204105
vt 0.496324 0.185295
vt 0.501610 0.178004
vt 0.499346 0.172461
vt 0.479857 0.207103
vt 0.479183 0.196737
vt 0.468348 0.188879
vt 0.478660 0.185517
vt 0.468905 0.199988
vt 0.461372 0.202325
vt 0.461081 0.191158
vt 0.455346 0.204143
vt 0.455473 0.192819
vt 0.450139 0.194331
vt 0.449589 0.205840
vt 0.460743 0.178621
vt 0.450461 0.181699
vt 0.455467 0.180248
vt 0.455485 0.167480
vt 0.450733 0.168871
vt 0.460502 0.165895
vt 0.455685 0.155566
vt 0.460505 0.154160
vt 0.466932 0.141279
vt 0.455942 0.144288
vt 0.467063 0.151975
vt 0.467294 0.163501
vt 0.460602 0.143126
vt 0.460649 0.132504
vt 0.466756 0.131009
vt 0.456133 0.133425
vt 0.460661 0.123724
vt 0.456258 0.124463
vt 0.466583 0.122509
vt 0.475773 0.128557
vt 0.475275 0.120538
vt 0.460655 0.118223
vt 0.466460 0.117127
vt 0.474935 0.115384
vt 0.484223 0.113120
vt 0.483792 0.109649
vt 0.474681 0.111842
vt 0.466360 0.113519
vt 0.484794 0.118012
vt 0.485597 0.125444
vt 0.492470 0.110456
vt 0.494124 0.121966
vt 0.493196 0.115137
vt 0.501133 0.111659
vt 0.502106 0.117970
vt 0.509253 0.107326
vt 0.500289 0.107190
vt 0.508291 0.103114
vt 0.499555 0.103817
vt 0.516809 0.098398
vt 0.515782 0.095379
vt 0.507411 0.099924
vt 0.526171 0.093211
vt 0.525000 0.090224
vt 0.535152 0.084602
vt 0.548036 0.081911
vt 0.546327 0.078655
vt 0.536530 0.087674
vt 0.557439 0.072869
vt 0.559513 0.076347
vt 0.567404 0.067731
vt 0.575767 0.063826
vt 0.582076 0.061735
vt 0.585991 0.061122
vt 0.491883 0.107017
vt 0.495132 0.130247
vt 0.486493 0.134442
vt 0.476327 0.138251
vt 0.487339 0.144029
vt 0.476834 0.148428
vt 0.477372 0.159682
vt 0.488150 0.154905
vt 0.488940 0.167766
vt 0.478018 0.172605
vt 0.467767 0.176260
vt 0.474443 0.108653
vt 0.460609 0.111476
vt 0.460637 0.114605
vt 0.466253 0.110343
vt 0.466151 0.107779
vt 0.474095 0.104232
vt 0.466065 0.106007
vt 0.460527 0.107264
vt 0.460572 0.108981
vt 0.474241 0.106042
vt 0.456377 0.109775
vt 0.452365 0.112653
vt 0.452435 0.110290
vt 0.452473 0.108700
vt 0.456367 0.108121
vt 0.456363 0.112197
vt 0.456338 0.115273
vt 0.452288 0.115698
vt 0.456315 0.118887
vt 0.452475 0.107427
vt 0.449530 0.107820
vt 0.449481 0.109023
vt 0.448026 0.109117
vt 0.447490 0.107986
vt 0.448102 0.107973
vt 0.447405 0.109056
vt 0.446914 0.108918
vt 0.446572 0.107922
vt 0.446989 0.107958
vt 0.446516 0.108759
vt 0.446172 0.108636
vt 0.446060 0.109836
vt 0.446210 0.107912
vt 0.445745 0.109666
vt 0.445840 0.108528
vt 0.445866 0.107920
vt 0.445455 0.107397
vt 0.445504 0.107937
vt 0.446148 0.107023
vt 0.445805 0.107199
vt 0.445479 0.108414
vt 0.445103 0.108298
vt 0.445051 0.109295
vt 0.445405 0.109483
vt 0.445133 0.107960
vt 0.445104 0.107606
vt 0.445077 0.106914
vt 0.445411 0.106564
vt 0.445449 0.105210
vt 0.445116 0.105560
vt 0.445175 0.104179
vt 0.445525 0.103898
vt 0.445594 0.103190
vt 0.445213 0.103408
vt 0.445141 0.102959
vt 0.444872 0.102545
vt 0.445269 0.102458
vt 0.445546 0.102805
vt 0.445947 0.102656
vt 0.445661 0.102365
vt 0.446363 0.102827
vt 0.445977 0.102991
vt 0.446338 0.102516
vt 0.446039 0.102260
vt 0.446781 0.102355
vt 0.446478 0.102085
vt 0.445681 0.101053
vt 0.445263 0.101221
vt 0.444911 0.101295
vt 0.443161 0.098664
vt 0.443810 0.098561
vt 0.443489 0.098620
vt 0.444547 0.101346
vt 0.444177 0.101386
vt 0.442830 0.098700
vt 0.440366 0.094534
vt 0.436320 0.088935
vt 0.436598 0.088894
vt 0.440662 0.094488
vt 0.440957 0.094440
vt 0.436876 0.088852
vt 0.441250 0.094388
vt 0.437154 0.088811
vt 0.441592 0.094313
vt 0.437486 0.088761
vt 0.432624 0.082495
vt 0.432290 0.082532
vt 0.432021 0.082561
vt 0.431752 0.082590
vt 0.432760 0.084191
vt 0.444188 0.098436
vt 0.446792 0.102683
vt 0.446659 0.103289
vt 0.446143 0.104608
vt 0.446252 0.103441
vt 0.447126 0.103184
vt 0.446972 0.104253
vt 0.446531 0.104393
vt 0.446465 0.105693
vt 0.446091 0.105934
vt 0.446894 0.105532
vt 0.446941 0.106798
vt 0.446517 0.106885
vt 0.447425 0.105425
vt 0.447456 0.106737
vt 0.448099 0.106677
vt 0.449538 0.106481
vt 0.449553 0.105126
vt 0.448104 0.105346
vt 0.448204 0.104101
vt 0.449710 0.102811
vt 0.449623 0.103876
vt 0.448354 0.103051
vt 0.447681 0.103109
vt 0.447514 0.104164
vt 0.452314 0.102194
vt 0.445748 0.106232
vt 0.445789 0.104885
vt 0.445881 0.103643
vt 0.445305 0.111799
vt 0.445014 0.111623
vt 0.445599 0.111976
vt 0.445456 0.115169
vt 0.444975 0.114891
vt 0.445205 0.115025
vt 0.445131 0.118824
vt 0.444920 0.118708
vt 0.445369 0.118953
vt 0.445900 0.112157
vt 0.445748 0.115336
vt 0.483407 0.106484
vt 0.447083 0.169893
vt 0.446622 0.182773
vt 0.446055 0.195461
vt 0.445186 0.207122
vt 0.443220 0.207695
vt 0.444192 0.195975
vt 0.443519 0.196078
vt 0.442550 0.207810
vt 0.441564 0.219147
vt 0.440854 0.230671
vt 0.441525 0.230513
vt 0.442231 0.219013
vt 0.531598 0.139290
vt 0.535381 0.145792
vt 0.526357 0.133016
vt 0.544360 0.106579
vt 0.555055 0.103763
vt 0.553372 0.107565
vt 0.584299 0.088339
vt 0.582895 0.084884
vt 0.583560 0.084798
vt 0.585546 0.087773
vt 0.584916 0.088044
vt 0.584229 0.084735
vt 0.588069 0.093110
vt 0.591342 0.098703
vt 0.592320 0.097723
vt 0.591809 0.098198
vt 0.587507 0.093528
vt 0.588658 0.092718
vt 0.590962 0.099266
vt 0.589854 0.123685
vt 0.576630 0.130775
vt 0.579725 0.131514
vt 0.575068 0.124124
vt 0.577303 0.130889
vt 0.576672 0.137733
vt 0.578924 0.138727
vt 0.573357 0.143516
vt 0.575714 0.145092
vt 0.576026 0.137465
vt 0.573920 0.143912
vt 0.575381 0.137249
vt 0.575953 0.130746
vt 0.572251 0.142755
vt 0.574736 0.137058
vt 0.572802 0.143132
vt 0.575274 0.130758
vt 0.574418 0.124301
vt 0.573771 0.124513
vt 0.568319 0.147721
vt 0.562265 0.150043
vt 0.562716 0.151323
vt 0.562492 0.150682
vt 0.568726 0.148254
vt 0.567913 0.147188
vt 0.555851 0.151003
vt 0.549318 0.150072
vt 0.543316 0.147256
vt 0.585648 0.133080
vt 0.579672 0.205521
vt 0.579429 0.204867
vt 0.590983 0.204554
vt 0.585227 0.204274
vt 0.585289 0.204961
vt 0.580119 0.206832
vt 0.579900 0.206176
vt 0.585344 0.205647
vt 0.590764 0.205913
vt 0.590875 0.205234
vt 0.596291 0.207057
vt 0.596024 0.207695
vt 0.600790 0.210793
vt 0.601197 0.210227
vt 0.601612 0.209666
vt 0.596563 0.206421
vt 0.602041 0.209116
vt 0.605252 0.214539
vt 0.605778 0.214075
vt 0.604730 0.215004
vt 0.607551 0.220028
vt 0.608163 0.219692
vt 0.609634 0.225383
vt 0.608906 0.231233
vt 0.609595 0.231220
vt 0.608964 0.225567
vt 0.607975 0.236811
vt 0.604383 0.241393
vt 0.605553 0.242065
vt 0.604959 0.241742
vt 0.607316 0.236641
vt 0.608642 0.236954
vt 0.600729 0.245596
vt 0.600295 0.245092
vt 0.595405 0.247533
vt 0.595654 0.248152
vt 0.595944 0.248753
vt 0.601193 0.246079
vt 0.590378 0.250500
vt 0.596317 0.249322
vt 0.590103 0.249184
vt 0.590190 0.249848
vt 0.584339 0.249368
vt 0.584461 0.248704
vt 0.579115 0.246722
vt 0.578799 0.247318
vt 0.578580 0.247957
vt 0.584323 0.250046
vt 0.573904 0.243916
vt 0.571330 0.247910
vt 0.573499 0.244458
vt 0.577382 0.251495
vt 0.569435 0.239774
vt 0.569986 0.239381
vt 0.564450 0.235661
vt 0.567102 0.242297
vt 0.566608 0.234292
vt 0.567258 0.234068
vt 0.565928 0.228330
vt 0.570584 0.239053
vt 0.567927 0.233903
vt 0.566622 0.228327
vt 0.568606 0.233768
vt 0.567316 0.228356
vt 0.567385 0.222878
vt 0.566716 0.222689
vt 0.566045 0.222529
vt 0.568259 0.217352
vt 0.567658 0.217024
vt 0.570598 0.212147
vt 0.571096 0.212625
vt 0.575072 0.208815
vt 0.574699 0.208228
vt 0.571600 0.213101
vt 0.575445 0.209399
vt 0.568863 0.217694
vt 0.571204 0.238757
vt 0.574899 0.242994
vt 0.574383 0.243439
vt 0.579478 0.246149
vt 0.584636 0.248048
vt 0.590065 0.248514
vt 0.560090 0.054484
vt 0.569401 0.050405
vt 0.617293 0.065841
vt 0.626945 0.068579
vt 0.625718 0.060426
vt 0.619866 0.073112
vt 0.622834 0.080533
vt 0.628601 0.076925
vt 0.626594 0.088253
vt 0.631113 0.085662
vt 0.637033 0.082265
vt 0.636160 0.072190
vt 0.636172 0.062646
vt 0.633786 0.057451
vt 0.644988 0.126116
vt 0.650064 0.137628
vt 0.653293 0.147355
vt 0.653052 0.147411
vt 0.649830 0.137713
vt 0.649656 0.137775
vt 0.652874 0.147452
vt 0.478791 0.560429
vt 0.475281 0.561183
vt 0.473735 0.561352
vt 0.477651 0.557894
vt 0.479001 0.557839
vt 0.481908 0.555234
vt 0.480700 0.555190
vt 0.479944 0.555162
vt 0.476986 0.557835
vt 0.474265 0.560410
vt 0.456184 0.508695
vt 0.451849 0.495216
vt 0.447822 0.481727
vt 0.444171 0.468104
vt 0.440964 0.454221
vt 0.438049 0.438297
vt 0.435277 0.418549
vt 0.433114 0.396371
vt 0.432029 0.373155
vt 0.431792 0.350489
vt 0.432172 0.329964
vt 0.433063 0.310736
vt 0.434355 0.291965
vt 0.435765 0.274087
vt 0.437008 0.257543
vt 0.438027 0.242713
vt 0.438765 0.229979
vt 0.439495 0.218397
vt 0.440490 0.207019
vt 0.441465 0.195263
vt 0.442133 0.182543
vt 0.591614 0.380430
vt 0.586798 0.403450
vt 0.588873 0.403529
vt 0.594014 0.380479
vt 0.596672 0.356610
vt 0.595534 0.380503
vt 0.590284 0.403579
vt 0.585883 0.423746
vt 0.586864 0.423845
vt 0.581727 0.442584
vt 0.580397 0.442417
vt 0.584526 0.423643
vt 0.582700 0.442720
vt 0.577215 0.461671
vt 0.578175 0.461839
vt 0.573158 0.481099
vt 0.573876 0.481319
vt 0.572246 0.480896
vt 0.566719 0.500143
vt 0.567515 0.500398
vt 0.568198 0.500658
vt 0.562173 0.517599
vt 0.562669 0.517850
vt 0.568701 0.500870
vt 0.561538 0.517283
vt 0.554953 0.528897
vt 0.555516 0.529303
vt 0.556077 0.529697
vt 0.560873 0.516961
vt 0.559976 0.516388
vt 0.554209 0.528147
vt 0.553108 0.526717
vt 0.558641 0.515317
vt 0.564095 0.498970
vt 0.565636 0.499725
vt 0.571008 0.480597
vt 0.574118 0.461095
vt 0.569308 0.480091
vt 0.575910 0.461448
vt 0.566622 0.479397
vt 0.571266 0.460603
vt 0.557831 0.496729
vt 0.561644 0.497949
vt 0.562425 0.478537
vt 0.556498 0.477562
vt 0.548622 0.476528
vt 0.545097 0.494185
vt 0.552401 0.495434
vt 0.548499 0.510582
vt 0.538918 0.520508
vt 0.545137 0.520778
vt 0.549057 0.522500
vt 0.541772 0.509457
vt 0.553280 0.512173
vt 0.556524 0.513871
vt 0.551456 0.524778
vt 0.545657 0.532149
vt 0.537342 0.533680
vt 0.538345 0.537466
vt 0.544099 0.529179
vt 0.539266 0.540359
vt 0.546861 0.534590
vt 0.547752 0.536348
vt 0.540024 0.542342
vt 0.540535 0.543393
vt 0.548369 0.537269
vt 0.548846 0.537765
vt 0.540922 0.543973
vt 0.549318 0.538247
vt 0.541305 0.544543
vt 0.541610 0.544993
vt 0.532623 0.549508
vt 0.549693 0.538628
vt 0.532390 0.549001
vt 0.532098 0.548363
vt 0.522536 0.550686
vt 0.522729 0.551366
vt 0.531806 0.547716
vt 0.531417 0.546561
vt 0.530834 0.544395
vt 0.522078 0.547069
vt 0.522325 0.549440
vt 0.513358 0.551066
vt 0.505142 0.548955
vt 0.505122 0.551528
vt 0.513385 0.548536
vt 0.505124 0.552853
vt 0.513412 0.552374
vt 0.497990 0.552587
vt 0.497855 0.551209
vt 0.491794 0.550493
vt 0.497513 0.548514
vt 0.497208 0.544447
vt 0.497185 0.538952
vt 0.505314 0.539493
vt 0.505201 0.544990
vt 0.513499 0.544640
vt 0.513705 0.539232
vt 0.521776 0.538323
vt 0.521870 0.543415
vt 0.530192 0.541097
vt 0.529622 0.536546
vt 0.529796 0.530048
vt 0.523499 0.521199
vt 0.522188 0.531137
vt 0.531380 0.520908
vt 0.537215 0.528271
vt 0.542276 0.526247
vt 0.514187 0.531708
vt 0.506121 0.521778
vt 0.505586 0.531933
vt 0.515128 0.521461
vt 0.497297 0.531612
vt 0.497398 0.522008
vt 0.489878 0.522012
vt 0.490233 0.530548
vt 0.485863 0.529176
vt 0.483908 0.522860
vt 0.481923 0.512692
vt 0.488919 0.511083
vt 0.556523 0.530008
vt 0.532740 0.549762
vt 0.578545 0.442167
vt 0.582607 0.423490
vt 0.479445 0.549405
vt 0.480712 0.550898
vt 0.523219 0.553029
vt 0.523304 0.553312
vt 0.513847 0.555062
vt 0.026175 0.229833
vt 0.024054 0.231345
vt 0.024070 0.225312
vt 0.026892 0.225307
vt 0.026866 0.219275
vt 0.024044 0.219280
vt 0.023934 0.213248
vt 0.026755 0.213243
vt 0.026764 0.207210
vt 0.023942 0.207215
vt 0.024272 0.201182
vt 0.027094 0.201177
vt 0.027502 0.195144
vt 0.024680 0.195149
vt 0.024921 0.189116
vt 0.027742 0.189111
vt 0.027888 0.183078
vt 0.025066 0.183084
vt 0.025189 0.177051
vt 0.028011 0.177046
vt 0.028113 0.171013
vt 0.025291 0.171019
vt 0.025374 0.164986
vt 0.028196 0.164981
vt 0.028233 0.158948
vt 0.025411 0.158953
vt 0.025376 0.152921
vt 0.028197 0.152916
vt 0.028107 0.146884
vt 0.025286 0.146889
vt 0.025158 0.140857
vt 0.027980 0.140851
vt 0.027826 0.134819
vt 0.025004 0.134825
vt 0.024832 0.128793
vt 0.027654 0.128787
vt 0.027472 0.122755
vt 0.024650 0.122761
vt 0.024466 0.116729
vt 0.027287 0.116723
vt 0.027116 0.110691
vt 0.024294 0.110696
vt 0.024152 0.104664
vt 0.026974 0.104659
vt 0.026848 0.098627
vt 0.024026 0.098632
vt 0.023903 0.092600
vt 0.026725 0.092595
vt 0.025928 0.088072
vt 0.023781 0.086568
vt 0.021695 0.088080
vt 0.021081 0.092605
vt 0.021204 0.098637
vt 0.021330 0.104670
vt 0.021473 0.110702
vt 0.021644 0.116734
vt 0.021828 0.122766
vt 0.022010 0.128798
vt 0.022182 0.134830
vt 0.022336 0.140862
vt 0.022464 0.146894
vt 0.022554 0.152926
vt 0.022589 0.158959
vt 0.022552 0.164991
vt 0.022470 0.171024
vt 0.022368 0.177056
vt 0.022245 0.183089
vt 0.022099 0.189122
vt 0.021858 0.195155
vt 0.021450 0.201188
vt 0.021120 0.207221
vt 0.021112 0.213253
vt 0.021222 0.219285
vt 0.021248 0.225318
vt 0.021942 0.229841
vt 0.650699 0.056637
vt 0.650859 0.060075
vt 0.647970 0.060236
vt 0.647811 0.056782
vt 0.650530 0.052867
vt 0.647640 0.053003
vt 0.650370 0.048968
vt 0.644922 0.056928
vt 0.647480 0.049090
vt 0.644590 0.049211
vt 0.644751 0.053139
vt 0.647353 0.045233
vt 0.644461 0.045324
vt 0.644412 0.040569
vt 0.647305 0.040532
vt 0.647384 0.034085
vt 0.644491 0.034037
vt 0.644657 0.027804
vt 0.647548 0.027953
vt 0.647754 0.024199
vt 0.644871 0.023949
vt 0.645164 0.021082
vt 0.645567 0.017814
vt 0.648038 0.021415
vt 0.648435 0.018196
vt 0.651751 0.015225
vt 0.651303 0.018578
vt 0.648887 0.014819
vt 0.646023 0.014412
vt 0.650912 0.021749
vt 0.650637 0.024450
vt 0.650438 0.028103
vt 0.650277 0.034134
vt 0.650197 0.040495
vt 0.650244 0.045142
vt 0.649334 0.011563
vt 0.646471 0.011147
vt 0.646940 0.007999
vt 0.649800 0.008433
vt 0.650309 0.005434
vt 0.647455 0.004951
vt 0.648570 0.002839
vt 0.650839 0.002499
vt 0.652842 0.003627
vt 0.653163 0.005916
vt 0.652661 0.008868
vt 0.652197 0.011979
vt 0.645082 0.060395
vt 0.645274 0.063817
vt 0.648160 0.063628
vt 0.648421 0.067226
vt 0.645538 0.067469
vt 0.646034 0.072108
vt 0.648909 0.071784
vt 0.649779 0.078059
vt 0.646918 0.078493
vt 0.648439 0.083797
vt 0.650841 0.085193
vt 0.652712 0.083023
vt 0.652640 0.077626
vt 0.651785 0.071460
vt 0.651305 0.066982
vt 0.651047 0.063439
vt 0.366877 0.074505
vt 0.369699 0.074505
vt 0.367624 0.081760
vt 0.364802 0.081760
vt 0.372444 0.067250
vt 0.369622 0.067250
vt 0.372300 0.059995
vt 0.375122 0.059995
vt 0.376994 0.052739
vt 0.374173 0.052739
vt 0.375490 0.045484
vt 0.378311 0.045484
vt 0.379323 0.038229
vt 0.376501 0.038229
vt 0.377271 0.030974
vt 0.380092 0.030974
vt 0.380684 0.023719
vt 0.377862 0.023719
vt 0.378262 0.016463
vt 0.381083 0.016463
vt 0.381276 0.009208
vt 0.378454 0.009208
vt 0.379225 0.003767
vt 0.381364 0.001953
vt 0.383458 0.003767
vt 0.384097 0.009208
vt 0.383905 0.016463
vt 0.383506 0.023719
vt 0.382914 0.030974
vt 0.382145 0.038229
vt 0.381133 0.045484
vt 0.379816 0.052739
vt 0.377944 0.059995
vt 0.375266 0.067250
vt 0.372521 0.074505
vt 0.370446 0.081760
vt 0.369417 0.089015
vt 0.366595 0.089015
vt 0.366986 0.096270
vt 0.369808 0.096270
vt 0.371599 0.103526
vt 0.368777 0.103526
vt 0.371945 0.110781
vt 0.374767 0.110781
vt 0.378201 0.118036
vt 0.375379 0.118036
vt 0.377966 0.125291
vt 0.380788 0.125291
vt 0.382565 0.132546
vt 0.379743 0.132546
vt 0.380747 0.139801
vt 0.383569 0.139801
vt 0.383326 0.145243
vt 0.381364 0.147056
vt 0.379093 0.145243
vt 0.377925 0.139801
vt 0.376921 0.132546
vt 0.375144 0.125291
vt 0.372557 0.118036
vt 0.369123 0.110781
vt 0.365955 0.103526
vt 0.364165 0.096270
vt 0.363773 0.089015
vt 0.975565 0.045165
vt 0.972743 0.045189
vt 0.973147 0.037983
vt 0.975969 0.037960
vt 0.972196 0.052396
vt 0.975018 0.052373
vt 0.974429 0.059580
vt 0.971607 0.059604
vt 0.971076 0.066811
vt 0.973898 0.066787
vt 0.973497 0.073993
vt 0.970676 0.074017
vt 0.970477 0.081221
vt 0.973299 0.081198
vt 0.973211 0.088401
vt 0.970390 0.088424
vt 0.970323 0.095628
vt 0.973145 0.095604
vt 0.973167 0.102806
vt 0.970345 0.102830
vt 0.970521 0.110031
vt 0.973342 0.110008
vt 0.973684 0.117207
vt 0.971381 0.124429
vt 0.974203 0.124406
vt 0.970862 0.117231
vt 0.968041 0.117254
vt 0.968559 0.124453
vt 0.967699 0.110055
vt 0.967523 0.102854
vt 0.967502 0.095651
vt 0.967568 0.088448
vt 0.967655 0.081245
vt 0.967854 0.074041
vt 0.968255 0.066835
vt 0.968785 0.059627
vt 0.969375 0.052420
vt 0.969922 0.045213
vt 0.970325 0.038007
vt 0.970584 0.030802
vt 0.973517 0.023575
vt 0.970695 0.023598
vt 0.973406 0.030778
vt 0.976227 0.030755
vt 0.976338 0.023551
vt 0.976215 0.016350
vt 0.973393 0.016373
vt 0.972949 0.009174
vt 0.975771 0.009151
vt 0.974612 0.003758
vt 0.972345 0.001977
vt 0.970380 0.003794
vt 0.970128 0.009198
vt 0.970572 0.016397
vt 0.969210 0.131650
vt 0.972771 0.138823
vt 0.972032 0.131626
vt 0.969949 0.138846
vt 0.971242 0.144238
vt 0.973554 0.146019
vt 0.975474 0.144202
vt 0.975593 0.138799
vt 0.974854 0.131603
vt 0.751867 0.240751
vt 0.759113 0.240388
vt 0.762204 0.242973
vt 0.752592 0.243767
vt 0.743842 0.239793
vt 0.742988 0.243666
vt 0.744204 0.238044
vt 0.751597 0.239299
vt 0.757934 0.239148
vt 0.764997 0.238027
vt 0.762620 0.236771
vt 0.757725 0.238566
vt 0.763015 0.237177
vt 0.751578 0.238626
vt 0.744341 0.237360
vt 0.744519 0.236679
vt 0.751604 0.237946
vt 0.757542 0.237955
vt 0.761833 0.235781
vt 0.751654 0.237263
vt 0.762226 0.236294
vt 0.757373 0.237329
vt 0.765550 0.232553
vt 0.768395 0.228024
vt 0.766101 0.232831
vt 0.767743 0.227929
vt 0.767083 0.227735
vt 0.764992 0.232205
vt 0.768334 0.223508
vt 0.769037 0.223619
vt 0.769893 0.219460
vt 0.770588 0.219438
vt 0.769728 0.223629
vt 0.769180 0.219385
vt 0.770770 0.215289
vt 0.770053 0.215229
vt 0.770781 0.211715
vt 0.771905 0.209477
vt 0.771191 0.209520
vt 0.771498 0.211748
vt 0.772186 0.211674
vt 0.771463 0.215246
vt 0.772107 0.214998
vt 0.773212 0.209019
vt 0.772815 0.211388
vt 0.772589 0.209341
vt 0.772622 0.207684
vt 0.771948 0.207895
vt 0.773240 0.207331
vt 0.772234 0.206138
vt 0.771587 0.206421
vt 0.772840 0.205763
vt 0.773509 0.205279
vt 0.773951 0.206824
vt 0.771320 0.204030
vt 0.771913 0.203641
vt 0.772570 0.203165
vt 0.771832 0.199216
vt 0.771017 0.199812
vt 0.773381 0.202570
vt 0.774345 0.204669
vt 0.770360 0.200288
vt 0.769152 0.195828
vt 0.769770 0.200685
vt 0.767904 0.196715
vt 0.768492 0.196311
vt 0.766620 0.192317
vt 0.764228 0.189400
vt 0.767279 0.191823
vt 0.764742 0.188936
vt 0.766041 0.192736
vt 0.765342 0.188333
vt 0.762856 0.186793
vt 0.763285 0.185897
vt 0.768119 0.191195
vt 0.766130 0.187462
vt 0.763904 0.184345
vt 0.760978 0.184636
vt 0.762106 0.178480
vt 0.761289 0.182615
vt 0.767101 0.186570
vt 0.764970 0.182908
vt 0.766737 0.182358
vt 0.768636 0.179570
vt 0.766463 0.179244
vt 0.768249 0.185906
vt 0.768487 0.182242
vt 0.769324 0.185405
vt 0.769499 0.182104
vt 0.770826 0.189196
vt 0.770077 0.185006
vt 0.769982 0.189814
vt 0.771491 0.188713
vt 0.772644 0.193274
vt 0.773907 0.192420
vt 0.773305 0.192794
vt 0.772096 0.188350
vt 0.770694 0.184714
vt 0.770151 0.182006
vt 0.770819 0.182008
vt 0.771362 0.184536
vt 0.772758 0.188089
vt 0.775236 0.191886
vt 0.774559 0.192131
vt 0.773448 0.187880
vt 0.772055 0.184414
vt 0.771495 0.182060
vt 0.771714 0.180365
vt 0.772132 0.178451
vt 0.772655 0.178874
vt 0.771089 0.180112
vt 0.770455 0.179895
vt 0.769802 0.179751
vt 0.771595 0.178048
vt 0.771030 0.177688
vt 0.772776 0.175101
vt 0.773399 0.175694
vt 0.773864 0.176207
vt 0.770094 0.177256
vt 0.768441 0.176637
vt 0.771865 0.174324
vt 0.770935 0.173372
vt 0.766937 0.175592
vt 0.766445 0.173880
vt 0.769752 0.171211
vt 0.770258 0.172254
vt 0.763655 0.172155
vt 0.766420 0.172190
vt 0.763170 0.174247
vt 0.760615 0.172441
vt 0.758554 0.169218
vt 0.759454 0.173907
vt 0.757535 0.170097
vt 0.759396 0.168358
vt 0.761358 0.170853
vt 0.761851 0.169954
vt 0.760031 0.167773
vt 0.764065 0.170395
vt 0.762233 0.169411
vt 0.760571 0.167341
vt 0.763907 0.171031
vt 0.766319 0.171210
vt 0.769339 0.170483
vt 0.766216 0.170573
vt 0.769021 0.169883
vt 0.772813 0.168263
vt 0.772507 0.167619
vt 0.768803 0.169228
vt 0.773219 0.168841
vt 0.766189 0.169912
vt 0.768635 0.168546
vt 0.766200 0.169238
vt 0.764492 0.169143
vt 0.764267 0.169767
vt 0.762639 0.168891
vt 0.761693 0.166558
vt 0.763057 0.168384
vt 0.761127 0.166941
vt 0.759557 0.163574
vt 0.758929 0.163906
vt 0.760196 0.163264
vt 0.758643 0.159215
vt 0.757974 0.159485
vt 0.757322 0.159783
vt 0.758324 0.164282
vt 0.756703 0.160137
vt 0.755766 0.155650
vt 0.756427 0.155371
vt 0.755140 0.155993
vt 0.753864 0.152488
vt 0.754450 0.156421
vt 0.753173 0.152916
vt 0.754492 0.152154
vt 0.756011 0.160577
vt 0.755143 0.161134
vt 0.753593 0.156960
vt 0.756763 0.165335
vt 0.757637 0.164745
vt 0.755796 0.165987
vt 0.754185 0.161749
vt 0.751714 0.158154
vt 0.752653 0.157556
vt 0.753228 0.162365
vt 0.754829 0.166636
vt 0.752360 0.162922
vt 0.753953 0.167220
vt 0.755288 0.171214
vt 0.756370 0.170738
vt 0.757706 0.174440
vt 0.756011 0.174524
vt 0.755821 0.177315
vt 0.757904 0.177674
vt 0.756030 0.180372
vt 0.753808 0.183783
vt 0.751903 0.182139
vt 0.754416 0.179755
vt 0.752842 0.182876
vt 0.757531 0.181398
vt 0.758132 0.183048
vt 0.758291 0.184672
vt 0.755118 0.185846
vt 0.754548 0.184849
vt 0.750651 0.187227
vt 0.749875 0.186376
vt 0.746621 0.189897
vt 0.751352 0.187997
vt 0.747304 0.190651
vt 0.745871 0.189065
vt 0.745118 0.188231
vt 0.741229 0.190899
vt 0.741934 0.191739
vt 0.749097 0.185526
vt 0.742641 0.192575
vt 0.739976 0.195580
vt 0.739352 0.194798
vt 0.738675 0.193938
vt 0.743288 0.193335
vt 0.743816 0.193946
vt 0.740931 0.196768
vt 0.748302 0.191799
vt 0.747851 0.191252
vt 0.740487 0.196208
vt 0.744264 0.194499
vt 0.744670 0.195089
vt 0.741763 0.197935
vt 0.741353 0.197347
vt 0.748696 0.192391
vt 0.749060 0.193006
vt 0.745056 0.195696
vt 0.752707 0.189752
vt 0.753029 0.190380
vt 0.756435 0.188377
vt 0.758701 0.186894
vt 0.756208 0.187733
vt 0.758749 0.187553
vt 0.760389 0.187666
vt 0.761773 0.188471
vt 0.762148 0.187916
vt 0.760557 0.187025
vt 0.760705 0.186383
vt 0.762512 0.187358
vt 0.760814 0.185739
vt 0.758618 0.186246
vt 0.758468 0.185622
vt 0.755578 0.186543
vt 0.755937 0.187114
vt 0.752346 0.189151
vt 0.751905 0.188602
vt 0.763168 0.190311
vt 0.763701 0.189857
vt 0.765445 0.193138
vt 0.764841 0.193532
vt 0.766669 0.197450
vt 0.767293 0.197090
vt 0.769154 0.201045
vt 0.768526 0.201386
vt 0.770697 0.204366
vt 0.770060 0.204676
vt 0.770920 0.206657
vt 0.771248 0.208036
vt 0.739466 0.198668
vt 0.737853 0.199219
vt 0.739007 0.198121
vt 0.738354 0.199725
vt 0.738874 0.200205
vt 0.739926 0.199209
vt 0.737361 0.201189
vt 0.737934 0.201611
vt 0.736825 0.203791
vt 0.734644 0.206750
vt 0.735266 0.207109
vt 0.736215 0.203413
vt 0.735664 0.202977
vt 0.733629 0.205796
vt 0.735230 0.202424
vt 0.736830 0.200722
vt 0.736384 0.200166
vt 0.734079 0.206331
vt 0.732265 0.210267
vt 0.731024 0.214611
vt 0.732847 0.210661
vt 0.729855 0.213853
vt 0.731772 0.209774
vt 0.730412 0.214268
vt 0.728893 0.218634
vt 0.728738 0.223720
vt 0.729535 0.218873
vt 0.727412 0.223538
vt 0.728270 0.218339
vt 0.728079 0.223667
vt 0.728852 0.228491
vt 0.732089 0.232231
vt 0.732573 0.231821
vt 0.731599 0.232589
vt 0.729471 0.228315
vt 0.728211 0.228578
vt 0.726540 0.228716
vt 0.725640 0.223066
vt 0.721669 0.221986
vt 0.730274 0.233630
vt 0.722829 0.229047
vt 0.727285 0.236088
vt 0.736242 0.237444
vt 0.717711 0.229846
vt 0.722530 0.238777
vt 0.734263 0.241498
vt 0.731070 0.248810
vt 0.726803 0.262511
vt 0.721163 0.250689
vt 0.715909 0.240512
vt 0.742439 0.257154
vt 0.735885 0.260853
vt 0.742301 0.249506
vt 0.752605 0.249674
vt 0.764666 0.248875
vt 0.750739 0.259799
vt 0.763959 0.260066
vt 0.744864 0.273576
vt 0.762666 0.275261
vt 0.779369 0.275476
vt 0.779560 0.259830
vt 0.779102 0.245198
vt 0.784093 0.232985
vt 0.774770 0.232917
vt 0.770153 0.239839
vt 0.795003 0.260966
vt 0.795410 0.246677
vt 0.796882 0.233430
vt 0.810502 0.248482
vt 0.786300 0.221900
vt 0.813313 0.221122
vt 0.811322 0.234591
vt 0.798974 0.222743
vt 0.801243 0.216134
vt 0.803054 0.212563
vt 0.809616 0.211552
vt 0.810290 0.214623
vt 0.792972 0.215440
vt 0.796702 0.211886
vt 0.788195 0.213679
vt 0.803775 0.210991
vt 0.798250 0.210378
vt 0.793701 0.209231
vt 0.792049 0.210571
vt 0.788257 0.208936
vt 0.785636 0.206436
vt 0.789654 0.207826
vt 0.785175 0.211371
vt 0.784485 0.207299
vt 0.782171 0.209035
vt 0.781296 0.205873
vt 0.781061 0.214249
vt 0.777611 0.208400
vt 0.779644 0.207028
vt 0.779182 0.211094
vt 0.776002 0.212927
vt 0.776569 0.216690
vt 0.772898 0.218434
vt 0.775526 0.209713
vt 0.773793 0.210773
vt 0.773391 0.214305
vt 0.775227 0.207641
vt 0.774013 0.208467
vt 0.774900 0.206148
vt 0.775965 0.205384
vt 0.776644 0.206676
vt 0.778053 0.205704
vt 0.779255 0.204868
vt 0.777021 0.204615
vt 0.777955 0.203926
vt 0.777649 0.202185
vt 0.776993 0.202685
vt 0.776171 0.203309
vt 0.778653 0.203404
vt 0.780046 0.204308
vt 0.780591 0.203848
vt 0.782237 0.205212
vt 0.782764 0.204745
vt 0.779214 0.202955
vt 0.778223 0.201759
vt 0.778803 0.201358
vt 0.779741 0.202479
vt 0.781052 0.203313
vt 0.780250 0.201990
vt 0.783170 0.204171
vt 0.783517 0.203544
vt 0.781472 0.202741
vt 0.786528 0.205363
vt 0.786848 0.204718
vt 0.790827 0.206084
vt 0.790518 0.206732
vt 0.794532 0.208121
vt 0.794813 0.207465
vt 0.799109 0.208563
vt 0.803983 0.209750
vt 0.804014 0.209081
vt 0.798909 0.209228
vt 0.798644 0.209847
vt 0.803915 0.210395
vt 0.794184 0.208726
vt 0.790147 0.207329
vt 0.786145 0.205954
vt 0.809109 0.209554
vt 0.809279 0.210145
vt 0.808932 0.208934
vt 0.813335 0.206511
vt 0.813765 0.206911
vt 0.812932 0.206027
vt 0.812543 0.205499
vt 0.808752 0.208299
vt 0.815722 0.200907
vt 0.816281 0.201297
vt 0.816855 0.201611
vt 0.817461 0.201771
vt 0.819928 0.195195
vt 0.820594 0.195207
vt 0.819273 0.195014
vt 0.818623 0.194749
vt 0.820732 0.188367
vt 0.821396 0.188474
vt 0.822048 0.188502
vt 0.822708 0.182766
vt 0.823214 0.182430
vt 0.822675 0.188375
vt 0.822138 0.182968
vt 0.821438 0.178101
vt 0.821537 0.183103
vt 0.820536 0.178916
vt 0.821011 0.178534
vt 0.817527 0.175207
vt 0.813083 0.172207
vt 0.813002 0.172874
vt 0.812852 0.173540
vt 0.817227 0.175766
vt 0.817768 0.174623
vt 0.817894 0.173990
vt 0.821767 0.177569
vt 0.822502 0.175859
vt 0.818042 0.171870
vt 0.813028 0.171538
vt 0.812642 0.169290
vt 0.807934 0.168059
vt 0.808605 0.170058
vt 0.818351 0.166826
vt 0.811727 0.163888
vt 0.806412 0.163369
vt 0.809876 0.154155
vt 0.804021 0.157537
vt 0.799847 0.159483
vt 0.802005 0.163895
vt 0.803629 0.167400
vt 0.798101 0.164089
vt 0.799436 0.166538
vt 0.800165 0.167847
vt 0.804394 0.169009
vt 0.804622 0.169683
vt 0.800459 0.168580
vt 0.800490 0.169301
vt 0.804631 0.170384
vt 0.808765 0.170726
vt 0.808753 0.171420
vt 0.808653 0.172128
vt 0.804532 0.171098
vt 0.800389 0.170016
vt 0.796884 0.169106
vt 0.794685 0.167874
vt 0.794678 0.168592
vt 0.796962 0.168391
vt 0.796901 0.167656
vt 0.794574 0.167153
vt 0.794228 0.166424
vt 0.796562 0.166882
vt 0.795929 0.165809
vt 0.793679 0.165548
vt 0.794990 0.164177
vt 0.792958 0.164384
vt 0.791522 0.164725
vt 0.792134 0.163043
vt 0.792156 0.165652
vt 0.790804 0.163678
vt 0.793881 0.162224
vt 0.791275 0.161633
vt 0.796460 0.161042
vt 0.794811 0.157941
vt 0.792742 0.160190
vt 0.791779 0.158451
vt 0.789988 0.159504
vt 0.790514 0.160378
vt 0.791197 0.157388
vt 0.793483 0.155420
vt 0.792803 0.154114
vt 0.792382 0.153495
vt 0.790756 0.156741
vt 0.795537 0.151784
vt 0.794661 0.150233
vt 0.794250 0.149665
vt 0.791836 0.153036
vt 0.793700 0.149239
vt 0.796185 0.145776
vt 0.795611 0.145398
vt 0.796631 0.146294
vt 0.797850 0.148041
vt 0.799951 0.143421
vt 0.798365 0.141897
vt 0.797856 0.141511
vt 0.797251 0.141248
vt 0.798933 0.136550
vt 0.798301 0.136520
vt 0.799517 0.136643
vt 0.800850 0.130823
vt 0.801369 0.137152
vt 0.799056 0.131499
vt 0.798476 0.131737
vt 0.797874 0.131975
vt 0.795541 0.127913
vt 0.795086 0.128372
vt 0.795950 0.127432
vt 0.797141 0.126022
vt 0.790688 0.124146
vt 0.790512 0.124777
vt 0.791006 0.122175
vt 0.799942 0.122781
vt 0.791707 0.117542
vt 0.783211 0.118708
vt 0.781751 0.112130
vt 0.783755 0.121350
vt 0.776465 0.119472
vt 0.783769 0.122023
vt 0.775248 0.116539
vt 0.776646 0.120118
vt 0.776658 0.120790
vt 0.770129 0.118945
vt 0.783638 0.122697
vt 0.770476 0.119525
vt 0.770678 0.120153
vt 0.765407 0.120695
vt 0.765798 0.121239
vt 0.766140 0.121812
vt 0.770807 0.120807
vt 0.776586 0.121475
vt 0.783433 0.123370
vt 0.789917 0.125986
vt 0.790239 0.125386
vt 0.794607 0.128818
vt 0.797262 0.132214
vt 0.797643 0.136522
vt 0.796598 0.141047
vt 0.794974 0.145091
vt 0.793081 0.148884
vt 0.791226 0.152657
vt 0.789626 0.155845
vt 0.789037 0.158352
vt 0.790216 0.156253
vt 0.788497 0.157883
vt 0.787486 0.159179
vt 0.786633 0.160734
vt 0.787957 0.159717
vt 0.786240 0.160142
vt 0.784166 0.161231
vt 0.780972 0.163561
vt 0.784495 0.161862
vt 0.780668 0.162910
vt 0.776459 0.164904
vt 0.776748 0.165568
vt 0.772251 0.166942
vt 0.777084 0.166199
vt 0.781765 0.164732
vt 0.777511 0.166765
vt 0.781322 0.164180
vt 0.784864 0.162465
vt 0.787044 0.161317
vt 0.787489 0.161882
vt 0.785314 0.163014
vt 0.785884 0.163626
vt 0.782333 0.165339
vt 0.788028 0.162534
vt 0.786612 0.164418
vt 0.788721 0.163380
vt 0.783056 0.166119
vt 0.779530 0.169055
vt 0.778760 0.168177
vt 0.778060 0.167385
vt 0.783846 0.166981
vt 0.787403 0.165291
vt 0.789474 0.164309
vt 0.790195 0.165210
vt 0.784615 0.167834
vt 0.788164 0.166145
vt 0.788839 0.166913
vt 0.790834 0.166018
vt 0.785842 0.169216
vt 0.785300 0.168604
vt 0.789376 0.167527
vt 0.791344 0.166667
vt 0.793006 0.167034
vt 0.791726 0.167264
vt 0.792658 0.166382
vt 0.789795 0.168094
vt 0.786274 0.169776
vt 0.786627 0.170389
vt 0.791982 0.167918
vt 0.790118 0.168718
vt 0.790392 0.169369
vt 0.792174 0.168600
vt 0.786940 0.171028
vt 0.782638 0.173150
vt 0.782303 0.172521
vt 0.777942 0.174702
vt 0.778306 0.175309
vt 0.774720 0.177288
vt 0.774299 0.176742
vt 0.781936 0.171913
vt 0.777555 0.174109
vt 0.777123 0.173545
vt 0.776597 0.172907
vt 0.780968 0.170724
vt 0.781504 0.171350
vt 0.775926 0.172092
vt 0.780288 0.169932
vt 0.775180 0.171189
vt 0.774429 0.170288
vt 0.773749 0.169476
vt 0.793273 0.168435
vt 0.793183 0.167725
vt 0.790053 0.162589
vt 0.789371 0.161604
vt 0.788858 0.160867
vt 0.788418 0.160274
vt 0.789545 0.158874
vt 0.762124 0.124498
vt 0.762633 0.124935
vt 0.760166 0.129052
vt 0.759544 0.128751
vt 0.757947 0.132818
vt 0.758622 0.133036
vt 0.757530 0.136995
vt 0.755722 0.140882
vt 0.756422 0.141035
vt 0.756839 0.136822
vt 0.756147 0.136696
vt 0.754360 0.140909
vt 0.755453 0.136663
vt 0.757268 0.132626
vt 0.756580 0.132483
vt 0.755031 0.140813
vt 0.754112 0.144346
vt 0.754796 0.144358
vt 0.753466 0.144555
vt 0.753578 0.146664
vt 0.754260 0.146610
vt 0.752940 0.146934
vt 0.752111 0.147431
vt 0.752371 0.145020
vt 0.752809 0.148638
vt 0.752069 0.149097
vt 0.753447 0.148340
vt 0.754126 0.148214
vt 0.753735 0.149944
vt 0.754408 0.149747
vt 0.753102 0.150263
vt 0.752401 0.150700
vt 0.751523 0.151250
vt 0.752318 0.153453
vt 0.751079 0.149706
vt 0.749968 0.150391
vt 0.750561 0.151860
vt 0.751383 0.154046
vt 0.749604 0.152474
vt 0.750451 0.154643
vt 0.749603 0.155190
vt 0.748737 0.153033
vt 0.750174 0.159136
vt 0.748920 0.155630
vt 0.748045 0.153480
vt 0.750860 0.158699
vt 0.746572 0.152570
vt 0.747445 0.153871
vt 0.747888 0.151694
vt 0.748308 0.155999
vt 0.747156 0.152157
vt 0.745856 0.151135
vt 0.746681 0.150639
vt 0.743695 0.150025
vt 0.745293 0.151558
vt 0.743185 0.150481
vt 0.744570 0.149357
vt 0.740220 0.148440
vt 0.746052 0.148149
vt 0.747928 0.149897
vt 0.742500 0.145059
vt 0.741007 0.147339
vt 0.736755 0.145108
vt 0.733234 0.138907
vt 0.732574 0.143183
vt 0.732273 0.145067
vt 0.736167 0.146685
vt 0.737988 0.141640
vt 0.740869 0.136785
vt 0.736149 0.128332
vt 0.742631 0.130117
vt 0.749229 0.131373
vt 0.748214 0.136571
vt 0.745053 0.142769
vt 0.749021 0.141639
vt 0.734382 0.133527
vt 0.728471 0.131142
vt 0.728077 0.136894
vt 0.722358 0.135637
vt 0.722190 0.129416
vt 0.729653 0.126405
vt 0.723010 0.124724
vt 0.724590 0.120929
vt 0.715477 0.128926
vt 0.717992 0.119519
vt 0.716217 0.123712
vt 0.731511 0.122278
vt 0.741655 0.118155
vt 0.733930 0.118358
vt 0.726705 0.117400
vt 0.738564 0.123236
vt 0.745392 0.124306
vt 0.755003 0.120370
vt 0.748979 0.118317
vt 0.751636 0.125992
vt 0.756268 0.127545
vt 0.754395 0.132146
vt 0.758255 0.128217
vt 0.760997 0.123715
vt 0.759189 0.122706
vt 0.763268 0.118698
vt 0.759399 0.115065
vt 0.764892 0.110630
vt 0.768610 0.116589
vt 0.764917 0.120212
vt 0.759808 0.103805
vt 0.767384 0.097534
vt 0.772127 0.109006
vt 0.752958 0.110820
vt 0.743681 0.113208
vt 0.754194 0.098850
vt 0.748806 0.104801
vt 0.742903 0.108516
vt 0.737025 0.106732
vt 0.741232 0.104929
vt 0.736844 0.110174
vt 0.736009 0.114403
vt 0.745360 0.101281
vt 0.740581 0.103298
vt 0.743978 0.099718
vt 0.749661 0.095711
vt 0.747825 0.094338
vt 0.747309 0.093874
vt 0.750423 0.088585
vt 0.751019 0.088916
vt 0.753180 0.089916
vt 0.743585 0.099163
vt 0.740381 0.102665
vt 0.743106 0.098669
vt 0.740066 0.102076
vt 0.746739 0.093466
vt 0.742585 0.098206
vt 0.749165 0.088039
vt 0.749800 0.088301
vt 0.746141 0.093087
vt 0.751131 0.085006
vt 0.750350 0.082777
vt 0.751005 0.082595
vt 0.750459 0.084950
vt 0.751798 0.085086
vt 0.751662 0.082437
vt 0.749699 0.080080
vt 0.750797 0.079348
vt 0.752457 0.085212
vt 0.752322 0.082323
vt 0.750240 0.079699
vt 0.747862 0.077478
vt 0.744853 0.076377
vt 0.748240 0.076935
vt 0.745011 0.075734
vt 0.744721 0.077015
vt 0.747506 0.078030
vt 0.747162 0.078588
vt 0.744602 0.077649
vt 0.749164 0.080477
vt 0.741898 0.077676
vt 0.741785 0.077037
vt 0.739138 0.078102
vt 0.739460 0.078686
vt 0.736699 0.081276
vt 0.736214 0.080778
vt 0.732450 0.085630
vt 0.733025 0.086044
vt 0.729674 0.091249
vt 0.729051 0.090949
vt 0.727226 0.095024
vt 0.727887 0.095148
vt 0.727539 0.098140
vt 0.726897 0.098234
vt 0.727985 0.100962
vt 0.728509 0.100621
vt 0.730604 0.102423
vt 0.730274 0.102969
vt 0.733551 0.104016
vt 0.733634 0.103375
vt 0.736896 0.103172
vt 0.739692 0.101508
vt 0.737064 0.103815
vt 0.737168 0.104466
vt 0.737144 0.105134
vt 0.733178 0.105281
vt 0.733416 0.104653
vt 0.729914 0.103511
vt 0.727451 0.101324
vt 0.726899 0.101729
vt 0.729493 0.104045
vt 0.728360 0.105352
vt 0.725867 0.108215
vt 0.722013 0.105316
vt 0.725396 0.102839
vt 0.730988 0.109954
vt 0.732485 0.106761
vt 0.722870 0.111885
vt 0.728967 0.113840
vt 0.720227 0.115615
vt 0.714745 0.113335
vt 0.718034 0.108902
vt 0.714760 0.104122
vt 0.721851 0.095683
vt 0.718730 0.095866
vt 0.716294 0.094718
vt 0.710510 0.110997
vt 0.720362 0.101169
vt 0.711831 0.102135
vt 0.707772 0.109038
vt 0.706977 0.117262
vt 0.703852 0.115933
vt 0.710175 0.100540
vt 0.706043 0.107578
vt 0.701944 0.114729
vt 0.696383 0.121761
vt 0.697726 0.122391
vt 0.704834 0.106741
vt 0.699805 0.123327
vt 0.700665 0.113994
vt 0.699788 0.113526
vt 0.694775 0.120942
vt 0.699082 0.113123
vt 0.703971 0.106249
vt 0.703280 0.105823
vt 0.695494 0.121318
vt 0.691238 0.129850
vt 0.687166 0.139349
vt 0.688065 0.139720
vt 0.692134 0.130263
vt 0.686423 0.139068
vt 0.690506 0.129513
vt 0.689984 0.129272
vt 0.694265 0.120667
vt 0.685614 0.138782
vt 0.685888 0.138879
vt 0.694003 0.120526
vt 0.689716 0.129149
vt 0.689546 0.129071
vt 0.685203 0.138640
vt 0.685439 0.138722
vt 0.693837 0.120436
vt 0.693612 0.120316
vt 0.689316 0.128966
vt 0.689043 0.128835
vt 0.693345 0.120168
vt 0.684923 0.138542
vt 0.688744 0.128680
vt 0.684612 0.138433
vt 0.693050 0.119997
vt 0.697388 0.112118
vt 0.687741 0.128148
vt 0.697682 0.112289
vt 0.692009 0.119386
vt 0.696259 0.111489
vt 0.689502 0.117922
vt 0.693495 0.109957
vt 0.697337 0.102621
vt 0.701611 0.104781
vt 0.700384 0.104158
vt 0.704436 0.096896
vt 0.703919 0.086647
vt 0.700865 0.095118
vt 0.708467 0.089204
vt 0.710193 0.090172
vt 0.705840 0.097596
vt 0.706140 0.097758
vt 0.710487 0.090347
vt 0.706397 0.097922
vt 0.710737 0.090524
vt 0.702170 0.105104
vt 0.701909 0.104945
vt 0.697946 0.112444
vt 0.702384 0.105243
vt 0.698165 0.112575
vt 0.706605 0.098069
vt 0.702543 0.105346
vt 0.710938 0.090681
vt 0.711087 0.090797
vt 0.706759 0.098178
vt 0.707002 0.098348
vt 0.711781 0.091333
vt 0.707477 0.098681
vt 0.711322 0.090978
vt 0.702793 0.105508
vt 0.698584 0.112825
vt 0.698328 0.112672
vt 0.715602 0.083850
vt 0.720188 0.077922
vt 0.716062 0.084255
vt 0.719691 0.077416
vt 0.719333 0.077035
vt 0.715341 0.083612
vt 0.715157 0.083440
vt 0.714931 0.083231
vt 0.719034 0.076709
vt 0.718720 0.076368
vt 0.722739 0.067517
vt 0.722488 0.069840
vt 0.718319 0.076026
vt 0.714648 0.083005
vt 0.722873 0.070357
vt 0.723276 0.070894
vt 0.727384 0.065020
vt 0.726978 0.064256
vt 0.726620 0.063553
vt 0.731671 0.056318
vt 0.732164 0.058049
vt 0.731904 0.057132
vt 0.726286 0.062880
vt 0.739127 0.050204
vt 0.747682 0.044264
vt 0.747593 0.046559
vt 0.739248 0.051383
vt 0.739016 0.049304
vt 0.747653 0.045187
vt 0.756848 0.044501
vt 0.757032 0.043625
vt 0.766414 0.046861
vt 0.756560 0.045880
vt 0.765927 0.048168
vt 0.762875 0.043283
vt 0.777069 0.049354
vt 0.768449 0.044132
vt 0.776494 0.050192
vt 0.776056 0.050984
vt 0.761932 0.038527
vt 0.761016 0.039133
vt 0.757160 0.032225
vt 0.758212 0.031944
vt 0.757988 0.023789
vt 0.757008 0.023606
vt 0.758894 0.014977
vt 0.759761 0.015534
vt 0.762033 0.008655
vt 0.761153 0.008042
vt 0.763226 0.003603
vt 0.764556 0.002464
vt 0.768145 0.004405
vt 0.776996 0.009208
vt 0.772924 0.016223
vt 0.765196 0.010854
vt 0.762534 0.017759
vt 0.769120 0.023320
vt 0.765850 0.030580
vt 0.760443 0.025578
vt 0.760259 0.031349
vt 0.763369 0.036237
vt 0.770042 0.041908
vt 0.773368 0.036833
vt 0.778664 0.047180
vt 0.782160 0.042377
vt 0.788711 0.052534
vt 0.792088 0.047778
vt 0.796621 0.041390
vt 0.786853 0.035891
vt 0.777799 0.030078
vt 0.792036 0.028667
vt 0.782708 0.022812
vt 0.787855 0.015291
vt 0.797463 0.021073
vt 0.806879 0.026950
vt 0.801631 0.034336
vt 0.812216 0.040369
vt 0.817161 0.033317
vt 0.827437 0.039501
vt 0.822847 0.046234
vt 0.832580 0.051398
vt 0.836836 0.044825
vt 0.845090 0.049742
vt 0.841063 0.056220
vt 0.847942 0.061058
vt 0.851928 0.054700
vt 0.857915 0.059513
vt 0.853985 0.065757
vt 0.859963 0.070158
vt 0.863614 0.063993
vt 0.869720 0.068065
vt 0.866276 0.074228
vt 0.873328 0.077932
vt 0.876927 0.071655
vt 0.883905 0.074682
vt 0.885077 0.083310
vt 0.889327 0.077068
vt 0.879976 0.081037
vt 0.876462 0.086754
vt 0.878558 0.093105
vt 0.881322 0.088881
vt 0.870032 0.083705
vt 0.873782 0.091196
vt 0.867339 0.088472
vt 0.865426 0.091926
vt 0.863018 0.080042
vt 0.860129 0.085157
vt 0.857972 0.088994
vt 0.871967 0.094293
vt 0.876743 0.096002
vt 0.871050 0.095973
vt 0.875835 0.097591
vt 0.864468 0.093765
vt 0.856910 0.090976
vt 0.856390 0.091950
vt 0.863996 0.094727
vt 0.870622 0.096899
vt 0.863542 0.095550
vt 0.870274 0.097730
vt 0.875435 0.098489
vt 0.875144 0.099314
vt 0.869920 0.098674
vt 0.878679 0.101395
vt 0.879105 0.099705
vt 0.874895 0.100237
vt 0.878859 0.100500
vt 0.882126 0.101487
vt 0.884566 0.102176
vt 0.882059 0.102333
vt 0.882303 0.100753
vt 0.884665 0.101526
vt 0.884620 0.102961
vt 0.882019 0.103431
vt 0.884716 0.104010
vt 0.885799 0.102466
vt 0.886117 0.104218
vt 0.885950 0.103188
vt 0.886605 0.103217
vt 0.886401 0.102553
vt 0.886797 0.104253
vt 0.887331 0.104312
vt 0.887142 0.103251
vt 0.886946 0.102633
vt 0.886915 0.102257
vt 0.887410 0.102390
vt 0.887429 0.102717
vt 0.887593 0.103314
vt 0.886375 0.102098
vt 0.886719 0.101689
vt 0.886182 0.101395
vt 0.885824 0.101914
vt 0.887220 0.101924
vt 0.887692 0.100611
vt 0.888159 0.100886
vt 0.888567 0.101068
vt 0.887674 0.102094
vt 0.888070 0.102194
vt 0.889281 0.101197
vt 0.888443 0.102255
vt 0.888933 0.101160
vt 0.887828 0.102494
vt 0.888214 0.102590
vt 0.888829 0.102306
vt 0.888611 0.102699
vt 0.888225 0.102941
vt 0.888609 0.103109
vt 0.887844 0.102815
vt 0.888362 0.103604
vt 0.887993 0.103430
vt 0.888153 0.104614
vt 0.887766 0.104422
vt 0.887877 0.105734
vt 0.888254 0.105962
vt 0.888511 0.104873
vt 0.888604 0.106252
vt 0.888928 0.107435
vt 0.888950 0.106580
vt 0.888860 0.105188
vt 0.888225 0.107071
vt 0.888573 0.107241
vt 0.888522 0.107976
vt 0.888886 0.107988
vt 0.888223 0.108707
vt 0.888178 0.107975
vt 0.888554 0.108593
vt 0.888914 0.108475
vt 0.888990 0.109557
vt 0.889344 0.109365
vt 0.889290 0.108353
vt 0.889259 0.108006
vt 0.888650 0.109744
vt 0.889090 0.111898
vt 0.888495 0.112261
vt 0.888796 0.112077
vt 0.888336 0.109919
vt 0.888008 0.110114
vt 0.887879 0.108836
vt 0.887778 0.112722
vt 0.887482 0.109002
vt 0.888164 0.112468
vt 0.887626 0.110364
vt 0.887139 0.110588
vt 0.886991 0.109148
vt 0.886369 0.109218
vt 0.887286 0.112942
vt 0.886635 0.113047
vt 0.886496 0.110709
vt 0.885002 0.110667
vt 0.885117 0.113001
vt 0.884914 0.109133
vt 0.881922 0.108814
vt 0.881960 0.110405
vt 0.882028 0.112771
vt 0.878030 0.112312
vt 0.885222 0.116053
vt 0.882095 0.115823
vt 0.878046 0.115390
vt 0.878020 0.109888
vt 0.878032 0.108234
vt 0.873881 0.107364
vt 0.873789 0.111578
vt 0.873832 0.109082
vt 0.868266 0.107857
vt 0.868156 0.110421
vt 0.859985 0.108694
vt 0.860196 0.106084
vt 0.860348 0.104274
vt 0.868357 0.106084
vt 0.868486 0.104634
vt 0.860529 0.102805
vt 0.860826 0.101218
vt 0.868708 0.103037
vt 0.874132 0.104398
vt 0.873970 0.105958
vt 0.878080 0.106891
vt 0.881916 0.107542
vt 0.881945 0.106133
vt 0.878182 0.105398
vt 0.878325 0.103902
vt 0.881987 0.104718
vt 0.878496 0.102548
vt 0.874353 0.102838
vt 0.874619 0.101431
vt 0.869033 0.101428
vt 0.869472 0.099941
vt 0.862139 0.097937
vt 0.861332 0.099574
vt 0.862969 0.096523
vt 0.855127 0.093809
vt 0.853988 0.095467
vt 0.852870 0.097342
vt 0.845268 0.094797
vt 0.846384 0.092576
vt 0.844544 0.096597
vt 0.852200 0.099038
vt 0.851823 0.100596
vt 0.851586 0.102058
vt 0.843802 0.099560
vt 0.844094 0.098133
vt 0.836828 0.095192
vt 0.836463 0.096570
vt 0.829035 0.092876
vt 0.829511 0.091551
vt 0.837382 0.093699
vt 0.830237 0.090147
vt 0.821653 0.087223
vt 0.838179 0.091846
vt 0.822513 0.085899
vt 0.823712 0.084268
vt 0.831252 0.088394
vt 0.832596 0.086021
vt 0.840292 0.087115
vt 0.833829 0.083816
vt 0.839271 0.089387
vt 0.825302 0.082066
vt 0.826760 0.080020
vt 0.816332 0.077110
vt 0.818542 0.073937
vt 0.827567 0.078853
vt 0.834512 0.082564
vt 0.817755 0.075087
vt 0.807438 0.069413
vt 0.796438 0.063399
vt 0.797107 0.062204
vt 0.808151 0.068245
vt 0.795240 0.065526
vt 0.806155 0.071485
vt 0.804759 0.073722
vt 0.793940 0.067825
vt 0.814782 0.079290
vt 0.813615 0.080911
vt 0.803710 0.075389
vt 0.792965 0.069540
vt 0.792210 0.070898
vt 0.782271 0.063830
vt 0.781542 0.065214
vt 0.783181 0.062066
vt 0.802924 0.076724
vt 0.791571 0.072126
vt 0.802320 0.077963
vt 0.812167 0.083477
vt 0.812765 0.082223
vt 0.801654 0.079500
vt 0.820529 0.090124
vt 0.811556 0.085056
vt 0.821082 0.088503
vt 0.810667 0.087346
vt 0.809592 0.090103
vt 0.819728 0.092472
vt 0.818765 0.095286
vt 0.800682 0.081729
vt 0.799475 0.084468
vt 0.788311 0.078559
vt 0.786618 0.081815
vt 0.798106 0.087534
vt 0.789722 0.075800
vt 0.808419 0.093086
vt 0.807047 0.098213
vt 0.817729 0.098305
vt 0.796510 0.092558
vt 0.816496 0.103523
vt 0.826209 0.103023
vt 0.825120 0.108319
vt 0.823720 0.117560
vt 0.814939 0.112937
vt 0.805372 0.107403
vt 0.812438 0.125613
vt 0.792883 0.110467
vt 0.803102 0.116858
vt 0.794627 0.101171
vt 0.782308 0.094452
vt 0.771268 0.080844
vt 0.780931 0.103437
vt 0.784623 0.086726
vt 0.770468 0.088964
vt 0.761157 0.086425
vt 0.758499 0.092209
vt 0.754959 0.085590
vt 0.760982 0.081468
vt 0.754818 0.082064
vt 0.752577 0.078670
vt 0.756791 0.077308
vt 0.753429 0.071355
vt 0.761524 0.075000
vt 0.749111 0.075959
vt 0.750944 0.074107
vt 0.745798 0.072026
vt 0.741085 0.067542
vt 0.747112 0.068824
vt 0.741239 0.071764
vt 0.741466 0.074426
vt 0.745293 0.074484
vt 0.738471 0.076981
vt 0.737970 0.075971
vt 0.737152 0.074018
vt 0.741593 0.075747
vt 0.741680 0.076395
vt 0.738810 0.077530
vt 0.735714 0.080301
vt 0.735182 0.079867
vt 0.731866 0.085226
vt 0.731264 0.084842
vt 0.728431 0.090652
vt 0.727817 0.090358
vt 0.726856 0.090014
vt 0.734417 0.079232
vt 0.730419 0.084326
vt 0.729106 0.083529
vt 0.731517 0.076806
vt 0.733216 0.078151
vt 0.725195 0.089567
vt 0.727328 0.082451
vt 0.723096 0.088795
vt 0.725087 0.081098
vt 0.720824 0.087476
vt 0.718825 0.086139
vt 0.721684 0.079048
vt 0.717544 0.085313
vt 0.723000 0.079840
vt 0.713277 0.092339
vt 0.714493 0.093217
vt 0.708152 0.099128
vt 0.712441 0.091805
vt 0.716713 0.084763
vt 0.709000 0.099643
vt 0.720845 0.078487
vt 0.724908 0.072781
vt 0.728333 0.066669
vt 0.724249 0.072128
vt 0.728972 0.067447
vt 0.729852 0.068076
vt 0.725765 0.073363
vt 0.727115 0.074140
vt 0.731269 0.068861
vt 0.733515 0.070111
vt 0.729258 0.075378
vt 0.735756 0.071829
vt 0.737984 0.065434
vt 0.735884 0.064018
vt 0.741383 0.059621
vt 0.740541 0.058514
vt 0.734570 0.063142
vt 0.742786 0.061483
vt 0.748008 0.059073
vt 0.747555 0.056817
vt 0.748584 0.061387
vt 0.745387 0.063565
vt 0.749823 0.065337
vt 0.752505 0.061943
vt 0.756258 0.067681
vt 0.758828 0.063959
vt 0.768992 0.064931
vt 0.760536 0.061062
vt 0.753733 0.059021
vt 0.767211 0.067784
vt 0.764859 0.071483
vt 0.775140 0.076331
vt 0.777191 0.072843
vt 0.778815 0.070040
vt 0.780034 0.067909
vt 0.770283 0.062825
vt 0.771165 0.061366
vt 0.780870 0.066437
vt 0.790819 0.073626
vt 0.771842 0.060138
vt 0.762989 0.056260
vt 0.762407 0.057474
vt 0.761641 0.058922
vt 0.754548 0.055322
vt 0.754187 0.056752
vt 0.754861 0.054168
vt 0.747342 0.055479
vt 0.747279 0.054436
vt 0.739763 0.056460
vt 0.740065 0.057635
vt 0.755167 0.052732
vt 0.747280 0.053070
vt 0.747344 0.051245
vt 0.739562 0.054962
vt 0.755544 0.050826
vt 0.756067 0.048265
vt 0.747469 0.048826
vt 0.739392 0.053119
vt 0.732482 0.059175
vt 0.732844 0.060363
vt 0.727837 0.065830
vt 0.733239 0.061470
vt 0.733777 0.062421
vt 0.723725 0.071476
vt 0.765090 0.050473
vt 0.764197 0.052963
vt 0.774441 0.054485
vt 0.772519 0.058724
vt 0.763541 0.054824
vt 0.773338 0.056911
vt 0.784398 0.059702
vt 0.785524 0.057518
vt 0.775467 0.052244
vt 0.786158 0.056291
vt 0.786606 0.055517
vt 0.787170 0.054689
vt 0.798131 0.060633
vt 0.797565 0.061446
vt 0.808628 0.067496
vt 0.809201 0.066686
vt 0.819630 0.072350
vt 0.819049 0.073184
vt 0.828082 0.078081
vt 0.828669 0.077221
vt 0.835571 0.080894
vt 0.834980 0.081759
vt 0.841309 0.084991
vt 0.849196 0.087615
vt 0.841894 0.084112
vt 0.848637 0.088546
vt 0.840873 0.085821
vt 0.848148 0.089372
vt 0.855862 0.092766
vt 0.847480 0.090560
vt 0.843326 0.082033
vt 0.837027 0.078650
vt 0.840089 0.073708
vt 0.846304 0.077605
vt 0.850457 0.085589
vt 0.853051 0.081478
vt 0.850100 0.071840
vt 0.856409 0.076071
vt 0.843985 0.067400
vt 0.837075 0.062781
vt 0.824286 0.064723
vt 0.833164 0.069507
vt 0.828379 0.058016
vt 0.818350 0.052894
vt 0.814040 0.059406
vt 0.807442 0.047205
vt 0.803011 0.053606
vt 0.810722 0.064446
vt 0.799661 0.058455
vt 0.821103 0.070006
vt 0.830104 0.074840
vt 0.724606 0.095055
vt 0.725941 0.094867
vt 0.726261 0.098370
vt 0.725636 0.098586
vt 0.724007 0.099360
vt 0.726575 0.094922
vt 0.820453 0.144547
vt 0.822126 0.129913
vt 0.812334 0.140791
vt 0.805095 0.129270
vt 0.805807 0.138430
vt 0.803786 0.147098
vt 0.800740 0.152108
vt 0.797478 0.155157
vt 0.830598 0.133373
vt 0.837530 0.149847
vt 0.838785 0.135867
vt 0.840056 0.124323
vt 0.831999 0.121335
vt 0.829180 0.148099
vt 0.828029 0.164555
vt 0.831106 0.176363
vt 0.837024 0.175519
vt 0.824142 0.171893
vt 0.826955 0.178798
vt 0.836781 0.163864
vt 0.819072 0.158004
vt 0.845651 0.164149
vt 0.846519 0.150937
vt 0.856485 0.165213
vt 0.857159 0.152513
vt 0.855766 0.177020
vt 0.845110 0.175869
vt 0.844510 0.186582
vt 0.854954 0.188072
vt 0.854004 0.198510
vt 0.843462 0.196773
vt 0.836185 0.195608
vt 0.837184 0.185778
vt 0.831843 0.185789
vt 0.825903 0.194932
vt 0.830792 0.195001
vt 0.827354 0.186743
vt 0.824152 0.187864
vt 0.822257 0.195102
vt 0.824386 0.181320
vt 0.819054 0.202069
vt 0.822588 0.202797
vt 0.817394 0.209769
vt 0.814894 0.207803
vt 0.822204 0.212080
vt 0.827672 0.203823
vt 0.830264 0.214011
vt 0.833916 0.205017
vt 0.842115 0.206536
vt 0.840615 0.215966
vt 0.852301 0.218347
vt 0.853068 0.208535
vt 0.863962 0.210749
vt 0.864673 0.200504
vt 0.871589 0.223395
vt 0.871982 0.212910
vt 0.872333 0.202436
vt 0.863299 0.220907
vt 0.863194 0.232345
vt 0.852685 0.243071
vt 0.864157 0.246430
vt 0.872804 0.249447
vt 0.871686 0.235153
vt 0.852055 0.229381
vt 0.839541 0.226540
vt 0.825602 0.236803
vt 0.826927 0.224102
vt 0.839472 0.239739
vt 0.839929 0.254725
vt 0.854460 0.275173
vt 0.853663 0.258606
vt 0.840431 0.270663
vt 0.825600 0.266611
vt 0.825442 0.251257
vt 0.840843 0.287576
vt 0.825868 0.283139
vt 0.810499 0.279509
vt 0.810334 0.263289
vt 0.810681 0.297639
vt 0.826039 0.301116
vt 0.795368 0.295173
vt 0.795157 0.276923
vt 0.810928 0.317590
vt 0.780552 0.313956
vt 0.779723 0.293695
vt 0.795755 0.315351
vt 0.796436 0.337089
vt 0.797183 0.359725
vt 0.783190 0.358474
vt 0.781785 0.335727
vt 0.811575 0.361839
vt 0.811288 0.339272
vt 0.826304 0.342506
vt 0.841068 0.325021
vt 0.841052 0.346789
vt 0.840795 0.369524
vt 0.826276 0.365123
vt 0.826167 0.320814
vt 0.825909 0.387601
vt 0.825546 0.408414
vt 0.840113 0.391959
vt 0.839368 0.412565
vt 0.811690 0.405540
vt 0.811601 0.384445
vt 0.797771 0.382596
vt 0.786013 0.403556
vt 0.784532 0.381665
vt 0.798479 0.404073
vt 0.799590 0.422525
vt 0.790066 0.439981
vt 0.801136 0.439763
vt 0.813049 0.440406
vt 0.812167 0.423573
vt 0.787834 0.422406
vt 0.776929 0.422732
vt 0.774391 0.403531
vt 0.779770 0.440595
vt 0.770933 0.441347
vt 0.764398 0.403738
vt 0.767581 0.423235
vt 0.760496 0.423647
vt 0.756817 0.403917
vt 0.751435 0.404067
vt 0.755480 0.423969
vt 0.759500 0.442483
vt 0.764241 0.441979
vt 0.768383 0.460579
vt 0.772843 0.479124
vt 0.774706 0.459776
vt 0.768651 0.480009
vt 0.763898 0.461245
vt 0.778763 0.478115
vt 0.783070 0.458854
vt 0.786632 0.477036
vt 0.790260 0.494669
vt 0.782964 0.495960
vt 0.777542 0.497286
vt 0.786953 0.511083
vt 0.773736 0.498528
vt 0.778947 0.514418
vt 0.782182 0.512701
vt 0.786463 0.523002
vt 0.790374 0.521258
vt 0.793266 0.526710
vt 0.784078 0.525293
vt 0.789918 0.532631
vt 0.791459 0.529652
vt 0.798240 0.534113
vt 0.797257 0.537905
vt 0.805429 0.541490
vt 0.805975 0.536935
vt 0.798339 0.528704
vt 0.805767 0.530438
vt 0.796591 0.520952
vt 0.813378 0.531484
vt 0.813831 0.538667
vt 0.812011 0.521554
vt 0.804131 0.521309
vt 0.801612 0.509163
vt 0.807790 0.492997
vt 0.810043 0.508764
vt 0.798759 0.493615
vt 0.793673 0.509920
vt 0.795753 0.476099
vt 0.805431 0.475521
vt 0.803148 0.457603
vt 0.792781 0.458050
vt 0.814356 0.457901
vt 0.815904 0.475575
vt 0.826590 0.459335
vt 0.827410 0.476536
vt 0.828073 0.493596
vt 0.817510 0.492947
vt 0.819045 0.508763
vt 0.820380 0.521769
vt 0.829388 0.522033
vt 0.828694 0.509200
vt 0.838140 0.510037
vt 0.847929 0.497145
vt 0.838530 0.494982
vt 0.846529 0.511239
vt 0.845632 0.522172
vt 0.838113 0.522212
vt 0.838268 0.531815
vt 0.845326 0.530710
vt 0.829981 0.532184
vt 0.830299 0.539742
vt 0.838424 0.539153
vt 0.845698 0.537614
vt 0.845879 0.543146
vt 0.853464 0.539808
vt 0.851622 0.533634
vt 0.849688 0.529312
vt 0.838433 0.544647
vt 0.830446 0.545236
vt 0.844998 0.547567
vt 0.838152 0.548716
vt 0.830527 0.549200
vt 0.822146 0.544934
vt 0.837825 0.551412
vt 0.822283 0.548829
vt 0.822324 0.551358
vt 0.830562 0.551773
vt 0.830567 0.553097
vt 0.837699 0.552791
vt 0.822277 0.552666
vt 0.822180 0.553361
vt 0.830546 0.553798
vt 0.837676 0.553503
vt 0.843356 0.552214
vt 0.830500 0.554500
vt 0.837662 0.554200
vt 0.843175 0.553618
vt 0.843195 0.552955
vt 0.847358 0.552345
vt 0.847677 0.551585
vt 0.850804 0.551126
vt 0.850423 0.551864
vt 0.850302 0.552475
vt 0.847300 0.552971
vt 0.847358 0.553428
vt 0.847388 0.553680
vt 0.843237 0.554381
vt 0.843215 0.554121
vt 0.850307 0.552930
vt 0.850303 0.553199
vt 0.852197 0.553116
vt 0.850291 0.553422
vt 0.847409 0.553881
vt 0.852282 0.552577
vt 0.852243 0.552867
vt 0.853473 0.552616
vt 0.853426 0.552881
vt 0.854308 0.552005
vt 0.853503 0.552317
vt 0.854310 0.552310
vt 0.854285 0.552586
vt 0.855083 0.552486
vt 0.855084 0.552099
vt 0.853336 0.553246
vt 0.855070 0.551813
vt 0.854221 0.552970
vt 0.854459 0.553499
vt 0.853678 0.554104
vt 0.854509 0.554034
vt 0.853367 0.553668
vt 0.855076 0.552924
vt 0.856721 0.551343
vt 0.859568 0.547487
vt 0.859756 0.547792
vt 0.856630 0.550943
vt 0.856542 0.550583
vt 0.859194 0.546952
vt 0.856461 0.550302
vt 0.859381 0.547200
vt 0.863462 0.541343
vt 0.863183 0.541135
vt 0.868649 0.532403
vt 0.868913 0.532561
vt 0.868348 0.532224
vt 0.863721 0.541548
vt 0.863971 0.541752
vt 0.869159 0.532708
vt 0.874518 0.521423
vt 0.879246 0.508662
vt 0.879028 0.508567
vt 0.874297 0.521306
vt 0.874051 0.521176
vt 0.878782 0.508461
vt 0.873757 0.521021
vt 0.878481 0.508331
vt 0.878126 0.508178
vt 0.882347 0.494758
vt 0.873412 0.520841
vt 0.882714 0.494885
vt 0.883025 0.494992
vt 0.886964 0.481505
vt 0.887223 0.481579
vt 0.883278 0.495080
vt 0.886648 0.481414
vt 0.890530 0.467882
vt 0.890210 0.467805
vt 0.886274 0.481306
vt 0.889832 0.467715
vt 0.885842 0.481182
vt 0.889396 0.467610
vt 0.892505 0.453796
vt 0.892946 0.453877
vt 0.893328 0.453947
vt 0.896142 0.438054
vt 0.893651 0.454006
vt 0.896468 0.438093
vt 0.895757 0.438008
vt 0.897959 0.418298
vt 0.895313 0.437954
vt 0.898793 0.418343
vt 0.898406 0.418322
vt 0.900431 0.396210
vt 0.900926 0.373096
vt 0.899984 0.396216
vt 0.901759 0.373031
vt 0.900819 0.396204
vt 0.901372 0.373061
vt 0.901468 0.350463
vt 0.900516 0.330090
vt 0.901024 0.350524
vt 0.901338 0.329929
vt 0.901853 0.350410
vt 0.900956 0.330004
vt 0.899932 0.310845
vt 0.898056 0.292275
vt 0.899496 0.310954
vt 0.898861 0.292040
vt 0.900309 0.310752
vt 0.898487 0.292149
vt 0.896938 0.274350
vt 0.895597 0.257883
vt 0.895966 0.257755
vt 0.897309 0.274230
vt 0.896509 0.274489
vt 0.895171 0.258031
vt 0.893568 0.243342
vt 0.894518 0.243134
vt 0.894095 0.243290
vt 0.895977 0.274521
vt 0.894641 0.258073
vt 0.893959 0.257882
vt 0.891746 0.256991
vt 0.890666 0.242322
vt 0.893102 0.273393
vt 0.892891 0.243165
vt 0.895295 0.274319
vt 0.896844 0.292079
vt 0.896009 0.309701
vt 0.894618 0.291106
vt 0.897523 0.292294
vt 0.898290 0.310729
vt 0.898962 0.310955
vt 0.899982 0.330072
vt 0.899317 0.329834
vt 0.896993 0.328747
vt 0.899833 0.350237
vt 0.900490 0.350485
vt 0.897484 0.349101
vt 0.891756 0.368845
vt 0.897398 0.371620
vt 0.899747 0.372780
vt 0.891871 0.346402
vt 0.891481 0.326185
vt 0.884486 0.342911
vt 0.884234 0.322873
vt 0.883601 0.304189
vt 0.890649 0.307299
vt 0.889440 0.288847
vt 0.881345 0.268463
vt 0.888036 0.271251
vt 0.882613 0.285916
vt 0.875437 0.282928
vt 0.867195 0.297342
vt 0.866517 0.279482
vt 0.865495 0.262398
vt 0.876255 0.301041
vt 0.874277 0.265597
vt 0.876705 0.319535
vt 0.867501 0.315637
vt 0.876820 0.339399
vt 0.867518 0.335340
vt 0.855099 0.352120
vt 0.867331 0.357423
vt 0.876632 0.361620
vt 0.855226 0.330204
vt 0.855228 0.310642
vt 0.855005 0.292582
vt 0.841027 0.305489
vt 0.883527 0.388333
vt 0.875901 0.384673
vt 0.884331 0.365247
vt 0.866707 0.380410
vt 0.853634 0.397414
vt 0.865411 0.402822
vt 0.854638 0.374990
vt 0.874385 0.407036
vt 0.879718 0.430625
vt 0.881835 0.410618
vt 0.872535 0.427202
vt 0.863871 0.423133
vt 0.862515 0.439820
vt 0.870802 0.443665
vt 0.852479 0.417863
vt 0.851568 0.434806
vt 0.838921 0.429814
vt 0.850827 0.450133
vt 0.838756 0.445629
vt 0.861210 0.454725
vt 0.859821 0.469690
vt 0.867058 0.472765
vt 0.869028 0.458246
vt 0.850180 0.465734
vt 0.849318 0.481456
vt 0.838899 0.478474
vt 0.838862 0.461936
vt 0.858115 0.484646
vt 0.855861 0.499523
vt 0.861916 0.501553
vt 0.864737 0.487207
vt 0.870122 0.489443
vt 0.872954 0.475371
vt 0.866867 0.503425
vt 0.875209 0.491658
vt 0.871490 0.505327
vt 0.878576 0.477919
vt 0.882854 0.479885
vt 0.879078 0.493386
vt 0.875435 0.461189
vt 0.886266 0.466246
vt 0.881585 0.464051
vt 0.884231 0.449997
vt 0.889252 0.452381
vt 0.877637 0.446878
vt 0.886666 0.433955
vt 0.891957 0.436501
vt 0.889042 0.414125
vt 0.891370 0.453389
vt 0.896805 0.417934
vt 0.894168 0.437568
vt 0.894525 0.416813
vt 0.896493 0.394719
vt 0.890894 0.391943
vt 0.898818 0.395875
vt 0.899454 0.396134
vt 0.897432 0.418194
vt 0.900393 0.373035
vt 0.894790 0.437829
vt 0.891986 0.453651
vt 0.888881 0.467448
vt 0.885332 0.481006
vt 0.884721 0.480744
vt 0.888268 0.467186
vt 0.880809 0.494159
vt 0.881419 0.494420
vt 0.877223 0.507788
vt 0.876614 0.507528
vt 0.881923 0.494611
vt 0.877717 0.508000
vt 0.872532 0.520401
vt 0.873017 0.520633
vt 0.867619 0.531792
vt 0.862524 0.540628
vt 0.862064 0.540364
vt 0.867138 0.531553
vt 0.862874 0.540904
vt 0.868006 0.532021
vt 0.858985 0.546671
vt 0.858734 0.546288
vt 0.856223 0.549503
vt 0.856363 0.549981
vt 0.855904 0.549110
vt 0.858338 0.545955
vt 0.857695 0.545824
vt 0.861427 0.540169
vt 0.855271 0.549045
vt 0.856436 0.545838
vt 0.854034 0.549191
vt 0.860123 0.540003
vt 0.862331 0.530258
vt 0.857663 0.539827
vt 0.854191 0.545941
vt 0.866514 0.531319
vt 0.865120 0.530939
vt 0.870417 0.519573
vt 0.867253 0.518376
vt 0.875001 0.506836
vt 0.871921 0.520148
vt 0.863149 0.516714
vt 0.858825 0.514745
vt 0.855696 0.525725
vt 0.858928 0.528709
vt 0.851606 0.522986
vt 0.853534 0.512807
vt 0.851907 0.549430
vt 0.850524 0.546420
vt 0.848614 0.549881
vt 0.843881 0.550662
vt 0.852895 0.550805
vt 0.854107 0.550590
vt 0.853698 0.551259
vt 0.854243 0.551132
vt 0.854708 0.550613
vt 0.852500 0.551504
vt 0.852331 0.552109
vt 0.853537 0.551850
vt 0.854292 0.551536
vt 0.854964 0.551003
vt 0.855032 0.551493
vt 0.825876 0.442374
vt 0.825532 0.426036
vt 0.886621 0.254933
vt 0.879876 0.252240
vt 0.878722 0.237825
vt 0.885496 0.240378
vt 0.884962 0.228073
vt 0.878400 0.225791
vt 0.878435 0.214990
vt 0.889362 0.218456
vt 0.884628 0.216959
vt 0.889976 0.229809
vt 0.892144 0.230566
vt 0.892101 0.219249
vt 0.892815 0.230722
vt 0.891434 0.219115
vt 0.890472 0.207844
vt 0.888507 0.207268
vt 0.887705 0.195639
vt 0.890238 0.196266
vt 0.891142 0.207960
vt 0.889565 0.196159
vt 0.889018 0.183468
vt 0.887246 0.182962
vt 0.886906 0.170084
vt 0.889268 0.170675
vt 0.889685 0.183575
vt 0.888608 0.170571
vt 0.888114 0.158271
vt 0.886464 0.157849
vt 0.886012 0.146139
vt 0.888275 0.146526
vt 0.888771 0.158355
vt 0.887620 0.146472
vt 0.887211 0.135079
vt 0.887578 0.125670
vt 0.885642 0.134837
vt 0.887863 0.135102
vt 0.885387 0.125513
vt 0.886928 0.125676
vt 0.886812 0.119848
vt 0.886751 0.116128
vt 0.887404 0.116066
vt 0.887463 0.119816
vt 0.885280 0.119737
vt 0.882134 0.119468
vt 0.878079 0.124592
vt 0.878054 0.119009
vt 0.882209 0.125151
vt 0.882384 0.134317
vt 0.878262 0.144483
vt 0.878148 0.133565
vt 0.882645 0.145428
vt 0.882974 0.156944
vt 0.878515 0.167908
vt 0.883266 0.169035
vt 0.878424 0.155902
vt 0.873595 0.155066
vt 0.867001 0.154061
vt 0.873479 0.167186
vt 0.867262 0.142080
vt 0.873605 0.143450
vt 0.866642 0.166434
vt 0.866077 0.178421
vt 0.873130 0.179523
vt 0.865392 0.189839
vt 0.878299 0.193013
vt 0.872698 0.191473
vt 0.878413 0.180584
vt 0.883415 0.181866
vt 0.883626 0.194496
vt 0.884107 0.205980
vt 0.878354 0.204273
vt 0.873639 0.132625
vt 0.867532 0.131265
vt 0.873681 0.123836
vt 0.867766 0.122635
vt 0.859465 0.115423
vt 0.858499 0.129254
vt 0.859085 0.120740
vt 0.867921 0.117208
vt 0.873717 0.118329
vt 0.873751 0.114708
vt 0.868037 0.113598
vt 0.859734 0.111881
vt 0.850646 0.109643
vt 0.851044 0.106481
vt 0.842578 0.106968
vt 0.841976 0.110399
vt 0.850200 0.113109
vt 0.843102 0.103868
vt 0.843520 0.101324
vt 0.834930 0.103738
vt 0.835584 0.100727
vt 0.851366 0.103870
vt 0.836108 0.098269
vt 0.827913 0.096931
vt 0.828579 0.094532
vt 0.827102 0.099838
vt 0.834183 0.107101
vt 0.833241 0.112429
vt 0.841176 0.115678
vt 0.849575 0.118354
vt 0.848641 0.126853
vt 0.847565 0.137936
vt 0.857820 0.140125
vt 0.887964 0.119657
vt 0.888080 0.125523
vt 0.888482 0.125319
vt 0.888364 0.119447
vt 0.887903 0.115884
vt 0.888298 0.115659
vt 0.888639 0.115465
vt 0.888710 0.119263
vt 0.888830 0.125142
vt 0.888932 0.115297
vt 0.889125 0.124991
vt 0.889003 0.119106
vt 0.889241 0.118976
vt 0.889453 0.118861
vt 0.889366 0.124867
vt 0.889580 0.124757
vt 0.889414 0.115018
vt 0.889183 0.115152
vt 0.889381 0.111719
vt 0.889875 0.134212
vt 0.889659 0.134321
vt 0.889837 0.145882
vt 0.889417 0.134442
vt 0.890080 0.145761
vt 0.890296 0.145654
vt 0.890585 0.157614
vt 0.890802 0.157509
vt 0.891310 0.169853
vt 0.891091 0.169956
vt 0.891517 0.182866
vt 0.891737 0.182764
vt 0.892297 0.195465
vt 0.892077 0.195565
vt 0.892984 0.207278
vt 0.893205 0.207179
vt 0.894171 0.218503
vt 0.893949 0.218598
vt 0.894680 0.230119
vt 0.894903 0.230029
vt 0.895676 0.242706
vt 0.896534 0.257557
vt 0.896761 0.257478
vt 0.895450 0.242789
vt 0.895196 0.242883
vt 0.894428 0.230219
vt 0.896279 0.257646
vt 0.894120 0.230342
vt 0.894886 0.242998
vt 0.893757 0.230488
vt 0.893034 0.218989
vt 0.893394 0.218835
vt 0.893699 0.218705
vt 0.892736 0.207389
vt 0.892433 0.207524
vt 0.891830 0.195678
vt 0.891527 0.195817
vt 0.892074 0.207684
vt 0.891169 0.195980
vt 0.891660 0.207868
vt 0.890612 0.183285
vt 0.890756 0.196168
vt 0.890200 0.183475
vt 0.890969 0.183120
vt 0.890544 0.170214
vt 0.891270 0.182980
vt 0.890845 0.170072
vt 0.890189 0.170381
vt 0.889779 0.170573
vt 0.889280 0.158243
vt 0.889687 0.158047
vt 0.890041 0.157877
vt 0.890340 0.157732
vt 0.889539 0.146029
vt 0.889188 0.146203
vt 0.888782 0.146402
vt 0.888368 0.134967
vt 0.888771 0.134766
vt 0.889121 0.134591
vt 0.892618 0.219167
vt 0.893337 0.230655
vt 0.897623 0.274127
vt 0.897880 0.274044
vt 0.899178 0.291948
vt 0.899437 0.291872
vt 0.900629 0.310672
vt 0.900890 0.310607
vt 0.901122 0.310549
vt 0.899667 0.291805
vt 0.898108 0.273970
vt 0.901925 0.329813
vt 0.902159 0.329767
vt 0.902682 0.350294
vt 0.902445 0.350327
vt 0.902354 0.372984
vt 0.902593 0.372966
vt 0.901654 0.396193
vt 0.899388 0.418375
vt 0.899626 0.418387
vt 0.901415 0.396196
vt 0.901147 0.396200
vt 0.899120 0.418360
vt 0.902087 0.373005
vt 0.902178 0.350364
vt 0.901661 0.329865
vt 0.896972 0.438154
vt 0.896735 0.438125
vt 0.893916 0.454054
vt 0.894151 0.454097
vt 0.891025 0.468000
vt 0.890792 0.467944
vt 0.887453 0.481645
vt 0.883504 0.495158
vt 0.852174 0.553844
vt 0.850650 0.554458
vt 0.852506 0.554228
vt 0.852122 0.553457
vt 0.850273 0.553743
vt 0.850357 0.554106
vt 0.847538 0.554536
vt 0.847441 0.554186
vt 0.847753 0.554874
vt 0.843452 0.555557
vt 0.843338 0.555217
vt 0.843279 0.554870
vt 0.837648 0.555857
vt 0.837643 0.555511
vt 0.837648 0.555217
vt 0.843254 0.554573
vt 0.837650 0.555027
vt 0.830431 0.555341
vt 0.830414 0.555530
vt 0.830389 0.555823
vt 0.830361 0.556167
vt 0.821801 0.555697
vt 0.821857 0.555356
vt 0.821905 0.555066
vt 0.821936 0.554879
vt 0.812526 0.553195
vt 0.812473 0.553379
vt 0.812390 0.553663
vt 0.802853 0.550342
vt 0.812292 0.553995
vt 0.802586 0.550924
vt 0.802730 0.550610
vt 0.793623 0.546068
vt 0.785411 0.539653
vt 0.785606 0.539452
vt 0.793437 0.546344
vt 0.793783 0.545830
vt 0.785183 0.539884
vt 0.777890 0.531350
vt 0.784959 0.540103
vt 0.778161 0.531170
vt 0.778435 0.530980
vt 0.793254 0.546612
vt 0.802443 0.551233
vt 0.792753 0.547323
vt 0.784333 0.540704
vt 0.802069 0.552038
vt 0.811363 0.557161
vt 0.811936 0.555198
vt 0.801231 0.553841
vt 0.791615 0.548930
vt 0.812193 0.554325
vt 0.821592 0.556948
vt 0.821744 0.556035
vt 0.830336 0.556511
vt 0.837672 0.556203
vt 0.837754 0.557112
vt 0.830275 0.557438
vt 0.830137 0.559528
vt 0.837933 0.559148
vt 0.821251 0.559015
vt 0.820816 0.561658
vt 0.829960 0.562199
vt 0.838161 0.561748
vt 0.844554 0.558326
vt 0.845513 0.560758
vt 0.851834 0.560070
vt 0.849930 0.557638
vt 0.853993 0.557664
vt 0.856939 0.560523
vt 0.860452 0.561259
vt 0.856715 0.557934
vt 0.861999 0.561419
vt 0.858064 0.557983
vt 0.855757 0.555263
vt 0.858729 0.557920
vt 0.855000 0.555295
vt 0.853794 0.555346
vt 0.861463 0.560480
vt 0.851685 0.555433
vt 0.848434 0.555731
vt 0.843799 0.556417
vt 0.810633 0.559668
vt 0.800163 0.556141
vt 0.790158 0.550985
vt 0.781061 0.543843
vt 0.782899 0.542080
vt 0.775466 0.532942
vt 0.773311 0.534358
vt 0.766432 0.521439
vt 0.768827 0.520331
vt 0.762494 0.503063
vt 0.759944 0.503993
vt 0.753982 0.484414
vt 0.748681 0.465098
vt 0.751376 0.464227
vt 0.756624 0.483556
vt 0.758691 0.482884
vt 0.754413 0.463246
vt 0.753482 0.463547
vt 0.764490 0.502335
vt 0.765377 0.502009
vt 0.759607 0.482585
vt 0.759935 0.482480
vt 0.754740 0.463145
vt 0.765702 0.501887
vt 0.766010 0.501769
vt 0.760233 0.482388
vt 0.755034 0.463064
vt 0.760479 0.482312
vt 0.755278 0.463000
vt 0.750572 0.443844
vt 0.750327 0.443903
vt 0.750033 0.443983
vt 0.749709 0.444088
vt 0.746025 0.425014
vt 0.745411 0.425209
vt 0.745731 0.425095
vt 0.741207 0.404908
vt 0.740890 0.405031
vt 0.736124 0.381764
vt 0.735832 0.381850
vt 0.735518 0.381981
vt 0.741500 0.404824
vt 0.741746 0.404769
vt 0.746271 0.424957
vt 0.736370 0.381707
vt 0.736548 0.381666
vt 0.741925 0.404728
vt 0.746449 0.424917
vt 0.742208 0.404665
vt 0.751027 0.443730
vt 0.746732 0.424852
vt 0.750749 0.443800
vt 0.755452 0.462950
vt 0.760652 0.482253
vt 0.760908 0.482157
vt 0.755719 0.462868
vt 0.756242 0.462709
vt 0.761408 0.481972
vt 0.762126 0.481748
vt 0.756996 0.462520
vt 0.752360 0.443430
vt 0.751578 0.443592
vt 0.747293 0.424723
vt 0.748087 0.424581
vt 0.743566 0.404408
vt 0.742770 0.404537
vt 0.737393 0.381472
vt 0.736831 0.381601
vt 0.738188 0.381346
vt 0.732464 0.357626
vt 0.731671 0.357756
vt 0.731111 0.357891
vt 0.725558 0.335763
vt 0.726116 0.335623
vt 0.725276 0.335834
vt 0.730829 0.357958
vt 0.730651 0.358001
vt 0.725099 0.335878
vt 0.730406 0.358060
vt 0.724854 0.335939
vt 0.719784 0.315508
vt 0.730115 0.358149
vt 0.719540 0.315573
vt 0.719248 0.315661
vt 0.724563 0.336029
vt 0.724248 0.336156
vt 0.717506 0.316343
vt 0.729802 0.358281
vt 0.722932 0.336740
vt 0.728625 0.358840
vt 0.718929 0.315779
vt 0.713918 0.297323
vt 0.709628 0.280860
vt 0.712467 0.297814
vt 0.714242 0.297218
vt 0.707894 0.281354
vt 0.709300 0.280954
vt 0.705158 0.266835
vt 0.703867 0.267162
vt 0.700377 0.255253
vt 0.701876 0.254891
vt 0.705488 0.266749
vt 0.701545 0.254974
vt 0.698515 0.245376
vt 0.696118 0.236831
vt 0.698845 0.245292
vt 0.695789 0.236917
vt 0.697420 0.245639
vt 0.694728 0.237175
vt 0.689589 0.229285
vt 0.692039 0.228717
vt 0.693088 0.228472
vt 0.692244 0.237778
vt 0.694833 0.246259
vt 0.689047 0.238554
vt 0.691500 0.247059
vt 0.693956 0.256793
vt 0.697575 0.255924
vt 0.700692 0.267971
vt 0.704369 0.282361
vt 0.699783 0.283672
vt 0.696574 0.269020
vt 0.704010 0.300679
vt 0.708794 0.299058
vt 0.709216 0.319624
vt 0.713906 0.317768
vt 0.719642 0.338197
vt 0.725742 0.360208
vt 0.722006 0.361979
vt 0.715363 0.340091
vt 0.728700 0.385189
vt 0.731946 0.383662
vt 0.739919 0.405455
vt 0.734776 0.407699
vt 0.737668 0.406437
vt 0.734462 0.382478
vt 0.742320 0.426413
vt 0.748773 0.444414
vt 0.743916 0.446102
vt 0.744471 0.425575
vt 0.739565 0.427487
vt 0.746643 0.445154
vt 0.686439 0.230015
vt 0.683691 0.221450
vt 0.680820 0.212867
vt 0.686882 0.220778
vt 0.684138 0.212257
vt 0.684059 0.202805
vt 0.686715 0.211782
vt 0.689363 0.220255
vt 0.681391 0.203246
vt 0.677953 0.203814
vt 0.678674 0.193271
vt 0.675212 0.193836
vt 0.673006 0.183789
vt 0.676437 0.183233
vt 0.675130 0.174031
vt 0.671745 0.174531
vt 0.671427 0.165649
vt 0.674800 0.165317
vt 0.672052 0.156732
vt 0.675489 0.156742
vt 0.678150 0.156752
vt 0.680142 0.147995
vt 0.674045 0.147112
vt 0.677412 0.165062
vt 0.677481 0.147609
vt 0.681060 0.137219
vt 0.682281 0.125260
vt 0.677832 0.136121
vt 0.685357 0.126886
vt 0.683562 0.138072
vt 0.686261 0.116030
vt 0.689914 0.107973
vt 0.693379 0.100628
vt 0.696211 0.092800
vt 0.697960 0.083295
vt 0.698727 0.073218
vt 0.707868 0.069520
vt 0.698614 0.063675
vt 0.706315 0.077888
vt 0.712103 0.081446
vt 0.717760 0.075693
vt 0.714293 0.082781
vt 0.714968 0.073986
vt 0.717448 0.066673
vt 0.709001 0.061347
vt 0.720910 0.068756
vt 0.700934 0.058455
vt 0.678506 0.164960
vt 0.678855 0.173487
vt 0.677754 0.173645
vt 0.679262 0.156759
vt 0.678827 0.164943
vt 0.681573 0.148213
vt 0.679583 0.156772
vt 0.681253 0.148158
vt 0.679873 0.156799
vt 0.679118 0.164941
vt 0.679362 0.164947
vt 0.680116 0.156828
vt 0.682101 0.148328
vt 0.681861 0.148273
vt 0.682278 0.148369
vt 0.680293 0.156850
vt 0.679538 0.164951
vt 0.679819 0.164957
vt 0.680574 0.156886
vt 0.682558 0.148434
vt 0.681125 0.156955
vt 0.683103 0.148564
vt 0.683857 0.148775
vt 0.684761 0.149087
vt 0.681890 0.157089
vt 0.682810 0.157317
vt 0.681148 0.165017
vt 0.683531 0.165356
vt 0.682086 0.165138
vt 0.684222 0.157713
vt 0.686149 0.149596
vt 0.689454 0.140257
vt 0.686463 0.158350
vt 0.688353 0.150399
vt 0.691668 0.141037
vt 0.700029 0.133066
vt 0.694957 0.142591
vt 0.692460 0.151403
vt 0.693519 0.130816
vt 0.695716 0.131576
vt 0.699557 0.152516
vt 0.699572 0.145452
vt 0.690751 0.159130
vt 0.698303 0.159957
vt 0.689973 0.166305
vt 0.696973 0.167319
vt 0.703469 0.168267
vt 0.705365 0.160655
vt 0.708203 0.151550
vt 0.713072 0.145337
vt 0.714269 0.148004
vt 0.711022 0.153690
vt 0.708181 0.161052
vt 0.710302 0.138425
vt 0.704592 0.142014
vt 0.716344 0.135895
vt 0.708266 0.130249
vt 0.717643 0.141947
vt 0.718199 0.144414
vt 0.722871 0.141055
vt 0.723088 0.143337
vt 0.728069 0.143860
vt 0.723163 0.144038
vt 0.728075 0.141765
vt 0.718413 0.145066
vt 0.728039 0.144562
vt 0.732132 0.145755
vt 0.731955 0.146443
vt 0.727969 0.145257
vt 0.723249 0.144712
vt 0.727878 0.145947
vt 0.723342 0.145372
vt 0.718984 0.146263
vt 0.718684 0.145675
vt 0.715159 0.149013
vt 0.711640 0.154061
vt 0.714696 0.148529
vt 0.712252 0.154408
vt 0.712862 0.154742
vt 0.715639 0.149477
vt 0.710211 0.161786
vt 0.709543 0.161542
vt 0.707479 0.168957
vt 0.708158 0.169095
vt 0.706795 0.168819
vt 0.708869 0.161298
vt 0.706101 0.168678
vt 0.705828 0.175205
vt 0.706508 0.175196
vt 0.705131 0.175154
vt 0.702678 0.174861
vt 0.705881 0.180485
vt 0.706558 0.180424
vt 0.703515 0.180549
vt 0.697812 0.180742
vt 0.700461 0.187411
vt 0.706504 0.185442
vt 0.696729 0.174146
vt 0.708956 0.184675
vt 0.713698 0.187311
vt 0.713209 0.187728
vt 0.709575 0.184442
vt 0.710983 0.189124
vt 0.705357 0.192588
vt 0.713180 0.194704
vt 0.716291 0.191180
vt 0.717492 0.189648
vt 0.721658 0.192312
vt 0.721763 0.190270
vt 0.721747 0.190924
vt 0.717748 0.189083
vt 0.718023 0.188458
vt 0.722138 0.188922
vt 0.721916 0.189600
vt 0.718307 0.187805
vt 0.714490 0.186199
vt 0.714113 0.186783
vt 0.710119 0.184073
vt 0.707198 0.180240
vt 0.707819 0.179994
vt 0.710625 0.183636
vt 0.707179 0.175156
vt 0.725860 0.190707
vt 0.729356 0.190896
vt 0.729223 0.191586
vt 0.729210 0.192257
vt 0.725782 0.191386
vt 0.726044 0.190021
vt 0.725915 0.192047
vt 0.729435 0.192890
vt 0.729958 0.193842
vt 0.726314 0.193219
vt 0.727031 0.195430
vt 0.721920 0.200054
vt 0.730835 0.195471
vt 0.728355 0.198358
vt 0.731997 0.197494
vt 0.721285 0.195179
vt 0.733373 0.199626
vt 0.735028 0.198143
vt 0.734073 0.196726
vt 0.730572 0.201681
vt 0.733114 0.195320
vt 0.735377 0.195987
vt 0.732291 0.194121
vt 0.733902 0.194019
vt 0.734595 0.194944
vt 0.736008 0.194310
vt 0.737391 0.192289
vt 0.735382 0.193496
vt 0.736700 0.195206
vt 0.738002 0.193076
vt 0.737398 0.196102
vt 0.736863 0.197966
vt 0.736162 0.197034
vt 0.738037 0.196915
vt 0.738553 0.197562
vt 0.737391 0.198664
vt 0.735844 0.199359
vt 0.734579 0.201419
vt 0.732668 0.204470
vt 0.730458 0.208259
vt 0.727412 0.204799
vt 0.724678 0.209469
vt 0.728296 0.212532
vt 0.726563 0.217423
vt 0.722665 0.215322
vt 0.716721 0.213776
vt 0.716135 0.221481
vt 0.709675 0.222733
vt 0.718387 0.206826
vt 0.708808 0.206767
vt 0.708873 0.214529
vt 0.701622 0.216231
vt 0.699740 0.207969
vt 0.700119 0.225958
vt 0.694979 0.209110
vt 0.697469 0.217532
vt 0.703824 0.224604
vt 0.706443 0.233097
vt 0.711819 0.231389
vt 0.709574 0.241720
vt 0.705677 0.242827
vt 0.702873 0.234389
vt 0.700638 0.235285
vt 0.696557 0.227370
vt 0.697912 0.226858
vt 0.699266 0.235806
vt 0.702030 0.244243
vt 0.703426 0.243710
vt 0.706564 0.253290
vt 0.705102 0.253831
vt 0.708736 0.265718
vt 0.710340 0.265182
vt 0.708948 0.252407
vt 0.713107 0.264261
vt 0.713425 0.251450
vt 0.714648 0.279409
vt 0.723387 0.277486
vt 0.717836 0.278506
vt 0.718205 0.263266
vt 0.722820 0.295261
vt 0.733293 0.313648
vt 0.728444 0.294426
vt 0.719383 0.295996
vt 0.724431 0.314698
vt 0.727891 0.314199
vt 0.732881 0.334994
vt 0.729677 0.335268
vt 0.735103 0.357518
vt 0.737909 0.357407
vt 0.737853 0.334713
vt 0.742337 0.357313
vt 0.752877 0.381119
vt 0.748857 0.357316
vt 0.746959 0.381140
vt 0.744941 0.334565
vt 0.743093 0.381197
vt 0.740693 0.381259
vt 0.745961 0.404279
vt 0.748036 0.404188
vt 0.752341 0.424202
vt 0.750423 0.424366
vt 0.754661 0.443114
vt 0.756511 0.442853
vt 0.761048 0.461753
vt 0.759259 0.462116
vt 0.764272 0.481234
vt 0.765969 0.480718
vt 0.771291 0.499563
vt 0.769754 0.500327
vt 0.776839 0.515876
vt 0.775511 0.516955
vt 0.782437 0.527241
vt 0.781344 0.528677
vt 0.780605 0.529432
vt 0.774616 0.517532
vt 0.768675 0.500751
vt 0.763035 0.481539
vt 0.773954 0.517858
vt 0.767880 0.501010
vt 0.767198 0.501275
vt 0.766697 0.501489
vt 0.773321 0.518177
vt 0.772826 0.518431
vt 0.778820 0.530708
vt 0.779041 0.530552
vt 0.772578 0.518558
vt 0.779485 0.530239
vt 0.766442 0.501598
vt 0.772409 0.518645
vt 0.766268 0.501669
vt 0.778668 0.530815
vt 0.772150 0.518776
vt 0.771844 0.518928
vt 0.771534 0.519077
vt 0.770702 0.519464
vt 0.777149 0.531836
vt 0.785918 0.539132
vt 0.780043 0.529841
vt 0.786291 0.538749
vt 0.786760 0.538263
vt 0.795101 0.543844
vt 0.787234 0.537765
vt 0.794718 0.544427
vt 0.794338 0.544998
vt 0.803277 0.549406
vt 0.803047 0.549914
vt 0.803565 0.548766
vt 0.794036 0.545451
vt 0.793885 0.545676
vt 0.802932 0.550168
vt 0.785733 0.539322
vt 0.813142 0.551032
vt 0.803854 0.548118
vt 0.812953 0.551714
vt 0.812760 0.552389
vt 0.821981 0.554604
vt 0.822072 0.554053
vt 0.812604 0.552927
vt 0.830454 0.555062
vt 0.837654 0.554751
vt 0.804236 0.546960
vt 0.796352 0.540804
vt 0.795606 0.542790
vt 0.804805 0.544792
vt 0.813579 0.547413
vt 0.813345 0.549785
vt 0.813766 0.543759
vt 0.787846 0.536841
vt 0.788727 0.535078
vt 0.757955 0.462347
vt 0.753332 0.443288
vt 0.749067 0.424477
vt 0.744551 0.404337
vt 0.739173 0.381292
vt 0.733448 0.357569
vt 0.727890 0.335395
vt 0.726908 0.335479
vt 0.721587 0.315072
vt 0.722564 0.314940
vt 0.717534 0.296375
vt 0.712893 0.279900
vt 0.716569 0.296574
vt 0.711943 0.280166
vt 0.715786 0.296773
vt 0.711167 0.280395
vt 0.707027 0.266275
vt 0.707798 0.266029
vt 0.704179 0.254162
vt 0.703413 0.254416
vt 0.700377 0.244817
vt 0.701132 0.244566
vt 0.698391 0.236109
vt 0.697644 0.236354
vt 0.694946 0.227906
vt 0.695690 0.227662
vt 0.693042 0.219224
vt 0.692292 0.219466
vt 0.691379 0.210519
vt 0.693922 0.218940
vt 0.690462 0.210797
vt 0.689695 0.211033
vt 0.687867 0.201899
vt 0.687084 0.202117
vt 0.689141 0.211205
vt 0.691742 0.219643
vt 0.686525 0.202276
vt 0.688861 0.211292
vt 0.686244 0.202356
vt 0.683545 0.192429
vt 0.683827 0.192363
vt 0.684387 0.192231
vt 0.681545 0.182412
vt 0.685175 0.192051
vt 0.682890 0.182199
vt 0.682104 0.182319
vt 0.680733 0.173327
vt 0.680176 0.173371
vt 0.681514 0.173288
vt 0.680374 0.164968
vt 0.682467 0.173278
vt 0.683936 0.173274
vt 0.685331 0.181850
vt 0.683851 0.182069
vt 0.686141 0.191841
vt 0.688821 0.201642
vt 0.690263 0.201173
vt 0.687611 0.191467
vt 0.689910 0.190798
vt 0.692506 0.200322
vt 0.687670 0.181466
vt 0.693904 0.189543
vt 0.698035 0.198740
vt 0.691590 0.181051
vt 0.686269 0.173251
vt 0.690266 0.173459
vt 0.685826 0.165698
vt 0.710054 0.199980
vt 0.692775 0.210017
vt 0.695281 0.218434
vt 0.679895 0.173392
vt 0.681085 0.182486
vt 0.679718 0.173405
vt 0.681263 0.182458
vt 0.679473 0.173423
vt 0.680840 0.182524
vt 0.679179 0.173449
vt 0.680543 0.182571
vt 0.680214 0.182622
vt 0.682824 0.192588
vt 0.683122 0.192526
vt 0.682489 0.192648
vt 0.685186 0.202616
vt 0.679096 0.182801
vt 0.681358 0.192833
vt 0.685523 0.202550
vt 0.688146 0.211504
vt 0.687811 0.211577
vt 0.688442 0.211422
vt 0.685822 0.202475
vt 0.686067 0.202406
vt 0.683368 0.192469
vt 0.688685 0.211347
vt 0.691291 0.219787
vt 0.691050 0.219865
vt 0.693709 0.228302
vt 0.693949 0.228225
vt 0.694123 0.228169
vt 0.691465 0.219732
vt 0.696822 0.236615
vt 0.697098 0.236527
vt 0.694398 0.228081
vt 0.696649 0.236669
vt 0.699138 0.245206
vt 0.696409 0.236745
vt 0.699378 0.245131
vt 0.699552 0.245076
vt 0.702411 0.254730
vt 0.702585 0.254675
vt 0.702863 0.254588
vt 0.699828 0.244989
vt 0.706198 0.266533
vt 0.706476 0.266447
vt 0.710616 0.280562
vt 0.710338 0.280646
vt 0.714953 0.297011
vt 0.715232 0.296931
vt 0.720241 0.315387
vt 0.720798 0.315239
vt 0.719961 0.315461
vt 0.714777 0.297061
vt 0.710163 0.280700
vt 0.714535 0.297130
vt 0.709921 0.280773
vt 0.705782 0.266663
vt 0.706023 0.266588
vt 0.702170 0.254806
vt 0.693417 0.228388
vt 0.690756 0.219950
vt 0.690425 0.220029
vt 0.740987 0.313248
vt 0.754622 0.334622
vt 0.757847 0.357457
vt 0.751465 0.313090
vt 0.767376 0.334957
vt 0.748386 0.293306
vt 0.763369 0.293180
vt 0.765221 0.313265
vt 0.736855 0.293747
vt 0.732231 0.276642
vt 0.769685 0.357780
vt 0.772000 0.381259
vt 0.761130 0.381154
vt 0.734884 0.192845
vt 0.736897 0.191652
vt 0.733036 0.192719
vt 0.736486 0.191075
vt 0.734502 0.192251
vt 0.733383 0.193325
vt 0.731746 0.193328
vt 0.731450 0.192711
vt 0.731373 0.192040
vt 0.732857 0.192054
vt 0.732763 0.191360
vt 0.731407 0.191343
vt 0.734222 0.191611
vt 0.733994 0.190948
vt 0.735785 0.189836
vt 0.736124 0.190464
vt 0.738823 0.187757
vt 0.739218 0.188365
vt 0.742555 0.185165
vt 0.742981 0.185755
vt 0.743420 0.186330
vt 0.739629 0.188956
vt 0.740069 0.189515
vt 0.740587 0.190132
vt 0.743886 0.186871
vt 0.744434 0.187474
vt 0.747830 0.184160
vt 0.748390 0.184761
vt 0.750733 0.181104
vt 0.751246 0.181581
vt 0.747351 0.183631
vt 0.746887 0.183078
vt 0.749722 0.180115
vt 0.746430 0.182515
vt 0.750226 0.180613
vt 0.752290 0.178639
vt 0.754010 0.176982
vt 0.752879 0.178995
vt 0.753349 0.176807
vt 0.752692 0.176614
vt 0.751705 0.178273
vt 0.753674 0.174766
vt 0.752992 0.174757
vt 0.752548 0.172218
vt 0.753230 0.172074
vt 0.751982 0.168290
vt 0.751299 0.168512
vt 0.749707 0.164257
vt 0.748901 0.159795
vt 0.748230 0.160071
vt 0.750386 0.164001
vt 0.751046 0.163713
vt 0.751668 0.163363
vt 0.752643 0.168025
vt 0.753263 0.167676
vt 0.749555 0.159492
vt 0.753894 0.171882
vt 0.754521 0.171595
vt 0.755010 0.174641
vt 0.754349 0.174739
vt 0.754679 0.177118
vt 0.753477 0.179332
vt 0.747032 0.156644
vt 0.747675 0.156331
vt 0.746857 0.154266
vt 0.746273 0.154663
vt 0.745542 0.153531
vt 0.744835 0.152079
vt 0.744429 0.152650
vt 0.746044 0.153037
vt 0.742474 0.151674
vt 0.739502 0.149603
vt 0.739219 0.150256
vt 0.742799 0.151049
vt 0.735402 0.148654
vt 0.731760 0.147130
vt 0.735652 0.147986
vt 0.735906 0.147326
vt 0.739823 0.148986
vt 0.709273 0.123791
vt 0.711905 0.118377
vt 0.703396 0.123987
vt 0.821907 0.539529
vt 0.821380 0.532010
vt 0.884804 0.105247
vt 0.886271 0.106777
vt 0.886243 0.105450
vt 0.884836 0.106595
vt 0.884857 0.107931
vt 0.886284 0.108074
vt 0.886898 0.108075
vt 0.886914 0.106820
vt 0.887429 0.106866
vt 0.887398 0.108036
vt 0.887815 0.107992
vt 0.887854 0.106941
vt 0.887448 0.105591
vt 0.886920 0.105505
vt 0.889286 0.107642
vt 0.889293 0.106928
vt 0.889204 0.105531
vt 0.889082 0.104104
vt 0.888724 0.103838
vt 0.888994 0.103297
vt 0.889014 0.102814
vt 0.889221 0.102354
vt 0.890003 0.101226
vt 0.891752 0.098741
vt 0.891424 0.098714
vt 0.889640 0.101216
vt 0.893961 0.094750
vt 0.891099 0.098681
vt 0.894256 0.094809
vt 0.894552 0.094867
vt 0.898209 0.089510
vt 0.898486 0.089573
vt 0.901796 0.085057
vt 0.902722 0.083515
vt 0.902456 0.083458
vt 0.897932 0.089447
vt 0.897654 0.089384
vt 0.902190 0.083403
vt 0.901860 0.083334
vt 0.897324 0.089308
vt 0.896887 0.089209
vt 0.901404 0.083239
vt 0.900859 0.083063
vt 0.896364 0.089029
vt 0.900265 0.082750
vt 0.895777 0.088715
vt 0.892415 0.094292
vt 0.890648 0.093293
vt 0.891838 0.093965
vt 0.894593 0.088034
vt 0.899091 0.082060
vt 0.892281 0.086751
vt 0.896808 0.080751
vt 0.893519 0.079021
vt 0.889041 0.085100
vt 0.885105 0.090508
vt 0.885448 0.095985
vt 0.888309 0.092060
vt 0.882252 0.094575
vt 0.880404 0.097342
vt 0.882675 0.099992
vt 0.879488 0.098853
vt 0.883602 0.098603
vt 0.885972 0.099622
vt 0.887810 0.097124
vt 0.887149 0.100241
vt 0.888998 0.097786
vt 0.885029 0.100882
vt 0.889557 0.098149
vt 0.890031 0.098395
vt 0.892914 0.094490
vt 0.890434 0.098549
vt 0.893333 0.094606
vt 0.893668 0.094687
vt 0.890780 0.098635
vt 0.758910 0.128467
vt 0.761587 0.124083
vt 0.753296 0.136647
vt 0.752694 0.141182
vt 0.750339 0.145774
vt 0.748017 0.146817
vt 0.749388 0.149034
vt 0.750854 0.148172
vt 0.748865 0.151080
vt 0.755158 0.151901
vt 0.754827 0.148174
vt 0.755101 0.149610
vt 0.755841 0.151688
vt 0.757107 0.155123
vt 0.754964 0.146663
vt 0.755499 0.144482
vt 0.779385 0.200970
vt 0.778440 0.199115
vt 0.776316 0.196126
vt 0.776978 0.195859
vt 0.777805 0.199419
vt 0.777187 0.199754
vt 0.775676 0.196431
vt 0.775082 0.196815
vt 0.776602 0.200154
vt 0.775956 0.200643
vt 0.775152 0.201250
vt 0.773618 0.197899
vt 0.774430 0.197298
vt 0.772726 0.198559
vt 0.771813 0.193880
vt 0.770897 0.194549
vt 0.774269 0.201912
vt 0.775261 0.203992
vt 0.769049 0.190502
vt 0.769982 0.195220
vt 0.777143 0.220407
vt 0.772407 0.222532
vt 0.771247 0.219223
vt 0.770393 0.223436
vt 0.771295 0.227188
vt 0.769030 0.227923
vt 0.766642 0.232969
vt 0.768942 0.232990
vt 0.776838 0.225381
vt 0.782955 0.217357
vt 0.737092 0.235702
vt 0.737387 0.235113
vt 0.737703 0.234517
vt 0.738030 0.233917
vt 0.744718 0.236001
vt 0.733054 0.231385
vt 0.730079 0.228094
vt 0.729391 0.223734
vt 0.730187 0.219083
vt 0.731664 0.214918
vt 0.733473 0.211006
vt 0.660478 0.023886
vt 0.663626 0.020478
vt 0.660743 0.020235
vt 0.663365 0.024075
vt 0.663175 0.027468
vt 0.660287 0.027308
vt 0.660126 0.030775
vt 0.663015 0.030921
vt 0.662845 0.034700
vt 0.659955 0.034564
vt 0.659795 0.038492
vt 0.662685 0.038614
vt 0.662557 0.042470
vt 0.659666 0.042380
vt 0.659617 0.047134
vt 0.662509 0.047171
vt 0.662588 0.053618
vt 0.659695 0.053667
vt 0.659862 0.059899
vt 0.662752 0.059749
vt 0.662959 0.063504
vt 0.660076 0.063754
vt 0.660369 0.066621
vt 0.663242 0.066288
vt 0.663640 0.069508
vt 0.660772 0.069890
vt 0.661227 0.073291
vt 0.664091 0.072884
vt 0.664539 0.076140
vt 0.661676 0.076556
vt 0.662145 0.079704
vt 0.665005 0.079270
vt 0.665514 0.082269
vt 0.662660 0.082752
vt 0.663775 0.084864
vt 0.666043 0.085204
vt 0.668047 0.084076
vt 0.668367 0.081787
vt 0.667865 0.078836
vt 0.667401 0.075724
vt 0.666955 0.072478
vt 0.666507 0.069125
vt 0.666116 0.065954
vt 0.665841 0.063253
vt 0.665643 0.059600
vt 0.665482 0.053570
vt 0.665402 0.047208
vt 0.665449 0.042561
vt 0.665575 0.038735
vt 0.665734 0.034836
vt 0.665904 0.031067
vt 0.666063 0.027628
vt 0.666252 0.024264
vt 0.666509 0.020721
vt 0.666989 0.016244
vt 0.664984 0.009644
vt 0.667845 0.010078
vt 0.664114 0.015919
vt 0.661238 0.015595
vt 0.662123 0.009210
vt 0.663643 0.003907
vt 0.666046 0.002510
vt 0.667917 0.004681
vt 0.915141 0.003023
vt 0.920044 0.001971
vt 0.919792 0.006231
vt 0.913338 0.006213
vt 0.913038 0.010807
vt 0.919493 0.010825
vt 0.919098 0.016087
vt 0.912643 0.016068
vt 0.912192 0.021692
vt 0.918647 0.021710
vt 0.918181 0.027389
vt 0.911726 0.027371
vt 0.911312 0.033707
vt 0.917767 0.033726
vt 0.917472 0.041320
vt 0.911018 0.041302
vt 0.910797 0.048881
vt 0.917252 0.048899
vt 0.917060 0.055189
vt 0.910605 0.055170
vt 0.910569 0.060785
vt 0.917024 0.060804
vt 0.917270 0.066360
vt 0.910815 0.066342
vt 0.911193 0.071591
vt 0.917648 0.071609
vt 0.918008 0.076304
vt 0.911555 0.076285
vt 0.911901 0.080651
vt 0.918353 0.080670
vt 0.918685 0.084935
vt 0.912232 0.084917
vt 0.912511 0.088543
vt 0.918966 0.088561
vt 0.919158 0.091011
vt 0.912703 0.090992
vt 0.912827 0.092817
vt 0.919282 0.092836
vt 0.919359 0.094588
vt 0.912905 0.094570
vt 0.912972 0.097022
vt 0.919425 0.097040
vt 0.919516 0.100964
vt 0.913066 0.100945
vt 0.913171 0.105633
vt 0.919618 0.105651
vt 0.919719 0.110393
vt 0.913269 0.110374
vt 0.913344 0.114524
vt 0.919797 0.114542
vt 0.919834 0.117452
vt 0.913380 0.117434
vt 0.913404 0.119724
vt 0.913446 0.122015
vt 0.919859 0.119743
vt 0.919901 0.122033
vt 0.919948 0.124936
vt 0.926401 0.124955
vt 0.926356 0.122052
vt 0.926314 0.119761
vt 0.913495 0.124918
vt 0.919986 0.129064
vt 0.913538 0.129046
vt 0.913561 0.133756
vt 0.920005 0.133775
vt 0.919993 0.138426
vt 0.913545 0.138408
vt 0.913529 0.142291
vt 0.919982 0.142309
vt 0.920004 0.144716
vt 0.913550 0.144697
vt 0.913565 0.146388
vt 0.920020 0.146406
vt 0.919987 0.148142
vt 0.913532 0.148124
vt 0.913449 0.150522
vt 0.919903 0.150541
vt 0.919765 0.154220
vt 0.913311 0.154201
vt 0.914800 0.157445
vt 0.919599 0.158539
vt 0.924481 0.157473
vt 0.926219 0.154238
vt 0.926358 0.150559
vt 0.926442 0.148160
vt 0.926474 0.146424
vt 0.926459 0.144734
vt 0.926435 0.142328
vt 0.926441 0.138444
vt 0.926450 0.133793
vt 0.926434 0.129082
vt 0.926289 0.117471
vt 0.926251 0.114560
vt 0.926168 0.110411
vt 0.926065 0.105669
vt 0.925965 0.100982
vt 0.925879 0.097058
vt 0.925814 0.094606
vt 0.925737 0.092854
vt 0.925613 0.091029
vt 0.925420 0.088579
vt 0.925139 0.084953
vt 0.924806 0.080688
vt 0.924462 0.076322
vt 0.924102 0.071628
vt 0.923725 0.066378
vt 0.923479 0.060822
vt 0.923515 0.055207
vt 0.923706 0.048918
vt 0.923927 0.041339
vt 0.924222 0.033744
vt 0.924636 0.027408
vt 0.925102 0.021728
vt 0.925552 0.016105
vt 0.925947 0.010844
vt 0.926247 0.006250
vt 0.924822 0.003050
vt 0.356177 0.111811
vt 0.349722 0.111732
vt 0.349202 0.105435
vt 0.355656 0.105515
vt 0.349885 0.119314
vt 0.356339 0.119394
vt 0.356170 0.126988
vt 0.349715 0.126909
vt 0.349241 0.133241
vt 0.355695 0.133320
vt 0.354681 0.138988
vt 0.348227 0.138909
vt 0.346439 0.144512
vt 0.352893 0.144592
vt 0.351091 0.149832
vt 0.344637 0.149753
vt 0.343583 0.154335
vt 0.350033 0.154414
vt 0.347907 0.157584
vt 0.342901 0.158588
vt 0.338236 0.157465
vt 0.337132 0.154256
vt 0.338184 0.149674
vt 0.339985 0.144433
vt 0.341773 0.138830
vt 0.342787 0.133162
vt 0.343261 0.126829
vt 0.343430 0.119235
vt 0.343268 0.111653
vt 0.342747 0.105356
vt 0.341973 0.099731
vt 0.348427 0.099810
vt 0.347504 0.094243
vt 0.341050 0.094164
vt 0.340139 0.088934
vt 0.346593 0.089014
vt 0.345856 0.084401
vt 0.339404 0.084322
vt 0.338839 0.080010
vt 0.345289 0.080089
vt 0.344889 0.075759
vt 0.338438 0.075680
vt 0.338166 0.071961
vt 0.344620 0.072040
vt 0.344444 0.069558
vt 0.337990 0.069479
vt 0.337867 0.067653
vt 0.344322 0.067732
vt 0.344213 0.065979
vt 0.337759 0.065900
vt 0.337624 0.063442
vt 0.344077 0.063522
vt 0.343870 0.059585
vt 0.337419 0.059506
vt 0.337174 0.054809
vt 0.343623 0.054888
vt 0.343368 0.050150
vt 0.336917 0.050071
vt 0.336698 0.045929
vt 0.343151 0.046008
vt 0.343020 0.043099
vt 0.336566 0.043020
vt 0.336496 0.040729
vt 0.342951 0.040808
vt 0.342920 0.038517
vt 0.336466 0.038438
vt 0.336488 0.035480
vt 0.336578 0.031187
vt 0.342942 0.035559
vt 0.343032 0.031266
vt 0.349624 0.026409
vt 0.343170 0.026330
vt 0.349397 0.035638
vt 0.336716 0.026251
vt 0.349486 0.031345
vt 0.343338 0.021444
vt 0.336884 0.021365
vt 0.337036 0.017418
vt 0.337127 0.015300
vt 0.343490 0.017497
vt 0.343581 0.015379
vt 0.350123 0.014116
vt 0.343669 0.014037
vt 0.349944 0.017576
vt 0.337215 0.013958
vt 0.350035 0.015458
vt 0.343812 0.012419
vt 0.337358 0.012339
vt 0.337592 0.009943
vt 0.337952 0.006268
vt 0.344045 0.010022
vt 0.344402 0.006347
vt 0.350499 0.010101
vt 0.350852 0.006426
vt 0.349551 0.003170
vt 0.344820 0.002032
vt 0.339880 0.003052
vt 0.350267 0.012498
vt 0.349792 0.021523
vt 0.349374 0.038596
vt 0.349405 0.040887
vt 0.349474 0.043179
vt 0.349605 0.046087
vt 0.349819 0.050229
vt 0.350072 0.054967
vt 0.350321 0.059664
vt 0.350530 0.063601
vt 0.350668 0.066058
vt 0.350776 0.067811
vt 0.350898 0.069637
vt 0.351073 0.072119
vt 0.351340 0.075839
vt 0.351738 0.080168
vt 0.352307 0.084481
vt 0.353046 0.089093
vt 0.353958 0.094322
vt 0.354881 0.099890
vt 0.395048 0.003055
vt 0.400053 0.002115
vt 0.399377 0.006360
vt 0.392927 0.006198
vt 0.392164 0.010775
vt 0.397685 0.016178
vt 0.398616 0.010937
vt 0.391232 0.016016
vt 0.390402 0.021621
vt 0.396855 0.021784
vt 0.396396 0.027454
vt 0.389943 0.027292
vt 0.389800 0.033628
vt 0.396252 0.033790
vt 0.396367 0.041391
vt 0.389914 0.041229
vt 0.390195 0.048818
vt 0.396648 0.048980
vt 0.397004 0.055281
vt 0.390551 0.055119
vt 0.391035 0.060748
vt 0.397488 0.060910
vt 0.398154 0.066484
vt 0.391702 0.066322
vt 0.392365 0.071589
vt 0.398817 0.071751
vt 0.399288 0.076457
vt 0.392837 0.076295
vt 0.393172 0.080670
vt 0.399622 0.080832
vt 0.399872 0.085104
vt 0.393421 0.084942
vt 0.393595 0.088573
vt 0.400048 0.088735
vt 0.400160 0.091188
vt 0.393707 0.091026
vt 0.393755 0.092776
vt 0.393737 0.094301
vt 0.400207 0.092938
vt 0.400190 0.094463
vt 0.393713 0.096565
vt 0.400166 0.096727
vt 0.406618 0.096889
vt 0.406660 0.093100
vt 0.406642 0.094625
vt 0.406612 0.091350
vt 0.406500 0.088897
vt 0.406323 0.085266
vt 0.406072 0.080995
vt 0.405739 0.076619
vt 0.405269 0.071913
vt 0.404607 0.066646
vt 0.403941 0.061072
vt 0.403456 0.055443
vt 0.403101 0.049143
vt 0.402820 0.041553
vt 0.402705 0.033953
vt 0.402849 0.027617
vt 0.403307 0.021946
vt 0.404138 0.016340
vt 0.405068 0.011099
vt 0.405828 0.006522
vt 0.404721 0.003298
vt 0.400195 0.100696
vt 0.406648 0.100858
vt 0.406689 0.105703
vt 0.406700 0.110594
vt 0.400237 0.105541
vt 0.400248 0.110432
vt 0.393775 0.114527
vt 0.400228 0.114689
vt 0.393784 0.105379
vt 0.406681 0.114851
vt 0.393795 0.110269
vt 0.400176 0.117635
vt 0.406629 0.117797
vt 0.406540 0.120086
vt 0.406409 0.122373
vt 0.400087 0.119923
vt 0.399956 0.122211
vt 0.393281 0.124941
vt 0.399733 0.125103
vt 0.393635 0.119761
vt 0.406185 0.125266
vt 0.393503 0.122049
vt 0.399370 0.129205
vt 0.405820 0.129367
vt 0.405373 0.134056
vt 0.404903 0.138709
vt 0.398924 0.133894
vt 0.398454 0.138547
vt 0.391597 0.142277
vt 0.398049 0.142439
vt 0.392476 0.133732
vt 0.404501 0.142602
vt 0.392004 0.138385
vt 0.397802 0.144846
vt 0.404254 0.145008
vt 0.404072 0.146695
vt 0.403863 0.148426
vt 0.397620 0.146533
vt 0.397411 0.148264
vt 0.391167 0.146370
vt 0.390658 0.150494
vt 0.403562 0.150818
vt 0.397110 0.150656
vt 0.390958 0.148102
vt 0.396653 0.154325
vt 0.390203 0.154163
vt 0.391416 0.157434
vt 0.396118 0.158632
vt 0.401089 0.157677
vt 0.403104 0.154487
vt 0.391349 0.144684
vt 0.392920 0.129043
vt 0.393724 0.117472
vt 0.393743 0.100534
vt 0.946979 0.054874
vt 0.940536 0.054888
vt 0.940590 0.050136
vt 0.947036 0.050122
vt 0.940447 0.059565
vt 0.946894 0.059550
vt 0.946797 0.063458
vt 0.940345 0.063472
vt 0.940251 0.065919
vt 0.946705 0.065905
vt 0.946636 0.067657
vt 0.940181 0.067671
vt 0.940151 0.069496
vt 0.946606 0.069482
vt 0.946575 0.071996
vt 0.940120 0.072010
vt 0.940045 0.075831
vt 0.946499 0.075817
vt 0.946408 0.080211
vt 0.939954 0.080226
vt 0.939875 0.084461
vt 0.946329 0.084447
vt 0.946261 0.088945
vt 0.939806 0.088959
vt 0.939746 0.094142
vt 0.946201 0.094128
vt 0.946190 0.099684
vt 0.939736 0.099698
vt 0.939816 0.105313
vt 0.946271 0.105299
vt 0.946429 0.111588
vt 0.939975 0.111602
vt 0.940197 0.119181
vt 0.946652 0.119167
vt 0.946893 0.126762
vt 0.940438 0.126776
vt 0.940652 0.133114
vt 0.947107 0.133100
vt 0.947293 0.138780
vt 0.940838 0.138794
vt 0.940996 0.144418
vt 0.947450 0.144404
vt 0.947576 0.149666
vt 0.947665 0.154261
vt 0.941121 0.149680
vt 0.941211 0.154275
vt 0.946105 0.157460
vt 0.941282 0.158535
vt 0.934667 0.149695
vt 0.934756 0.154289
vt 0.936423 0.157481
vt 0.934541 0.144432
vt 0.934383 0.138808
vt 0.934197 0.133128
vt 0.933983 0.126791
vt 0.933743 0.119196
vt 0.933520 0.111616
vt 0.933362 0.105327
vt 0.933281 0.099712
vt 0.933292 0.094156
vt 0.933352 0.088973
vt 0.933420 0.084475
vt 0.933499 0.080240
vt 0.933590 0.075845
vt 0.933666 0.072024
vt 0.933697 0.069510
vt 0.933726 0.067685
vt 0.933796 0.065933
vt 0.933892 0.063487
vt 0.934001 0.059579
vt 0.934094 0.054902
vt 0.934143 0.050150
vt 0.934182 0.045985
vt 0.934244 0.043069
vt 0.940699 0.043055
vt 0.940635 0.045970
vt 0.947087 0.045956
vt 0.947154 0.043041
vt 0.947223 0.040750
vt 0.940768 0.040764
vt 0.940827 0.038474
vt 0.947282 0.038460
vt 0.947372 0.035550
vt 0.940919 0.035564
vt 0.941087 0.031416
vt 0.947536 0.031402
vt 0.947683 0.026678
vt 0.941237 0.026692
vt 0.941273 0.022054
vt 0.947722 0.022040
vt 0.947701 0.018176
vt 0.941248 0.018190
vt 0.941216 0.015791
vt 0.947670 0.015777
vt 0.947635 0.014086
vt 0.941181 0.014101
vt 0.941148 0.012365
vt 0.947603 0.012351
vt 0.947557 0.009952
vt 0.941103 0.009966
vt 0.941028 0.006287
vt 0.947483 0.006273
vt 0.945802 0.003036
vt 0.940939 0.001967
vt 0.936120 0.003058
vt 0.934573 0.006301
vt 0.934648 0.009980
vt 0.934694 0.012379
vt 0.934726 0.014115
vt 0.934761 0.015805
vt 0.934795 0.018205
vt 0.934825 0.022068
vt 0.934792 0.026706
vt 0.934639 0.031431
vt 0.934466 0.035578
vt 0.934372 0.038488
vt 0.934314 0.040778
vt 0.519302 0.743047
vt 0.512249 0.761000
vt 0.512322 0.743027
vt 0.522108 0.743055
vt 0.522032 0.761077
vt 0.519227 0.761054
vt 0.512351 0.725054
vt 0.522134 0.725033
vt 0.519329 0.725039
vt 0.519302 0.707548
vt 0.522105 0.707533
vt 0.522020 0.691077
vt 0.512244 0.691126
vt 0.512327 0.707586
vt 0.519216 0.691092
vt 0.519073 0.676507
vt 0.521875 0.676496
vt 0.511921 0.664631
vt 0.521668 0.664623
vt 0.512107 0.676525
vt 0.518873 0.664630
vt 0.518139 0.654816
vt 0.511430 0.654727
vt 0.510380 0.646091
vt 0.516395 0.646421
vt 0.520850 0.654846
vt 0.518870 0.646555
vt 0.516597 0.639988
vt 0.513723 0.639778
vt 0.521602 0.654845
vt 0.515896 0.640008
vt 0.519616 0.646588
vt 0.520441 0.646616
vt 0.523302 0.654805
vt 0.522433 0.654840
vt 0.517373 0.639955
vt 0.518176 0.639841
vt 0.521297 0.646583
vt 0.522140 0.646432
vt 0.522878 0.646234
vt 0.518960 0.639579
vt 0.524929 0.654596
vt 0.519643 0.639267
vt 0.524166 0.654711
vt 0.525013 0.664519
vt 0.525789 0.664459
vt 0.524138 0.664571
vt 0.526014 0.676408
vt 0.524355 0.676461
vt 0.525234 0.676435
vt 0.525381 0.691037
vt 0.524584 0.707513
vt 0.525464 0.707506
vt 0.524501 0.691050
vt 0.526163 0.691024
vt 0.526245 0.707499
vt 0.525491 0.725023
vt 0.526830 0.707493
vt 0.526858 0.725019
vt 0.526273 0.725021
vt 0.526748 0.691014
vt 0.527285 0.707489
vt 0.526598 0.676385
vt 0.527203 0.691006
vt 0.527052 0.676366
vt 0.527442 0.676350
vt 0.527593 0.690999
vt 0.526369 0.664408
vt 0.526820 0.664364
vt 0.527207 0.664327
vt 0.527800 0.676335
vt 0.525938 0.654409
vt 0.526317 0.654335
vt 0.527562 0.664293
vt 0.526664 0.654267
vt 0.524529 0.645659
vt 0.524200 0.645778
vt 0.523841 0.645908
vt 0.520852 0.638581
vt 0.520525 0.638775
vt 0.521153 0.638403
vt 0.516271 0.632665
vt 0.516529 0.632432
vt 0.510844 0.627663
vt 0.504127 0.624329
vt 0.510635 0.627944
vt 0.504285 0.624014
vt 0.496654 0.621178
vt 0.487659 0.619196
vt 0.496537 0.621514
vt 0.487751 0.618850
vt 0.478385 0.616847
vt 0.469284 0.615336
vt 0.478304 0.617196
vt 0.469359 0.614986
vt 0.460483 0.613170
vt 0.451493 0.611656
vt 0.460410 0.613521
vt 0.451562 0.611304
vt 0.442793 0.609506
vt 0.434307 0.608244
vt 0.442727 0.609858
vt 0.434370 0.607892
vt 0.426319 0.606395
vt 0.418605 0.605300
vt 0.426257 0.606747
vt 0.418664 0.604947
vt 0.411460 0.603636
vt 0.404726 0.602901
vt 0.411408 0.603988
vt 0.404761 0.602548
vt 0.398725 0.601857
vt 0.393528 0.602083
vt 0.398714 0.602208
vt 0.393509 0.601736
vt 0.388881 0.601972
vt 0.384677 0.602696
vt 0.388930 0.602316
vt 0.384608 0.602352
vt 0.380418 0.603004
vt 0.376147 0.604386
vt 0.380505 0.603345
vt 0.376037 0.604052
vt 0.371671 0.605624
vt 0.367721 0.608130
vt 0.371815 0.605940
vt 0.367527 0.607845
vt 0.363663 0.611206
vt 0.360427 0.616387
vt 0.363910 0.611448
vt 0.360138 0.616194
vt 0.357382 0.622072
vt 0.356168 0.628192
vt 0.357703 0.622213
vt 0.355826 0.628099
vt 0.354963 0.634602
vt 0.354641 0.641940
vt 0.355316 0.634657
vt 0.354284 0.641904
vt 0.353711 0.650783
vt 0.353521 0.662033
vt 0.354069 0.650809
vt 0.353163 0.662014
vt 0.352674 0.675348
vt 0.352635 0.690545
vt 0.353032 0.675362
vt 0.352277 0.690535
vt 0.351980 0.707108
vt 0.352151 0.724613
vt 0.352339 0.707117
vt 0.351792 0.724598
vt 0.351700 0.742553
vt 0.351691 0.760521
vt 0.352050 0.760531
vt 0.352059 0.742571
vt 0.352454 0.742585
vt 0.352920 0.742590
vt 0.352546 0.724625
vt 0.353012 0.724632
vt 0.352444 0.760538
vt 0.352910 0.760538
vt 0.352533 0.778027
vt 0.352999 0.778022
vt 0.353581 0.778015
vt 0.353492 0.760536
vt 0.353501 0.742592
vt 0.354242 0.742594
vt 0.353594 0.724638
vt 0.354336 0.724645
vt 0.354234 0.760533
vt 0.355096 0.777998
vt 0.354324 0.778007
vt 0.355013 0.742594
vt 0.355006 0.760529
vt 0.355677 0.760523
vt 0.355683 0.742590
vt 0.355769 0.777990
vt 0.356513 0.777981
vt 0.356420 0.760516
vt 0.356425 0.742587
vt 0.356522 0.724657
vt 0.355778 0.724653
vt 0.357408 0.760511
vt 0.357412 0.742588
vt 0.357509 0.724665
vt 0.357701 0.707207
vt 0.358891 0.707226
vt 0.358706 0.724676
vt 0.358611 0.742591
vt 0.356713 0.707191
vt 0.357990 0.690677
vt 0.355969 0.707179
vt 0.357002 0.690654
vt 0.356259 0.690637
vt 0.355296 0.707170
vt 0.357390 0.675519
vt 0.356649 0.675494
vt 0.355981 0.675472
vt 0.355589 0.690621
vt 0.354818 0.690602
vt 0.354524 0.707157
vt 0.355212 0.675445
vt 0.354077 0.690583
vt 0.354473 0.675417
vt 0.353782 0.707144
vt 0.353199 0.707134
vt 0.353496 0.690568
vt 0.353892 0.675395
vt 0.353426 0.675377
vt 0.353029 0.690555
vt 0.352733 0.707126
vt 0.353915 0.662054
vt 0.354381 0.662079
vt 0.354962 0.662110
vt 0.355510 0.650910
vt 0.354928 0.650872
vt 0.354462 0.650838
vt 0.355500 0.642027
vt 0.355034 0.641980
vt 0.355704 0.634719
vt 0.356164 0.634792
vt 0.356988 0.628416
vt 0.356544 0.628295
vt 0.358056 0.622368
vt 0.358473 0.622550
vt 0.361118 0.616848
vt 0.360745 0.616598
vt 0.364180 0.611714
vt 0.364498 0.612029
vt 0.368185 0.608815
vt 0.367934 0.608443
vt 0.371974 0.606289
vt 0.372162 0.606704
vt 0.376412 0.605197
vt 0.376268 0.604756
vt 0.380600 0.603725
vt 0.380713 0.604180
vt 0.384753 0.603078
vt 0.384842 0.603539
vt 0.384939 0.604123
vt 0.389119 0.603745
vt 0.389048 0.603161
vt 0.388983 0.602699
vt 0.380834 0.604760
vt 0.376571 0.605765
vt 0.376736 0.606514
vt 0.380956 0.605512
vt 0.385035 0.604873
vt 0.389246 0.605321
vt 0.385097 0.605710
vt 0.381034 0.606356
vt 0.389194 0.604491
vt 0.393651 0.604259
vt 0.398679 0.604389
vt 0.398690 0.605219
vt 0.393611 0.603516
vt 0.393686 0.605085
vt 0.398682 0.603644
vt 0.393578 0.602933
vt 0.404555 0.605094
vt 0.398690 0.603061
vt 0.404644 0.603753
vt 0.404598 0.604338
vt 0.411213 0.605427
vt 0.411285 0.604839
vt 0.418464 0.606150
vt 0.418378 0.606739
vt 0.418287 0.607510
vt 0.411137 0.606194
vt 0.411086 0.607055
vt 0.404551 0.606791
vt 0.411088 0.607920
vt 0.404533 0.605939
vt 0.418214 0.609242
vt 0.418222 0.608374
vt 0.425851 0.609818
vt 0.425837 0.610685
vt 0.433867 0.612177
vt 0.433885 0.611311
vt 0.433960 0.610449
vt 0.425923 0.608956
vt 0.426019 0.608186
vt 0.434061 0.609680
vt 0.426109 0.607598
vt 0.434154 0.609093
vt 0.426189 0.607136
vt 0.442473 0.611290
vt 0.442569 0.610705
vt 0.442655 0.610246
vt 0.434237 0.608633
vt 0.451328 0.612501
vt 0.451418 0.612043
vt 0.460331 0.613908
vt 0.460237 0.614365
vt 0.469105 0.616179
vt 0.469202 0.615722
vt 0.478215 0.617580
vt 0.478111 0.618035
vt 0.487557 0.619577
vt 0.487436 0.620027
vt 0.487298 0.620600
vt 0.496078 0.622878
vt 0.496257 0.622321
vt 0.496409 0.621884
vt 0.477991 0.618614
vt 0.468993 0.616760
vt 0.468870 0.617522
vt 0.477857 0.619372
vt 0.487143 0.621351
vt 0.477748 0.620223
vt 0.495871 0.623608
vt 0.487017 0.622195
vt 0.495684 0.624429
vt 0.502570 0.627841
vt 0.502853 0.627062
vt 0.495568 0.625260
vt 0.486964 0.623047
vt 0.503179 0.626291
vt 0.503495 0.625605
vt 0.509796 0.629078
vt 0.508848 0.630341
vt 0.509347 0.629679
vt 0.514651 0.634052
vt 0.515230 0.633590
vt 0.513991 0.634514
vt 0.513318 0.634883
vt 0.507907 0.631590
vt 0.512673 0.635191
vt 0.508358 0.630984
vt 0.512092 0.635467
vt 0.507529 0.632140
vt 0.510208 0.635223
vt 0.507039 0.632633
vt 0.505650 0.633973
vt 0.502279 0.629241
vt 0.503107 0.630732
vt 0.496483 0.628431
vt 0.487114 0.624577
vt 0.487582 0.626426
vt 0.488651 0.630625
vt 0.495691 0.626731
vt 0.498453 0.632259
vt 0.500474 0.638020
vt 0.490097 0.644663
vt 0.501418 0.645520
vt 0.489697 0.636822
vt 0.508533 0.639061
vt 0.478401 0.635623
vt 0.468783 0.634582
vt 0.468754 0.627690
vt 0.478124 0.629094
vt 0.468823 0.642958
vt 0.478529 0.643736
vt 0.478598 0.653244
vt 0.468956 0.663683
vt 0.478696 0.663955
vt 0.468879 0.652698
vt 0.490322 0.664280
vt 0.490192 0.653899
vt 0.501767 0.654460
vt 0.502005 0.664543
vt 0.502170 0.676526
vt 0.490457 0.676488
vt 0.490568 0.691207
vt 0.502297 0.691168
vt 0.502376 0.707629
vt 0.490660 0.725074
vt 0.502396 0.725069
vt 0.490640 0.707661
vt 0.478959 0.707682
vt 0.469115 0.691257
vt 0.469167 0.707692
vt 0.469181 0.725064
vt 0.478977 0.725071
vt 0.478895 0.691239
vt 0.478802 0.676432
vt 0.469040 0.676380
vt 0.460209 0.676337
vt 0.451349 0.676307
vt 0.451392 0.691277
vt 0.460267 0.691268
vt 0.451301 0.663301
vt 0.460144 0.663464
vt 0.460082 0.652245
vt 0.451251 0.651873
vt 0.451203 0.641640
vt 0.460030 0.642276
vt 0.459986 0.633618
vt 0.451152 0.632647
vt 0.451092 0.624942
vt 0.459943 0.626333
vt 0.459910 0.621204
vt 0.451041 0.619465
vt 0.459895 0.619015
vt 0.468730 0.620820
vt 0.468737 0.622898
vt 0.451019 0.617160
vt 0.442288 0.615372
vt 0.459891 0.618259
vt 0.442319 0.617790
vt 0.451011 0.616404
vt 0.442278 0.614615
vt 0.433879 0.613008
vt 0.442268 0.613785
vt 0.451005 0.615574
vt 0.433892 0.613765
vt 0.425852 0.611517
vt 0.425913 0.614890
vt 0.433929 0.616285
vt 0.425869 0.612275
vt 0.418257 0.610834
vt 0.418235 0.610075
vt 0.418310 0.613545
vt 0.411117 0.608751
vt 0.411146 0.609509
vt 0.411210 0.612304
vt 0.404860 0.618376
vt 0.411348 0.619244
vt 0.404624 0.608363
vt 0.404701 0.611225
vt 0.418427 0.620232
vt 0.411487 0.628868
vt 0.426117 0.630211
vt 0.418549 0.629516
vt 0.426011 0.621298
vt 0.434012 0.622406
vt 0.442464 0.631732
vt 0.434103 0.630935
vt 0.442387 0.623604
vt 0.434165 0.640681
vt 0.442566 0.651611
vt 0.426181 0.640342
vt 0.434205 0.651487
vt 0.442521 0.641093
vt 0.426216 0.651434
vt 0.418659 0.663260
vt 0.426235 0.663230
vt 0.418647 0.651383
vt 0.434233 0.663198
vt 0.418616 0.640018
vt 0.411585 0.651334
vt 0.411558 0.639714
vt 0.405094 0.639436
vt 0.399186 0.639220
vt 0.405118 0.651284
vt 0.399141 0.627860
vt 0.405018 0.628289
vt 0.399179 0.651238
vt 0.393629 0.663283
vt 0.399159 0.663300
vt 0.393702 0.651201
vt 0.405119 0.663299
vt 0.393797 0.639099
vt 0.388999 0.627670
vt 0.393857 0.627663
vt 0.388578 0.651167
vt 0.388793 0.639070
vt 0.384042 0.639128
vt 0.379468 0.639267
vt 0.379961 0.628214
vt 0.383696 0.651132
vt 0.379011 0.651091
vt 0.384401 0.627853
vt 0.384706 0.617990
vt 0.380421 0.618526
vt 0.380768 0.611592
vt 0.389129 0.617683
vt 0.389199 0.610547
vt 0.384921 0.610944
vt 0.385014 0.608120
vt 0.389225 0.607697
vt 0.385049 0.607372
vt 0.380972 0.608043
vt 0.380919 0.608800
vt 0.389234 0.606959
vt 0.385090 0.606556
vt 0.393719 0.606718
vt 0.393705 0.605916
vt 0.389250 0.606155
vt 0.393737 0.607456
vt 0.398861 0.610504
vt 0.398789 0.607608
vt 0.393770 0.610339
vt 0.398754 0.606865
vt 0.398717 0.606056
vt 0.404588 0.607611
vt 0.393829 0.617575
vt 0.399006 0.617771
vt 0.381024 0.607214
vt 0.376856 0.608223
vt 0.376807 0.609056
vt 0.372769 0.610503
vt 0.376850 0.607360
vt 0.372805 0.609670
vt 0.372776 0.608811
vt 0.369090 0.611642
vt 0.368797 0.609994
vt 0.372606 0.607976
vt 0.369041 0.610796
vt 0.365673 0.613767
vt 0.365827 0.614534
vt 0.362141 0.617638
vt 0.365308 0.613054
vt 0.362699 0.618175
vt 0.363131 0.618744
vt 0.361106 0.623673
vt 0.360407 0.623384
vt 0.365922 0.615297
vt 0.363519 0.619302
vt 0.361787 0.623924
vt 0.361529 0.628405
vt 0.362471 0.624125
vt 0.363944 0.619809
vt 0.359853 0.628723
vt 0.360648 0.628599
vt 0.359842 0.634204
vt 0.360126 0.641335
vt 0.360841 0.633770
vt 0.359112 0.641616
vt 0.358333 0.641858
vt 0.359040 0.634562
vt 0.358304 0.634800
vt 0.358285 0.628679
vt 0.356837 0.642079
vt 0.357629 0.642024
vt 0.359086 0.628756
vt 0.357499 0.634877
vt 0.356746 0.634853
vt 0.356085 0.642066
vt 0.357552 0.628547
vt 0.358997 0.622779
vt 0.361574 0.617180
vt 0.359673 0.623071
vt 0.364871 0.612455
vt 0.368473 0.609310
vt 0.372375 0.607246
vt 0.357028 0.650971
vt 0.357139 0.662221
vt 0.357707 0.650961
vt 0.355701 0.662149
vt 0.356253 0.650949
vt 0.356470 0.662188
vt 0.358457 0.650934
vt 0.359446 0.650911
vt 0.358862 0.662307
vt 0.357879 0.662257
vt 0.360015 0.662365
vt 0.359544 0.675593
vt 0.360590 0.650892
vt 0.358376 0.675552
vt 0.361273 0.641044
vt 0.361267 0.662427
vt 0.361805 0.650882
vt 0.362449 0.640773
vt 0.363613 0.650889
vt 0.364209 0.640480
vt 0.364879 0.631379
vt 0.363127 0.632345
vt 0.361962 0.633177
vt 0.363767 0.625837
vt 0.362552 0.627649
vt 0.363037 0.624364
vt 0.364122 0.621557
vt 0.366097 0.618255
vt 0.368997 0.615759
vt 0.366109 0.616000
vt 0.365598 0.623676
vt 0.369121 0.613236
vt 0.368469 0.621872
vt 0.371440 0.629479
vt 0.367763 0.630389
vt 0.372081 0.620422
vt 0.372573 0.613910
vt 0.372747 0.611260
vt 0.376140 0.619322
vt 0.376575 0.612551
vt 0.376755 0.609814
vt 0.375573 0.628755
vt 0.374997 0.639478
vt 0.370815 0.639763
vt 0.374475 0.651034
vt 0.370259 0.650974
vt 0.374067 0.662965
vt 0.366535 0.650923
vt 0.366072 0.662656
vt 0.367108 0.640120
vt 0.369823 0.662815
vt 0.369492 0.675924
vt 0.373533 0.691021
vt 0.373758 0.676038
vt 0.369253 0.690939
vt 0.365712 0.675804
vt 0.365447 0.690855
vt 0.362424 0.690783
vt 0.362210 0.707279
vt 0.365262 0.707325
vt 0.369086 0.707380
vt 0.362723 0.675701
vt 0.360830 0.675637
vt 0.363119 0.662516
vt 0.360490 0.690737
vt 0.359170 0.690706
vt 0.360240 0.707248
vt 0.360076 0.724689
vt 0.361994 0.742601
vt 0.359990 0.742595
vt 0.362071 0.724707
vt 0.365140 0.724733
vt 0.368975 0.724764
vt 0.365070 0.742609
vt 0.368908 0.742620
vt 0.373167 0.760469
vt 0.373201 0.742632
vt 0.368874 0.760476
vt 0.373268 0.724796
vt 0.365039 0.760486
vt 0.368887 0.777861
vt 0.361969 0.760495
vt 0.365062 0.777894
vt 0.362010 0.777923
vt 0.360040 0.777943
vt 0.359975 0.760501
vt 0.360196 0.794455
vt 0.365154 0.794365
vt 0.362131 0.794420
vt 0.362344 0.809503
vt 0.360813 0.822768
vt 0.362665 0.822690
vt 0.360451 0.809557
vt 0.365334 0.809417
vt 0.365619 0.822567
vt 0.369371 0.822429
vt 0.366015 0.834302
vt 0.369740 0.834272
vt 0.363093 0.834320
vt 0.369114 0.809319
vt 0.373241 0.794244
vt 0.368960 0.794302
vt 0.373381 0.809229
vt 0.373616 0.822303
vt 0.373956 0.834236
vt 0.378492 0.834206
vt 0.378204 0.822202
vt 0.378008 0.809155
vt 0.382812 0.794164
vt 0.377893 0.794197
vt 0.382868 0.809107
vt 0.382986 0.822138
vt 0.387938 0.809079
vt 0.383177 0.834190
vt 0.388059 0.834183
vt 0.387973 0.822104
vt 0.393179 0.822096
vt 0.393184 0.834179
vt 0.398661 0.834172
vt 0.398709 0.822110
vt 0.393196 0.809069
vt 0.398754 0.809076
vt 0.404786 0.794158
vt 0.398809 0.794141
vt 0.404669 0.822145
vt 0.404728 0.809100
vt 0.393236 0.794137
vt 0.387978 0.777781
vt 0.387944 0.794145
vt 0.393290 0.777778
vt 0.398869 0.777784
vt 0.404845 0.777797
vt 0.404907 0.760495
vt 0.398930 0.760481
vt 0.393349 0.760471
vt 0.398986 0.742705
vt 0.393406 0.742690
vt 0.388082 0.742674
vt 0.388028 0.760466
vt 0.382827 0.760463
vt 0.382803 0.777790
vt 0.382873 0.742660
vt 0.377879 0.742646
vt 0.377842 0.760464
vt 0.377843 0.777807
vt 0.373176 0.777831
vt 0.382928 0.724856
vt 0.377943 0.724827
vt 0.378042 0.707485
vt 0.383002 0.707530
vt 0.383103 0.691156
vt 0.378185 0.691096
vt 0.373375 0.707434
vt 0.378384 0.676138
vt 0.383244 0.676214
vt 0.383436 0.663184
vt 0.378655 0.663092
vt 0.388423 0.663246
vt 0.388314 0.676270
vt 0.393572 0.676310
vt 0.393527 0.691242
vt 0.388235 0.691204
vt 0.388176 0.707568
vt 0.393488 0.707601
vt 0.388128 0.724883
vt 0.393450 0.724908
vt 0.399067 0.707627
vt 0.399031 0.724930
vt 0.405007 0.724949
vt 0.411490 0.724967
vt 0.404964 0.742722
vt 0.405044 0.707647
vt 0.411524 0.707662
vt 0.411448 0.742741
vt 0.418488 0.760538
vt 0.411390 0.760515
vt 0.418548 0.742761
vt 0.418589 0.724983
vt 0.426229 0.707682
vt 0.426207 0.724999
vt 0.426168 0.742782
vt 0.418618 0.707674
vt 0.418641 0.691299
vt 0.411557 0.691296
vt 0.411582 0.676344
vt 0.418657 0.676335
vt 0.426240 0.691297
vt 0.426242 0.676321
vt 0.434252 0.676304
vt 0.434265 0.691292
vt 0.434266 0.707688
vt 0.442678 0.707692
vt 0.442665 0.691285
vt 0.442638 0.676295
vt 0.442605 0.663207
vt 0.451418 0.707694
vt 0.434251 0.725014
vt 0.442670 0.725028
vt 0.451417 0.725042
vt 0.460284 0.742879
vt 0.460307 0.707694
vt 0.451385 0.742854
vt 0.460314 0.725054
vt 0.442636 0.742829
vt 0.434214 0.742805
vt 0.442569 0.760630
vt 0.434150 0.760596
vt 0.451316 0.760666
vt 0.442479 0.777966
vt 0.451218 0.778013
vt 0.460213 0.760705
vt 0.460107 0.778064
vt 0.459975 0.794490
vt 0.451099 0.794430
vt 0.468822 0.794551
vt 0.469080 0.760745
vt 0.468968 0.778116
vt 0.478759 0.778182
vt 0.478602 0.794625
vt 0.490275 0.794723
vt 0.490440 0.778269
vt 0.478876 0.760793
vt 0.490558 0.760857
vt 0.502365 0.742999
vt 0.502294 0.760929
vt 0.490631 0.742965
vt 0.502175 0.778368
vt 0.478950 0.742932
vt 0.469153 0.742904
vt 0.511950 0.794927
vt 0.512126 0.778468
vt 0.502003 0.794829
vt 0.501793 0.809470
vt 0.490080 0.809441
vt 0.501560 0.821452
vt 0.511476 0.821419
vt 0.489875 0.821648
vt 0.511730 0.809527
vt 0.518696 0.809584
vt 0.518922 0.795000
vt 0.518428 0.821460
vt 0.521725 0.795032
vt 0.521497 0.809611
vt 0.521223 0.821483
vt 0.521101 0.831261
vt 0.520349 0.831255
vt 0.522257 0.809624
vt 0.517638 0.831270
vt 0.521980 0.821499
vt 0.522817 0.821517
vt 0.522801 0.831311
vt 0.521933 0.831270
vt 0.523693 0.821549
vt 0.523977 0.809661
vt 0.523097 0.809640
vt 0.523325 0.795057
vt 0.522663 0.778587
vt 0.524206 0.795073
vt 0.524382 0.778610
vt 0.523502 0.778598
vt 0.522485 0.795043
vt 0.523630 0.761091
vt 0.524586 0.743062
vt 0.524509 0.761098
vt 0.523706 0.743059
vt 0.522790 0.761083
vt 0.522867 0.743057
vt 0.523732 0.725028
vt 0.522892 0.725031
vt 0.522864 0.707527
vt 0.522780 0.691069
vt 0.523620 0.691061
vt 0.523704 0.707521
vt 0.523474 0.676477
vt 0.522634 0.676488
vt 0.522425 0.664612
vt 0.523262 0.664599
vt 0.524612 0.725026
vt 0.525389 0.761106
vt 0.525262 0.778623
vt 0.526247 0.743067
vt 0.525466 0.743064
vt 0.526170 0.761112
vt 0.526044 0.778634
vt 0.526756 0.761117
vt 0.525086 0.795091
vt 0.526629 0.778643
vt 0.526453 0.795121
vt 0.525868 0.795108
vt 0.525636 0.809723
vt 0.524856 0.809691
vt 0.524567 0.821606
vt 0.526220 0.809749
vt 0.525923 0.821725
vt 0.525343 0.821670
vt 0.524427 0.831529
vt 0.521591 0.839677
vt 0.523664 0.831409
vt 0.524995 0.831632
vt 0.522872 0.840057
vt 0.522329 0.839879
vt 0.519054 0.846827
vt 0.515036 0.852850
vt 0.519553 0.847096
vt 0.514609 0.852479
vt 0.518373 0.846511
vt 0.514032 0.852014
vt 0.509149 0.856961
vt 0.508208 0.855692
vt 0.508703 0.856357
vt 0.513375 0.851549
vt 0.517590 0.846245
vt 0.512704 0.851175
vt 0.516788 0.846127
vt 0.519893 0.839483
vt 0.520750 0.839521
vt 0.516012 0.846089
vt 0.519069 0.839506
vt 0.518323 0.839535
vt 0.513137 0.846283
vt 0.515311 0.846065
vt 0.515846 0.839656
vt 0.509830 0.839951
vt 0.500865 0.840471
vt 0.499879 0.847965
vt 0.501265 0.831533
vt 0.510929 0.831321
vt 0.507943 0.846971
vt 0.505031 0.852042
vt 0.495833 0.857531
vt 0.497825 0.853715
vt 0.502470 0.855269
vt 0.506413 0.853389
vt 0.509596 0.850817
vt 0.511481 0.850585
vt 0.512060 0.850864
vt 0.507275 0.854437
vt 0.506900 0.853885
vt 0.501633 0.856755
vt 0.494895 0.859911
vt 0.495031 0.859227
vt 0.501717 0.857413
vt 0.501917 0.858156
vt 0.495011 0.861529
vt 0.494900 0.860697
vt 0.502195 0.858937
vt 0.507722 0.855046
vt 0.502517 0.859710
vt 0.495193 0.862351
vt 0.502828 0.860397
vt 0.495396 0.863082
vt 0.486738 0.865884
vt 0.495572 0.863640
vt 0.486453 0.864558
vt 0.486603 0.865310
vt 0.503078 0.860920
vt 0.509755 0.857788
vt 0.503281 0.861330
vt 0.509488 0.857424
vt 0.495721 0.864078
vt 0.486857 0.866335
vt 0.486956 0.866716
vt 0.495847 0.864448
vt 0.503453 0.861677
vt 0.503610 0.861993
vt 0.509982 0.858099
vt 0.495962 0.864785
vt 0.510189 0.858382
vt 0.515901 0.853645
vt 0.515644 0.853410
vt 0.519933 0.847325
vt 0.515364 0.853152
vt 0.520259 0.847521
vt 0.520559 0.847700
vt 0.523977 0.840463
vt 0.523648 0.840342
vt 0.525813 0.831798
vt 0.526161 0.831867
vt 0.523289 0.840210
vt 0.525435 0.831721
vt 0.526373 0.821771
vt 0.526760 0.821811
vt 0.527063 0.809790
vt 0.527421 0.809807
vt 0.526674 0.809771
vt 0.527116 0.821847
vt 0.526907 0.795132
vt 0.527298 0.795141
vt 0.527833 0.778661
vt 0.527083 0.778650
vt 0.527657 0.795149
vt 0.527474 0.778656
vt 0.527601 0.761124
vt 0.527287 0.743070
vt 0.527210 0.761121
vt 0.528036 0.743072
vt 0.527960 0.761128
vt 0.527678 0.743071
vt 0.527703 0.725017
vt 0.527313 0.725018
vt 0.527676 0.707485
vt 0.528062 0.725016
vt 0.528035 0.707482
vt 0.527952 0.690993
vt 0.526832 0.743068
vt 0.487047 0.867063
vt 0.477669 0.869013
vt 0.468633 0.870823
vt 0.468560 0.870471
vt 0.477590 0.868663
vt 0.477504 0.868278
vt 0.468480 0.870085
vt 0.468385 0.869628
vt 0.477402 0.867823
vt 0.477285 0.867243
vt 0.468277 0.869046
vt 0.468158 0.868283
vt 0.477155 0.866485
vt 0.477051 0.865633
vt 0.468064 0.867428
vt 0.477012 0.864776
vt 0.486283 0.862861
vt 0.486332 0.863714
vt 0.468032 0.866568
vt 0.459178 0.868324
vt 0.459184 0.867496
vt 0.477018 0.863953
vt 0.468033 0.865741
vt 0.459204 0.869186
vt 0.450283 0.870129
vt 0.450303 0.870993
vt 0.450384 0.871853
vt 0.459291 0.870043
vt 0.459405 0.870808
vt 0.450588 0.873204
vt 0.459508 0.871391
vt 0.450491 0.872620
vt 0.441727 0.874365
vt 0.441820 0.874951
vt 0.433306 0.875927
vt 0.441627 0.873597
vt 0.433209 0.875158
vt 0.433395 0.876515
vt 0.425342 0.877964
vt 0.425256 0.877376
vt 0.441903 0.875411
vt 0.433475 0.876976
vt 0.425420 0.878426
vt 0.425486 0.878816
vt 0.433543 0.877365
vt 0.417762 0.879831
vt 0.417688 0.879369
vt 0.417825 0.880220
vt 0.410567 0.881102
vt 0.425545 0.879169
vt 0.410671 0.881844
vt 0.417882 0.880573
vt 0.410621 0.881491
vt 0.403932 0.882541
vt 0.403897 0.882151
vt 0.397907 0.882810
vt 0.397925 0.883550
vt 0.403965 0.882893
vt 0.397917 0.883199
vt 0.392731 0.883294
vt 0.388083 0.883379
vt 0.392709 0.883642
vt 0.392755 0.882908
vt 0.388189 0.882653
vt 0.388133 0.883036
vt 0.383883 0.882631
vt 0.379625 0.882299
vt 0.383812 0.882974
vt 0.383961 0.882249
vt 0.379714 0.881958
vt 0.379812 0.881580
vt 0.375486 0.880524
vt 0.375633 0.880083
vt 0.379927 0.881125
vt 0.384053 0.881789
vt 0.375362 0.880893
vt 0.371200 0.878966
vt 0.370894 0.879629
vt 0.375250 0.881226
vt 0.371040 0.879314
vt 0.366958 0.877101
vt 0.367173 0.876789
vt 0.363438 0.873497
vt 0.362918 0.874002
vt 0.366762 0.877385
vt 0.363166 0.873761
vt 0.359711 0.868803
vt 0.356698 0.863101
vt 0.360030 0.868593
vt 0.359421 0.868994
vt 0.357374 0.862809
vt 0.357020 0.862962
vt 0.355519 0.856974
vt 0.354351 0.850557
vt 0.355177 0.857065
vt 0.355895 0.856873
vt 0.354704 0.850504
vt 0.355092 0.850444
vt 0.354464 0.843180
vt 0.354930 0.843135
vt 0.355553 0.850373
vt 0.356341 0.856754
vt 0.354071 0.843217
vt 0.353942 0.834319
vt 0.353191 0.834369
vt 0.353714 0.843251
vt 0.353549 0.834345
vt 0.353065 0.823118
vt 0.353459 0.823100
vt 0.353046 0.809775
vt 0.352293 0.809799
vt 0.352706 0.823135
vt 0.352651 0.809788
vt 0.352341 0.794603
vt 0.352138 0.778029
vt 0.352735 0.794595
vt 0.351982 0.794610
vt 0.351780 0.778030
vt 0.353201 0.794585
vt 0.353512 0.809759
vt 0.354093 0.809740
vt 0.353783 0.794573
vt 0.354524 0.794558
vt 0.354832 0.809717
vt 0.355295 0.794543
vt 0.355601 0.809694
vt 0.355965 0.794531
vt 0.356269 0.809675
vt 0.356684 0.822951
vt 0.356015 0.822980
vt 0.355245 0.823015
vt 0.356509 0.834200
vt 0.354990 0.834252
vt 0.354506 0.823050
vt 0.355734 0.834218
vt 0.356267 0.843091
vt 0.356888 0.850297
vt 0.357059 0.843151
vt 0.356135 0.850316
vt 0.357693 0.850378
vt 0.355515 0.843099
vt 0.357762 0.843321
vt 0.358428 0.850621
vt 0.359208 0.856464
vt 0.358441 0.856426
vt 0.357639 0.856498
vt 0.359731 0.861806
vt 0.358317 0.862403
vt 0.358995 0.862114
vt 0.356905 0.856626
vt 0.361432 0.867562
vt 0.360863 0.868016
vt 0.364573 0.872164
vt 0.361993 0.867028
vt 0.364133 0.872760
vt 0.364942 0.871453
vt 0.362429 0.866462
vt 0.365101 0.870687
vt 0.368347 0.873597
vt 0.368293 0.874443
vt 0.368045 0.875243
vt 0.371607 0.878012
vt 0.372017 0.876449
vt 0.371842 0.877283
vt 0.367717 0.875926
vt 0.367426 0.876419
vt 0.371391 0.878552
vt 0.363757 0.873184
vt 0.360405 0.868346
vt 0.357792 0.862628
vt 0.375964 0.878769
vt 0.380178 0.879794
vt 0.376083 0.877922
vt 0.380052 0.880546
vt 0.380260 0.878950
vt 0.375794 0.879516
vt 0.376094 0.877060
vt 0.380256 0.878093
vt 0.384317 0.878774
vt 0.384320 0.879619
vt 0.384254 0.880456
vt 0.388331 0.881608
vt 0.388467 0.880033
vt 0.388410 0.880862
vt 0.384153 0.881206
vt 0.392865 0.881120
vt 0.392821 0.881862
vt 0.397895 0.881018
vt 0.392905 0.880294
vt 0.397893 0.881763
vt 0.397910 0.880188
vt 0.392929 0.879462
vt 0.397942 0.879351
vt 0.403780 0.878649
vt 0.403757 0.879501
vt 0.403774 0.880346
vt 0.410316 0.878422
vt 0.410434 0.880051
vt 0.410362 0.879283
vt 0.403813 0.881102
vt 0.403855 0.881688
vt 0.410503 0.880640
vt 0.397898 0.882345
vt 0.392785 0.882445
vt 0.388256 0.882191
vt 0.417520 0.878008
vt 0.425163 0.876605
vt 0.417460 0.877144
vt 0.425097 0.875743
vt 0.417607 0.878780
vt 0.417457 0.876276
vt 0.433139 0.874295
vt 0.425088 0.874876
vt 0.433126 0.873429
vt 0.425108 0.874044
vt 0.441552 0.872735
vt 0.441536 0.871869
vt 0.441550 0.871039
vt 0.433143 0.872598
vt 0.433160 0.871842
vt 0.433211 0.869322
vt 0.441609 0.867865
vt 0.425128 0.873287
vt 0.425187 0.870671
vt 0.441565 0.870283
vt 0.450306 0.868544
vt 0.450294 0.869300
vt 0.450341 0.866239
vt 0.459219 0.864550
vt 0.459192 0.866740
vt 0.468037 0.864985
vt 0.468056 0.862907
vt 0.477180 0.861241
vt 0.477050 0.863207
vt 0.486442 0.861332
vt 0.486921 0.859486
vt 0.486317 0.862051
vt 0.488013 0.855293
vt 0.477478 0.856764
vt 0.477792 0.850237
vt 0.489095 0.849102
vt 0.489540 0.841264
vt 0.489687 0.832028
vt 0.477966 0.842124
vt 0.478089 0.832617
vt 0.468507 0.822124
vt 0.468368 0.833108
vt 0.468256 0.842848
vt 0.478248 0.821907
vt 0.478425 0.809430
vt 0.468662 0.809427
vt 0.459831 0.809420
vt 0.450972 0.809400
vt 0.450850 0.822406
vt 0.459693 0.822292
vt 0.459567 0.833511
vt 0.450735 0.833833
vt 0.459460 0.843480
vt 0.450629 0.844066
vt 0.441833 0.853924
vt 0.441944 0.844563
vt 0.450527 0.853058
vt 0.459366 0.852137
vt 0.442049 0.834046
vt 0.433782 0.822411
vt 0.433687 0.834122
vt 0.433585 0.844928
vt 0.442154 0.822450
vt 0.442261 0.809363
vt 0.442373 0.794373
vt 0.433973 0.794318
vt 0.433875 0.809306
vt 0.425865 0.809243
vt 0.425949 0.794267
vt 0.418350 0.794223
vt 0.418280 0.809186
vt 0.418209 0.822261
vt 0.425784 0.822334
vt 0.425698 0.834130
vt 0.418129 0.834137
vt 0.425600 0.845222
vt 0.418033 0.845503
vt 0.410841 0.856611
vt 0.410974 0.845767
vt 0.425478 0.855352
vt 0.417907 0.856004
vt 0.411067 0.834147
vt 0.404600 0.834160
vt 0.404509 0.846007
vt 0.411142 0.822197
vt 0.411206 0.809137
vt 0.411266 0.794186
vt 0.411326 0.777819
vt 0.418419 0.777848
vt 0.426030 0.777882
vt 0.426106 0.760566
vt 0.434067 0.777922
vt 0.398490 0.857550
vt 0.398599 0.846190
vt 0.404369 0.857154
vt 0.404154 0.867066
vt 0.398111 0.874904
vt 0.398297 0.867638
vt 0.403955 0.874217
vt 0.410470 0.873174
vt 0.410647 0.866235
vt 0.417732 0.865288
vt 0.417577 0.871974
vt 0.425322 0.864264
vt 0.433329 0.863202
vt 0.433469 0.854673
vt 0.441710 0.862051
vt 0.450423 0.860763
vt 0.459282 0.859422
vt 0.468100 0.858115
vt 0.468168 0.851223
vt 0.417508 0.874684
vt 0.410390 0.875969
vt 0.417482 0.875443
vt 0.410357 0.876727
vt 0.410324 0.877558
vt 0.403862 0.877078
vt 0.403822 0.877829
vt 0.397983 0.878543
vt 0.392970 0.877922
vt 0.392947 0.878660
vt 0.398023 0.877800
vt 0.388464 0.878394
vt 0.388476 0.879198
vt 0.384282 0.877958
vt 0.388460 0.877656
vt 0.384251 0.877210
vt 0.384174 0.874385
vt 0.388450 0.874806
vt 0.380160 0.876506
vt 0.380208 0.877264
vt 0.380025 0.873713
vt 0.375440 0.865957
vt 0.375837 0.872731
vt 0.379717 0.866777
vt 0.383998 0.867338
vt 0.376001 0.875469
vt 0.372002 0.874000
vt 0.371843 0.871349
vt 0.376049 0.876227
vt 0.372020 0.874757
vt 0.372050 0.875590
vt 0.368335 0.872765
vt 0.368387 0.872003
vt 0.365392 0.866967
vt 0.365200 0.869923
vt 0.368278 0.869480
vt 0.365390 0.869222
vt 0.363248 0.865400
vt 0.362367 0.860841
vt 0.362820 0.865905
vt 0.363435 0.863654
vt 0.361114 0.861274
vt 0.361799 0.861077
vt 0.360882 0.856791
vt 0.361900 0.857553
vt 0.361341 0.852021
vt 0.360001 0.856593
vt 0.359227 0.850983
vt 0.360224 0.851423
vt 0.359552 0.843854
vt 0.358927 0.834274
vt 0.360070 0.834299
vt 0.360698 0.844151
vt 0.358539 0.843567
vt 0.357938 0.834245
vt 0.357188 0.834214
vt 0.357424 0.822919
vt 0.358407 0.822875
vt 0.357010 0.809655
vt 0.357997 0.809627
vt 0.359561 0.822824
vt 0.359165 0.809594
vt 0.357696 0.794501
vt 0.358876 0.794479
vt 0.358691 0.777957
vt 0.358604 0.760506
vt 0.357501 0.777970
vt 0.356708 0.794518
vt 0.361872 0.844428
vt 0.362501 0.852861
vt 0.364248 0.853836
vt 0.363630 0.844732
vt 0.361285 0.834317
vt 0.366527 0.845109
vt 0.370232 0.845487
vt 0.370798 0.855774
vt 0.367126 0.854843
vt 0.367784 0.863363
vt 0.364923 0.861543
vt 0.371388 0.864834
vt 0.363104 0.859372
vt 0.374412 0.845795
vt 0.374927 0.856521
vt 0.379312 0.857086
vt 0.378882 0.846031
vt 0.383455 0.846196
vt 0.383750 0.857473
vt 0.388347 0.857683
vt 0.393119 0.867804
vt 0.388205 0.846282
vt 0.393209 0.846281
vt 0.393205 0.857717
vt 0.388420 0.867670
vt 0.393019 0.875040
vt 0.360431 0.861521
vt 0.353925 0.823078
vt 0.354408 0.834287
vt 0.433605 0.877718
vt 0.442037 0.876152
vt 0.441973 0.875799
vt 0.450816 0.874403
vt 0.450749 0.874050
vt 0.459746 0.872587
vt 0.459599 0.871849
vt 0.450675 0.873663
vt 0.459676 0.872236
vt 0.521904 0.778576
vt 0.519101 0.778545
vt 0.411592 0.663284
vt 0.405104 0.676345
vt 0.405077 0.691287
vt 0.399131 0.676334
vt 0.399100 0.691269
vt 0.369073 0.612474
vt 0.442289 0.612919
vt 0.459890 0.617430
vt 0.459921 0.616569
vt 0.451030 0.614711
vt 0.451116 0.613851
vt 0.442369 0.612058
vt 0.460013 0.615712
vt 0.451227 0.613085
vt 0.460131 0.614948
vt 0.468734 0.619237
vt 0.468771 0.618376
vt 0.477705 0.621902
vt 0.468730 0.620064
vt 0.477704 0.621080
vt 0.486993 0.623858
vt 0.477733 0.622649
vt 0.477851 0.624615
vt 0.495559 0.626046
vt 0.502367 0.628583
vt 0.515659 0.633221
vt 0.510138 0.628617
vt 0.510407 0.628253
vt 0.515989 0.632921
vt 0.520143 0.639001
vt 0.523423 0.646060
vt 0.525498 0.654496
vt 0.503953 0.624675
vt 0.503747 0.625084
vt 0.418540 0.605689
vt 0.411352 0.604377
vt 0.404688 0.603290
vt 0.398702 0.602597
vt 0.393550 0.602470
vt 0.355107 0.724651
vt 0.831010 0.824499
vt 0.839845 0.827000
vt 0.831016 0.825115
vt 0.822212 0.822687
vt 0.822204 0.821568
vt 0.830998 0.823369
vt 0.839837 0.826380
vt 0.839821 0.825240
vt 0.822217 0.823299
vt 0.813249 0.820877
vt 0.831019 0.825473
vt 0.822219 0.823658
vt 0.813269 0.821483
vt 0.813280 0.821841
vt 0.804033 0.819950
vt 0.803992 0.819596
vt 0.803923 0.819002
vt 0.795219 0.816879
vt 0.795276 0.817454
vt 0.795311 0.817798
vt 0.787949 0.815196
vt 0.788011 0.814874
vt 0.781701 0.811843
vt 0.781889 0.811585
vt 0.788122 0.814328
vt 0.782220 0.811139
vt 0.776605 0.807315
vt 0.777100 0.807102
vt 0.778024 0.806708
vt 0.782836 0.810315
vt 0.788334 0.813332
vt 0.783552 0.809547
vt 0.795120 0.815841
vt 0.794370 0.813668
vt 0.787659 0.811386
vt 0.785112 0.807988
vt 0.790294 0.803926
vt 0.782186 0.802878
vt 0.780365 0.806786
vt 0.776778 0.802128
vt 0.792363 0.809688
vt 0.802215 0.811258
vt 0.813082 0.817335
vt 0.801124 0.805076
vt 0.803327 0.815603
vt 0.812773 0.812714
vt 0.812458 0.806210
vt 0.822141 0.814073
vt 0.800715 0.797243
vt 0.822083 0.807208
vt 0.812307 0.798120
vt 0.822015 0.798863
vt 0.812236 0.788632
vt 0.830862 0.808151
vt 0.821939 0.789151
vt 0.830788 0.799523
vt 0.830707 0.789581
vt 0.839580 0.800149
vt 0.821859 0.778185
vt 0.830623 0.778382
vt 0.839404 0.778528
vt 0.839492 0.789939
vt 0.848097 0.790192
vt 0.848191 0.800694
vt 0.856323 0.790308
vt 0.856423 0.801106
vt 0.848005 0.778605
vt 0.856229 0.778597
vt 0.847917 0.765515
vt 0.856142 0.765483
vt 0.864155 0.790350
vt 0.863972 0.765440
vt 0.864059 0.778546
vt 0.871474 0.778492
vt 0.871388 0.765394
vt 0.878474 0.790411
vt 0.878368 0.778436
vt 0.878283 0.765348
vt 0.871576 0.790385
vt 0.871692 0.801762
vt 0.878601 0.802054
vt 0.864371 0.811569
vt 0.871817 0.812266
vt 0.864261 0.801443
vt 0.878742 0.812913
vt 0.871942 0.821538
vt 0.878889 0.822536
vt 0.885026 0.813491
vt 0.885194 0.823434
vt 0.884871 0.802309
vt 0.890635 0.813897
vt 0.884738 0.790426
vt 0.890508 0.802484
vt 0.890403 0.790421
vt 0.884634 0.778379
vt 0.895482 0.778269
vt 0.895503 0.790385
vt 0.895516 0.802534
vt 0.890322 0.778323
vt 0.890257 0.765260
vt 0.895455 0.765220
vt 0.895420 0.750271
vt 0.890200 0.750299
vt 0.884489 0.750332
vt 0.884553 0.765303
vt 0.878218 0.750367
vt 0.884439 0.733943
vt 0.878166 0.733968
vt 0.890152 0.733920
vt 0.895347 0.716589
vt 0.890113 0.716598
vt 0.895382 0.733901
vt 0.884396 0.716612
vt 0.878124 0.716629
vt 0.878093 0.698820
vt 0.884365 0.698812
vt 0.890083 0.698806
vt 0.895319 0.698804
vt 0.895299 0.681014
vt 0.890065 0.681012
vt 0.884348 0.681011
vt 0.890057 0.663689
vt 0.878076 0.681011
vt 0.878071 0.663672
vt 0.884344 0.663680
vt 0.884350 0.647291
vt 0.878078 0.647273
vt 0.878103 0.632291
vt 0.884373 0.632320
vt 0.890061 0.647308
vt 0.890077 0.632348
vt 0.890107 0.619284
vt 0.884419 0.619243
vt 0.895268 0.619324
vt 0.895275 0.632373
vt 0.895280 0.647322
vt 0.900072 0.632394
vt 0.895287 0.663695
vt 0.900117 0.647333
vt 0.900148 0.663698
vt 0.904755 0.663700
vt 0.904679 0.647341
vt 0.904810 0.681013
vt 0.900174 0.681015
vt 0.900197 0.698803
vt 0.904844 0.698799
vt 0.900222 0.716582
vt 0.904858 0.716574
vt 0.909193 0.733863
vt 0.909225 0.698793
vt 0.909229 0.716567
vt 0.904850 0.733873
vt 0.900243 0.733886
vt 0.900256 0.750248
vt 0.904818 0.750227
vt 0.908996 0.765141
vt 0.900252 0.765186
vt 0.909118 0.750215
vt 0.904752 0.765157
vt 0.904642 0.778180
vt 0.900155 0.790321
vt 0.904479 0.790236
vt 0.900221 0.778220
vt 0.908578 0.790141
vt 0.908818 0.778158
vt 0.912822 0.778164
vt 0.913022 0.765145
vt 0.916761 0.765168
vt 0.916558 0.778196
vt 0.916292 0.789962
vt 0.912558 0.790049
vt 0.912221 0.801576
vt 0.907923 0.813016
vt 0.911842 0.812280
vt 0.908268 0.801962
vt 0.915953 0.801116
vt 0.915570 0.811362
vt 0.911454 0.821697
vt 0.915171 0.820402
vt 0.918917 0.810268
vt 0.919308 0.800594
vt 0.918501 0.818770
vt 0.921123 0.816813
vt 0.914850 0.827094
vt 0.920862 0.822408
vt 0.918180 0.825073
vt 0.921536 0.809126
vt 0.921942 0.800101
vt 0.923082 0.808066
vt 0.922713 0.814542
vt 0.923512 0.799727
vt 0.924637 0.799349
vt 0.925094 0.789677
vt 0.924195 0.807093
vt 0.923932 0.789744
vt 0.922309 0.789804
vt 0.924275 0.778338
vt 0.919652 0.789879
vt 0.922608 0.778303
vt 0.919928 0.778249
vt 0.922851 0.765243
vt 0.920146 0.765206
vt 0.920316 0.750250
vt 0.923049 0.750273
vt 0.923192 0.733882
vt 0.920436 0.733872
vt 0.917016 0.733863
vt 0.916913 0.750228
vt 0.913165 0.750216
vt 0.913258 0.733860
vt 0.913306 0.716562
vt 0.917073 0.698782
vt 0.917070 0.716560
vt 0.913307 0.698787
vt 0.913258 0.681003
vt 0.909181 0.681009
vt 0.913163 0.663690
vt 0.909098 0.663698
vt 0.916921 0.663677
vt 0.917022 0.680995
vt 0.920452 0.680985
vt 0.920341 0.663659
vt 0.923281 0.698774
vt 0.923097 0.663641
vt 0.920506 0.698778
vt 0.923222 0.680975
vt 0.925006 0.680968
vt 0.924862 0.663629
vt 0.926143 0.663618
vt 0.925072 0.698771
vt 0.926302 0.680962
vt 0.926375 0.698770
vt 0.927656 0.716572
vt 0.927682 0.698768
vt 0.925054 0.716565
vt 0.926351 0.716568
vt 0.927608 0.680954
vt 0.928754 0.698762
vt 0.928680 0.680945
vt 0.927443 0.663606
vt 0.928516 0.663595
vt 0.927197 0.647199
vt 0.929112 0.663587
vt 0.929277 0.680933
vt 0.928866 0.647179
vt 0.928270 0.647186
vt 0.927958 0.632192
vt 0.928554 0.632182
vt 0.928191 0.619069
vt 0.926525 0.619114
vt 0.927595 0.619085
vt 0.926885 0.632209
vt 0.925603 0.632229
vt 0.925255 0.619147
vt 0.924059 0.619178
vt 0.925904 0.647213
vt 0.924647 0.647227
vt 0.924374 0.632248
vt 0.922672 0.632276
vt 0.920177 0.647276
vt 0.922910 0.647246
vt 0.922393 0.619217
vt 0.919713 0.619278
vt 0.919966 0.632321
vt 0.916582 0.632368
vt 0.916343 0.619340
vt 0.916774 0.647307
vt 0.913026 0.647329
vt 0.912608 0.619382
vt 0.912842 0.632400
vt 0.908816 0.632416
vt 0.908603 0.619399
vt 0.904427 0.619388
vt 0.904573 0.632411
vt 0.908979 0.647341
vt 0.904231 0.607333
vt 0.908331 0.607417
vt 0.900006 0.619360
vt 0.899908 0.607259
vt 0.899766 0.595122
vt 0.895235 0.595060
vt 0.895255 0.607209
vt 0.903974 0.595307
vt 0.907989 0.595597
vt 0.899617 0.583675
vt 0.903694 0.584006
vt 0.907614 0.584544
vt 0.907243 0.574863
vt 0.903430 0.574126
vt 0.911943 0.595972
vt 0.911122 0.575853
vt 0.911535 0.585269
vt 0.915266 0.586177
vt 0.914842 0.577138
vt 0.915676 0.596421
vt 0.919032 0.596934
vt 0.918615 0.587262
vt 0.918177 0.578761
vt 0.917839 0.572459
vt 0.920527 0.575117
vt 0.921238 0.588397
vt 0.920803 0.580711
vt 0.914503 0.570447
vt 0.910617 0.565640
vt 0.910788 0.568913
vt 0.914346 0.567243
vt 0.917725 0.569383
vt 0.917723 0.568197
vt 0.920739 0.571293
vt 0.920572 0.572369
vt 0.914293 0.566058
vt 0.910506 0.563841
vt 0.914265 0.565424
vt 0.917722 0.567563
vt 0.910545 0.564469
vt 0.906729 0.563316
vt 0.903094 0.562484
vt 0.906693 0.562696
vt 0.903074 0.561875
vt 0.903130 0.563594
vt 0.906793 0.564461
vt 0.906946 0.567765
vt 0.903228 0.566908
vt 0.899412 0.566321
vt 0.899382 0.562994
vt 0.899495 0.573644
vt 0.895245 0.573420
vt 0.895302 0.562616
vt 0.895276 0.565982
vt 0.890553 0.566091
vt 0.885037 0.563478
vt 0.884976 0.566848
vt 0.890613 0.562697
vt 0.890444 0.573563
vt 0.884857 0.574187
vt 0.878554 0.575102
vt 0.878433 0.584726
vt 0.878654 0.567994
vt 0.890324 0.583709
vt 0.884715 0.584130
vt 0.884591 0.595313
vt 0.890228 0.595122
vt 0.890155 0.607186
vt 0.884490 0.607196
vt 0.878322 0.595585
vt 0.878226 0.607229
vt 0.871414 0.595896
vt 0.871328 0.607273
vt 0.878153 0.619204
vt 0.871259 0.619166
vt 0.863843 0.619132
vt 0.863907 0.607328
vt 0.863792 0.632239
vt 0.871208 0.632264
vt 0.871176 0.647256
vt 0.871165 0.663664
vt 0.863737 0.663657
vt 0.863754 0.647240
vt 0.855921 0.647225
vt 0.847736 0.632206
vt 0.847670 0.663647
vt 0.855962 0.632216
vt 0.847695 0.647213
vt 0.855899 0.663652
vt 0.855904 0.681016
vt 0.847666 0.681019
vt 0.863775 0.698839
vt 0.855925 0.698850
vt 0.863749 0.681014
vt 0.847681 0.698861
vt 0.839109 0.716723
vt 0.847714 0.716703
vt 0.839074 0.698873
vt 0.839061 0.681023
vt 0.855952 0.716684
vt 0.855994 0.734048
vt 0.863797 0.716665
vt 0.847765 0.734075
vt 0.863832 0.734021
vt 0.871260 0.733995
vt 0.871223 0.716647
vt 0.856060 0.750474
vt 0.863893 0.750439
vt 0.871316 0.750403
vt 0.847835 0.750509
vt 0.839235 0.750544
vt 0.830539 0.765517
vt 0.839317 0.765525
vt 0.839164 0.734103
vt 0.830457 0.750577
vt 0.830385 0.734130
vt 0.821623 0.734157
vt 0.821565 0.716762
vt 0.830329 0.716742
vt 0.821696 0.750610
vt 0.812080 0.765457
vt 0.821777 0.765494
vt 0.811926 0.734185
vt 0.811999 0.750642
vt 0.800417 0.750676
vt 0.800496 0.765403
vt 0.788775 0.750696
vt 0.800345 0.734218
vt 0.788853 0.765337
vt 0.788705 0.734249
vt 0.788651 0.716837
vt 0.778777 0.716862
vt 0.778831 0.734272
vt 0.800288 0.716810
vt 0.778901 0.750685
vt 0.771855 0.765199
vt 0.771780 0.750665
vt 0.771708 0.734286
vt 0.778977 0.765262
vt 0.779046 0.777162
vt 0.771922 0.777066
vt 0.788925 0.777336
vt 0.779409 0.787100
vt 0.789069 0.787443
vt 0.772509 0.786914
vt 0.771081 0.795171
vt 0.774143 0.795386
vt 0.769210 0.786816
vt 0.768542 0.777019
vt 0.780370 0.795794
vt 0.789361 0.796409
vt 0.767322 0.777001
vt 0.768472 0.765170
vt 0.767248 0.765160
vt 0.767998 0.786773
vt 0.769882 0.795076
vt 0.766676 0.776991
vt 0.767355 0.786751
vt 0.769244 0.795025
vt 0.768887 0.794996
vt 0.766997 0.786738
vt 0.772332 0.801863
vt 0.771995 0.801862
vt 0.772931 0.801866
vt 0.774053 0.801872
vt 0.776325 0.807438
vt 0.766318 0.776986
vt 0.766242 0.765153
vt 0.766163 0.750654
vt 0.766522 0.750655
vt 0.766601 0.765156
vt 0.766090 0.734299
vt 0.767169 0.750656
vt 0.766448 0.734298
vt 0.767097 0.734297
vt 0.768396 0.750657
vt 0.768323 0.734293
vt 0.767040 0.716894
vt 0.768268 0.716891
vt 0.766392 0.716896
vt 0.766033 0.716897
vt 0.766355 0.698971
vt 0.765997 0.698972
vt 0.767004 0.698970
vt 0.768232 0.698969
vt 0.768219 0.681046
vt 0.766992 0.681046
vt 0.766343 0.681046
vt 0.766353 0.663644
vt 0.765994 0.663644
vt 0.765985 0.681046
vt 0.767001 0.663644
vt 0.768228 0.663644
vt 0.768256 0.647280
vt 0.767030 0.647285
vt 0.766382 0.647287
vt 0.766422 0.632786
vt 0.766063 0.632790
vt 0.766023 0.647289
vt 0.767069 0.632780
vt 0.768293 0.632767
vt 0.768331 0.620917
vt 0.767111 0.620939
vt 0.766465 0.620951
vt 0.767117 0.611189
vt 0.766759 0.611203
vt 0.766107 0.620957
vt 0.767760 0.611165
vt 0.768973 0.611119
vt 0.770821 0.602759
vt 0.769622 0.602857
vt 0.768984 0.602910
vt 0.772054 0.596063
vt 0.771717 0.596065
vt 0.772652 0.596059
vt 0.768628 0.602940
vt 0.773775 0.596049
vt 0.776312 0.590600
vt 0.776807 0.590811
vt 0.777732 0.591203
vt 0.776499 0.595786
vt 0.780073 0.591119
vt 0.783253 0.588350
vt 0.782535 0.587583
vt 0.781917 0.586761
vt 0.788024 0.584551
vt 0.787810 0.583556
vt 0.781585 0.586316
vt 0.787697 0.583010
vt 0.794900 0.580985
vt 0.794955 0.580410
vt 0.787634 0.582688
vt 0.781396 0.586058
vt 0.794990 0.580066
vt 0.803665 0.578245
vt 0.803706 0.577891
vt 0.812948 0.575975
vt 0.812937 0.576333
vt 0.821880 0.574492
vt 0.821882 0.574134
vt 0.830677 0.572294
vt 0.830674 0.572653
vt 0.839499 0.570744
vt 0.839503 0.570385
vt 0.848159 0.568538
vt 0.848153 0.568897
vt 0.856435 0.567242
vt 0.856444 0.566884
vt 0.864331 0.565358
vt 0.864321 0.565717
vt 0.871785 0.564255
vt 0.871793 0.563897
vt 0.878740 0.562551
vt 0.878734 0.562910
vt 0.885075 0.561732
vt 0.885083 0.561374
vt 0.890668 0.560625
vt 0.890658 0.560984
vt 0.895333 0.560927
vt 0.895339 0.560568
vt 0.899377 0.560950
vt 0.899378 0.561308
vt 0.903063 0.561517
vt 0.906673 0.562338
vt 0.910484 0.563483
vt 0.914249 0.565066
vt 0.917722 0.567204
vt 0.920887 0.570389
vt 0.920832 0.570717
vt 0.923546 0.575347
vt 0.923727 0.575113
vt 0.925838 0.580658
vt 0.925544 0.580757
vt 0.926505 0.586247
vt 0.926816 0.586305
vt 0.927240 0.592438
vt 0.926942 0.592285
vt 0.927374 0.599337
vt 0.927693 0.599442
vt 0.928140 0.608066
vt 0.927792 0.608050
vt 0.928549 0.619059
vt 0.928913 0.632177
vt 0.929225 0.647175
vt 0.929471 0.663581
vt 0.929635 0.680920
vt 0.929709 0.698732
vt 0.929325 0.716566
vt 0.929351 0.698749
vt 0.929683 0.716556
vt 0.929566 0.733914
vt 0.929207 0.733914
vt 0.929364 0.750326
vt 0.929006 0.750323
vt 0.928734 0.765321
vt 0.929093 0.765325
vt 0.928138 0.765313
vt 0.928611 0.733912
vt 0.928409 0.750318
vt 0.927336 0.750308
vt 0.927538 0.733905
vt 0.926237 0.733897
vt 0.926043 0.750297
vt 0.925782 0.765282
vt 0.927065 0.765299
vt 0.926741 0.778395
vt 0.927810 0.778421
vt 0.925471 0.778365
vt 0.926364 0.789582
vt 0.927444 0.789496
vt 0.928406 0.778435
vt 0.928037 0.789456
vt 0.927642 0.798169
vt 0.927056 0.798391
vt 0.925937 0.798844
vt 0.925512 0.806212
vt 0.926652 0.805547
vt 0.926237 0.811405
vt 0.925143 0.811717
vt 0.927230 0.805223
vt 0.926809 0.811261
vt 0.925864 0.816754
vt 0.926158 0.816852
vt 0.927528 0.805068
vt 0.925362 0.816598
vt 0.927120 0.811203
vt 0.923036 0.821011
vt 0.924445 0.816327
vt 0.923880 0.822169
vt 0.923579 0.821763
vt 0.921084 0.826231
vt 0.920914 0.825155
vt 0.918075 0.828149
vt 0.921178 0.826807
vt 0.918077 0.829969
vt 0.918076 0.829335
vt 0.914652 0.831483
vt 0.910871 0.833711
vt 0.914626 0.832117
vt 0.910908 0.833082
vt 0.910977 0.831912
vt 0.914702 0.830299
vt 0.911139 0.828637
vt 0.907095 0.834246
vt 0.907157 0.833101
vt 0.907300 0.829796
vt 0.903496 0.833977
vt 0.903585 0.830663
vt 0.903768 0.823445
vt 0.907578 0.822698
vt 0.899833 0.823937
vt 0.899928 0.813907
vt 0.899770 0.831261
vt 0.904004 0.813564
vt 0.904254 0.802262
vt 0.900047 0.802459
vt 0.895671 0.834977
vt 0.899750 0.834587
vt 0.895635 0.831611
vt 0.895584 0.824173
vt 0.890912 0.831515
vt 0.890783 0.824043
vt 0.895537 0.814027
vt 0.890981 0.834909
vt 0.885333 0.830773
vt 0.885403 0.834143
vt 0.879067 0.832955
vt 0.879008 0.829644
vt 0.891014 0.836014
vt 0.885431 0.835273
vt 0.879089 0.834105
vt 0.885446 0.835888
vt 0.872103 0.831619
vt 0.879102 0.834727
vt 0.872149 0.833401
vt 0.872133 0.832776
vt 0.864661 0.831335
vt 0.864681 0.831960
vt 0.856791 0.830456
vt 0.856774 0.829832
vt 0.856743 0.828677
vt 0.864625 0.830178
vt 0.864565 0.827039
vt 0.856615 0.819353
vt 0.856691 0.825636
vt 0.872045 0.828387
vt 0.864476 0.820468
vt 0.848431 0.824119
vt 0.848470 0.827052
vt 0.839790 0.822429
vt 0.839735 0.816798
vt 0.848365 0.818145
vt 0.848283 0.810036
vt 0.839663 0.809116
vt 0.856522 0.810839
vt 0.830926 0.815409
vt 0.830973 0.820685
vt 0.822184 0.819008
vt 0.848492 0.828201
vt 0.848504 0.828824
vt 0.848511 0.829182
vt 0.839850 0.827358
vt 0.856801 0.830814
vt 0.864692 0.832319
vt 0.872158 0.833760
vt 0.879109 0.835086
vt 0.885455 0.836247
vt 0.891042 0.836980
vt 0.895706 0.836666
vt 0.891031 0.836622
vt 0.895713 0.837025
vt 0.899750 0.836632
vt 0.903445 0.835697
vt 0.899750 0.836274
vt 0.903434 0.836055
vt 0.907042 0.835224
vt 0.907062 0.834866
vt 0.910850 0.834069
vt 0.914610 0.832475
vt 0.918078 0.830328
vt 0.921234 0.827134
vt 0.924061 0.822403
vt 0.899750 0.835673
vt 0.895693 0.836065
vt 0.903463 0.835088
vt 0.923647 0.816028
vt 0.922624 0.818931
vt 0.923858 0.812622
vt 0.927962 0.798063
vt 0.928385 0.789438
vt 0.928764 0.778444
vt 0.924786 0.750287
vt 0.924554 0.765266
vt 0.924957 0.733890
vt 0.928728 0.716572
vt 0.927199 0.608011
vt 0.925666 0.598667
vt 0.926787 0.599117
vt 0.926118 0.607928
vt 0.924848 0.607837
vt 0.924365 0.598166
vt 0.923686 0.607772
vt 0.923239 0.597791
vt 0.922063 0.607716
vt 0.921668 0.597421
vt 0.923902 0.590422
vt 0.922787 0.589452
vt 0.922400 0.582978
vt 0.923550 0.584895
vt 0.922299 0.578589
vt 0.923329 0.581489
vt 0.922706 0.576508
vt 0.924127 0.581188
vt 0.924837 0.585796
vt 0.925222 0.591300
vt 0.926363 0.591962
vt 0.925932 0.586105
vt 0.925043 0.580914
vt 0.923246 0.575755
vt 0.919406 0.607649
vt 0.916045 0.607575
vt 0.912311 0.607498
vt 0.899379 0.561909
vt 0.895322 0.561528
vt 0.890642 0.561591
vt 0.885062 0.562348
vt 0.878723 0.563533
vt 0.871744 0.566038
vt 0.878704 0.564683
vt 0.871770 0.564880
vt 0.864303 0.566341
vt 0.856420 0.567866
vt 0.856391 0.569021
vt 0.864269 0.567499
vt 0.864218 0.570638
vt 0.856348 0.572062
vt 0.856289 0.578346
vt 0.871610 0.576119
vt 0.871694 0.569270
vt 0.864147 0.577209
vt 0.864066 0.586109
vt 0.856219 0.586860
vt 0.856146 0.596593
vt 0.871510 0.585391
vt 0.863984 0.596234
vt 0.856076 0.607392
vt 0.847982 0.587685
vt 0.847916 0.597028
vt 0.847850 0.607529
vt 0.839306 0.597595
vt 0.839246 0.607805
vt 0.847789 0.619117
vt 0.839189 0.619217
vt 0.856014 0.619102
vt 0.830408 0.619386
vt 0.830462 0.608187
vt 0.830359 0.632252
vt 0.839137 0.632220
vt 0.839095 0.647202
vt 0.830317 0.647192
vt 0.839069 0.663643
vt 0.830290 0.663639
vt 0.821517 0.681031
vt 0.830281 0.681027
vt 0.821527 0.663636
vt 0.821556 0.647183
vt 0.811859 0.647177
vt 0.811900 0.632362
vt 0.811831 0.663634
vt 0.821597 0.632298
vt 0.821645 0.619607
vt 0.821695 0.608641
vt 0.811946 0.619887
vt 0.811993 0.609186
vt 0.812039 0.599698
vt 0.800449 0.600607
vt 0.800404 0.609842
vt 0.821744 0.598929
vt 0.800359 0.620229
vt 0.800316 0.632447
vt 0.788713 0.620546
vt 0.788673 0.632544
vt 0.788829 0.610438
vt 0.789097 0.601472
vt 0.780108 0.602111
vt 0.779171 0.610807
vt 0.778834 0.620747
vt 0.771676 0.632729
vt 0.771711 0.620861
vt 0.778798 0.632647
vt 0.772271 0.611012
vt 0.773883 0.602536
vt 0.778761 0.647224
vt 0.778735 0.663637
vt 0.771613 0.663642
vt 0.788609 0.663632
vt 0.771640 0.647263
vt 0.788635 0.647186
vt 0.800277 0.647174
vt 0.800249 0.663632
vt 0.800240 0.681041
vt 0.788616 0.698941
vt 0.811819 0.681036
vt 0.811830 0.698910
vt 0.800252 0.698925
vt 0.788602 0.681045
vt 0.778728 0.681047
vt 0.771605 0.681047
vt 0.778742 0.698954
vt 0.771618 0.698964
vt 0.771653 0.716881
vt 0.811867 0.716784
vt 0.821528 0.698896
vt 0.830294 0.698885
vt 0.790010 0.593952
vt 0.781904 0.595022
vt 0.784817 0.589904
vt 0.792063 0.588184
vt 0.787354 0.586500
vt 0.794060 0.584199
vt 0.803477 0.579913
vt 0.794803 0.582024
vt 0.801911 0.586588
vt 0.803012 0.582239
vt 0.812761 0.580481
vt 0.821829 0.583719
vt 0.812886 0.578040
vt 0.821872 0.576223
vt 0.821859 0.578783
vt 0.812465 0.585103
vt 0.812168 0.591608
vt 0.800837 0.592772
vt 0.821790 0.590583
vt 0.830567 0.589617
vt 0.830611 0.582359
vt 0.839416 0.580946
vt 0.839364 0.588628
vt 0.830516 0.598245
vt 0.848092 0.573602
vt 0.848043 0.579576
vt 0.830644 0.577083
vt 0.839456 0.575315
vt 0.839479 0.572504
vt 0.830661 0.574399
vt 0.830670 0.573269
vt 0.848124 0.570669
vt 0.848143 0.569519
vt 0.839492 0.571364
vt 0.821877 0.575104
vt 0.812919 0.576938
vt 0.803598 0.578839
vt 0.776031 0.590478
vt 0.800645 0.788008
vt 0.800572 0.777621
vt 0.812159 0.777932
vt 0.871197 0.698829
vt 0.871175 0.681012
vt 0.895226 0.583566
vt 0.923270 0.716563
vt 0.920500 0.716560
vt 0.803799 0.817928
vt 0.813213 0.819776
f 6998/6998/6273 7003/7003/6274 6999/6999/6275
f 6999/6999/6275 7000/7000/6276 6998/6998/6273
f 6998/6998/6273 7000/7000/6276 7004/7004/6277
f 6998/6998/6273 7001/7001/6278 7002/7002/6279
f 7005/7005/6280 7001/7001/6278 6998/6998/6273
f 7002/7002/6279 7003/7003/6274 6998/6998/6273
f 7004/7004/6277 7006/7006/6281 6998/6998/6273
f 6998/6998/6273 7006/7006/6281 7005/7005/6280
f 7007/7007/6282 7006/7006/6281 7004/7004/6277
f 7005/7005/6280 7006/7006/6281 7007/7007/6282
f 7007/7007/6282 7008/7008/6283 7005/7005/6280
f 7009/7009/6284 7008/7008/6283 7007/7007/6282
f 7007/7007/6282 7012/7012/6285 7009/7009/6284
f 7004/7004/6277 7011/7011/6286 7007/7007/6282
f 7007/7007/6282 7011/7011/6286 7010/7010/6287
f 7010/7010/6287 7012/7012/6285 7007/7007/6282
f 7013/7013/6288 7012/7012/6285 7010/7010/6287
f 7009/7009/6284 7012/7012/6285 7013/7013/6288
f 7010/7010/6287 7017/7017/6289 7013/7013/6288
f 7013/7013/6288 7014/7014/6290 7009/7009/6284
f 7016/7016/6291 7014/7014/6290 7013/7013/6288
f 7013/7013/6288 7017/7017/6289 7015/7015/6292
f 7015/7015/6292 7018/7018/6293 7013/7013/6288
f 7013/7013/6288 7018/7018/6293 7016/7016/6291
f 7019/7019/6294 7018/7018/6293 7015/7015/6292
f 7016/7016/6291 7018/7018/6293 7019/7019/6294
f 7015/7015/6292 7020/7020/6295 7019/7019/6294
f 7019/7019/6294 7020/7020/6295 7021/7021/6296
f 7021/7021/6296 7022/7022/6297 7019/7019/6294
f 7019/7019/6294 7022/7022/6297 7024/7024/6298
f 7019/7019/6294 7023/7023/6299 7016/7016/6291
f 7024/7024/6298 7023/7023/6299 7019/7019/6294
f 7025/7025/6300 7029/7029/6301 7024/7024/6298
f 7024/7024/6298 7028/7028/6302 7025/7025/6300
f 7024/7024/6298 7022/7022/6297 7026/7026/6303
f 7026/7026/6303 7028/7028/6302 7024/7024/6298
f 7027/7027/6304 7023/7023/6299 7024/7024/6298
f 7024/7024/6298 7029/7029/6301 7027/7027/6304
f 7030/7030/6305 7029/7029/6301 7025/7025/6300
f 7027/7027/6304 7029/7029/6301 7030/7030/6305
f 7025/7025/6300 7033/7033/6306 7030/7030/6305
f 7031/7031/6307 7032/7032/6308 7030/7030/6305
f 7030/7030/6305 7035/7035/6309 7031/7031/6307
f 7030/7030/6305 7032/7032/6308 7027/7027/6304
f 7030/7030/6305 7033/7033/6306 7034/7034/6310
f 7034/7034/6310 7035/7035/6309 7030/7030/6305
f 7031/7031/6307 7035/7035/6309 7036/7036/6311
f 7036/7036/6311 7035/7035/6309 7034/7034/6310
f 7036/7036/6311 7041/7041/6312 7031/7031/6307
f 7036/7036/6311 7037/7037/6313 7039/7039/6314
f 7040/7040/6315 7037/7037/6313 7036/7036/6311
f 7036/7036/6311 7038/7038/6316 7040/7040/6315
f 7034/7034/6310 7038/7038/6316 7036/7036/6311
f 7039/7039/6314 7041/7041/6312 7036/7036/6311
f 7031/7031/6307 7041/7041/6312 7042/7042/6317
f 7042/7042/6317 7041/7041/6312 7039/7039/6314
f 7042/7042/6317 7043/7043/6318 7045/7045/6319
f 7039/7039/6314 7043/7043/6318 7042/7042/6317
f 7046/7046/6320 7044/7044/6321 7042/7042/6317
f 7042/7042/6317 7044/7044/6321 7031/7031/6307
f 7045/7045/6319 7047/7047/6322 7042/7042/6317
f 7042/7042/6317 7047/7047/6322 7046/7046/6320
f 7048/7048/6323 7047/7047/6322 7045/7045/6319
f 7046/7046/6320 7047/7047/6322 7048/7048/6323
f 7045/7045/6319 7052/7052/6324 7048/7048/6323
f 7049/7049/6325 7051/7051/6326 7048/7048/6323
f 7048/7048/6323 7050/7050/6322 7049/7049/6325
f 7053/7053/6327 7050/7050/6322 7048/7048/6323
f 7048/7048/6323 7051/7051/6326 7046/7046/6320
f 7048/7048/6323 7052/7052/6324 7053/7053/6327
f 7054/7054/6328 7050/7050/6322 7053/7053/6327
f 7053/7053/6327 7057/7057/6329 7054/7054/6328
f 7053/7053/6327 7055/7055/6330 7056/7056/6330
f 7058/7058/6330 7055/7055/6330 7053/7053/6327
f 7056/7056/6330 7057/7057/6329 7053/7053/6327
f 7053/7053/6327 7052/7052/6324 7058/7058/6330
f 7059/7059/3584 7055/7055/6330 7058/7058/6330
f 7045/7045/6319 7060/7060/6331 7058/7058/6330
f 7058/7058/6330 7052/7052/6324 7045/7045/6319
f 7058/7058/6330 7061/7061/3584 7059/7059/3584
f 7058/7058/6330 7060/7060/6331 7062/7062/6332
f 7062/7062/6332 7061/7061/3584 7058/7058/6330
f 7062/7062/6332 7063/7063/6333 7064/7064/6334
f 7067/7067/6335 7063/7063/6333 7062/7062/6332
f 7064/7064/6334 7061/7061/3584 7062/7062/6332
f 7062/7062/6332 7060/7060/6331 7065/7065/6336
f 7065/7065/6336 7066/7066/6337 7062/7062/6332
f 7062/7062/6332 7066/7066/6337 7067/7067/6335
f 7068/7068/6338 7063/7063/6333 7067/7067/6335
f 7067/7067/6335 7071/7071/6339 7068/7068/6338
f 7067/7067/6335 7066/7066/6337 7069/7069/6340
f 7069/7069/6340 7070/7070/6341 7067/7067/6335
f 7067/7067/6335 7070/7070/6341 7072/7072/6342
f 7072/7072/6342 7071/7071/6339 7067/7067/6335
f 7074/7074/6343 7073/7073/6344 7072/7072/6342
f 7072/7072/6342 7070/7070/6341 7074/7074/6343
f 7069/7069/6340 7075/7075/6345 7074/7074/6343
f 7074/7074/6343 7070/7070/6341 7069/7069/6340
f 7074/7074/6343 7075/7075/6345 7077/7077/6346
f 7078/7078/6347 7073/7073/6344 7074/7074/6343
f 7077/7077/6346 7076/7076/6348 7074/7074/6343
f 7074/7074/6343 7076/7076/6348 7078/7078/6347
f 7078/7078/6347 7076/7076/6348 7079/7079/6349
f 7079/7079/6349 7080/7080/6350 7078/7078/6347
f 7081/7081/6351 7080/7080/6350 7079/7079/6349
f 7081/7081/6351 7083/7083/6352 7082/7082/6353
f 7082/7082/6353 7084/7084/6354 7081/7081/6351
f 7079/7079/6349 7083/7083/6352 7081/7081/6351
f 7085/7085/6355 7084/7084/6354 7082/7082/6353
f 7085/7085/6355 7087/7087/6356 7086/7086/6357
f 7086/7086/6357 7088/7088/6358 7085/7085/6355
f 7082/7082/6353 7087/7087/6356 7085/7085/6355
f 7089/7089/6359 7088/7088/6358 7086/7086/6357
f 7089/7089/6359 7091/7091/6360 7090/7090/6361
f 7090/7090/6361 7092/7092/6362 7089/7089/6359
f 7086/7086/6357 7091/7091/6360 7089/7089/6359
f 7093/7093/6363 7092/7092/6362 7090/7090/6361
f 7093/7093/6363 7095/7095/6364 7094/7094/6365
f 7094/7094/6365 7096/7096/6366 7093/7093/6363
f 7090/7090/6361 7095/7095/6364 7093/7093/6363
f 7097/7097/6367 7096/7096/6366 7094/7094/6365
f 7097/7097/6367 7099/7099/6368 7098/7098/6369
f 7098/7098/6369 7100/7100/6370 7097/7097/6367
f 7094/7094/6365 7099/7099/6368 7097/7097/6367
f 7101/7101/6371 7100/7100/6370 7098/7098/6369
f 7101/7101/6371 7103/7103/6372 7102/7102/6373
f 7102/7102/6373 7104/7104/6374 7101/7101/6371
f 7098/7098/6369 7103/7103/6372 7101/7101/6371
f 7105/7105/6375 7104/7104/6374 7102/7102/6373
f 7105/7105/6375 7107/7107/6376 7106/7106/6377
f 7106/7106/6377 7108/7108/6378 7105/7105/6375
f 7102/7102/6373 7107/7107/6376 7105/7105/6375
f 7109/7109/6379 7108/7108/6378 7106/7106/6377
f 7109/7109/6379 7111/7111/6380 7110/7110/6381
f 7110/7110/6381 7112/7112/6382 7109/7109/6379
f 7106/7106/6377 7111/7111/6380 7109/7109/6379
f 7113/7113/6383 7112/7112/6382 7110/7110/6381
f 7113/7113/6383 7115/7115/6384 7114/7114/6385
f 7114/7114/6385 7116/7116/6386 7113/7113/6383
f 7110/7110/6381 7115/7115/6384 7113/7113/6383
f 7117/7117/6387 7116/7116/6386 7114/7114/6385
f 7117/7117/6387 7119/7119/6388 7118/7118/6389
f 7118/7118/6389 7120/7120/6390 7117/7117/6387
f 7114/7114/6385 7119/7119/6388 7117/7117/6387
f 7121/7121/6391 7120/7120/6390 7118/7118/6389
f 7121/7121/6391 7123/7123/6392 7122/7122/6393
f 7122/7122/6393 7124/7124/6394 7121/7121/6391
f 7118/7118/6389 7123/7123/6392 7121/7121/6391
f 7125/7125/6395 7124/7124/6394 7122/7122/6393
f 7125/7125/6395 7127/7127/6396 7126/7126/6397
f 7126/7126/6397 7128/7128/6398 7125/7125/6395
f 7122/7122/6393 7127/7127/6396 7125/7125/6395
f 7129/7129/6399 7128/7128/6398 7126/7126/6397
f 7129/7129/6399 7131/7131/6400 7130/7130/6401
f 7130/7130/6401 7132/7132/6402 7129/7129/6399
f 7126/7126/6397 7131/7131/6400 7129/7129/6399
f 7133/7133/6403 7132/7132/6402 7130/7130/6401
f 7133/7133/6403 7135/7135/6404 7134/7134/6405
f 7134/7134/6405 7136/7136/6406 7133/7133/6403
f 7130/7130/6401 7135/7135/6404 7133/7133/6403
f 7137/7137/6407 7136/7136/6406 7134/7134/6405
f 7137/7137/6407 7139/7139/6408 7138/7138/6409
f 7138/7138/6409 7140/7140/6410 7137/7137/6407
f 7134/7134/6405 7139/7139/6408 7137/7137/6407
f 7141/7141/6411 7140/7140/6410 7138/7138/6409
f 7141/7141/6411 7143/7143/6412 7142/7142/6413
f 7142/7142/6413 7144/7144/6414 7141/7141/6411
f 7138/7138/6409 7143/7143/6412 7141/7141/6411
f 7145/7145/6415 7144/7144/6414 7142/7142/6413
f 7145/7145/6415 7147/7147/6416 7146/7146/6417
f 7146/7146/6417 7148/7148/6418 7145/7145/6415
f 7142/7142/6413 7147/7147/6416 7145/7145/6415
f 7149/7149/6419 7148/7148/6418 7146/7146/6417
f 7151/7151/6420 7150/7150/6421 7149/7149/6419
f 7149/7149/6419 7152/7152/6422 7151/7151/6420
f 7146/7146/6417 7152/7152/6422 7149/7149/6419
f 7151/7151/6420 7152/7152/6422 7153/7153/6423
f 7153/7153/6423 7152/7152/6422 7146/7146/6417
f 7153/7153/6423 7154/7154/6424 7158/7158/6425
f 7156/7156/6426 7154/7154/6424 7153/7153/6423
f 7153/7153/6423 7157/7157/6427 7151/7151/6420
f 7153/7153/6423 7155/7155/6428 7156/7156/6426
f 7146/7146/6417 7155/7155/6428 7153/7153/6423
f 7158/7158/6425 7157/7157/6427 7153/7153/6423
f 7159/7159/6427 7157/7157/6427 7158/7158/6425
f 7158/7158/6425 7160/7160/6429 7159/7159/6427
f 7161/7161/6430 7160/7160/6429 7158/7158/6425
f 7158/7158/6425 7162/7162/6431 7161/7161/6430
f 7163/7163/6432 7162/7162/6431 7158/7158/6425
f 7158/7158/6425 7154/7154/6424 7163/7163/6432
f 7163/7163/6432 7154/7154/6424 7156/7156/6426
f 7163/7163/6432 7164/7164/6433 7167/7167/6434
f 7166/7166/6435 7164/7164/6433 7163/7163/6432
f 7156/7156/6426 7165/7165/6436 7163/7163/6432
f 7163/7163/6432 7165/7165/6436 7166/7166/6435
f 7167/7167/6434 7162/7162/6431 7163/7163/6432
f 7168/7168/6437 7169/7169/6438 7167/7167/6434
f 7167/7167/6434 7171/7171/6439 7168/7168/6437
f 7167/7167/6434 7164/7164/6433 7170/7170/6440
f 7167/7167/6434 7169/7169/6438 7161/7161/6430
f 7170/7170/6440 7171/7171/6439 7167/7167/6434
f 7161/7161/6430 7162/7162/6431 7167/7167/6434
f 7172/7172/6441 7171/7171/6439 7170/7170/6440
f 7168/7168/6437 7171/7171/6439 7172/7172/6441
f 7170/7170/6440 7173/7173/6442 7172/7172/6441
f 7172/7172/6441 7173/7173/6442 7177/7177/6443
f 7172/7172/6441 7174/7174/6444 7168/7168/6437
f 7175/7175/6445 7174/7174/6444 7172/7172/6441
f 7172/7172/6441 7176/7176/6446 7175/7175/6445
f 7177/7177/6443 7176/7176/6446 7172/7172/6441
f 7180/7180/6447 7176/7176/6446 7177/7177/6443
f 7179/7179/6448 7178/7178/6449 7177/7177/6443
f 7177/7177/6443 7178/7178/6449 7182/7182/6450
f 7177/7177/6443 7173/7173/6442 7179/7179/6448
f 7177/7177/6443 7181/7181/6451 7180/7180/6447
f 7182/7182/6450 7181/7181/6451 7177/7177/6443
f 7182/7182/6450 7178/7178/6449 7187/7187/6452
f 7182/7182/6450 7183/7183/6453 7184/7184/6454
f 7187/7187/6452 7183/7183/6453 7182/7182/6450
f 7184/7184/6454 7185/7185/6455 7182/7182/6450
f 7182/7182/6450 7185/7185/6455 7186/7186/6456
f 7186/7186/6456 7181/7181/6451 7182/7182/6450
f 7188/7188/6457 7183/7183/6453 7187/7187/6452
f 7187/7187/6452 7190/7190/6458 7188/7188/6457
f 7187/7187/6452 7178/7178/6449 7179/7179/6448
f 7179/7179/6448 7189/7189/6459 7187/7187/6452
f 7187/7187/6452 7189/7189/6459 7191/7191/6460
f 7191/7191/6460 7190/7190/6458 7187/7187/6452
f 7191/7191/6460 7189/7189/6459 7192/7192/6461
f 7192/7192/6461 7196/7196/6462 7191/7191/6460
f 7193/7193/6463 7190/7190/6458 7191/7191/6460
f 7191/7191/6460 7194/7194/6464 7193/7193/6463
f 7195/7195/6465 7194/7194/6464 7191/7191/6460
f 7191/7191/6460 7196/7196/6462 7195/7195/6465
f 7195/7195/6465 7196/7196/6462 7197/7197/6466
f 7197/7197/6466 7196/7196/6462 7192/7192/6461
f 7197/7197/6466 7198/7198/6467 7202/7202/6468
f 7192/7192/6461 7198/7198/6467 7197/7197/6466
f 7197/7197/6466 7199/7199/6469 7195/7195/6465
f 7201/7201/6470 7199/7199/6469 7197/7197/6466
f 7197/7197/6466 7200/7200/6471 7201/7201/6470
f 7202/7202/6468 7200/7200/6471 7197/7197/6466
f 7202/7202/6468 7165/7165/6436 7156/7156/6426
f 7156/7156/6426 7203/7203/6472 7202/7202/6468
f 7166/7166/6435 7165/7165/6436 7202/7202/6468
f 7202/7202/6468 7203/7203/6472 7204/7204/6473
f 7204/7204/6473 7200/7200/6471 7202/7202/6468
f 7202/7202/6468 7198/7198/6467 7166/7166/6435
f 7201/7201/6470 7200/7200/6471 7204/7204/6473
f 7204/7204/6473 7205/7205/6474 7201/7201/6470
f 7206/7206/6428 7205/7205/6474 7204/7204/6473
f 7204/7204/6473 7207/7207/6428 7206/7206/6428
f 7208/7208/6428 7207/7207/6428 7204/7204/6473
f 7204/7204/6473 7203/7203/6472 7208/7208/6428
f 7208/7208/6428 7203/7203/6472 7156/7156/6426
f 7156/7156/6426 7155/7155/6428 7208/7208/6428
f 7208/7208/6428 7155/7155/6428 7146/7146/6417
f 7146/7146/6417 7147/7147/6416 7208/7208/6428
f 7208/7208/6428 7147/7147/6416 7142/7142/6413
f 7142/7142/6413 7207/7207/6428 7208/7208/6428
f 7206/7206/6428 7207/7207/6428 7142/7142/6413
f 7210/7210/6475 7205/7205/6474 7206/7206/6428
f 7142/7142/6413 7143/7143/6412 7206/7206/6428
f 7206/7206/6428 7143/7143/6412 7138/7138/6409
f 7138/7138/6409 7209/7209/6428 7206/7206/6428
f 7206/7206/6428 7209/7209/6428 7210/7210/6475
f 7201/7201/6470 7205/7205/6474 7210/7210/6475
f 7210/7210/6475 7211/7211/6476 7201/7201/6470
f 7212/7212/6477 7211/7211/6476 7210/7210/6475
f 7210/7210/6475 7213/7213/6478 7212/7212/6477
f 7214/7214/6428 7213/7213/6478 7210/7210/6475
f 7210/7210/6475 7209/7209/6428 7214/7214/6428
f 7215/7215/6479 7213/7213/6478 7214/7214/6428
f 7214/7214/6428 7209/7209/6428 7138/7138/6409
f 7214/7214/6428 7216/7216/6480 7215/7215/6479
f 7134/7134/6405 7216/7216/6480 7214/7214/6428
f 7138/7138/6409 7139/7139/6408 7214/7214/6428
f 7214/7214/6428 7139/7139/6408 7134/7134/6405
f 7215/7215/6479 7216/7216/6480 7217/7217/6481
f 7217/7217/6481 7216/7216/6480 7134/7134/6405
f 7217/7217/6481 7218/7218/6482 7215/7215/6479
f 7219/7219/6483 7218/7218/6482 7217/7217/6481
f 7217/7217/6481 7220/7220/6484 7219/7219/6483
f 7130/7130/6401 7220/7220/6484 7217/7217/6481
f 7134/7134/6405 7135/7135/6404 7217/7217/6481
f 7217/7217/6481 7135/7135/6404 7130/7130/6401
f 7221/7221/6485 7220/7220/6484 7130/7130/6401
f 7219/7219/6483 7220/7220/6484 7221/7221/6485
f 7221/7221/6485 7222/7222/6486 7219/7219/6483
f 7223/7223/6487 7222/7222/6486 7221/7221/6485
f 7130/7130/6401 7131/7131/6400 7221/7221/6485
f 7221/7221/6485 7131/7131/6400 7126/7126/6397
f 7126/7126/6397 7224/7224/6488 7221/7221/6485
f 7221/7221/6485 7224/7224/6488 7223/7223/6487
f 7223/7223/6487 7224/7224/6488 7225/7225/6489
f 7225/7225/6489 7224/7224/6488 7126/7126/6397
f 7225/7225/6489 7226/7226/6490 7223/7223/6487
f 7227/7227/6491 7226/7226/6490 7225/7225/6489
f 7225/7225/6489 7127/7127/6396 7122/7122/6393
f 7122/7122/6393 7228/7228/6492 7225/7225/6489
f 7225/7225/6489 7228/7228/6492 7227/7227/6491
f 7126/7126/6397 7127/7127/6396 7225/7225/6489
f 7227/7227/6491 7228/7228/6492 7229/7229/6493
f 7229/7229/6493 7228/7228/6492 7122/7122/6393
f 7229/7229/6493 7230/7230/6494 7227/7227/6491
f 7231/7231/6495 7230/7230/6494 7229/7229/6493
f 7229/7229/6493 7232/7232/6496 7231/7231/6495
f 7118/7118/6389 7232/7232/6496 7229/7229/6493
f 7122/7122/6393 7123/7123/6392 7229/7229/6493
f 7229/7229/6493 7123/7123/6392 7118/7118/6389
f 7231/7231/6495 7232/7232/6496 7233/7233/6497
f 7233/7233/6497 7232/7232/6496 7118/7118/6389
f 7233/7233/6497 7234/7234/6498 7231/7231/6495
f 7236/7236/6499 7234/7234/6498 7233/7233/6497
f 7233/7233/6497 7235/7235/6500 7236/7236/6499
f 7114/7114/6385 7235/7235/6500 7233/7233/6497
f 7118/7118/6389 7119/7119/6388 7233/7233/6497
f 7233/7233/6497 7119/7119/6388 7114/7114/6385
f 7241/7241/6501 7234/7234/6498 7236/7236/6499
f 7236/7236/6499 7237/7237/6502 7241/7241/6501
f 7238/7238/6503 7237/7237/6502 7236/7236/6499
f 7236/7236/6499 7239/7239/6504 7238/7238/6503
f 7240/7240/6505 7239/7239/6504 7236/7236/6499
f 7236/7236/6499 7235/7235/6500 7240/7240/6505
f 7241/7241/6501 7242/7242/6506 7231/7231/6495
f 7231/7231/6495 7234/7234/6498 7241/7241/6501
f 7243/7243/6507 7242/7242/6506 7241/7241/6501
f 7241/7241/6501 7244/7244/6508 7243/7243/6507
f 7245/7245/6509 7244/7244/6508 7241/7241/6501
f 7241/7241/6501 7237/7237/6502 7245/7245/6509
f 7246/7246/6510 7247/7247/6511 7245/7245/6509
f 7245/7245/6509 7249/7249/6512 7246/7246/6510
f 7245/7245/6509 7237/7237/6502 7238/7238/6503
f 7245/7245/6509 7247/7247/6511 7248/7248/6513
f 7248/7248/6513 7244/7244/6508 7245/7245/6509
f 7238/7238/6503 7249/7249/6512 7245/7245/6509
f 7250/7250/6514 7249/7249/6512 7238/7238/6503
f 7246/7246/6510 7249/7249/6512 7250/7250/6514
f 7250/7250/6514 7251/7251/6515 7252/7252/6516
f 7255/7255/6517 7251/7251/6515 7250/7250/6514
f 7252/7252/6516 7254/7254/6518 7250/7250/6514
f 7250/7250/6514 7253/7253/6519 7255/7255/6517
f 7238/7238/6503 7253/7253/6519 7250/7250/6514
f 7250/7250/6514 7254/7254/6518 7246/7246/6510
f 7255/7255/6517 7253/7253/6519 7256/7256/6520
f 7256/7256/6520 7258/7258/6521 7255/7255/6517
f 7257/7257/6522 7251/7251/6515 7255/7255/6517
f 7255/7255/6517 7260/7260/6523 7257/7257/6522
f 7255/7255/6517 7258/7258/6521 7259/7259/6524
f 7259/7259/6524 7260/7260/6523 7255/7255/6517
f 7261/7261/6525 7260/7260/6523 7259/7259/6524
f 7257/7257/6522 7260/7260/6523 7261/7261/6525
f 7259/7259/6524 7262/7262/6526 7261/7261/6525
f 7261/7261/6525 7262/7262/6526 7263/7263/6527
f 7263/7263/6527 7264/7264/6528 7261/7261/6525
f 7261/7261/6525 7264/7264/6528 7265/7265/6529
f 7265/7265/6529 7266/7266/6530 7261/7261/6525
f 7261/7261/6525 7266/7266/6530 7257/7257/6522
f 7257/7257/6522 7266/7266/6530 7267/7267/6531
f 7267/7267/6531 7266/7266/6530 7265/7265/6529
f 7267/7267/6531 7269/7269/6532 7268/7268/6533
f 7268/7268/6533 7270/7270/6534 7267/7267/6531
f 7271/7271/6535 7269/7269/6532 7267/7267/6531
f 7267/7267/6531 7270/7270/6534 7257/7257/6522
f 7267/7267/6531 7272/7272/6536 7271/7271/6535
f 7265/7265/6529 7272/7272/6536 7267/7267/6531
f 7271/7271/6535 7272/7272/6536 7273/7273/6537
f 7273/7273/6537 7272/7272/6536 7265/7265/6529
f 7273/7273/6537 7274/7274/6538 7271/7271/6535
f 7275/7275/6539 7274/7274/6538 7273/7273/6537
f 7273/7273/6537 7276/7276/6540 7275/7275/6539
f 7277/7277/6541 7276/7276/6540 7273/7273/6537
f 7265/7265/6529 7278/7278/6542 7273/7273/6537
f 7273/7273/6537 7278/7278/6542 7277/7277/6541
f 7279/7279/6543 7278/7278/6542 7265/7265/6529
f 7277/7277/6541 7278/7278/6542 7279/7279/6543
f 7279/7279/6543 7264/7264/6528 7263/7263/6527
f 7263/7263/6527 7281/7281/6544 7279/7279/6543
f 7265/7265/6529 7264/7264/6528 7279/7279/6543
f 7279/7279/6543 7280/7280/6545 7277/7277/6541
f 7282/7282/6546 7280/7280/6545 7279/7279/6543
f 7279/7279/6543 7281/7281/6544 7282/7282/6546
f 7282/7282/6546 7281/7281/6544 7283/7283/6547
f 7283/7283/6547 7287/7287/6548 7282/7282/6546
f 7284/7284/6549 7280/7280/6545 7282/7282/6546
f 7282/7282/6546 7285/7285/6550 7284/7284/6549
f 7286/7286/6551 7285/7285/6550 7282/7282/6546
f 7282/7282/6546 7287/7287/6548 7286/7286/6551
f 7098/7098/6369 7287/7287/6548 7283/7283/6547
f 7286/7286/6551 7287/7287/6548 7098/7098/6369
f 7288/7288/6552 7285/7285/6550 7286/7286/6551
f 7098/7098/6369 7099/7099/6368 7286/7286/6551
f 7286/7286/6551 7099/7099/6368 7094/7094/6365
f 7094/7094/6365 7289/7289/6553 7286/7286/6551
f 7286/7286/6551 7289/7289/6553 7288/7288/6552
f 7288/7288/6552 7289/7289/6553 7290/7290/6554
f 7290/7290/6554 7289/7289/6553 7094/7094/6365
f 7290/7290/6554 7291/7291/6555 7288/7288/6552
f 7292/7292/6556 7291/7291/6555 7290/7290/6554
f 7094/7094/6365 7095/7095/6364 7290/7290/6554
f 7290/7290/6554 7095/7095/6364 7090/7090/6361
f 7090/7090/6361 7293/7293/6557 7290/7290/6554
f 7290/7290/6554 7293/7293/6557 7292/7292/6556
f 7292/7292/6556 7293/7293/6557 7294/7294/6558
f 7294/7294/6558 7293/7293/6557 7090/7090/6361
f 7294/7294/6558 7295/7295/6559 7292/7292/6556
f 7297/7297/6560 7295/7295/6559 7294/7294/6558
f 7294/7294/6558 7296/7296/6561 7297/7297/6560
f 7086/7086/6357 7296/7296/6561 7294/7294/6558
f 7090/7090/6361 7091/7091/6360 7294/7294/6558
f 7294/7294/6558 7091/7091/6360 7086/7086/6357
f 7302/7302/6562 7295/7295/6559 7297/7297/6560
f 7297/7297/6560 7298/7298/6563 7302/7302/6562
f 7299/7299/6564 7298/7298/6563 7297/7297/6560
f 7297/7297/6560 7300/7300/6565 7299/7299/6564
f 7301/7301/6566 7300/7300/6565 7297/7297/6560
f 7297/7297/6560 7296/7296/6561 7301/7301/6566
f 7302/7302/6562 7303/7303/6567 7292/7292/6556
f 7292/7292/6556 7295/7295/6559 7302/7302/6562
f 7304/7304/6568 7303/7303/6567 7302/7302/6562
f 7302/7302/6562 7298/7298/6563 7306/7306/6569
f 7302/7302/6562 7305/7305/6570 7304/7304/6568
f 7306/7306/6569 7305/7305/6570 7302/7302/6562
f 7307/7307/6571 7305/7305/6570 7306/7306/6569
f 7306/7306/6569 7309/7309/6572 7307/7307/6571
f 7306/7306/6569 7308/7308/6573 7310/7310/6574
f 7299/7299/6564 7308/7308/6573 7306/7306/6569
f 7306/7306/6569 7298/7298/6563 7299/7299/6564
f 7310/7310/6574 7309/7309/6572 7306/7306/6569
f 7310/7310/6574 7312/7312/6575 7311/7311/6576
f 7311/7311/6576 7313/7313/6577 7310/7310/6574
f 7315/7315/6578 7312/7312/6575 7310/7310/6574
f 7310/7310/6574 7313/7313/6577 7314/7314/6579
f 7314/7314/6579 7309/7309/6572 7310/7310/6574
f 7310/7310/6574 7308/7308/6573 7315/7315/6578
f 7315/7315/6578 7316/7316/6580 7317/7317/6581
f 7299/7299/6564 7316/7316/6580 7315/7315/6578
f 7317/7317/6581 7319/7319/6582 7315/7315/6578
f 7315/7315/6578 7308/7308/6573 7299/7299/6564
f 7318/7318/6583 7312/7312/6575 7315/7315/6578
f 7315/7315/6578 7319/7319/6582 7318/7318/6583
f 7320/7320/6584 7319/7319/6582 7317/7317/6581
f 7318/7318/6583 7319/7319/6582 7320/7320/6584
f 7317/7317/6581 7321/7321/6585 7320/7320/6584
f 7320/7320/6584 7038/7038/6316 7034/7034/6310
f 7040/7040/6315 7038/7038/6316 7320/7320/6584
f 7034/7034/6310 7322/7322/6586 7320/7320/6584
f 7320/7320/6584 7321/7321/6585 7040/7040/6315
f 7320/7320/6584 7322/7322/6586 7318/7318/6583
f 7323/7323/6587 7322/7322/6586 7034/7034/6310
f 7318/7318/6583 7322/7322/6586 7323/7323/6587
f 7025/7025/6300 7325/7325/6588 7323/7323/6587
f 7323/7323/6587 7033/7033/6306 7025/7025/6300
f 7324/7324/6589 7326/7326/6590 7323/7323/6587
f 7323/7323/6587 7325/7325/6588 7324/7324/6589
f 7034/7034/6310 7033/7033/6306 7323/7323/6587
f 7323/7323/6587 7326/7326/6590 7318/7318/6583
f 7311/7311/6576 7326/7326/6590 7324/7324/6589
f 7318/7318/6583 7326/7326/6590 7311/7311/6576
f 7327/7327/6591 7325/7325/6588 7025/7025/6300
f 7324/7324/6589 7325/7325/6588 7327/7327/6591
f 7327/7327/6591 7328/7328/6592 7324/7324/6589
f 7025/7025/6300 7028/7028/6302 7327/7327/6591
f 7330/7330/6593 7328/7328/6592 7327/7327/6591
f 7026/7026/6303 7329/7329/6594 7327/7327/6591
f 7327/7327/6591 7028/7028/6302 7026/7026/6303
f 7327/7327/6591 7329/7329/6594 7330/7330/6593
f 7330/7330/6593 7329/7329/6594 7331/7331/6595
f 7331/7331/6595 7333/7333/6596 7330/7330/6593
f 7330/7330/6593 7333/7333/6596 7332/7332/6597
f 7332/7332/6597 7328/7328/6592 7330/7330/6593
f 7334/7334/6598 7333/7333/6596 7331/7331/6595
f 7332/7332/6597 7333/7333/6596 7334/7334/6598
f 7334/7334/6598 7336/7336/6599 7335/7335/6600
f 7335/7335/6600 7338/7338/6601 7334/7334/6598
f 7337/7337/6602 7336/7336/6599 7334/7334/6598
f 7334/7334/6598 7338/7338/6601 7332/7332/6597
f 7334/7334/6598 7339/7339/6603 7337/7337/6602
f 7331/7331/6595 7339/7339/6603 7334/7334/6598
f 7340/7340/6604 7339/7339/6603 7331/7331/6595
f 7337/7337/6602 7339/7339/6603 7340/7340/6604
f 7340/7340/6604 7342/7342/6605 7341/7341/6606
f 7341/7341/6606 7343/7343/6607 7340/7340/6604
f 7340/7340/6604 7344/7344/6608 7021/7021/6296
f 7021/7021/6296 7342/7342/6605 7340/7340/6604
f 7340/7340/6604 7343/7343/6607 7337/7337/6602
f 7331/7331/6595 7344/7344/6608 7340/7340/6604
f 7026/7026/6303 7344/7344/6608 7331/7331/6595
f 7021/7021/6296 7344/7344/6608 7026/7026/6303
f 7345/7345/6609 7343/7343/6607 7341/7341/6606
f 7337/7337/6602 7343/7343/6607 7345/7345/6609
f 7349/7349/6610 7346/7346/6611 7345/7345/6609
f 7345/7345/6609 7346/7346/6611 7347/7347/6612
f 7341/7341/6606 7350/7350/6613 7345/7345/6609
f 7347/7347/6612 7348/7348/6614 7345/7345/6609
f 7345/7345/6609 7348/7348/6614 7337/7337/6602
f 7345/7345/6609 7350/7350/6613 7349/7349/6610
f 7349/7349/6610 7350/7350/6613 7351/7351/6615
f 7351/7351/6615 7350/7350/6613 7341/7341/6606
f 7351/7351/6615 7353/7353/6616 7352/7352/6617
f 7352/7352/6617 7354/7354/6617 7351/7351/6615
f 7355/7355/6618 7353/7353/6616 7351/7351/6615
f 7351/7351/6615 7354/7354/6617 7349/7349/6610
f 7351/7351/6615 7356/7356/6619 7355/7355/6618
f 7341/7341/6606 7356/7356/6619 7351/7351/6615
f 7355/7355/6618 7356/7356/6619 7357/7357/6620
f 7357/7357/6620 7356/7356/6619 7341/7341/6606
f 7357/7357/6620 7020/7020/6295 7015/7015/6292
f 7015/7015/6292 7358/7358/6621 7357/7357/6620
f 7021/7021/6296 7020/7020/6295 7357/7357/6620
f 7357/7357/6620 7358/7358/6621 7355/7355/6618
f 7341/7341/6606 7342/7342/6605 7357/7357/6620
f 7357/7357/6620 7342/7342/6605 7021/7021/6296
f 7359/7359/6622 7358/7358/6621 7015/7015/6292
f 7355/7355/6618 7358/7358/6621 7359/7359/6622
f 7359/7359/6622 7017/7017/6289 7010/7010/6287
f 7015/7015/6292 7017/7017/6289 7359/7359/6622
f 7361/7361/6623 7360/7360/6624 7359/7359/6622
f 7359/7359/6622 7360/7360/6624 7355/7355/6618
f 7359/7359/6622 7362/7362/6625 7361/7361/6623
f 7010/7010/6287 7362/7362/6625 7359/7359/6622
f 7363/7363/6626 7362/7362/6625 7010/7010/6287
f 7361/7361/6623 7362/7362/6625 7363/7363/6626
f 7363/7363/6626 7011/7011/6286 7004/7004/6277
f 7004/7004/6277 7365/7365/6627 7363/7363/6626
f 7363/7363/6626 7365/7365/6627 7364/7364/6628
f 7364/7364/6628 7366/7366/6629 7363/7363/6626
f 7010/7010/6287 7011/7011/6286 7363/7363/6626
f 7363/7363/6626 7366/7366/6629 7361/7361/6623
f 7361/7361/6623 7366/7366/6629 7367/7367/6630
f 7367/7367/6630 7366/7366/6629 7364/7364/6628
f 7367/7367/6630 7369/7369/6631 7368/7368/6617
f 7368/7368/6617 7372/7372/6630 7367/7367/6630
f 7370/7370/6631 7369/7369/6631 7367/7367/6630
f 7367/7367/6630 7371/7371/6630 7370/7370/6631
f 7364/7364/6628 7371/7371/6630 7367/7367/6630
f 7367/7367/6630 7372/7372/6630 7361/7361/6623
f 7373/7373/6616 7372/7372/6630 7368/7368/6617
f 7361/7361/6623 7372/7372/6630 7373/7373/6616
f 7368/7368/6617 7374/7374/6617 7373/7373/6616
f 7373/7373/6616 7360/7360/6624 7361/7361/6623
f 7355/7355/6618 7360/7360/6624 7373/7373/6616
f 7373/7373/6616 7374/7374/6617 7352/7352/6617
f 7352/7352/6617 7353/7353/6616 7373/7373/6616
f 7373/7373/6616 7353/7353/6616 7355/7355/6618
f 7375/7375/6632 7374/7374/6617 7368/7368/6617
f 7352/7352/6617 7374/7374/6617 7375/7375/6632
f 7377/7377/6633 7376/7376/6633 7375/7375/6632
f 7375/7375/6632 7376/7376/6633 7379/7379/6633
f 7375/7375/6632 7378/7378/6632 7377/7377/6633
f 7368/7368/6617 7378/7378/6632 7375/7375/6632
f 7379/7379/6633 7380/7380/6632 7375/7375/6632
f 7375/7375/6632 7380/7380/6632 7352/7352/6617
f 7381/7381/6632 7380/7380/6632 7379/7379/6633
f 7352/7352/6617 7380/7380/6632 7381/7381/6632
f 7379/7379/6633 7382/7382/6633 7381/7381/6632
f 7381/7381/6632 7382/7382/6633 7383/7383/6633
f 7381/7381/6632 7354/7354/6617 7352/7352/6617
f 7349/7349/6610 7354/7354/6617 7381/7381/6632
f 7383/7383/6633 7384/7384/6632 7381/7381/6632
f 7381/7381/6632 7384/7384/6632 7349/7349/6610
f 7385/7385/6632 7384/7384/6632 7383/7383/6633
f 7349/7349/6610 7384/7384/6632 7385/7385/6632
f 7383/7383/6633 7386/7386/6633 7385/7385/6632
f 7385/7385/6632 7346/7346/6611 7349/7349/6610
f 7347/7347/6612 7346/7346/6611 7385/7385/6632
f 7385/7385/6632 7386/7386/6633 7387/7387/6633
f 7387/7387/6633 7388/7388/6632 7385/7385/6632
f 7385/7385/6632 7388/7388/6632 7347/7347/6612
f 7347/7347/6612 7388/7388/6632 7389/7389/6634
f 7389/7389/6634 7388/7388/6632 7387/7387/6633
f 7387/7387/6633 7390/7390/6633 7389/7389/6634
f 7389/7389/6634 7390/7390/6633 7394/7394/6635
f 7394/7394/6635 7391/7391/6636 7389/7389/6634
f 7389/7389/6634 7391/7391/6636 7392/7392/6637
f 7392/7392/6637 7393/7393/6638 7389/7389/6634
f 7389/7389/6634 7393/7393/6638 7347/7347/6612
f 7394/7394/6635 7395/7395/6639 7399/7399/6640
f 7397/7397/6641 7395/7395/6639 7394/7394/6635
f 7396/7396/6642 7391/7391/6636 7394/7394/6635
f 7394/7394/6635 7390/7390/6633 7397/7397/6641
f 7394/7394/6635 7398/7398/6643 7396/7396/6642
f 7399/7399/6640 7398/7398/6643 7394/7394/6635
f 7399/7399/6640 7400/7400/6644 7275/7275/6539
f 7403/7403/6645 7400/7400/6644 7399/7399/6640
f 7275/7275/6539 7401/7401/6646 7399/7399/6640
f 7399/7399/6640 7401/7401/6646 7402/7402/6647
f 7402/7402/6647 7398/7398/6643 7399/7399/6640
f 7399/7399/6640 7395/7395/6639 7403/7403/6645
f 7403/7403/6645 7395/7395/6639 7397/7397/6641
f 7404/7404/6648 7400/7400/6644 7403/7403/6645
f 7403/7403/6645 7407/7407/6649 7404/7404/6648
f 7405/7405/6650 7407/7407/6649 7403/7403/6645
f 7403/7403/6645 7406/7406/6651 7405/7405/6650
f 7397/7397/6641 7406/7406/6651 7403/7403/6645
f 7404/7404/6648 7407/7407/6649 7408/7408/6652
f 7408/7408/6652 7407/7407/6649 7405/7405/6650
f 7408/7408/6652 7409/7409/6653 7404/7404/6648
f 7405/7405/6650 7410/7410/6654 7408/7408/6652
f 7411/7411/6655 7409/7409/6653 7408/7408/6652
f 7408/7408/6652 7410/7410/6654 7413/7413/6656
f 7408/7408/6652 7412/7412/6657 7411/7411/6655
f 7413/7413/6656 7412/7412/6657 7408/7408/6652
f 7413/7413/6656 7415/7415/6658 7414/7414/6659
f 7414/7414/6659 7417/7417/6660 7413/7413/6656
f 7418/7418/6661 7415/7415/6658 7413/7413/6656
f 7416/7416/6662 7412/7412/6657 7413/7413/6656
f 7413/7413/6656 7417/7417/6660 7416/7416/6662
f 7413/7413/6656 7410/7410/6654 7418/7418/6661
f 7419/7419/6663 7415/7415/6658 7418/7418/6661
f 7418/7418/6661 7421/7421/6664 7419/7419/6663
f 7420/7420/6665 7421/7421/6664 7418/7418/6661
f 7418/7418/6661 7422/7422/6666 7420/7420/6665
f 7405/7405/6650 7422/7422/6666 7418/7418/6661
f 7418/7418/6661 7410/7410/6654 7405/7405/6650
f 7423/7423/6667 7422/7422/6666 7405/7405/6650
f 7420/7420/6665 7422/7422/6666 7423/7423/6667
f 7424/7424/6641 7425/7425/6668 7423/7423/6667
f 7423/7423/6667 7426/7426/6641 7424/7424/6641
f 7423/7423/6667 7425/7425/6668 7420/7420/6665
f 7405/7405/6650 7406/7406/6651 7423/7423/6667
f 7423/7423/6667 7406/7406/6651 7397/7397/6641
f 7397/7397/6641 7426/7426/6641 7423/7423/6667
f 7424/7424/6641 7426/7426/6641 7387/7387/6633
f 7387/7387/6633 7426/7426/6641 7397/7397/6641
f 7427/7427/6669 7425/7425/6668 7424/7424/6641
f 7420/7420/6665 7425/7425/6668 7427/7427/6669
f 7428/7428/6641 7430/7430/6670 7427/7427/6669
f 7427/7427/6669 7431/7431/6641 7428/7428/6641
f 7427/7427/6669 7429/7429/6671 7420/7420/6665
f 7432/7432/6672 7429/7429/6671 7427/7427/6669
f 7427/7427/6669 7430/7430/6670 7432/7432/6672
f 7424/7424/6641 7431/7431/6641 7427/7427/6669
f 7432/7432/6672 7434/7434/6673 7433/7433/6674
f 7433/7433/6674 7435/7435/6675 7432/7432/6672
f 7436/7436/6676 7434/7434/6673 7432/7432/6672
f 7432/7432/6672 7435/7435/6675 7437/7437/6677
f 7432/7432/6672 7430/7430/6670 7436/7436/6676
f 7437/7437/6677 7429/7429/6671 7432/7432/6672
f 7437/7437/6677 7435/7435/6675 7438/7438/6678
f 7419/7419/6663 7421/7421/6664 7437/7437/6677
f 7437/7437/6677 7439/7439/6679 7419/7419/6663
f 7420/7420/6665 7429/7429/6671 7437/7437/6677
f 7437/7437/6677 7421/7421/6664 7420/7420/6665
f 7438/7438/6678 7439/7439/6679 7437/7437/6677
f 7440/7440/6680 7439/7439/6679 7438/7438/6678
f 7419/7419/6663 7439/7439/6679 7440/7440/6680
f 7438/7438/6678 7442/7442/6681 7440/7440/6680
f 7440/7440/6680 7441/7441/6682 7443/7443/6683
f 7445/7445/6684 7441/7441/6682 7440/7440/6680
f 7440/7440/6680 7442/7442/6681 7445/7445/6684
f 7443/7443/6683 7444/7444/6685 7440/7440/6680
f 7440/7440/6680 7444/7444/6685 7419/7419/6663
f 7445/7445/6684 7447/7447/6686 7446/7446/6687
f 7446/7446/6687 7448/7448/6688 7445/7445/6684
f 7449/7449/6689 7447/7447/6686 7445/7445/6684
f 7445/7445/6684 7448/7448/6688 7450/7450/6690
f 7445/7445/6684 7442/7442/6681 7449/7449/6689
f 7450/7450/6690 7441/7441/6682 7445/7445/6684
f 7450/7450/6690 7448/7448/6688 7453/7453/6691
f 7451/7451/6692 7452/7452/6693 7450/7450/6690
f 7450/7450/6690 7454/7454/6694 7451/7451/6692
f 7443/7443/6683 7441/7441/6682 7450/7450/6690
f 7450/7450/6690 7452/7452/6693 7443/7443/6683
f 7453/7453/6691 7454/7454/6694 7450/7450/6690
f 7455/7455/6695 7454/7454/6694 7453/7453/6691
f 7451/7451/6692 7454/7454/6694 7455/7455/6695
f 7455/7455/6695 7456/7456/6696 7457/7457/6697
f 7459/7459/6698 7456/7456/6696 7455/7455/6695
f 7453/7453/6691 7458/7458/6699 7455/7455/6695
f 7457/7457/6697 7460/7460/6700 7455/7455/6695
f 7455/7455/6695 7458/7458/6699 7459/7459/6698
f 7455/7455/6695 7460/7460/6700 7451/7451/6692
f 7451/7451/6692 7460/7460/6700 7461/7461/6701
f 7461/7461/6701 7460/7460/6700 7457/7457/6697
f 7461/7461/6701 7464/7464/6702 7451/7451/6692
f 7461/7461/6701 7462/7462/6703 7463/7463/6704
f 7457/7457/6697 7462/7462/6703 7461/7461/6701
f 7463/7463/6704 7466/7466/6705 7461/7461/6701
f 7465/7465/6706 7464/7464/6702 7461/7461/6701
f 7461/7461/6701 7466/7466/6705 7465/7465/6706
f 7467/7467/6707 7466/7466/6705 7463/7463/6704
f 7465/7465/6706 7466/7466/6705 7467/7467/6707
f 7467/7467/6707 7468/7468/6708 7465/7465/6706
f 7472/7472/6709 7468/7468/6708 7467/7467/6707
f 7470/7470/6710 7469/7469/6711 7467/7467/6707
f 7467/7467/6707 7469/7469/6711 7472/7472/6709
f 7467/7467/6707 7471/7471/6712 7470/7470/6710
f 7463/7463/6704 7471/7471/6712 7467/7467/6707
f 7472/7472/6709 7469/7469/6711 7473/7473/6713
f 7473/7473/6713 7476/7476/6714 7472/7472/6709
f 7475/7475/6715 7474/7474/6716 7472/7472/6709
f 7472/7472/6709 7474/7474/6716 7477/7477/6717
f 7472/7472/6709 7476/7476/6714 7475/7475/6715
f 7477/7477/6717 7468/7468/6708 7472/7472/6709
f 7478/7478/6718 7480/7480/6719 7477/7477/6717
f 7477/7477/6717 7479/7479/6720 7478/7478/6718
f 7465/7465/6706 7468/7468/6708 7477/7477/6717
f 7481/7481/6721 7479/7479/6720 7477/7477/6717
f 7477/7477/6717 7480/7480/6719 7465/7465/6706
f 7477/7477/6717 7474/7474/6716 7481/7481/6721
f 7481/7481/6721 7474/7474/6716 7475/7475/6715
f 7475/7475/6715 7482/7482/6722 7481/7481/6721
f 7481/7481/6721 7482/7482/6722 7268/7268/6533
f 7268/7268/6533 7483/7483/6723 7481/7481/6721
f 7481/7481/6721 7483/7483/6723 7416/7416/6662
f 7416/7416/6662 7479/7479/6720 7481/7481/6721
f 7411/7411/6655 7483/7483/6723 7268/7268/6533
f 7416/7416/6662 7483/7483/6723 7411/7411/6655
f 7252/7252/6516 7482/7482/6722 7475/7475/6715
f 7268/7268/6533 7482/7482/6722 7252/7252/6516
f 7484/7484/6724 7480/7480/6719 7478/7478/6718
f 7465/7465/6706 7480/7480/6719 7484/7484/6724
f 7451/7451/6692 7464/7464/6702 7484/7484/6724
f 7484/7484/6724 7452/7452/6693 7451/7451/6692
f 7443/7443/6683 7452/7452/6693 7484/7484/6724
f 7484/7484/6724 7485/7485/6725 7443/7443/6683
f 7484/7484/6724 7464/7464/6702 7465/7465/6706
f 7478/7478/6718 7485/7485/6725 7484/7484/6724
f 7414/7414/6659 7485/7485/6725 7478/7478/6718
f 7443/7443/6683 7485/7485/6725 7414/7414/6659
f 7478/7478/6718 7479/7479/6720 7416/7416/6662
f 7416/7416/6662 7417/7417/6660 7478/7478/6718
f 7478/7478/6718 7417/7417/6660 7414/7414/6659
f 7246/7246/6510 7476/7476/6714 7473/7473/6713
f 7475/7475/6715 7476/7476/6714 7246/7246/6510
f 7246/7246/6510 7254/7254/6518 7475/7475/6715
f 7475/7475/6715 7254/7254/6518 7252/7252/6516
f 7473/7473/6713 7469/7469/6711 7470/7470/6710
f 7470/7470/6710 7486/7486/6726 7473/7473/6713
f 7473/7473/6713 7247/7247/6511 7246/7246/6510
f 7248/7248/6513 7247/7247/6511 7473/7473/6713
f 7473/7473/6713 7486/7486/6726 7248/7248/6513
f 7487/7487/6727 7486/7486/6726 7470/7470/6710
f 7248/7248/6513 7486/7486/6726 7487/7487/6727
f 7470/7470/6710 7488/7488/6728 7487/7487/6727
f 7487/7487/6727 7488/7488/6728 7489/7489/6729
f 7489/7489/6729 7491/7491/6730 7487/7487/6727
f 7487/7487/6727 7490/7490/6731 7248/7248/6513
f 7492/7492/6732 7490/7490/6731 7487/7487/6727
f 7487/7487/6727 7491/7491/6730 7492/7492/6732
f 7492/7492/6732 7491/7491/6730 7493/7493/6733
f 7493/7493/6733 7496/7496/6734 7492/7492/6732
f 7492/7492/6732 7496/7496/6734 7494/7494/6735
f 7494/7494/6735 7495/7495/6736 7492/7492/6732
f 7492/7492/6732 7495/7495/6736 7243/7243/6507
f 7243/7243/6507 7490/7490/6731 7492/7492/6732
f 7494/7494/6735 7496/7496/6734 7497/7497/6737
f 7497/7497/6737 7496/7496/6734 7493/7493/6733
f 7497/7497/6737 7498/7498/6738 7502/7502/6739
f 7493/7493/6733 7498/7498/6738 7497/7497/6737
f 7497/7497/6737 7501/7501/6740 7499/7499/6741
f 7499/7499/6741 7500/7500/6742 7497/7497/6737
f 7497/7497/6737 7500/7500/6742 7494/7494/6735
f 7502/7502/6739 7501/7501/6740 7497/7497/6737
f 7502/7502/6739 7503/7503/6743 7504/7504/6744
f 7507/7507/6745 7503/7503/6743 7502/7502/6739
f 7504/7504/6744 7501/7501/6740 7502/7502/6739
f 7505/7505/6746 7506/7506/6747 7502/7502/6739
f 7502/7502/6739 7498/7498/6738 7505/7505/6746
f 7502/7502/6739 7506/7506/6747 7507/7507/6745
f 7507/7507/6745 7509/7509/6748 7508/7508/6749
f 7508/7508/6749 7512/7512/6750 7507/7507/6745
f 7510/7510/6751 7509/7509/6748 7507/7507/6745
f 7507/7507/6745 7506/7506/6747 7510/7510/6751
f 7507/7507/6745 7512/7512/6750 7511/7511/6752
f 7511/7511/6752 7503/7503/6743 7507/7507/6745
f 7511/7511/6752 7512/7512/6750 7513/7513/6753
f 7513/7513/6753 7512/7512/6750 7508/7508/6749
f 7513/7513/6753 7515/7515/6754 7514/7514/6755
f 7514/7514/6755 7516/7516/6756 7513/7513/6753
f 7508/7508/6749 7515/7515/6754 7513/7513/6753
f 7513/7513/6753 7516/7516/6756 7517/7517/6757
f 7517/7517/6757 7518/7518/6758 7513/7513/6753
f 7513/7513/6753 7518/7518/6758 7511/7511/6752
f 7519/7519/6759 7518/7518/6758 7517/7517/6757
f 7511/7511/6752 7518/7518/6758 7519/7519/6759
f 7517/7517/6757 7522/7522/6760 7519/7519/6759
f 7519/7519/6759 7524/7524/6761 7520/7520/6762
f 7520/7520/6762 7523/7523/6763 7519/7519/6759
f 7519/7519/6759 7522/7522/6760 7521/7521/6764
f 7521/7521/6764 7524/7524/6761 7519/7519/6759
f 7519/7519/6759 7523/7523/6763 7511/7511/6752
f 7525/7525/6765 7524/7524/6761 7521/7521/6764
f 7520/7520/6762 7524/7524/6761 7525/7525/6765
f 7525/7525/6765 7526/7526/6766 7215/7215/6479
f 7215/7215/6479 7218/7218/6482 7525/7525/6765
f 7521/7521/6764 7526/7526/6766 7525/7525/6765
f 7525/7525/6765 7527/7527/6767 7520/7520/6762
f 7525/7525/6765 7218/7218/6482 7219/7219/6483
f 7219/7219/6483 7527/7527/6767 7525/7525/6765
f 7528/7528/6768 7527/7527/6767 7219/7219/6483
f 7520/7520/6762 7527/7527/6767 7528/7528/6768
f 7219/7219/6483 7222/7222/6486 7528/7528/6768
f 7528/7528/6768 7222/7222/6486 7223/7223/6487
f 7223/7223/6487 7529/7529/6769 7528/7528/6768
f 7528/7528/6768 7529/7529/6769 7499/7499/6741
f 7528/7528/6768 7530/7530/6770 7520/7520/6762
f 7499/7499/6741 7530/7530/6770 7528/7528/6768
f 7504/7504/6744 7530/7530/6770 7499/7499/6741
f 7520/7520/6762 7530/7530/6770 7504/7504/6744
f 7531/7531/6771 7529/7529/6769 7223/7223/6487
f 7499/7499/6741 7529/7529/6769 7531/7531/6771
f 7223/7223/6487 7226/7226/6490 7531/7531/6771
f 7531/7531/6771 7500/7500/6742 7499/7499/6741
f 7494/7494/6735 7500/7500/6742 7531/7531/6771
f 7531/7531/6771 7532/7532/6772 7494/7494/6735
f 7531/7531/6771 7226/7226/6490 7227/7227/6491
f 7227/7227/6491 7532/7532/6772 7531/7531/6771
f 7533/7533/6773 7532/7532/6772 7227/7227/6491
f 7494/7494/6735 7532/7532/6772 7533/7533/6773
f 7227/7227/6491 7230/7230/6494 7533/7533/6773
f 7533/7533/6773 7230/7230/6494 7231/7231/6495
f 7231/7231/6495 7242/7242/6506 7533/7533/6773
f 7533/7533/6773 7242/7242/6506 7243/7243/6507
f 7533/7533/6773 7495/7495/6736 7494/7494/6735
f 7243/7243/6507 7495/7495/6736 7533/7533/6773
f 7215/7215/6479 7526/7526/6766 7212/7212/6477
f 7212/7212/6477 7526/7526/6766 7521/7521/6764
f 7511/7511/6752 7523/7523/6763 7504/7504/6744
f 7504/7504/6744 7523/7523/6763 7520/7520/6762
f 7534/7534/6774 7522/7522/6760 7517/7517/6757
f 7521/7521/6764 7522/7522/6760 7534/7534/6774
f 7534/7534/6774 7536/7536/6775 7535/7535/6776
f 7535/7535/6776 7539/7539/6777 7534/7534/6774
f 7517/7517/6757 7536/7536/6775 7534/7534/6774
f 7534/7534/6774 7539/7539/6777 7537/7537/6778
f 7537/7537/6778 7538/7538/6779 7534/7534/6774
f 7534/7534/6774 7538/7538/6779 7521/7521/6764
f 7537/7537/6778 7539/7539/6777 7195/7195/6465
f 7195/7195/6465 7539/7539/6777 7535/7535/6776
f 7212/7212/6477 7538/7538/6779 7537/7537/6778
f 7521/7521/6764 7538/7538/6779 7212/7212/6477
f 7537/7537/6778 7211/7211/6476 7212/7212/6477
f 7201/7201/6470 7211/7211/6476 7537/7537/6778
f 7195/7195/6465 7199/7199/6469 7537/7537/6778
f 7537/7537/6778 7199/7199/6469 7201/7201/6470
f 7535/7535/6776 7536/7536/6775 7540/7540/6780
f 7540/7540/6780 7536/7536/6775 7517/7517/6757
f 7540/7540/6780 7516/7516/6756 7514/7514/6755
f 7514/7514/6755 7541/7541/6781 7540/7540/6780
f 7540/7540/6780 7541/7541/6781 7542/7542/6782
f 7542/7542/6782 7543/7543/6783 7540/7540/6780
f 7540/7540/6780 7543/7543/6783 7535/7535/6776
f 7517/7517/6757 7516/7516/6756 7540/7540/6780
f 7535/7535/6776 7543/7543/6783 7193/7193/6463
f 7193/7193/6463 7543/7543/6783 7542/7542/6782
f 7542/7542/6782 7544/7544/6784 7545/7545/6785
f 7546/7546/6786 7544/7544/6784 7542/7542/6782
f 7542/7542/6782 7541/7541/6781 7546/7546/6786
f 7545/7545/6785 7547/7547/6787 7542/7542/6782
f 7542/7542/6782 7547/7547/6787 7193/7193/6463
f 7188/7188/6457 7547/7547/6787 7545/7545/6785
f 7193/7193/6463 7547/7547/6787 7188/7188/6457
f 7546/7546/6786 7548/7548/6788 7551/7551/6789
f 7514/7514/6755 7548/7548/6788 7546/7546/6786
f 7546/7546/6786 7541/7541/6781 7514/7514/6755
f 7546/7546/6786 7550/7550/6790 7549/7549/6791
f 7549/7549/6791 7544/7544/6784 7546/7546/6786
f 7551/7551/6789 7550/7550/6790 7546/7546/6786
f 7552/7552/6792 7550/7550/6790 7551/7551/6789
f 7551/7551/6789 7553/7553/6793 7552/7552/6792
f 7551/7551/6789 7548/7548/6788 7556/7556/6794
f 7554/7554/6795 7553/7553/6793 7551/7551/6789
f 7551/7551/6789 7555/7555/6796 7554/7554/6795
f 7556/7556/6794 7555/7555/6796 7551/7551/6789
f 7557/7557/6797 7555/7555/6796 7556/7556/6794
f 7556/7556/6794 7548/7548/6788 7514/7514/6755
f 7514/7514/6755 7515/7515/6754 7556/7556/6794
f 7556/7556/6794 7515/7515/6754 7508/7508/6749
f 7556/7556/6794 7558/7558/6798 7557/7557/6797
f 7508/7508/6749 7558/7558/6798 7556/7556/6794
f 7557/7557/6797 7558/7558/6798 7559/7559/6799
f 7559/7559/6799 7558/7558/6798 7508/7508/6749
f 7559/7559/6799 7560/7560/6800 7557/7557/6797
f 7510/7510/6751 7560/7560/6800 7559/7559/6799
f 7508/7508/6749 7509/7509/6748 7559/7559/6799
f 7559/7559/6799 7509/7509/6748 7510/7510/6751
f 7557/7557/6797 7560/7560/6800 7561/7561/6801
f 7561/7561/6801 7560/7560/6800 7510/7510/6751
f 7561/7561/6801 7562/7562/6802 7566/7566/6803
f 7565/7565/6804 7562/7562/6802 7561/7561/6801
f 7561/7561/6801 7563/7563/6805 7565/7565/6804
f 7510/7510/6751 7563/7563/6805 7561/7561/6801
f 7566/7566/6803 7564/7564/6806 7561/7561/6801
f 7561/7561/6801 7564/7564/6806 7557/7557/6797
f 7554/7554/6795 7564/7564/6806 7566/7566/6803
f 7566/7566/6803 7568/7568/6807 7554/7554/6795
f 7567/7567/6808 7568/7568/6807 7566/7566/6803
f 7566/7566/6803 7569/7569/6809 7567/7567/6808
f 7570/7570/6810 7569/7569/6809 7566/7566/6803
f 7566/7566/6803 7562/7562/6802 7570/7570/6810
f 7570/7570/6810 7562/7562/6802 7565/7565/6804
f 7565/7565/6804 7571/7571/6811 7570/7570/6810
f 7570/7570/6810 7571/7571/6811 7574/7574/6812
f 7570/7570/6810 7573/7573/6813 7572/7572/6814
f 7572/7572/6814 7569/7569/6809 7570/7570/6810
f 7574/7574/6812 7573/7573/6813 7570/7570/6810
f 7470/7470/6710 7471/7471/6712 7574/7574/6812
f 7574/7574/6812 7488/7488/6728 7470/7470/6710
f 7463/7463/6704 7573/7573/6813 7574/7574/6812
f 7574/7574/6812 7471/7471/6712 7463/7463/6704
f 7574/7574/6812 7571/7571/6811 7489/7489/6729
f 7489/7489/6729 7488/7488/6728 7574/7574/6812
f 7572/7572/6814 7573/7573/6813 7463/7463/6704
f 7457/7457/6697 7575/7575/6815 7572/7572/6814
f 7572/7572/6814 7462/7462/6703 7457/7457/6697
f 7572/7572/6814 7575/7575/6815 7567/7567/6808
f 7567/7567/6808 7569/7569/6809 7572/7572/6814
f 7463/7463/6704 7462/7462/6703 7572/7572/6814
f 7576/7576/6816 7575/7575/6815 7457/7457/6697
f 7567/7567/6808 7575/7575/6815 7576/7576/6816
f 7576/7576/6816 7456/7456/6696 7459/7459/6698
f 7457/7457/6697 7456/7456/6696 7576/7576/6816
f 7576/7576/6816 7577/7577/6817 7567/7567/6808
f 7579/7579/6818 7577/7577/6817 7576/7576/6816
f 7459/7459/6698 7578/7578/6819 7576/7576/6816
f 7576/7576/6816 7578/7578/6819 7579/7579/6818
f 7579/7579/6818 7578/7578/6819 7580/7580/6820
f 7580/7580/6820 7584/7584/6821 7579/7579/6818
f 7583/7583/6822 7577/7577/6817 7579/7579/6818
f 7582/7582/6823 7581/7581/6824 7579/7579/6818
f 7579/7579/6818 7581/7581/6824 7583/7583/6822
f 7579/7579/6818 7584/7584/6821 7582/7582/6823
f 7582/7582/6823 7584/7584/6821 7585/7585/6825
f 7585/7585/6825 7584/7584/6821 7580/7580/6820
f 7585/7585/6825 7587/7587/6826 7586/7586/6827
f 7586/7586/6827 7588/7588/6828 7585/7585/6825
f 7580/7580/6820 7587/7587/6826 7585/7585/6825
f 7585/7585/6825 7588/7588/6828 7590/7590/6829
f 7590/7590/6829 7589/7589/6830 7585/7585/6825
f 7585/7585/6825 7589/7589/6830 7582/7582/6823
f 7590/7590/6829 7591/7591/6831 7595/7595/6832
f 7592/7592/6833 7591/7591/6831 7590/7590/6829
f 7590/7590/6829 7593/7593/6834 7592/7592/6833
f 7594/7594/6835 7593/7593/6834 7590/7590/6829
f 7590/7590/6829 7588/7588/6828 7594/7594/6835
f 7595/7595/6832 7589/7589/6830 7590/7590/6829
f 7582/7582/6823 7589/7589/6830 7595/7595/6832
f 7595/7595/6832 7596/7596/6836 7549/7549/6791
f 7598/7598/6837 7596/7596/6836 7595/7595/6832
f 7549/7549/6791 7597/7597/6838 7595/7595/6832
f 7595/7595/6832 7597/7597/6838 7582/7582/6823
f 7595/7595/6832 7591/7591/6831 7598/7598/6837
f 7598/7598/6837 7591/7591/6831 7592/7592/6833
f 7592/7592/6833 7600/7600/6839 7598/7598/6837
f 7598/7598/6837 7599/7599/6840 7545/7545/6785
f 7184/7184/6454 7599/7599/6840 7598/7598/6837
f 7598/7598/6837 7600/7600/6839 7184/7184/6454
f 7545/7545/6785 7596/7596/6836 7598/7598/6837
f 7601/7601/6841 7600/7600/6839 7592/7592/6833
f 7184/7184/6454 7600/7600/6839 7601/7601/6841
f 7602/7602/6842 7603/7603/6843 7601/7601/6841
f 7601/7601/6841 7604/7604/6844 7602/7602/6842
f 7601/7601/6841 7603/7603/6843 7186/7186/6456
f 7186/7186/6456 7185/7185/6455 7601/7601/6841
f 7601/7601/6841 7185/7185/6455 7184/7184/6454
f 7592/7592/6833 7604/7604/6844 7601/7601/6841
f 7602/7602/6842 7604/7604/6844 7605/7605/6845
f 7605/7605/6845 7604/7604/6844 7592/7592/6833
f 7592/7592/6833 7593/7593/6834 7605/7605/6845
f 7605/7605/6845 7606/7606/6846 7608/7608/6847
f 7594/7594/6835 7606/7606/6846 7605/7605/6845
f 7605/7605/6845 7607/7607/6848 7602/7602/6842
f 7608/7608/6847 7607/7607/6848 7605/7605/6845
f 7605/7605/6845 7593/7593/6834 7594/7594/6835
f 7608/7608/6847 7610/7610/6849 7609/7609/6850
f 7609/7609/6850 7611/7611/6851 7608/7608/6847
f 7612/7612/6852 7610/7610/6849 7608/7608/6847
f 7608/7608/6847 7611/7611/6851 7613/7613/6853
f 7608/7608/6847 7606/7606/6846 7612/7612/6852
f 7613/7613/6853 7607/7607/6848 7608/7608/6847
f 7613/7613/6853 7611/7611/6851 7614/7614/6854
f 7614/7614/6854 7616/7616/6855 7613/7613/6853
f 7613/7613/6853 7615/7615/6856 7602/7602/6842
f 7617/7617/6857 7615/7615/6856 7613/7613/6853
f 7613/7613/6853 7616/7616/6855 7617/7617/6857
f 7602/7602/6842 7607/7607/6848 7613/7613/6853
f 7617/7617/6857 7618/7618/6858 7619/7619/6859
f 7620/7620/6860 7618/7618/6858 7617/7617/6857
f 7619/7619/6859 7615/7615/6856 7617/7617/6857
f 7617/7617/6857 7616/7616/6855 7621/7621/6861
f 7617/7617/6857 7622/7622/6862 7620/7620/6860
f 7621/7621/6861 7622/7622/6862 7617/7617/6857
f 7620/7620/6860 7622/7622/6862 7623/7623/6863
f 7623/7623/6863 7622/7622/6862 7621/7621/6861
f 7623/7623/6863 7625/7625/6864 7624/7624/6865
f 7624/7624/6865 7626/7626/6866 7623/7623/6863
f 7628/7628/6867 7625/7625/6864 7623/7623/6863
f 7623/7623/6863 7626/7626/6866 7620/7620/6860
f 7621/7621/6861 7627/7627/6868 7623/7623/6863
f 7623/7623/6863 7627/7627/6868 7628/7628/6867
f 7633/7633/6869 7629/7629/6870 7628/7628/6867
f 7628/7628/6867 7629/7629/6870 7631/7631/6871
f 7628/7628/6867 7630/7630/6872 7632/7632/6873
f 7631/7631/6871 7630/7630/6872 7628/7628/6867
f 7628/7628/6867 7627/7627/6868 7633/7633/6869
f 7632/7632/6873 7625/7625/6864 7628/7628/6867
f 7633/7633/6869 7635/7635/6874 7634/7634/6875
f 7634/7634/6875 7636/7636/6876 7633/7633/6869
f 7621/7621/6861 7635/7635/6874 7633/7633/6869
f 7633/7633/6869 7636/7636/6876 7637/7637/6877
f 7637/7637/6877 7629/7629/6870 7633/7633/6869
f 7633/7633/6869 7627/7627/6868 7621/7621/6861
f 7631/7631/6871 7629/7629/6870 7637/7637/6877
f 7637/7637/6877 7636/7636/6876 7641/7641/6878
f 7637/7637/6877 7638/7638/6879 7631/7631/6871
f 7639/7639/6880 7638/7638/6879 7637/7637/6877
f 7637/7637/6877 7640/7640/6881 7639/7639/6880
f 7641/7641/6878 7640/7640/6881 7637/7637/6877
f 7641/7641/6878 7643/7643/6882 7642/7642/6883
f 7642/7642/6883 7644/7644/6884 7641/7641/6878
f 7634/7634/6875 7643/7643/6882 7641/7641/6878
f 7641/7641/6878 7644/7644/6884 7645/7645/6885
f 7641/7641/6878 7636/7636/6876 7634/7634/6875
f 7645/7645/6885 7640/7640/6881 7641/7641/6878
f 7639/7639/6880 7640/7640/6881 7645/7645/6885
f 7645/7645/6885 7647/7647/6886 7639/7639/6880
f 7645/7645/6885 7644/7644/6884 7646/7646/6887
f 7646/7646/6887 7649/7649/6888 7645/7645/6885
f 7648/7648/6889 7647/7647/6886 7645/7645/6885
f 7645/7645/6885 7649/7649/6888 7648/7648/6889
f 7648/7648/6889 7649/7649/6888 7650/7650/6890
f 7650/7650/6890 7649/7649/6888 7646/7646/6887
f 7650/7650/6890 7651/7651/6891 7648/7648/6889
f 7652/7652/6892 7651/7651/6891 7650/7650/6890
f 7650/7650/6890 7653/7653/6893 7652/7652/6892
f 7655/7655/6894 7653/7653/6893 7650/7650/6890
f 7646/7646/6887 7654/7654/6895 7650/7650/6890
f 7650/7650/6890 7654/7654/6895 7655/7655/6894
f 7655/7655/6894 7657/7657/6896 7656/7656/6897
f 7656/7656/6897 7659/7659/6898 7655/7655/6894
f 7660/7660/6899 7657/7657/6896 7655/7655/6894
f 7655/7655/6894 7654/7654/6895 7660/7660/6899
f 7658/7658/6900 7653/7653/6893 7655/7655/6894
f 7655/7655/6894 7659/7659/6898 7658/7658/6900
f 7661/7661/6901 7663/7663/6902 7660/7660/6899
f 7660/7660/6899 7662/7662/6903 7661/7661/6901
f 7646/7646/6887 7662/7662/6903 7660/7660/6899
f 7660/7660/6899 7654/7654/6895 7646/7646/6887
f 7660/7660/6899 7663/7663/6902 7664/7664/6904
f 7664/7664/6904 7657/7657/6896 7660/7660/6899
f 7664/7664/6904 7665/7665/6905 7656/7656/6897
f 7656/7656/6897 7657/7657/6896 7664/7664/6904
f 7666/7666/6906 7665/7665/6905 7664/7664/6904
f 7664/7664/6904 7667/7667/6907 7666/7666/6906
f 7668/7668/6908 7667/7667/6907 7664/7664/6904
f 7664/7664/6904 7663/7663/6902 7668/7668/6908
f 7669/7669/6909 7667/7667/6907 7668/7668/6908
f 7668/7668/6908 7670/7670/6910 7669/7669/6909
f 7668/7668/6908 7663/7663/6902 7661/7661/6901
f 7661/7661/6901 7672/7672/6911 7668/7668/6908
f 7671/7671/6912 7670/7670/6910 7668/7668/6908
f 7668/7668/6908 7672/7672/6911 7671/7671/6912
f 7671/7671/6912 7672/7672/6911 7673/7673/6913
f 7673/7673/6913 7672/7672/6911 7661/7661/6901
f 7673/7673/6913 7675/7675/6914 7671/7671/6912
f 7661/7661/6901 7674/7674/6915 7673/7673/6913
f 7673/7673/6913 7674/7674/6915 7678/7678/6916
f 7676/7676/6917 7675/7675/6914 7673/7673/6913
f 7673/7673/6913 7677/7677/6918 7676/7676/6917
f 7678/7678/6916 7677/7677/6918 7673/7673/6913
f 7678/7678/6916 7674/7674/6915 7642/7642/6883
f 7609/7609/6850 7677/7677/6918 7678/7678/6916
f 7678/7678/6916 7679/7679/6919 7609/7609/6850
f 7642/7642/6883 7643/7643/6882 7678/7678/6916
f 7678/7678/6916 7643/7643/6882 7634/7634/6875
f 7634/7634/6875 7679/7679/6919 7678/7678/6916
f 7609/7609/6850 7679/7679/6919 7614/7614/6854
f 7614/7614/6854 7679/7679/6919 7634/7634/6875
f 7676/7676/6917 7677/7677/6918 7609/7609/6850
f 7680/7680/6920 7675/7675/6914 7676/7676/6917
f 7676/7676/6917 7681/7681/6921 7680/7680/6920
f 7676/7676/6917 7610/7610/6849 7612/7612/6852
f 7612/7612/6852 7681/7681/6921 7676/7676/6917
f 7609/7609/6850 7610/7610/6849 7676/7676/6917
f 7680/7680/6920 7681/7681/6921 7682/7682/6922
f 7682/7682/6922 7681/7681/6921 7612/7612/6852
f 7682/7682/6922 7683/7683/6923 7680/7680/6920
f 7684/7684/6924 7683/7683/6923 7682/7682/6922
f 7612/7612/6852 7686/7686/6925 7682/7682/6922
f 7682/7682/6922 7686/7686/6925 7586/7586/6827
f 7586/7586/6827 7685/7685/6926 7682/7682/6922
f 7682/7682/6922 7685/7685/6926 7684/7684/6924
f 7594/7594/6835 7686/7686/6925 7612/7612/6852
f 7586/7586/6827 7686/7686/6925 7594/7594/6835
f 7684/7684/6924 7685/7685/6926 7687/7687/6927
f 7687/7687/6927 7685/7685/6926 7586/7586/6827
f 7687/7687/6927 7688/7688/6928 7684/7684/6924
f 7689/7689/6929 7688/7688/6928 7687/7687/6927
f 7586/7586/6827 7587/7587/6826 7687/7687/6927
f 7687/7687/6927 7587/7587/6826 7580/7580/6820
f 7580/7580/6820 7690/7690/6930 7687/7687/6927
f 7687/7687/6927 7690/7690/6930 7689/7689/6929
f 7459/7459/6698 7690/7690/6930 7580/7580/6820
f 7689/7689/6929 7690/7690/6930 7459/7459/6698
f 7692/7692/6931 7688/7688/6928 7689/7689/6929
f 7689/7689/6929 7691/7691/6932 7692/7692/6931
f 7453/7453/6691 7691/7691/6932 7689/7689/6929
f 7689/7689/6929 7458/7458/6699 7453/7453/6691
f 7459/7459/6698 7458/7458/6699 7689/7689/6929
f 7692/7692/6931 7693/7693/6933 7694/7694/6934
f 7446/7446/6687 7693/7693/6933 7692/7692/6931
f 7692/7692/6931 7691/7691/6932 7446/7446/6687
f 7694/7694/6934 7695/7695/6935 7692/7692/6931
f 7692/7692/6931 7695/7695/6935 7684/7684/6924
f 7684/7684/6924 7688/7688/6928 7692/7692/6931
f 7696/7696/6936 7695/7695/6935 7694/7694/6934
f 7684/7684/6924 7695/7695/6935 7696/7696/6936
f 7694/7694/6934 7697/7697/6937 7696/7696/6936
f 7696/7696/6936 7697/7697/6937 7699/7699/6938
f 7699/7699/6938 7698/7698/6939 7696/7696/6936
f 7696/7696/6936 7698/7698/6939 7680/7680/6920
f 7680/7680/6920 7683/7683/6923 7696/7696/6936
f 7696/7696/6936 7683/7683/6923 7684/7684/6924
f 7700/7700/6940 7701/7701/6941 7699/7699/6938
f 7699/7699/6938 7697/7697/6937 7700/7700/6940
f 7671/7671/6912 7698/7698/6939 7699/7699/6938
f 7699/7699/6938 7670/7670/6910 7671/7671/6912
f 7669/7669/6909 7670/7670/6910 7699/7699/6938
f 7699/7699/6938 7701/7701/6941 7669/7669/6909
f 7702/7702/6906 7701/7701/6941 7700/7700/6940
f 7669/7669/6909 7701/7701/6941 7702/7702/6906
f 7702/7702/6906 7703/7703/6942 7707/7707/6943
f 7706/7706/6944 7703/7703/6942 7702/7702/6906
f 7702/7702/6906 7704/7704/6945 7669/7669/6909
f 7707/7707/6943 7704/7704/6945 7702/7702/6906
f 7700/7700/6940 7705/7705/6946 7702/7702/6906
f 7702/7702/6906 7705/7705/6946 7706/7706/6944
f 7666/7666/6906 7704/7704/6945 7707/7707/6943
f 7707/7707/6943 7710/7710/6947 7708/7708/6948
f 7708/7708/6948 7709/7709/6949 7707/7707/6943
f 7707/7707/6943 7709/7709/6949 7666/7666/6906
f 7711/7711/6950 7710/7710/6947 7707/7707/6943
f 7707/7707/6943 7703/7703/6942 7711/7711/6950
f 7712/7712/6951 7713/7713/6952 7711/7711/6950
f 7711/7711/6950 7715/7715/6953 7712/7712/6951
f 7706/7706/6944 7715/7715/6953 7711/7711/6950
f 7711/7711/6950 7703/7703/6942 7706/7706/6944
f 7711/7711/6950 7713/7713/6952 7714/7714/6952
f 7714/7714/6952 7710/7710/6947 7711/7711/6950
f 7716/7716/6954 7715/7715/6953 7706/7706/6944
f 7712/7712/6951 7715/7715/6953 7716/7716/6954
f 7706/7706/6944 7717/7717/6955 7716/7716/6954
f 7716/7716/6954 7717/7717/6955 7718/7718/6956
f 7718/7718/6956 7719/7719/6957 7716/7716/6954
f 7716/7716/6954 7719/7719/6957 7721/7721/6958
f 7716/7716/6954 7720/7720/6959 7712/7712/6951
f 7721/7721/6958 7720/7720/6959 7716/7716/6954
f 7723/7723/6960 7720/7720/6959 7721/7721/6958
f 7721/7721/6958 7434/7434/6673 7436/7436/6676
f 7436/7436/6676 7722/7722/6961 7721/7721/6958
f 7721/7721/6958 7719/7719/6957 7433/7433/6674
f 7433/7433/6674 7434/7434/6673 7721/7721/6958
f 7721/7721/6958 7722/7722/6961 7723/7723/6960
f 7712/7712/6951 7720/7720/6959 7723/7723/6960
f 7723/7723/6960 7724/7724/6962 7712/7712/6951
f 7723/7723/6960 7722/7722/6961 7727/7727/6641
f 7725/7725/6641 7724/7724/6962 7723/7723/6960
f 7723/7723/6960 7726/7726/6641 7725/7725/6641
f 7727/7727/6641 7726/7726/6641 7723/7723/6960
f 7727/7727/6641 7376/7376/6633 7377/7377/6633
f 7379/7379/6633 7376/7376/6633 7727/7727/6641
f 7377/7377/6633 7726/7726/6641 7727/7727/6641
f 7727/7727/6641 7722/7722/6961 7436/7436/6676
f 7436/7436/6676 7728/7728/6641 7727/7727/6641
f 7727/7727/6641 7728/7728/6641 7379/7379/6633
f 7428/7428/6641 7728/7728/6641 7436/7436/6676
f 7379/7379/6633 7728/7728/6641 7428/7428/6641
f 7725/7725/6641 7726/7726/6641 7377/7377/6633
f 7730/7730/6963 7724/7724/6962 7725/7725/6641
f 7377/7377/6633 7729/7729/6633 7725/7725/6641
f 7725/7725/6641 7729/7729/6633 7732/7732/6633
f 7725/7725/6641 7731/7731/6641 7730/7730/6963
f 7732/7732/6633 7731/7731/6641 7725/7725/6641
f 7733/7733/6632 7735/7735/6633 7732/7732/6633
f 7732/7732/6633 7736/7736/6632 7733/7733/6632
f 7732/7732/6633 7729/7729/6633 7734/7734/6632
f 7734/7734/6632 7736/7736/6632 7732/7732/6633
f 7732/7732/6633 7735/7735/6633 7737/7737/6641
f 7737/7737/6641 7731/7731/6641 7732/7732/6633
f 7740/7740/6963 7738/7738/6963 7737/7737/6641
f 7737/7737/6641 7738/7738/6963 7730/7730/6963
f 7737/7737/6641 7739/7739/6641 7740/7740/6963
f 7741/7741/6633 7739/7739/6641 7737/7737/6641
f 7737/7737/6641 7735/7735/6633 7741/7741/6633
f 7730/7730/6963 7731/7731/6641 7737/7737/6641
f 7742/7742/6641 7739/7739/6641 7741/7741/6633
f 7741/7741/6633 7743/7743/6633 7742/7742/6641
f 7745/7745/6632 7743/7743/6633 7741/7741/6633
f 7733/7733/6632 7744/7744/6632 7741/7741/6633
f 7741/7741/6633 7735/7735/6633 7733/7733/6632
f 7741/7741/6633 7744/7744/6632 7745/7745/6632
f 7745/7745/6632 7746/7746/6632 7747/7747/6633
f 7748/7748/6617 7746/7746/6632 7745/7745/6632
f 7747/7747/6633 7743/7743/6633 7745/7745/6632
f 7745/7745/6632 7750/7750/6631 7748/7748/6617
f 7745/7745/6632 7744/7744/6632 7749/7749/6631
f 7749/7749/6631 7750/7750/6631 7745/7745/6632
f 7748/7748/6617 7750/7750/6631 7751/7751/6630
f 7751/7751/6630 7750/7750/6631 7749/7749/6631
f 7751/7751/6630 7752/7752/6630 7748/7748/6617
f 7753/7753/6964 7752/7752/6630 7751/7751/6630
f 7751/7751/6630 7754/7754/6965 7753/7753/6964
f 7756/7756/6628 7754/7754/6965 7751/7751/6630
f 7749/7749/6631 7755/7755/6630 7751/7751/6630
f 7751/7751/6630 7755/7755/6630 7756/7756/6628
f 7756/7756/6628 7755/7755/6630 7761/7761/6966
f 7760/7760/6967 7754/7754/6965 7756/7756/6628
f 7757/7757/6968 7758/7758/6969 7756/7756/6628
f 7756/7756/6628 7759/7759/6628 7757/7757/6968
f 7756/7756/6628 7758/7758/6969 7760/7760/6967
f 7761/7761/6966 7759/7759/6628 7756/7756/6628
f 7749/7749/6631 7762/7762/6631 7761/7761/6966
f 7761/7761/6966 7762/7762/6631 7370/7370/6631
f 7370/7370/6631 7371/7371/6630 7761/7761/6966
f 7761/7761/6966 7371/7371/6630 7364/7364/6628
f 7761/7761/6966 7755/7755/6630 7749/7749/6631
f 7364/7364/6628 7759/7759/6628 7761/7761/6966
f 7733/7733/6632 7762/7762/6631 7749/7749/6631
f 7370/7370/6631 7762/7762/6631 7733/7733/6632
f 7760/7760/6967 7764/7764/6970 7763/7763/6971
f 7763/7763/6971 7765/7765/6972 7760/7760/6967
f 6999/6999/6275 7764/7764/6970 7760/7760/6967
f 7760/7760/6967 7758/7758/6969 6999/6999/6275
f 7760/7760/6967 7765/7765/6972 7753/7753/6964
f 7753/7753/6964 7754/7754/6965 7760/7760/6967
f 7766/7766/6973 7765/7765/6972 7763/7763/6971
f 7753/7753/6964 7765/7765/6972 7766/7766/6973
f 7766/7766/6973 7767/7767/6974 7753/7753/6964
f 7770/7770/6975 7767/7767/6974 7766/7766/6973
f 7769/7769/6976 7768/7768/6977 7766/7766/6973
f 7766/7766/6973 7768/7768/6977 7770/7770/6975
f 7766/7766/6973 7771/7771/6978 7769/7769/6976
f 7763/7763/6971 7771/7771/6978 7766/7766/6973
f 7772/7772/6979 7771/7771/6978 7763/7763/6971
f 7769/7769/6976 7771/7771/6978 7772/7772/6979
f 7763/7763/6971 7773/7773/6980 7772/7772/6979
f 7772/7772/6979 7773/7773/6980 7775/7775/6981
f 7772/7772/6979 7774/7774/6982 7769/7769/6976
f 7777/7777/6983 7774/7774/6982 7772/7772/6979
f 7775/7775/6981 7776/7776/6984 7772/7772/6979
f 7772/7772/6979 7776/7776/6984 7777/7777/6983
f 7778/7778/6985 7779/7779/6299 7777/7777/6983
f 7777/7777/6983 7782/7782/6986 7778/7778/6985
f 7777/7777/6983 7779/7779/6299 7781/7781/6987
f 7777/7777/6983 7776/7776/6984 7780/7780/6988
f 7780/7780/6988 7782/7782/6986 7777/7777/6983
f 7781/7781/6987 7774/7774/6982 7777/7777/6983
f 7783/7783/6989 7782/7782/6986 7780/7780/6988
f 7778/7778/6985 7782/7782/6986 7783/7783/6989
f 7784/7784/6990 7785/7785/6991 7783/7783/6989
f 7783/7783/6989 7786/7786/6992 7784/7784/6990
f 7783/7783/6989 7785/7785/6991 7778/7778/6985
f 7780/7780/6988 7788/7788/6993 7783/7783/6989
f 7787/7787/6994 7786/7786/6992 7783/7783/6989
f 7783/7783/6989 7788/7788/6993 7787/7787/6994
f 7787/7787/6994 7788/7788/6993 7789/7789/6995
f 7789/7789/6995 7788/7788/6993 7780/7780/6988
f 7790/7790/6996 7793/7793/6997 7789/7789/6995
f 7789/7789/6995 7794/7794/6998 7790/7790/6996
f 7789/7789/6995 7791/7791/6999 7787/7787/6994
f 7792/7792/7000 7791/7791/6999 7789/7789/6995
f 7789/7789/6995 7793/7793/6997 7792/7792/7000
f 7780/7780/6988 7794/7794/6998 7789/7789/6995
f 7775/7775/6981 7794/7794/6998 7780/7780/6988
f 7790/7790/6996 7794/7794/6998 7775/7775/6981
f 7792/7792/7000 7793/7793/6997 7795/7795/7001
f 7795/7795/7001 7793/7793/6997 7790/7790/6996
f 7795/7795/7001 7797/7797/7002 7792/7792/7000
f 7796/7796/7003 7797/7797/7002 7795/7795/7001
f 7795/7795/7001 7798/7798/7004 7796/7796/7003
f 7800/7800/7005 7798/7798/7004 7795/7795/7001
f 7790/7790/6996 7799/7799/7006 7795/7795/7001
f 7795/7795/7001 7799/7799/7006 7800/7800/7005
f 7002/7002/6279 7001/7001/6278 7800/7800/7005
f 7800/7800/7005 7001/7001/6278 7005/7005/6280
f 7800/7800/7005 7799/7799/7006 7002/7002/6279
f 7800/7800/7005 7802/7802/7007 7801/7801/7008
f 7801/7801/7008 7798/7798/7004 7800/7800/7005
f 7005/7005/6280 7802/7802/7007 7800/7800/7005
f 7803/7803/7009 7802/7802/7007 7005/7005/6280
f 7801/7801/7008 7802/7802/7007 7803/7803/7009
f 7803/7803/7009 7008/7008/6283 7009/7009/6284
f 7009/7009/6284 7804/7804/7010 7803/7803/7009
f 7803/7803/7009 7806/7806/7011 7801/7801/7008
f 7803/7803/7009 7804/7804/7010 7805/7805/7012
f 7805/7805/7012 7806/7806/7011 7803/7803/7009
f 7005/7005/6280 7008/7008/6283 7803/7803/7009
f 7049/7049/6325 7806/7806/7011 7805/7805/7012
f 7801/7801/7008 7806/7806/7011 7049/7049/6325
f 7805/7805/7012 7804/7804/7010 7808/7808/7013
f 7805/7805/7012 7051/7051/6326 7049/7049/6325
f 7046/7046/6320 7051/7051/6326 7805/7805/7012
f 7805/7805/7012 7807/7807/7014 7046/7046/6320
f 7808/7808/7013 7807/7807/7014 7805/7805/7012
f 7808/7808/7013 7804/7804/7010 7009/7009/6284
f 7810/7810/7015 7807/7807/7014 7808/7808/7013
f 7009/7009/6284 7014/7014/6290 7808/7808/7013
f 7808/7808/7013 7014/7014/6290 7016/7016/6291
f 7016/7016/6291 7809/7809/7016 7808/7808/7013
f 7808/7808/7013 7809/7809/7016 7810/7810/7015
f 7046/7046/6320 7807/7807/7014 7810/7810/7015
f 7810/7810/7015 7044/7044/6321 7046/7046/6320
f 7810/7810/7015 7809/7809/7016 7027/7027/6304
f 7031/7031/6307 7044/7044/6321 7810/7810/7015
f 7810/7810/7015 7032/7032/6308 7031/7031/6307
f 7027/7027/6304 7032/7032/6308 7810/7810/7015
f 7027/7027/6304 7809/7809/7016 7016/7016/6291
f 7801/7801/7008 7811/7811/7017 7796/7796/7003
f 7049/7049/6325 7811/7811/7017 7801/7801/7008
f 7796/7796/7003 7798/7798/7004 7801/7801/7008
f 7054/7054/6328 7811/7811/7017 7049/7049/6325
f 7796/7796/7003 7811/7811/7017 7054/7054/6328
f 7002/7002/6279 7799/7799/7006 7790/7790/6996
f 7792/7792/7000 7797/7797/7002 7812/7812/7018
f 7812/7812/7018 7797/7797/7002 7796/7796/7003
f 7817/7817/7019 7813/7813/7020 7812/7812/7018
f 7812/7812/7018 7813/7813/7020 7792/7792/7000
f 7814/7814/7021 7816/7816/7022 7812/7812/7018
f 7812/7812/7018 7815/7815/7023 7814/7814/7021
f 7796/7796/7003 7815/7815/7023 7812/7812/7018
f 7812/7812/7018 7816/7816/7022 7817/7817/7019
f 7817/7817/7019 7816/7816/7022 7818/7818/6330
f 7818/7818/6330 7820/7820/6330 7817/7817/7019
f 7817/7817/7019 7822/7822/7024 7819/7819/7025
f 7819/7819/7025 7813/7813/7020 7817/7817/7019
f 7817/7817/7019 7820/7820/6330 7821/7821/6330
f 7821/7821/6330 7822/7822/7024 7817/7817/7019
f 7823/7823/7026 7822/7822/7024 7821/7821/6330
f 7819/7819/7025 7822/7822/7024 7823/7823/7026
f 7821/7821/6330 7826/7826/7027 7823/7823/7026
f 7823/7823/7026 7824/7824/7020 7819/7819/7025
f 7825/7825/7028 7824/7824/7020 7823/7823/7026
f 7823/7823/7026 7828/7828/7029 7825/7825/7028
f 7823/7823/7026 7826/7826/7027 7827/7827/7030
f 7827/7827/7030 7828/7828/7029 7823/7823/7026
f 7829/7829/7031 7828/7828/7029 7827/7827/7030
f 7825/7825/7028 7828/7828/7029 7829/7829/7031
f 7827/7827/7030 7832/7832/7032 7829/7829/7031
f 7829/7829/7031 7834/7834/7033 7830/7830/7034
f 7830/7830/7034 7831/7831/7035 7829/7829/7031
f 7829/7829/7031 7831/7831/7035 7825/7825/7028
f 7829/7829/7031 7832/7832/7032 7833/7833/7036
f 7833/7833/7036 7834/7834/7033 7829/7829/7031
f 7830/7830/7034 7834/7834/7033 7835/7835/7037
f 7835/7835/7037 7834/7834/7033 7833/7833/7036
f 7835/7835/7037 7837/7837/7038 7836/7836/7039
f 7836/7836/7039 7838/7838/7040 7835/7835/7037
f 7833/7833/7036 7837/7837/7038 7835/7835/7037
f 7835/7835/7037 7838/7838/7040 7840/7840/7041
f 7840/7840/7041 7839/7839/7042 7835/7835/7037
f 7835/7835/7037 7839/7839/7042 7830/7830/7034
f 7841/7841/7043 7843/7843/7044 7840/7840/7041
f 7840/7840/7041 7838/7838/7040 7841/7841/7043
f 7842/7842/7045 7844/7844/7046 7840/7840/7041
f 7840/7840/7041 7843/7843/7044 7842/7842/7045
f 7845/7845/7047 7839/7839/7042 7840/7840/7041
f 7840/7840/7041 7844/7844/7046 7845/7845/7047
f 7845/7845/7047 7844/7844/7046 7846/7846/7048
f 7846/7846/7048 7847/7847/7049 7845/7845/7047
f 7845/7845/7047 7847/7847/7049 7848/7848/7050
f 7848/7848/7050 7849/7849/7051 7845/7845/7047
f 7845/7845/7047 7849/7849/7051 7830/7830/7034
f 7830/7830/7034 7839/7839/7042 7845/7845/7047
f 7784/7784/6990 7849/7849/7051 7848/7848/7050
f 7830/7830/7034 7849/7849/7051 7784/7784/6990
f 7848/7848/7050 7847/7847/7049 7850/7850/7052
f 7778/7778/6985 7785/7785/6991 7848/7848/7050
f 7848/7848/7050 7851/7851/7053 7778/7778/6985
f 7850/7850/7052 7851/7851/7053 7848/7848/7050
f 7848/7848/7050 7785/7785/6991 7784/7784/6990
f 7778/7778/6985 7851/7851/7053 7852/7852/7054
f 7852/7852/7054 7851/7851/7053 7850/7850/7052
f 7852/7852/7054 7779/7779/6299 7778/7778/6985
f 7850/7850/7052 7854/7854/7055 7852/7852/7054
f 7781/7781/6987 7779/7779/6299 7852/7852/7054
f 7852/7852/7054 7855/7855/7056 7781/7781/6987
f 7853/7853/7057 7855/7855/7056 7852/7852/7054
f 7852/7852/7054 7854/7854/7055 7853/7853/7057
f 7781/7781/6987 7855/7855/7056 7856/7856/7058
f 7856/7856/7058 7855/7855/7056 7853/7853/7057
f 7856/7856/7058 7857/7857/7059 7859/7859/7060
f 7858/7858/7061 7857/7857/7059 7856/7856/7058
f 7856/7856/7058 7861/7861/7062 7858/7858/7061
f 7859/7859/7060 7860/7860/7063 7856/7856/7058
f 7856/7856/7058 7860/7860/7063 7781/7781/6987
f 7853/7853/7057 7861/7861/7062 7856/7856/7058
f 7862/7862/7064 7861/7861/7062 7853/7853/7057
f 7858/7858/7061 7861/7861/7062 7862/7862/7064
f 7863/7863/7065 7864/7864/7066 7862/7862/7064
f 7862/7862/7064 7865/7865/7067 7863/7863/7065
f 7862/7862/7064 7864/7864/7066 7858/7858/7061
f 7866/7866/7068 7865/7865/7067 7862/7862/7064
f 7862/7862/7064 7867/7867/7069 7866/7866/7068
f 7853/7853/7057 7867/7867/7069 7862/7862/7064
f 7866/7866/7068 7867/7867/7069 7868/7868/7070
f 7868/7868/7070 7867/7867/7069 7853/7853/7057
f 7850/7850/7052 7869/7869/7071 7868/7868/7070
f 7868/7868/7070 7854/7854/7055 7850/7850/7052
f 7868/7868/7070 7869/7869/7071 7870/7870/7072
f 7870/7870/7072 7871/7871/7073 7868/7868/7070
f 7868/7868/7070 7871/7871/7073 7866/7866/7068
f 7853/7853/7057 7854/7854/7055 7868/7868/7070
f 7872/7872/7074 7871/7871/7073 7870/7870/7072
f 7866/7866/7068 7871/7871/7073 7872/7872/7074
f 7863/7863/7065 7865/7865/7067 7872/7872/7074
f 7872/7872/7074 7874/7874/7075 7863/7863/7065
f 7873/7873/7076 7874/7874/7075 7872/7872/7074
f 7872/7872/7074 7875/7875/7077 7873/7873/7076
f 7870/7870/7072 7875/7875/7077 7872/7872/7074
f 7872/7872/7074 7865/7865/7067 7866/7866/7068
f 7873/7873/7076 7875/7875/7077 7876/7876/7078
f 7876/7876/7078 7875/7875/7077 7870/7870/7072
f 7876/7876/7078 7878/7878/7079 7873/7873/7076
f 7877/7877/7080 7878/7878/7079 7876/7876/7078
f 7876/7876/7078 7879/7879/7081 7877/7877/7080
f 7842/7842/7045 7879/7879/7081 7876/7876/7078
f 7876/7876/7078 7880/7880/7082 7842/7842/7045
f 7870/7870/7072 7880/7880/7082 7876/7876/7078
f 7842/7842/7045 7880/7880/7082 7846/7846/7048
f 7846/7846/7048 7880/7880/7082 7870/7870/7072
f 7881/7881/7083 7879/7879/7081 7842/7842/7045
f 7877/7877/7080 7879/7879/7081 7881/7881/7083
f 7841/7841/7043 7883/7883/7084 7881/7881/7083
f 7881/7881/7083 7843/7843/7044 7841/7841/7043
f 7884/7884/7085 7882/7882/7086 7881/7881/7083
f 7881/7881/7083 7882/7882/7086 7877/7877/7080
f 7842/7842/7045 7843/7843/7044 7881/7881/7083
f 7881/7881/7083 7883/7883/7084 7884/7884/7085
f 7884/7884/7085 7886/7886/7087 7885/7885/7088
f 7885/7885/7088 7888/7888/7089 7884/7884/7085
f 7889/7889/7090 7886/7886/7087 7884/7884/7085
f 7887/7887/7091 7882/7882/7086 7884/7884/7085
f 7884/7884/7085 7888/7888/7089 7887/7887/7091
f 7884/7884/7085 7883/7883/7084 7889/7889/7090
f 7893/7893/7092 7886/7886/7087 7889/7889/7090
f 7890/7890/7093 7891/7891/7094 7889/7889/7090
f 7889/7889/7090 7892/7892/7095 7890/7890/7093
f 7889/7889/7090 7891/7891/7094 7893/7893/7092
f 7841/7841/7043 7892/7892/7095 7889/7889/7090
f 7889/7889/7090 7883/7883/7084 7841/7841/7043
f 7893/7893/7092 7894/7894/7096 7885/7885/7088
f 7895/7895/7097 7894/7894/7096 7893/7893/7092
f 7885/7885/7088 7886/7886/7087 7893/7893/7092
f 7893/7893/7092 7891/7891/7094 7897/7897/7098
f 7893/7893/7092 7896/7896/7099 7895/7895/7097
f 7897/7897/7098 7896/7896/7099 7893/7893/7092
f 7901/7901/7100 7898/7898/7101 7897/7897/7098
f 7897/7897/7098 7898/7898/7101 7900/7900/7102
f 7897/7897/7098 7899/7899/7103 7901/7901/7100
f 7890/7890/7093 7899/7899/7103 7897/7897/7098
f 7900/7900/7102 7896/7896/7099 7897/7897/7098
f 7897/7897/7098 7891/7891/7094 7890/7890/7093
f 7901/7901/7100 7899/7899/7103 7903/7903/7104
f 7903/7903/7104 7902/7902/7105 7901/7901/7100
f 7904/7904/7106 7906/7906/7107 7903/7903/7104
f 7903/7903/7104 7905/7905/7108 7904/7904/7106
f 7907/7907/7109 7902/7902/7105 7903/7903/7104
f 7890/7890/7093 7905/7905/7108 7903/7903/7104
f 7903/7903/7104 7906/7906/7107 7907/7907/7109
f 7903/7903/7104 7899/7899/7103 7890/7890/7093
f 7907/7907/7109 7906/7906/7107 7909/7909/7110
f 7909/7909/7110 7908/7908/7111 7907/7907/7109
f 7904/7904/7106 7912/7912/7112 7909/7909/7110
f 7909/7909/7110 7906/7906/7107 7904/7904/7106
f 7909/7909/7110 7910/7910/7113 7911/7911/7114
f 7913/7913/7115 7910/7910/7113 7909/7909/7110
f 7911/7911/7114 7908/7908/7111 7909/7909/7110
f 7909/7909/7110 7912/7912/7112 7913/7913/7115
f 7827/7827/7030 7914/7914/7116 7913/7913/7115
f 7913/7913/7115 7914/7914/7116 7915/7915/7117
f 7913/7913/7115 7832/7832/7032 7827/7827/7030
f 7833/7833/7036 7832/7832/7032 7913/7913/7115
f 7915/7915/7117 7910/7910/7113 7913/7913/7115
f 7913/7913/7115 7912/7912/7112 7833/7833/7036
f 7911/7911/7114 7910/7910/7113 7915/7915/7117
f 7915/7915/7117 7919/7919/7118 7911/7911/7114
f 7915/7915/7117 7916/7916/7119 7917/7917/7120
f 7918/7918/7121 7916/7916/7119 7915/7915/7117
f 7915/7915/7117 7914/7914/7116 7918/7918/7121
f 7917/7917/7120 7919/7919/7118 7915/7915/7117
f 7821/7821/6330 7920/7920/3584 7918/7918/7121
f 7918/7918/7121 7920/7920/3584 7921/7921/7122
f 7918/7918/7121 7826/7826/7027 7821/7821/6330
f 7827/7827/7030 7826/7826/7027 7918/7918/7121
f 7921/7921/7122 7916/7916/7119 7918/7918/7121
f 7918/7918/7121 7914/7914/7116 7827/7827/7030
f 7917/7917/7120 7916/7916/7119 7921/7921/7122
f 7921/7921/7122 7924/7924/7123 7917/7917/7120
f 7922/7922/7124 7924/7924/7123 7921/7921/7122
f 7921/7921/7122 7925/7925/7125 7922/7922/7124
f 7921/7921/7122 7920/7920/3584 7923/7923/3584
f 7923/7923/3584 7925/7925/7125 7921/7921/7122
f 7926/7926/7126 7925/7925/7125 7923/7923/3584
f 7922/7922/7124 7925/7925/7125 7926/7926/7126
f 7927/7927/3584 7931/7931/7127 7926/7926/7126
f 7926/7926/7126 7928/7928/3584 7927/7927/3584
f 7923/7923/3584 7928/7928/3584 7926/7926/7126
f 7929/7929/7128 7930/7930/7129 7926/7926/7126
f 7926/7926/7126 7931/7931/7127 7929/7929/7128
f 7926/7926/7126 7930/7930/7129 7922/7922/7124
f 7932/7932/7130 7931/7931/7127 7927/7927/3584
f 7929/7929/7128 7931/7931/7127 7932/7932/7130
f 7927/7927/3584 7933/7933/3584 7932/7932/7130
f 7932/7932/7130 7935/7935/7131 7929/7929/7128
f 7932/7932/7130 7933/7933/3584 7059/7059/3584
f 7059/7059/3584 7934/7934/7132 7932/7932/7130
f 7932/7932/7130 7934/7934/7132 7936/7936/7133
f 7936/7936/7133 7935/7935/7131 7932/7932/7130
f 7936/7936/7133 7934/7934/7132 7064/7064/6334
f 7064/7064/6334 7937/7937/7134 7936/7936/7133
f 7068/7068/6338 7937/7937/7134 7064/7064/6334
f 7064/7064/6334 7934/7934/7132 7059/7059/3584
f 7056/7056/6330 7933/7933/3584 7927/7927/3584
f 7059/7059/3584 7933/7933/3584 7056/7056/6330
f 7927/7927/3584 7928/7928/3584 7818/7818/6330
f 7818/7818/6330 7928/7928/3584 7923/7923/3584
f 7927/7927/3584 7938/7938/6330 7056/7056/6330
f 7818/7818/6330 7938/7938/6330 7927/7927/3584
f 7814/7814/7021 7938/7938/6330 7818/7818/6330
f 7056/7056/6330 7938/7938/6330 7814/7814/7021
f 7923/7923/3584 7820/7820/6330 7818/7818/6330
f 7821/7821/6330 7820/7820/6330 7923/7923/3584
f 7923/7923/3584 7920/7920/3584 7821/7821/6330
f 7833/7833/7036 7912/7912/7112 7904/7904/7106
f 7904/7904/7106 7905/7905/7108 7836/7836/7039
f 7836/7836/7039 7905/7905/7108 7890/7890/7093
f 7836/7836/7039 7837/7837/7038 7904/7904/7106
f 7904/7904/7106 7837/7837/7038 7833/7833/7036
f 7900/7900/7102 7939/7939/7135 7895/7895/7097
f 7895/7895/7097 7896/7896/7099 7900/7900/7102
f 7895/7895/7097 7939/7939/7135 7940/7940/7136
f 7940/7940/7136 7943/7943/7137 7895/7895/7097
f 7940/7940/7136 7941/7941/7138 7942/7942/7139
f 7942/7942/7139 7943/7943/7137 7940/7940/7136
f 7944/7944/7140 7943/7943/7137 7942/7942/7139
f 7895/7895/7097 7943/7943/7137 7944/7944/7140
f 7942/7942/7139 7945/7945/7141 7944/7944/7140
f 7944/7944/7140 7894/7894/7096 7895/7895/7097
f 7944/7944/7140 7945/7945/7141 7946/7946/7142
f 7946/7946/7142 7947/7947/7143 7944/7944/7140
f 7944/7944/7140 7947/7947/7143 7885/7885/7088
f 7885/7885/7088 7894/7894/7096 7944/7944/7140
f 7948/7948/7144 7947/7947/7143 7946/7946/7142
f 7885/7885/7088 7947/7947/7143 7948/7948/7144
f 7946/7946/7142 7949/7949/7145 7948/7948/7144
f 7948/7948/7144 7949/7949/7145 7950/7950/7146
f 7950/7950/7146 7951/7951/7147 7948/7948/7144
f 7948/7948/7144 7951/7951/7147 7887/7887/7091
f 7887/7887/7091 7888/7888/7089 7948/7948/7144
f 7948/7948/7144 7888/7888/7089 7885/7885/7088
f 7952/7952/7148 7951/7951/7147 7950/7950/7146
f 7887/7887/7091 7951/7951/7147 7952/7952/7148
f 7952/7952/7148 7953/7953/7149 7957/7957/7150
f 7950/7950/7146 7953/7953/7149 7952/7952/7148
f 7952/7952/7148 7956/7956/7151 7887/7887/7091
f 7957/7957/7150 7954/7954/7152 7952/7952/7148
f 7952/7952/7148 7954/7954/7152 7955/7955/7153
f 7955/7955/7153 7956/7956/7151 7952/7952/7148
f 7962/7962/7154 7958/7958/7155 7957/7957/7150
f 7957/7957/7150 7958/7958/7155 7959/7959/7156
f 7959/7959/7156 7961/7961/7157 7957/7957/7150
f 7960/7960/7158 7954/7954/7152 7957/7957/7150
f 7957/7957/7150 7961/7961/7157 7960/7960/7158
f 7957/7957/7150 7953/7953/7149 7962/7962/7154
f 7962/7962/7154 7964/7964/7159 7963/7963/7160
f 7963/7963/7160 7958/7958/7155 7962/7962/7154
f 7965/7965/7161 7964/7964/7159 7962/7962/7154
f 7962/7962/7154 7953/7953/7149 7950/7950/7146
f 7962/7962/7154 7966/7966/7162 7965/7965/7161
f 7950/7950/7146 7966/7966/7162 7962/7962/7154
f 7965/7965/7161 7966/7966/7162 7967/7967/7163
f 7967/7967/7163 7966/7966/7162 7950/7950/7146
f 7967/7967/7163 7969/7969/7164 7968/7968/7165
f 7968/7968/7165 7970/7970/7166 7967/7967/7163
f 7946/7946/7142 7969/7969/7164 7967/7967/7163
f 7950/7950/7146 7949/7949/7145 7967/7967/7163
f 7967/7967/7163 7970/7970/7166 7965/7965/7161
f 7967/7967/7163 7949/7949/7145 7946/7946/7142
f 7965/7965/7161 7970/7970/7166 7971/7971/7167
f 7971/7971/7167 7970/7970/7166 7968/7968/7165
f 7971/7971/7167 7972/7972/7168 7976/7976/7169
f 7968/7968/7165 7972/7972/7168 7971/7971/7167
f 7976/7976/7169 7973/7973/7170 7971/7971/7167
f 7971/7971/7167 7973/7973/7170 7975/7975/7171
f 7975/7975/7171 7974/7974/7172 7971/7971/7167
f 7971/7971/7167 7974/7974/7172 7965/7965/7161
f 7976/7976/7169 7977/7977/7173 7978/7978/7174
f 7981/7981/7175 7977/7977/7173 7976/7976/7169
f 7978/7978/7174 7973/7973/7170 7976/7976/7169
f 7979/7979/7176 7980/7980/7177 7976/7976/7169
f 7976/7976/7169 7972/7972/7168 7979/7979/7176
f 7976/7976/7169 7980/7980/7177 7981/7981/7175
f 7981/7981/7175 7982/7982/7178 7986/7986/7179
f 7983/7983/7180 7982/7982/7178 7981/7981/7175
f 7981/7981/7175 7980/7980/7177 7983/7983/7180
f 7981/7981/7175 7984/7984/7181 7985/7985/7182
f 7986/7986/7179 7984/7984/7181 7981/7981/7175
f 7985/7985/7182 7977/7977/7173 7981/7981/7175
f 7987/7987/7183 7984/7984/7181 7986/7986/7179
f 7986/7986/7179 7991/7991/7184 7987/7987/7183
f 7988/7988/7185 7990/7990/7186 7986/7986/7179
f 7986/7986/7179 7982/7982/7178 7988/7988/7185
f 7989/7989/7187 7991/7991/7184 7986/7986/7179
f 7986/7986/7179 7990/7990/7186 7989/7989/7187
f 7987/7987/7183 7991/7991/7184 7992/7992/7188
f 7992/7992/7188 7991/7991/7184 7989/7989/7187
f 7992/7992/7188 7993/7993/7189 7987/7987/7183
f 7994/7994/7190 7993/7993/7189 7992/7992/7188
f 7989/7989/7187 7996/7996/7191 7992/7992/7188
f 7992/7992/7188 7997/7997/7192 7994/7994/7190
f 7995/7995/7193 7997/7997/7192 7992/7992/7188
f 7992/7992/7188 7996/7996/7191 7995/7995/7193
f 7998/7998/7194 7997/7997/7192 7995/7995/7193
f 7994/7994/7190 7997/7997/7192 7998/7998/7194
f 7995/7995/7193 8000/8000/7195 7998/7998/7194
f 7998/7998/7194 8001/8001/7196 7994/7994/7190
f 7999/7999/7197 8003/8003/7198 7998/7998/7194
f 7998/7998/7194 8000/8000/7195 7999/7999/7197
f 8002/8002/7199 8001/8001/7196 7998/7998/7194
f 7998/7998/7194 8003/8003/7198 8002/8002/7199
f 8004/8004/7200 8003/8003/7198 7999/7999/7197
f 8002/8002/7199 8003/8003/7198 8004/8004/7200
f 8005/8005/7201 8008/8008/7202 8004/8004/7200
f 8004/8004/7200 8006/8006/7203 8005/8005/7201
f 7999/7999/7197 8006/8006/7203 8004/8004/7200
f 8004/8004/7200 8007/8007/7204 8002/8002/7199
f 8009/8009/7205 8007/8007/7204 8004/8004/7200
f 8004/8004/7200 8008/8008/7202 8009/8009/7205
f 8009/8009/7205 8010/8010/7206 8011/8011/7207
f 8014/8014/7208 8010/8010/7206 8009/8009/7205
f 8011/8011/7207 8012/8012/7209 8009/8009/7205
f 8009/8009/7205 8012/8012/7209 8013/8013/7210
f 8013/8013/7210 8007/8007/7204 8009/8009/7205
f 8009/8009/7205 8008/8008/7202 8014/8014/7208
f 8015/8015/7211 8010/8010/7206 8014/8014/7208
f 8014/8014/7208 8018/8018/7212 8015/8015/7211
f 8005/8005/7201 8017/8017/7213 8014/8014/7208
f 8014/8014/7208 8008/8008/7202 8005/8005/7201
f 8016/8016/7214 8018/8018/7212 8014/8014/7208
f 8014/8014/7208 8017/8017/7213 8016/8016/7214
f 8015/8015/7211 8018/8018/7212 8019/8019/7215
f 8019/8019/7215 8018/8018/7212 8016/8016/7214
f 8019/8019/7215 8020/8020/7216 8015/8015/7211
f 8021/8021/7217 8020/8020/7216 8019/8019/7215
f 8019/8019/7215 8024/8024/7218 8021/8021/7217
f 8022/8022/7219 8024/8024/7218 8019/8019/7215
f 8019/8019/7215 8023/8023/7220 8022/8022/7219
f 8016/8016/7214 8023/8023/7220 8019/8019/7215
f 8021/8021/7217 8024/8024/7218 8025/8025/7221
f 8025/8025/7221 8024/8024/7218 8022/8022/7219
f 8025/8025/7221 8027/8027/7222 8021/8021/7217
f 8026/8026/7223 8030/8030/7224 8025/8025/7221
f 8025/8025/7221 8028/8028/7225 8026/8026/7223
f 8022/8022/7219 8028/8028/7225 8025/8025/7221
f 8029/8029/7226 8027/8027/7222 8025/8025/7221
f 8025/8025/7221 8030/8030/7224 8029/8029/7226
f 8031/8031/7227 8030/8030/7224 8026/8026/7223
f 8029/8029/7226 8030/8030/7224 8031/8031/7227
f 8032/8032/7228 8035/8035/7229 8031/8031/7227
f 8031/8031/7227 8033/8033/7230 8032/8032/7228
f 8026/8026/7223 8033/8033/7230 8031/8031/7227
f 8031/8031/7227 8034/8034/7231 8029/8029/7226
f 8036/8036/7232 8034/8034/7231 8031/8031/7227
f 8031/8031/7227 8035/8035/7229 8036/8036/7232
f 8036/8036/7232 8037/8037/7233 8038/8038/7234
f 8041/8041/7235 8037/8037/7233 8036/8036/7232
f 8038/8038/7234 8039/8039/7236 8036/8036/7232
f 8036/8036/7232 8039/8039/7236 8040/8040/7237
f 8040/8040/7237 8034/8034/7231 8036/8036/7232
f 8036/8036/7232 8035/8035/7229 8041/8041/7235
f 8042/8042/6427 8037/8037/7233 8041/8041/7235
f 8041/8041/7235 8045/8045/7238 8042/8042/6427
f 8032/8032/7228 8044/8044/7239 8041/8041/7235
f 8041/8041/7235 8035/8035/7229 8032/8032/7228
f 8043/8043/7240 8045/8045/7238 8041/8041/7235
f 8041/8041/7235 8044/8044/7239 8043/8043/7240
f 8042/8042/6427 8045/8045/7238 8046/8046/7241
f 8046/8046/7241 8045/8045/7238 8043/8043/7240
f 8046/8046/7241 8047/8047/6427 8042/8042/6427
f 8048/8048/6427 8047/8047/6427 8046/8046/7241
f 8046/8046/7241 8051/8051/7242 8048/8048/6427
f 8049/8049/7243 8051/8051/7242 8046/8046/7241
f 8046/8046/7241 8050/8050/7244 8049/8049/7243
f 8043/8043/7240 8050/8050/7244 8046/8046/7241
f 8052/8052/7245 8051/8051/7242 8049/8049/7243
f 8048/8048/6427 8051/8051/7242 8052/8052/7245
f 8052/8052/7245 8053/8053/7246 7159/7159/6427
f 8056/8056/7247 8053/8053/7246 8052/8052/7245
f 7159/7159/6427 8054/8054/6427 8052/8052/7245
f 8052/8052/7245 8054/8054/6427 8048/8048/6427
f 8049/8049/7243 8055/8055/7248 8052/8052/7245
f 8052/8052/7245 8055/8055/7248 8056/8056/7247
f 8056/8056/7247 7150/7150/6421 7151/7151/6420
f 7151/7151/6420 8053/8053/7246 8056/8056/7247
f 8057/8057/7249 8054/8054/6427 7159/7159/6427
f 8048/8048/6427 8054/8054/6427 8057/8057/7249
f 7159/7159/6427 7160/7160/6429 8057/8057/7249
f 8057/8057/7249 8058/8058/7250 8048/8048/6427
f 8059/8059/7251 8058/8058/7250 8057/8057/7249
f 8057/8057/7249 8060/8060/7252 8059/8059/7251
f 7161/7161/6430 8060/8060/7252 8057/8057/7249
f 8057/8057/7249 7160/7160/6429 7161/7161/6430
f 8061/8061/7253 8060/8060/7252 7161/7161/6430
f 8059/8059/7251 8060/8060/7252 8061/8061/7253
f 7168/7168/6437 8063/8063/7254 8061/8061/7253
f 8061/8061/7253 7169/7169/6438 7168/7168/6437
f 7161/7161/6430 7169/7169/6438 8061/8061/7253
f 8061/8061/7253 8062/8062/7255 8059/8059/7251
f 8064/8064/7256 8062/8062/7255 8061/8061/7253
f 8061/8061/7253 8063/8063/7254 8064/8064/7256
f 8064/8064/7256 8063/8063/7254 8065/8065/7257
f 8065/8065/7257 8066/8066/7258 8064/8064/7256
f 8064/8064/7256 8066/8066/7258 8067/8067/7259
f 8067/8067/7259 8068/8068/7260 8064/8064/7256
f 8064/8064/7256 8068/8068/7260 8069/8069/7261
f 8069/8069/7261 8062/8062/7255 8064/8064/7256
f 8069/8069/7261 8068/8068/7260 8070/8070/7262
f 8059/8059/7251 8062/8062/7255 8069/8069/7261
f 8070/8070/7262 8073/8073/7263 8069/8069/7261
f 8071/8071/7264 8072/8072/7265 8069/8069/7261
f 8069/8069/7261 8073/8073/7263 8071/8071/7264
f 8069/8069/7261 8072/8072/7265 8059/8059/7251
f 8071/8071/7264 8073/8073/7263 8074/8074/7266
f 8074/8074/7266 8073/8073/7263 8070/8070/7262
f 8074/8074/7266 8075/8075/7267 8077/8077/7268
f 8078/8078/7269 8075/8075/7267 8074/8074/7266
f 8074/8074/7266 8076/8076/7270 8078/8078/7269
f 8070/8070/7262 8076/8076/7270 8074/8074/7266
f 8077/8077/7268 8079/8079/7271 8074/8074/7266
f 8074/8074/7266 8079/8079/7271 8071/8071/7264
f 8038/8038/7234 8079/8079/7271 8077/8077/7268
f 8071/8071/7264 8079/8079/7271 8038/8038/7234
f 8078/8078/7269 8076/8076/7270 8080/8080/7272
f 8080/8080/7272 8081/8081/7273 8078/8078/7269
f 8078/8078/7269 8081/8081/7273 8082/8082/7274
f 8082/8082/7274 8083/8083/7275 8078/8078/7269
f 8078/8078/7269 8083/8083/7275 8084/8084/7276
f 8084/8084/7276 8075/8075/7267 8078/8078/7269
f 8084/8084/7276 8083/8083/7275 8085/8085/7277
f 8077/8077/7268 8075/8075/7267 8084/8084/7276
f 8085/8085/7277 8087/8087/7278 8084/8084/7276
f 8086/8086/7279 8088/8088/7280 8084/8084/7276
f 8084/8084/7276 8087/8087/7278 8086/8086/7279
f 8084/8084/7276 8088/8088/7280 8077/8077/7268
f 8040/8040/7237 8088/8088/7280 8086/8086/7279
f 8077/8077/7268 8088/8088/7280 8040/8040/7237
f 8086/8086/7279 8087/8087/7278 8089/8089/7281
f 8089/8089/7281 8087/8087/7278 8085/8085/7277
f 8089/8089/7281 8090/8090/7282 8086/8086/7279
f 8093/8093/7283 8090/8090/7282 8089/8089/7281
f 8085/8085/7277 8092/8092/7284 8089/8089/7281
f 8089/8089/7281 8091/8091/7285 8093/8093/7283
f 8094/8094/7286 8091/8091/7285 8089/8089/7281
f 8089/8089/7281 8092/8092/7284 8094/8094/7286
f 8094/8094/7286 8092/8092/7284 8095/8095/7287
f 8095/8095/7287 8096/8096/7288 8094/8094/7286
f 8094/8094/7286 8096/8096/7288 8097/8097/7289
f 8097/8097/7289 8098/8098/7290 8094/8094/7286
f 8094/8094/7286 8098/8098/7290 8099/8099/7291
f 8099/8099/7291 8091/8091/7285 8094/8094/7286
f 8099/8099/7291 8098/8098/7290 8101/8101/7292
f 8093/8093/7283 8091/8091/7285 8099/8099/7291
f 8100/8100/7293 8103/8103/7294 8099/8099/7291
f 8099/8099/7291 8102/8102/7295 8100/8100/7293
f 8101/8101/7292 8102/8102/7295 8099/8099/7291
f 8099/8099/7291 8103/8103/7294 8093/8093/7283
f 8104/8104/7296 8103/8103/7294 8100/8100/7293
f 8093/8093/7283 8103/8103/7294 8104/8104/7296
f 8015/8015/7211 8020/8020/7216 8104/8104/7296
f 8104/8104/7296 8105/8105/7297 8015/8015/7211
f 8104/8104/7296 8020/8020/7216 8021/8021/7217
f 8021/8021/7217 8106/8106/7298 8104/8104/7296
f 8100/8100/7293 8105/8105/7297 8104/8104/7296
f 8104/8104/7296 8106/8106/7298 8093/8093/7283
f 8107/8107/7299 8106/8106/7298 8021/8021/7217
f 8093/8093/7283 8106/8106/7298 8107/8107/7299
f 8107/8107/7299 8108/8108/7300 8086/8086/7279
f 8029/8029/7226 8108/8108/7300 8107/8107/7299
f 8086/8086/7279 8090/8090/7282 8107/8107/7299
f 8021/8021/7217 8027/8027/7222 8107/8107/7299
f 8107/8107/7299 8027/8027/7222 8029/8029/7226
f 8107/8107/7299 8090/8090/7282 8093/8093/7283
f 8086/8086/7279 8108/8108/7300 8040/8040/7237
f 8040/8040/7237 8108/8108/7300 8029/8029/7226
f 8015/8015/7211 8105/8105/7297 8011/8011/7207
f 8011/8011/7207 8105/8105/7297 8100/8100/7293
f 8100/8100/7293 8102/8102/7295 8109/8109/7301
f 8109/8109/7301 8102/8102/7295 8101/8101/7292
f 8109/8109/7301 8110/8110/7302 8112/8112/7303
f 8113/8113/7304 8110/8110/7302 8109/8109/7301
f 8109/8109/7301 8111/8111/7305 8113/8113/7304
f 8101/8101/7292 8111/8111/7305 8109/8109/7301
f 8112/8112/7303 8114/8114/7306 8109/8109/7301
f 8109/8109/7301 8114/8114/7306 8100/8100/7293
f 8011/8011/7207 8114/8114/7306 8112/8112/7303
f 8100/8100/7293 8114/8114/7306 8011/8011/7207
f 8113/8113/7304 8111/8111/7305 8115/8115/7307
f 8115/8115/7307 8116/8116/7308 8113/8113/7304
f 8113/8113/7304 8116/8116/7308 8117/8117/7309
f 8117/8117/7309 8118/8118/7310 8113/8113/7304
f 8113/8113/7304 8118/8118/7310 8119/8119/7311
f 8119/8119/7311 8110/8110/7302 8113/8113/7304
f 8119/8119/7311 8118/8118/7310 8121/8121/7312
f 8112/8112/7303 8110/8110/7302 8119/8119/7311
f 8120/8120/7313 8123/8123/7314 8119/8119/7311
f 8119/8119/7311 8122/8122/7315 8120/8120/7313
f 8121/8121/7312 8122/8122/7315 8119/8119/7311
f 8119/8119/7311 8123/8123/7314 8112/8112/7303
f 8013/8013/7210 8123/8123/7314 8120/8120/7313
f 8112/8112/7303 8123/8123/7314 8013/8013/7210
f 8120/8120/7313 8122/8122/7315 8124/8124/7316
f 8124/8124/7316 8122/8122/7315 8121/8121/7312
f 8124/8124/7316 8125/8125/7317 8120/8120/7313
f 8128/8128/7318 8125/8125/7317 8124/8124/7316
f 8121/8121/7312 8127/8127/7319 8124/8124/7316
f 8124/8124/7316 8126/8126/7320 8128/8128/7318
f 8129/8129/7321 8126/8126/7320 8124/8124/7316
f 8124/8124/7316 8127/8127/7319 8129/8129/7321
f 8129/8129/7321 8127/8127/7319 8130/8130/7322
f 8130/8130/7322 8131/8131/7323 8129/8129/7321
f 8129/8129/7321 8131/8131/7323 8132/8132/7324
f 8132/8132/7324 8133/8133/7325 8129/8129/7321
f 8129/8129/7321 8133/8133/7325 8134/8134/7326
f 8134/8134/7326 8126/8126/7320 8129/8129/7321
f 8134/8134/7326 8133/8133/7325 8135/8135/7327
f 8128/8128/7318 8126/8126/7320 8134/8134/7326
f 8135/8135/7327 8137/8137/7328 8134/8134/7326
f 8136/8136/7329 8138/8138/7330 8134/8134/7326
f 8134/8134/7326 8137/8137/7328 8136/8136/7329
f 8134/8134/7326 8138/8138/7330 8128/8128/7318
f 8139/8139/7331 8138/8138/7330 8136/8136/7329
f 8128/8128/7318 8138/8138/7330 8139/8139/7331
f 7987/7987/7183 7993/7993/7189 8139/8139/7331
f 8139/8139/7331 8140/8140/7332 7987/7987/7183
f 8139/8139/7331 7993/7993/7189 7994/7994/7190
f 8136/8136/7329 8140/8140/7332 8139/8139/7331
f 7994/7994/7190 8141/8141/7333 8139/8139/7331
f 8139/8139/7331 8141/8141/7333 8128/8128/7318
f 8142/8142/7334 8141/8141/7333 7994/7994/7190
f 8128/8128/7318 8141/8141/7333 8142/8142/7334
f 8142/8142/7334 8143/8143/7335 8120/8120/7313
f 8002/8002/7199 8143/8143/7335 8142/8142/7334
f 8120/8120/7313 8125/8125/7317 8142/8142/7334
f 7994/7994/7190 8001/8001/7196 8142/8142/7334
f 8142/8142/7334 8001/8001/7196 8002/8002/7199
f 8142/8142/7334 8125/8125/7317 8128/8128/7318
f 8120/8120/7313 8143/8143/7335 8013/8013/7210
f 8013/8013/7210 8143/8143/7335 8002/8002/7199
f 7987/7987/7183 8140/8140/7332 7985/7985/7182
f 7985/7985/7182 8140/8140/7332 8136/8136/7329
f 8136/8136/7329 8137/8137/7328 8144/8144/7336
f 8144/8144/7336 8137/8137/7328 8135/8135/7327
f 8144/8144/7336 8145/8145/7337 7978/7978/7174
f 8147/8147/7338 8145/8145/7337 8144/8144/7336
f 8144/8144/7336 8146/8146/7339 8147/8147/7338
f 8135/8135/7327 8146/8146/7339 8144/8144/7336
f 7978/7978/7174 8148/8148/7340 8144/8144/7336
f 8144/8144/7336 8148/8148/7340 8136/8136/7329
f 7985/7985/7182 8148/8148/7340 7978/7978/7174
f 8136/8136/7329 8148/8148/7340 7985/7985/7182
f 8147/8147/7338 8146/8146/7339 8149/8149/7341
f 8149/8149/7341 8151/8151/7342 8147/8147/7338
f 8152/8152/7343 8150/8150/7344 8147/8147/7338
f 8147/8147/7338 8150/8150/7344 7975/7975/7171
f 8147/8147/7338 8151/8151/7342 8152/8152/7343
f 7975/7975/7171 8145/8145/7337 8147/8147/7338
f 8152/8152/7343 8151/8151/7342 8153/8153/7345
f 8153/8153/7345 8157/8157/7346 8152/8152/7343
f 8154/8154/7347 8150/8150/7344 8152/8152/7343
f 8152/8152/7343 8155/8155/7348 8154/8154/7347
f 8156/8156/7349 8155/8155/7348 8152/8152/7343
f 8152/8152/7343 8157/8157/7346 8156/8156/7349
f 8156/8156/7349 8157/8157/7346 8158/8158/7350
f 8158/8158/7350 8157/8157/7346 8153/8153/7345
f 8158/8158/7350 8159/8159/6651 8160/8160/6641
f 8162/8162/7351 8159/8159/6651 8158/8158/7350
f 8160/8160/6641 8163/8163/7352 8158/8158/7350
f 8158/8158/7350 8161/8161/7353 8162/8162/7351
f 8153/8153/7345 8161/8161/7353 8158/8158/7350
f 8158/8158/7350 8163/8163/7352 8156/8156/7349
f 8164/8164/7354 8163/8163/7352 8160/8160/6641
f 8156/8156/7349 8163/8163/7352 8164/8164/7354
f 8160/8160/6641 8166/8166/6633 8164/8164/7354
f 7959/7959/7156 8165/8165/7355 8164/8164/7354
f 8164/8164/7354 8168/8168/7356 7959/7959/7156
f 8164/8164/7354 8165/8165/7355 8156/8156/7349
f 8164/8164/7354 8166/8166/6633 8167/8167/6634
f 8167/8167/6634 8168/8168/7356 8164/8164/7354
f 7959/7959/7156 8168/8168/7356 8169/8169/7357
f 8169/8169/7357 8168/8168/7356 8167/8167/6634
f 8169/8169/7357 8170/8170/6638 8171/8171/7358
f 8167/8167/6634 8170/8170/6638 8169/8169/7357
f 8169/8169/7357 7961/7961/7157 7959/7959/7156
f 7960/7960/7158 7961/7961/7157 8169/8169/7357
f 8171/8171/7358 8172/8172/7359 8169/8169/7357
f 8169/8169/7357 8172/8172/7359 7960/7960/7158
f 8173/8173/7360 8172/8172/7359 8171/8171/7358
f 7960/7960/7158 8172/8172/7359 8173/8173/7360
f 7863/7863/7065 7874/7874/7075 8173/8173/7360
f 8173/8173/7360 8174/8174/7361 7863/7863/7065
f 8173/8173/7360 7874/7874/7075 7873/7873/7076
f 8171/8171/7358 8174/8174/7361 8173/8173/7360
f 8173/8173/7360 8175/8175/7362 7960/7960/7158
f 7873/7873/7076 8175/8175/7362 8173/8173/7360
f 7960/7960/7158 8175/8175/7362 7955/7955/7153
f 7955/7955/7153 8175/8175/7362 7873/7873/7076
f 7863/7863/7065 8174/8174/7361 8176/8176/7363
f 8176/8176/7363 8174/8174/7361 8171/8171/7358
f 8176/8176/7363 7864/7864/7066 7863/7863/7065
f 7858/7858/7061 7864/7864/7066 8176/8176/7363
f 8176/8176/7363 8179/8179/7364 7858/7858/7061
f 8171/8171/7358 8177/8177/7365 8176/8176/7363
f 8176/8176/7363 8177/8177/7365 8178/8178/7366
f 8178/8178/7366 8179/8179/7364 8176/8176/7363
f 7858/7858/7061 8179/8179/7364 8180/8180/7367
f 8180/8180/7367 8179/8179/7364 8178/8178/7366
f 8180/8180/7367 7857/7857/7059 7858/7858/7061
f 7859/7859/7060 7857/7857/7059 8180/8180/7367
f 8180/8180/7367 8181/8181/7368 7859/7859/7060
f 8183/8183/7369 8181/8181/7368 8180/8180/7367
f 8178/8178/7366 8182/8182/7370 8180/8180/7367
f 8180/8180/7367 8182/8182/7370 8183/8183/7369
f 8183/8183/7369 8185/8185/6617 8184/8184/6617
f 8184/8184/6617 8187/8187/6616 8183/8183/7369
f 8186/8186/7371 8185/8185/6617 8183/8183/7369
f 8183/8183/7369 8182/8182/7370 8186/8186/7371
f 8183/8183/7369 8187/8187/6616 7770/7770/6975
f 7770/7770/6975 8181/8181/7368 8183/8183/7369
f 7770/7770/6975 8187/8187/6616 8188/8188/6616
f 8188/8188/6616 8187/8187/6616 8184/8184/6617
f 8188/8188/6616 8189/8189/6617 7748/7748/6617
f 8184/8184/6617 8189/8189/6617 8188/8188/6616
f 8188/8188/6616 7752/7752/6630 7753/7753/6964
f 7753/7753/6964 7767/7767/6974 8188/8188/6616
f 8188/8188/6616 7767/7767/6974 7770/7770/6975
f 7748/7748/6617 7752/7752/6630 8188/8188/6616
f 8190/8190/6632 8189/8189/6617 8184/8184/6617
f 7748/7748/6617 8189/8189/6617 8190/8190/6632
f 8190/8190/6632 8191/8191/6633 7747/7747/6633
f 7747/7747/6633 7746/7746/6632 8190/8190/6632
f 8192/8192/6633 8191/8191/6633 8190/8190/6632
f 8190/8190/6632 7746/7746/6632 7748/7748/6617
f 8190/8190/6632 8193/8193/6632 8192/8192/6633
f 8184/8184/6617 8193/8193/6632 8190/8190/6632
f 8192/8192/6633 8193/8193/6632 8194/8194/6632
f 8194/8194/6632 8193/8193/6632 8184/8184/6617
f 8194/8194/6632 8195/8195/6633 8192/8192/6633
f 8197/8197/6633 8195/8195/6633 8194/8194/6632
f 8194/8194/6632 8196/8196/6632 8197/8197/6633
f 8186/8186/7371 8196/8196/6632 8194/8194/6632
f 8194/8194/6632 8185/8185/6617 8186/8186/7371
f 8184/8184/6617 8185/8185/6617 8194/8194/6632
f 8202/8202/6641 8195/8195/6633 8197/8197/6633
f 8198/8198/6641 8199/8199/6641 8197/8197/6633
f 8197/8197/6633 8200/8200/6633 8198/8198/6641
f 8197/8197/6633 8199/8199/6641 8202/8202/6641
f 8201/8201/6632 8200/8200/6633 8197/8197/6633
f 8197/8197/6633 8196/8196/6632 8201/8201/6632
f 8202/8202/6641 8204/8204/6670 8203/8203/7372
f 8203/8203/7372 8206/8206/6641 8202/8202/6641
f 8205/8205/7373 8204/8204/6670 8202/8202/6641
f 8202/8202/6641 8199/8199/6641 8205/8205/7373
f 8202/8202/6641 8206/8206/6641 8192/8192/6633
f 8192/8192/6633 8195/8195/6633 8202/8202/6641
f 8192/8192/6633 8206/8206/6641 8207/8207/6641
f 8207/8207/6641 8206/8206/6641 8203/8203/7372
f 8209/8209/7374 8208/8208/6641 8207/8207/6641
f 8207/8207/6641 8208/8208/6641 7747/7747/6633
f 8207/8207/6641 8210/8210/6961 8209/8209/7374
f 8203/8203/7372 8210/8210/6961 8207/8207/6641
f 7747/7747/6633 8191/8191/6633 8207/8207/6641
f 8207/8207/6641 8191/8191/6633 8192/8192/6633
f 8209/8209/7374 8210/8210/6961 8211/8211/7375
f 8211/8211/7375 8210/8210/6961 8203/8203/7372
f 8213/8213/7376 8212/8212/7377 8211/8211/7375
f 8211/8211/7375 8212/8212/7377 8209/8209/7374
f 8211/8211/7375 8214/8214/7378 8213/8213/7376
f 8215/8215/7379 8214/8214/7378 8211/8211/7375
f 8211/8211/7375 8216/8216/7380 8215/8215/7379
f 8203/8203/7372 8216/8216/7380 8211/8211/7375
f 8215/8215/7379 8216/8216/7380 8217/8217/7381
f 8217/8217/7381 8216/8216/7380 8203/8203/7372
f 8217/8217/7381 8218/8218/7382 8215/8215/7379
f 8220/8220/7383 8218/8218/7382 8217/8217/7381
f 8217/8217/7381 8219/8219/7384 8220/8220/7383
f 8205/8205/7373 8219/8219/7384 8217/8217/7381
f 8217/8217/7381 8204/8204/6670 8205/8205/7373
f 8203/8203/7372 8204/8204/6670 8217/8217/7381
f 8225/8225/7385 8218/8218/7382 8220/8220/7383
f 8221/8221/7386 8222/8222/7387 8220/8220/7383
f 8220/8220/7383 8224/8224/7388 8221/8221/7386
f 8220/8220/7383 8222/8222/7387 8225/8225/7385
f 8223/8223/7389 8224/8224/7388 8220/8220/7383
f 8220/8220/7383 8219/8219/7384 8223/8223/7389
f 8225/8225/7385 8226/8226/7390 7658/7658/6900
f 7658/7658/6900 8228/8228/7391 8225/8225/7385
f 8227/8227/7392 8226/8226/7390 8225/8225/7385
f 8225/8225/7385 8228/8228/7391 8215/8215/7379
f 8215/8215/7379 8218/8218/7382 8225/8225/7385
f 8225/8225/7385 8222/8222/7387 8227/8227/7392
f 8215/8215/7379 8228/8228/7391 8229/8229/7393
f 8229/8229/7393 8228/8228/7391 7658/7658/6900
f 8229/8229/7393 7659/7659/6898 7656/7656/6897
f 7658/7658/6900 7659/7659/6898 8229/8229/7393
f 8229/8229/7393 8230/8230/7394 8213/8213/7376
f 8213/8213/7376 8214/8214/7378 8229/8229/7393
f 8229/8229/7393 8214/8214/7378 8215/8215/7379
f 7656/7656/6897 8230/8230/7394 8229/8229/7393
f 8231/8231/7395 8230/8230/7394 7656/7656/6897
f 8213/8213/7376 8230/8230/7394 8231/8231/7395
f 7656/7656/6897 7665/7665/6905 8231/8231/7395
f 8231/8231/7395 7665/7665/6905 7666/7666/6906
f 8231/8231/7395 8232/8232/7396 8213/8213/7376
f 7708/7708/6948 8232/8232/7396 8231/8231/7395
f 7666/7666/6906 7709/7709/6949 8231/8231/7395
f 8231/8231/7395 7709/7709/6949 7708/7708/6948
f 8213/8213/7376 8232/8232/7396 8233/8233/7397
f 8233/8233/7397 8232/8232/7396 7708/7708/6948
f 8233/8233/7397 8212/8212/7377 8213/8213/7376
f 8209/8209/7374 8212/8212/7377 8233/8233/7397
f 8233/8233/7397 8235/8235/6962 8209/8209/7374
f 7708/7708/6948 8234/8234/6952 8233/8233/7397
f 8233/8233/7397 8234/8234/6952 7740/7740/6963
f 7740/7740/6963 8235/8235/6962 8233/8233/7397
f 8209/8209/7374 8235/8235/6962 7742/7742/6641
f 7742/7742/6641 8235/8235/6962 7740/7740/6963
f 7714/7714/6952 8234/8234/6952 7708/7708/6948
f 7740/7740/6963 8234/8234/6952 7714/7714/6952
f 8236/8236/7398 8237/8237/7399 8227/8227/7392
f 8227/8227/7392 8238/8238/7400 8236/8236/7398
f 8227/8227/7392 8237/8237/7399 7652/7652/6892
f 8221/8221/7386 8238/8238/7400 8227/8227/7392
f 8227/8227/7392 8222/8222/7387 8221/8221/7386
f 7652/7652/6892 8226/8226/7390 8227/8227/7392
f 8236/8236/7398 8238/8238/7400 8239/8239/7401
f 8239/8239/7401 8238/8238/7400 8221/8221/7386
f 8239/8239/7401 8241/8241/7402 8236/8236/7398
f 8221/8221/7386 8244/8244/7403 8239/8239/7401
f 8240/8240/7404 8241/8241/7402 8239/8239/7401
f 8239/8239/7401 8242/8242/7405 8240/8240/7404
f 8243/8243/7406 8242/8242/7405 8239/8239/7401
f 8239/8239/7401 8244/8244/7403 8243/8243/7406
f 8243/8243/7406 8244/8244/7403 8245/8245/7407
f 8245/8245/7407 8244/8244/7403 8221/8221/7386
f 8223/8223/7389 8247/8247/7408 8245/8245/7407
f 8245/8245/7407 8224/8224/7388 8223/8223/7389
f 8245/8245/7407 8246/8246/7409 8243/8243/7406
f 8162/8162/7351 8246/8246/7409 8245/8245/7407
f 8245/8245/7407 8247/8247/7408 8162/8162/7351
f 8221/8221/7386 8224/8224/7388 8245/8245/7407
f 8248/8248/7410 8247/8247/7408 8223/8223/7389
f 8162/8162/7351 8247/8247/7408 8248/8248/7410
f 8223/8223/7389 8249/8249/6668 8248/8248/7410
f 8248/8248/7410 8249/8249/6668 8198/8198/6641
f 8198/8198/6641 8250/8250/6641 8248/8248/7410
f 8248/8248/7410 8159/8159/6651 8162/8162/7351
f 8160/8160/6641 8159/8159/6651 8248/8248/7410
f 8248/8248/7410 8250/8250/6641 8160/8160/6641
f 8160/8160/6641 8250/8250/6641 8251/8251/6633
f 8251/8251/6633 8250/8250/6641 8198/8198/6641
f 8201/8201/6632 8252/8252/6632 8251/8251/6633
f 8251/8251/6633 8200/8200/6633 8201/8201/6632
f 8251/8251/6633 8166/8166/6633 8160/8160/6641
f 8167/8167/6634 8166/8166/6633 8251/8251/6633
f 8251/8251/6633 8252/8252/6632 8167/8167/6634
f 8198/8198/6641 8200/8200/6633 8251/8251/6633
f 8253/8253/7411 8252/8252/6632 8201/8201/6632
f 8167/8167/6634 8252/8252/6632 8253/8253/7411
f 8201/8201/6632 8254/8254/6611 8253/8253/7411
f 8253/8253/7411 8254/8254/6611 8178/8178/7366
f 8178/8178/7366 8177/8177/7365 8253/8253/7411
f 8171/8171/7358 8170/8170/6638 8253/8253/7411
f 8253/8253/7411 8177/8177/7365 8171/8171/7358
f 8253/8253/7411 8170/8170/6638 8167/8167/6634
f 8186/8186/7371 8254/8254/6611 8201/8201/6632
f 8178/8178/7366 8254/8254/6611 8186/8186/7371
f 8205/8205/7373 8249/8249/6668 8223/8223/7389
f 8198/8198/6641 8249/8249/6668 8205/8205/7373
f 8243/8243/7406 8246/8246/7409 8255/8255/7412
f 8255/8255/7412 8246/8246/7409 8162/8162/7351
f 8255/8255/7412 8256/8256/7413 8243/8243/7406
f 8258/8258/7414 8256/8256/7413 8255/8255/7412
f 8162/8162/7351 8161/8161/7353 8255/8255/7412
f 8255/8255/7412 8161/8161/7353 8153/8153/7345
f 8153/8153/7345 8257/8257/7415 8255/8255/7412
f 8255/8255/7412 8257/8257/7415 8258/8258/7414
f 8258/8258/7414 8259/8259/7416 8132/8132/7324
f 8132/8132/7324 8261/8261/7417 8258/8258/7414
f 8149/8149/7341 8259/8259/7416 8258/8258/7414
f 8260/8260/7418 8256/8256/7413 8258/8258/7414
f 8258/8258/7414 8261/8261/7417 8260/8260/7418
f 8258/8258/7414 8257/8257/7415 8149/8149/7341
f 8260/8260/7418 8261/8261/7417 8262/8262/7419
f 8262/8262/7419 8261/8261/7417 8132/8132/7324
f 8262/8262/7419 8131/8131/7323 8130/8130/7322
f 8132/8132/7324 8131/8131/7323 8262/8262/7419
f 8262/8262/7419 8264/8264/7420 8263/8263/7421
f 8263/8263/7421 8265/8265/7422 8262/8262/7419
f 8262/8262/7419 8265/8265/7422 8260/8260/7418
f 8130/8130/7322 8264/8264/7420 8262/8262/7419
f 8240/8240/7404 8265/8265/7422 8263/8263/7421
f 8260/8260/7418 8265/8265/7422 8240/8240/7404
f 8263/8263/7421 8264/8264/7420 8266/8266/7423
f 8266/8266/7423 8264/8264/7420 8130/8130/7322
f 8266/8266/7423 8267/8267/7424 8117/8117/7309
f 8130/8130/7322 8267/8267/7424 8266/8266/7423
f 8266/8266/7423 8269/8269/7425 8263/8263/7421
f 8117/8117/7309 8268/8268/7426 8266/8266/7423
f 8266/8266/7423 8268/8268/7426 8270/8270/7427
f 8270/8270/7427 8269/8269/7425 8266/8266/7423
f 8270/8270/7427 8271/8271/7428 8272/8272/7429
f 8275/8275/7430 8271/8271/7428 8270/8270/7427
f 8272/8272/7429 8269/8269/7425 8270/8270/7427
f 8270/8270/7427 8273/8273/7431 8275/8275/7430
f 8274/8274/7432 8273/8273/7431 8270/8270/7427
f 8270/8270/7427 8268/8268/7426 8274/8274/7432
f 8275/8275/7430 8277/8277/7433 8276/8276/7434
f 8276/8276/7434 8278/8278/7435 8275/8275/7430
f 8280/8280/7436 8277/8277/7433 8275/8275/7430
f 8275/8275/7430 8273/8273/7431 8280/8280/7436
f 8275/8275/7430 8278/8278/7435 8279/8279/7437
f 8279/8279/7437 8271/8271/7428 8275/8275/7430
f 8280/8280/7436 8273/8273/7431 8274/8274/7432
f 8280/8280/7436 8281/8281/7438 8282/8282/7439
f 8284/8284/7440 8281/8281/7438 8280/8280/7436
f 8282/8282/7439 8277/8277/7433 8280/8280/7436
f 8274/8274/7432 8283/8283/7441 8280/8280/7436
f 8280/8280/7436 8283/8283/7441 8284/8284/7440
f 8284/8284/7440 8285/8285/7442 8097/8097/7289
f 8097/8097/7289 8286/8286/7443 8284/8284/7440
f 8115/8115/7307 8285/8285/7442 8284/8284/7440
f 8284/8284/7440 8286/8286/7443 8287/8287/7444
f 8284/8284/7440 8283/8283/7441 8115/8115/7307
f 8287/8287/7444 8281/8281/7438 8284/8284/7440
f 8288/8288/7445 8290/8290/7446 8287/8287/7444
f 8287/8287/7444 8291/8291/7447 8288/8288/7445
f 8287/8287/7444 8286/8286/7443 8289/8289/7448
f 8289/8289/7448 8291/8291/7447 8287/8287/7444
f 8287/8287/7444 8290/8290/7446 8282/8282/7439
f 8282/8282/7439 8281/8281/7438 8287/8287/7444
f 8288/8288/7445 8291/8291/7447 8292/8292/7449
f 8292/8292/7449 8291/8291/7447 8289/8289/7448
f 8293/8293/7450 8295/8295/7451 8292/8292/7449
f 8292/8292/7449 8297/8297/7452 8293/8293/7450
f 8292/8292/7449 8295/8295/7451 8288/8288/7445
f 8289/8289/7448 8294/8294/7453 8292/8292/7449
f 8292/8292/7449 8294/8294/7453 8296/8296/7454
f 8296/8296/7454 8297/8297/7452 8292/8292/7449
f 8293/8293/7450 8297/8297/7452 8298/8298/7455
f 8298/8298/7455 8297/8297/7452 8296/8296/7454
f 8298/8298/7455 8299/8299/7456 8293/8293/7450
f 8300/8300/7457 8299/8299/7456 8298/8298/7455
f 8298/8298/7455 8303/8303/7458 8300/8300/7457
f 8296/8296/7454 8301/8301/7459 8298/8298/7455
f 8298/8298/7455 8301/8301/7459 8302/8302/7460
f 8302/8302/7460 8303/8303/7458 8298/8298/7455
f 8300/8300/7457 8303/8303/7458 8304/8304/7461
f 8304/8304/7461 8303/8303/7458 8302/8302/7460
f 8304/8304/7461 8305/8305/7462 8306/8306/7463
f 8309/8309/7464 8305/8305/7462 8304/8304/7461
f 8304/8304/7461 8307/8307/7465 8300/8300/7457
f 8306/8306/7463 8307/8307/7465 8304/8304/7461
f 8302/8302/7460 8308/8308/7466 8304/8304/7461
f 8304/8304/7461 8308/8308/7466 8309/8309/7464
f 8309/8309/7464 8310/8310/7467 8067/8067/7259
f 8067/8067/7259 8311/8311/7468 8309/8309/7464
f 8080/8080/7272 8310/8310/7467 8309/8309/7464
f 8309/8309/7464 8311/8311/7468 8312/8312/7469
f 8309/8309/7464 8308/8308/7466 8080/8080/7272
f 8312/8312/7469 8305/8305/7462 8309/8309/7464
f 8312/8312/7469 8311/8311/7468 8313/8313/7470
f 8313/8313/7470 8314/8314/7471 8312/8312/7469
f 8306/8306/7463 8305/8305/7462 8312/8312/7469
f 8312/8312/7469 8315/8315/7472 8306/8306/7463
f 8312/8312/7469 8314/8314/7471 8316/8316/7473
f 8316/8316/7473 8315/8315/7472 8312/8312/7469
f 7624/7624/6865 8315/8315/7472 8316/8316/7473
f 8316/8316/7473 7626/7626/6866 7624/7624/6865
f 7620/7620/6860 7626/7626/6866 8316/8316/7473
f 8316/8316/7473 8314/8314/7471 8317/8317/7474
f 8317/8317/7474 8318/8318/7475 8316/8316/7473
f 8316/8316/7473 8318/8318/7475 7620/7620/6860
f 7620/7620/6860 8318/8318/7475 8319/8319/7476
f 8319/8319/7476 8318/8318/7475 8317/8317/7474
f 7619/7619/6859 7618/7618/6858 8319/8319/7476
f 8319/8319/7476 7618/7618/6858 7620/7620/6860
f 8319/8319/7476 8320/8320/7477 7619/7619/6859
f 7180/7180/6447 8320/8320/7477 8319/8319/7476
f 8319/8319/7476 8321/8321/7478 7180/7180/6447
f 8317/8317/7474 8321/8321/7478 8319/8319/7476
f 7180/7180/6447 8321/8321/7478 7175/7175/6445
f 7175/7175/6445 8321/8321/7478 8317/8317/7474
f 7619/7619/6859 8320/8320/7477 7186/7186/6456
f 7186/7186/6456 8320/8320/7477 7180/7180/6447
f 8313/8313/7470 8322/8322/7479 8317/8317/7474
f 8317/8317/7474 8314/8314/7471 8313/8313/7470
f 8317/8317/7474 8322/8322/7479 7175/7175/6445
f 8065/8065/7257 8322/8322/7479 8313/8313/7470
f 7175/7175/6445 8322/8322/7479 8065/8065/7257
f 8306/8306/7463 8315/8315/7472 7624/7624/6865
f 8313/8313/7470 8066/8066/7258 8065/8065/7257
f 8067/8067/7259 8066/8066/7258 8313/8313/7470
f 8313/8313/7470 8311/8311/7468 8067/8067/7259
f 8067/8067/7259 8310/8310/7467 8070/8070/7262
f 8070/8070/7262 8310/8310/7467 8080/8080/7272
f 8080/8080/7272 8308/8308/7466 8302/8302/7460
f 8300/8300/7457 8307/8307/7465 8323/8323/7480
f 8323/8323/7480 8307/8307/7465 8306/8306/7463
f 8323/8323/7480 8324/8324/7481 8300/8300/7457
f 8325/8325/7482 8324/8324/7481 8323/8323/7480
f 8323/8323/7480 8326/8326/7483 8325/8325/7482
f 7632/7632/6873 8326/8326/7483 8323/8323/7480
f 8323/8323/7480 8327/8327/7484 7632/7632/6873
f 8306/8306/7463 8327/8327/7484 8323/8323/7480
f 7624/7624/6865 8327/8327/7484 8306/8306/7463
f 7632/7632/6873 8327/8327/7484 7624/7624/6865
f 8325/8325/7482 8326/8326/7483 8328/8328/7485
f 8328/8328/7485 8326/8326/7483 7632/7632/6873
f 8328/8328/7485 7630/7630/6872 7631/7631/6871
f 7632/7632/6873 7630/7630/6872 8328/8328/7485
f 7631/7631/6871 8329/8329/7486 8328/8328/7485
f 8328/8328/7485 8329/8329/7486 8330/8330/7487
f 8328/8328/7485 8331/8331/7488 8325/8325/7482
f 8330/8330/7487 8331/8331/7488 8328/8328/7485
f 8332/8332/7489 8331/8331/7488 8330/8330/7487
f 8325/8325/7482 8331/8331/7488 8332/8332/7489
f 8288/8288/7445 8333/8333/7490 8332/8332/7489
f 8332/8332/7489 8290/8290/7446 8288/8288/7445
f 8332/8332/7489 8333/8333/7490 8325/8325/7482
f 8282/8282/7439 8290/8290/7446 8332/8332/7489
f 8332/8332/7489 8334/8334/7491 8282/8282/7439
f 8330/8330/7487 8334/8334/7491 8332/8332/7489
f 8282/8282/7439 8334/8334/7491 8276/8276/7434
f 8276/8276/7434 8334/8334/7491 8330/8330/7487
f 8335/8335/7492 8333/8333/7490 8288/8288/7445
f 8325/8325/7482 8333/8333/7490 8335/8335/7492
f 8293/8293/7450 8299/8299/7456 8335/8335/7492
f 8335/8335/7492 8295/8295/7451 8293/8293/7450
f 8288/8288/7445 8295/8295/7451 8335/8335/7492
f 8335/8335/7492 8299/8299/7456 8300/8300/7457
f 8300/8300/7457 8324/8324/7481 8335/8335/7492
f 8335/8335/7492 8324/8324/7481 8325/8325/7482
f 8330/8330/7487 8337/8337/7493 8276/8276/7434
f 8330/8330/7487 8329/8329/7486 8336/8336/7494
f 8336/8336/7494 8337/8337/7493 8330/8330/7487
f 8338/8338/7495 8337/8337/7493 8336/8336/7494
f 8276/8276/7434 8337/8337/7493 8338/8338/7495
f 8336/8336/7494 8339/8339/7496 8338/8338/7495
f 8338/8338/7495 8339/8339/7496 8340/8340/7497
f 8340/8340/7497 8341/8341/7498 8338/8338/7495
f 8338/8338/7495 8341/8341/7498 8279/8279/7437
f 8338/8338/7495 8278/8278/7435 8276/8276/7434
f 8279/8279/7437 8278/8278/7435 8338/8338/7495
f 8342/8342/7499 8341/8341/7498 8340/8340/7497
f 8279/8279/7437 8341/8341/7498 8342/8342/7499
f 8340/8340/7497 8344/8344/7500 8342/8342/7499
f 8342/8342/7499 8346/8346/7501 8343/8343/7502
f 8343/8343/7502 8347/8347/7503 8342/8342/7499
f 8342/8342/7499 8344/8344/7500 8345/8345/7504
f 8345/8345/7504 8346/8346/7501 8342/8342/7499
f 8342/8342/7499 8347/8347/7503 8279/8279/7437
f 8279/8279/7437 8347/8347/7503 8272/8272/7429
f 8272/8272/7429 8347/8347/7503 8343/8343/7502
f 8236/8236/7398 8346/8346/7501 8345/8345/7504
f 8343/8343/7502 8346/8346/7501 8236/8236/7398
f 8345/8345/7504 7651/7651/6891 7652/7652/6892
f 7648/7648/6889 7651/7651/6891 8345/8345/7504
f 7652/7652/6892 8237/8237/7399 8345/8345/7504
f 8345/8345/7504 8344/8344/7500 7648/7648/6889
f 8345/8345/7504 8237/8237/7399 8236/8236/7398
f 7648/7648/6889 8344/8344/7500 8340/8340/7497
f 8236/8236/7398 8241/8241/7402 8343/8343/7502
f 8343/8343/7502 8348/8348/7505 8272/8272/7429
f 8240/8240/7404 8348/8348/7505 8343/8343/7502
f 8343/8343/7502 8241/8241/7402 8240/8240/7404
f 8272/8272/7429 8348/8348/7505 8263/8263/7421
f 8263/8263/7421 8348/8348/7505 8240/8240/7404
f 8340/8340/7497 8339/8339/7496 7639/7639/6880
f 7639/7639/6880 7647/7647/6886 8340/8340/7497
f 8340/8340/7497 7647/7647/6886 7648/7648/6889
f 7639/7639/6880 8339/8339/7496 8336/8336/7494
f 8336/8336/7494 7638/7638/6879 7639/7639/6880
f 7631/7631/6871 7638/7638/6879 8336/8336/7494
f 8336/8336/7494 8329/8329/7486 7631/7631/6871
f 8302/8302/7460 8081/8081/7273 8080/8080/7272
f 8082/8082/7274 8081/8081/7273 8302/8302/7460
f 8302/8302/7460 8301/8301/7459 8082/8082/7274
f 8082/8082/7274 8301/8301/7459 8296/8296/7454
f 8296/8296/7454 8349/8349/7506 8082/8082/7274
f 8095/8095/7287 8349/8349/7506 8296/8296/7454
f 8296/8296/7454 8294/8294/7453 8095/8095/7287
f 8082/8082/7274 8349/8349/7506 8085/8085/7277
f 8085/8085/7277 8349/8349/7506 8095/8095/7287
f 8095/8095/7287 8294/8294/7453 8289/8289/7448
f 8289/8289/7448 8096/8096/7288 8095/8095/7287
f 8097/8097/7289 8096/8096/7288 8289/8289/7448
f 8289/8289/7448 8286/8286/7443 8097/8097/7289
f 8097/8097/7289 8285/8285/7442 8101/8101/7292
f 8101/8101/7292 8285/8285/7442 8115/8115/7307
f 8115/8115/7307 8283/8283/7441 8274/8274/7432
f 8276/8276/7434 8277/8277/7433 8282/8282/7439
f 8272/8272/7429 8271/8271/7428 8279/8279/7437
f 8274/8274/7432 8116/8116/7308 8115/8115/7307
f 8117/8117/7309 8116/8116/7308 8274/8274/7432
f 8274/8274/7432 8268/8268/7426 8117/8117/7309
f 8263/8263/7421 8269/8269/7425 8272/8272/7429
f 8117/8117/7309 8267/8267/7424 8121/8121/7312
f 8121/8121/7312 8267/8267/7424 8130/8130/7322
f 8260/8260/7418 8242/8242/7405 8243/8243/7406
f 8240/8240/7404 8242/8242/7405 8260/8260/7418
f 8243/8243/7406 8256/8256/7413 8260/8260/7418
f 8132/8132/7324 8259/8259/7416 8135/8135/7327
f 8135/8135/7327 8259/8259/7416 8149/8149/7341
f 8149/8149/7341 8257/8257/7415 8153/8153/7345
f 7658/7658/6900 8226/8226/7390 7652/7652/6892
f 8223/8223/7389 8219/8219/7384 8205/8205/7373
f 7742/7742/6641 8208/8208/6641 8209/8209/7374
f 7747/7747/6633 8208/8208/6641 7742/7742/6641
f 8205/8205/7373 8199/8199/6641 8198/8198/6641
f 8201/8201/6632 8196/8196/6632 8186/8186/7371
f 8186/8186/7371 8182/8182/7370 8178/8178/7366
f 7859/7859/7060 8181/8181/7368 7770/7770/6975
f 7963/7963/7160 8165/8165/7355 7959/7959/7156
f 8156/8156/7349 8165/8165/7355 7963/7963/7160
f 7963/7963/7160 8155/8155/7348 8156/8156/7349
f 8154/8154/7347 8155/8155/7348 7963/7963/7160
f 7975/7975/7171 8150/8150/7344 8154/8154/7347
f 7963/7963/7160 7964/7964/7159 8154/8154/7347
f 8154/8154/7347 7964/7964/7159 7965/7965/7161
f 8154/8154/7347 7974/7974/7172 7975/7975/7171
f 7965/7965/7161 7974/7974/7172 8154/8154/7347
f 8153/8153/7345 8151/8151/7342 8149/8149/7341
f 8149/8149/7341 8146/8146/7339 8135/8135/7327
f 7978/7978/7174 8145/8145/7337 7975/7975/7171
f 8135/8135/7327 8133/8133/7325 8132/8132/7324
f 8130/8130/7322 8127/8127/7319 8121/8121/7312
f 8121/8121/7312 8118/8118/7310 8117/8117/7309
f 8115/8115/7307 8111/8111/7305 8101/8101/7292
f 8112/8112/7303 8012/8012/7209 8011/8011/7207
f 8013/8013/7210 8012/8012/7209 8112/8112/7303
f 8101/8101/7292 8098/8098/7290 8097/8097/7289
f 8095/8095/7287 8092/8092/7284 8085/8085/7277
f 8085/8085/7277 8083/8083/7275 8082/8082/7274
f 8080/8080/7272 8076/8076/7270 8070/8070/7262
f 8077/8077/7268 8039/8039/7236 8038/8038/7234
f 8040/8040/7237 8039/8039/7236 8077/8077/7268
f 8350/8350/7507 8072/8072/7265 8071/8071/7264
f 8059/8059/7251 8072/8072/7265 8350/8350/7507
f 8042/8042/6427 8047/8047/6427 8350/8350/7507
f 8350/8350/7507 8351/8351/7508 8042/8042/6427
f 8350/8350/7507 8047/8047/6427 8048/8048/6427
f 8071/8071/7264 8351/8351/7508 8350/8350/7507
f 8048/8048/6427 8058/8058/7250 8350/8350/7507
f 8350/8350/7507 8058/8058/7250 8059/8059/7251
f 8042/8042/6427 8351/8351/7508 8038/8038/7234
f 8038/8038/7234 8351/8351/7508 8071/8071/7264
f 8070/8070/7262 8068/8068/7260 8067/8067/7259
f 7168/7168/6437 7174/7174/6444 8065/8065/7257
f 8065/8065/7257 8063/8063/7254 7168/7168/6437
f 8065/8065/7257 7174/7174/6444 7175/7175/6445
f 7159/7159/6427 8053/8053/7246 7151/7151/6420
f 8038/8038/7234 8037/8037/7233 8042/8042/6427
f 8029/8029/7226 8034/8034/7231 8040/8040/7237
f 8011/8011/7207 8010/8010/7206 8015/8015/7211
f 8002/8002/7199 8007/8007/7204 8013/8013/7210
f 7988/7988/7185 7982/7982/7178 7983/7983/7180
f 7983/7983/7180 8352/8352/7509 7988/7988/7185
f 8353/8353/7510 8352/8352/7509 7983/7983/7180
f 7983/7983/7180 8354/8354/7511 8353/8353/7510
f 8353/8353/7510 8354/8354/7511 8356/8356/7512
f 8356/8356/7512 8355/8355/7513 8353/8353/7510
f 8357/8357/7514 8355/8355/7513 8356/8356/7512
f 8356/8356/7512 8360/8360/7515 8357/8357/7514
f 8358/8358/7516 8360/8360/7515 8356/8356/7512
f 8356/8356/7512 8359/8359/7517 8358/8358/7516
f 7979/7979/7176 8359/8359/7517 8356/8356/7512
f 8356/8356/7512 8354/8354/7511 7979/7979/7176
f 8357/8357/7514 8360/8360/7515 7942/7942/7139
f 7942/7942/7139 8360/8360/7515 8358/8358/7516
f 8358/8358/7516 8359/8359/7517 7968/7968/7165
f 7968/7968/7165 8359/8359/7517 7979/7979/7176
f 8358/8358/7516 7945/7945/7141 7942/7942/7139
f 7968/7968/7165 7969/7969/7164 8358/8358/7516
f 8358/8358/7516 7969/7969/7164 7946/7946/7142
f 7946/7946/7142 7945/7945/7141 8358/8358/7516
f 7942/7942/7139 7941/7941/7138 8357/8357/7514
f 7979/7979/7176 8354/8354/7511 7983/7983/7180
f 7985/7985/7182 7984/7984/7181 7987/7987/7183
f 7978/7978/7174 7977/7977/7173 7985/7985/7182
f 7983/7983/7180 7980/7980/7177 7979/7979/7176
f 7979/7979/7176 7972/7972/7168 7968/7968/7165
f 7975/7975/7171 7973/7973/7170 7978/7978/7174
f 7959/7959/7156 7958/7958/7155 7963/7963/7160
f 7955/7955/7153 7954/7954/7152 7960/7960/7158
f 7877/7877/7080 7956/7956/7151 7955/7955/7153
f 7887/7887/7091 7956/7956/7151 7877/7877/7080
f 7873/7873/7076 7878/7878/7079 7955/7955/7153
f 7955/7955/7153 7878/7878/7079 7877/7877/7080
f 7890/7890/7093 7892/7892/7095 7836/7836/7039
f 7836/7836/7039 7892/7892/7095 7841/7841/7043
f 7877/7877/7080 7882/7882/7086 7887/7887/7091
f 7870/7870/7072 7869/7869/7071 7846/7846/7048
f 7846/7846/7048 7869/7869/7071 7850/7850/7052
f 7769/7769/6976 7860/7860/7063 7859/7859/7060
f 7781/7781/6987 7860/7860/7063 7769/7769/6976
f 7770/7770/6975 7768/7768/6977 7859/7859/7060
f 7859/7859/7060 7768/7768/6977 7769/7769/6976
f 7850/7850/7052 7847/7847/7049 7846/7846/7048
f 7846/7846/7048 7844/7844/7046 7842/7842/7045
f 7841/7841/7043 7838/7838/7040 7836/7836/7039
f 7825/7825/7028 7831/7831/7035 7784/7784/6990
f 7784/7784/6990 7831/7831/7035 7830/7830/7034
f 7784/7784/6990 7786/7786/6992 7825/7825/7028
f 7787/7787/6994 7824/7824/7020 7825/7825/7028
f 7825/7825/7028 7786/7786/6992 7787/7787/6994
f 7819/7819/7025 7824/7824/7020 7787/7787/6994
f 7819/7819/7025 7791/7791/6999 7792/7792/7000
f 7787/7787/6994 7791/7791/6999 7819/7819/7025
f 7792/7792/7000 7813/7813/7020 7819/7819/7025
f 7818/7818/6330 7816/7816/7022 7814/7814/7021
f 7814/7814/7021 7815/7815/7023 7054/7054/6328
f 7054/7054/6328 7815/7815/7023 7796/7796/7003
f 7814/7814/7021 7057/7057/6329 7056/7056/6330
f 7054/7054/6328 7057/7057/6329 7814/7814/7021
f 7790/7790/6996 8361/8361/7518 7002/7002/6279
f 7775/7775/6981 8361/8361/7518 7790/7790/6996
f 7002/7002/6279 8361/8361/7518 8362/8362/7519
f 8362/8362/7519 8361/8361/7518 7775/7775/6981
f 8362/8362/7519 7003/7003/6274 7002/7002/6279
f 6999/6999/6275 7003/7003/6274 8362/8362/7519
f 8362/8362/7519 7764/7764/6970 6999/6999/6275
f 7775/7775/6981 7773/7773/6980 8362/8362/7519
f 8362/8362/7519 7773/7773/6980 7763/7763/6971
f 7763/7763/6971 7764/7764/6970 8362/8362/7519
f 7769/7769/6976 7774/7774/6982 7781/7781/6987
f 7780/7780/6988 7776/7776/6984 7775/7775/6981
f 7757/7757/6968 7759/7759/6628 7364/7364/6628
f 6999/6999/6275 7758/7758/6969 7757/7757/6968
f 7364/7364/6628 7365/7365/6627 7757/7757/6968
f 7757/7757/6968 7365/7365/6627 7004/7004/6277
f 7004/7004/6277 7000/7000/6276 7757/7757/6968
f 7757/7757/6968 7000/7000/6276 6999/6999/6275
f 7749/7749/6631 7744/7744/6632 7733/7733/6632
f 7742/7742/6641 7743/7743/6633 7747/7747/6633
f 7740/7740/6963 7739/7739/6641 7742/7742/6641
f 7714/7714/6952 7738/7738/6963 7740/7740/6963
f 7730/7730/6963 7738/7738/6963 7714/7714/6952
f 7370/7370/6631 7736/7736/6632 7734/7734/6632
f 7733/7733/6632 7736/7736/6632 7370/7370/6631
f 7734/7734/6632 7729/7729/6633 7377/7377/6633
f 7377/7377/6633 7378/7378/6632 7734/7734/6632
f 7734/7734/6632 7378/7378/6632 7368/7368/6617
f 7368/7368/6617 7369/7369/6631 7734/7734/6632
f 7734/7734/6632 7369/7369/6631 7370/7370/6631
f 7712/7712/6951 7724/7724/6962 7730/7730/6963
f 7730/7730/6963 7713/7713/6952 7712/7712/6951
f 7714/7714/6952 7713/7713/6952 7730/7730/6963
f 7433/7433/6674 7719/7719/6957 7718/7718/6956
f 7718/7718/6956 7717/7717/6955 8365/8365/7520
f 7718/7718/6956 8364/8364/7521 7449/7449/6689
f 7449/7449/6689 8363/8363/7522 7718/7718/6956
f 7718/7718/6956 8363/8363/7522 7433/7433/6674
f 8365/8365/7520 8364/8364/7521 7718/7718/6956
f 8366/8366/7523 8364/8364/7521 8365/8365/7520
f 8365/8365/7520 8367/8367/7524 8366/8366/7523
f 7700/7700/6940 8367/8367/7524 8365/8365/7520
f 8365/8365/7520 7705/7705/6946 7700/7700/6940
f 7706/7706/6944 7705/7705/6946 8365/8365/7520
f 8365/8365/7520 7717/7717/6955 7706/7706/6944
f 8366/8366/7523 8367/8367/7524 7694/7694/6934
f 7694/7694/6934 8367/8367/7524 7700/7700/6940
f 7449/7449/6689 8364/8364/7521 8366/8366/7523
f 7694/7694/6934 7693/7693/6933 8366/8366/7523
f 8366/8366/7523 7693/7693/6933 7446/7446/6687
f 8366/8366/7523 7447/7447/6686 7449/7449/6689
f 7446/7446/6687 7447/7447/6686 8366/8366/7523
f 7438/7438/6678 8363/8363/7522 7449/7449/6689
f 7433/7433/6674 8363/8363/7522 7438/7438/6678
f 7708/7708/6948 7710/7710/6947 7714/7714/6952
f 7669/7669/6909 7704/7704/6945 7666/7666/6906
f 7700/7700/6940 7697/7697/6937 7694/7694/6934
f 7680/7680/6920 7698/7698/6939 7671/7671/6912
f 7446/7446/6687 7691/7691/6932 7453/7453/6691
f 7671/7671/6912 7675/7675/6914 7680/7680/6920
f 7642/7642/6883 7674/7674/6915 7661/7661/6901
f 7666/7666/6906 7667/7667/6907 7669/7669/6909
f 7661/7661/6901 7662/7662/6903 7642/7642/6883
f 7642/7642/6883 7662/7662/6903 7646/7646/6887
f 7652/7652/6892 7653/7653/6893 7658/7658/6900
f 7646/7646/6887 7644/7644/6884 7642/7642/6883
f 7634/7634/6875 7635/7635/6874 7614/7614/6854
f 7614/7614/6854 7635/7635/6874 7621/7621/6861
f 7624/7624/6865 7625/7625/6864 7632/7632/6873
f 7621/7621/6861 7616/7616/6855 7614/7614/6854
f 7602/7602/6842 7615/7615/6856 7619/7619/6859
f 7619/7619/6859 7603/7603/6843 7602/7602/6842
f 7186/7186/6456 7603/7603/6843 7619/7619/6859
f 7614/7614/6854 7611/7611/6851 7609/7609/6850
f 7612/7612/6852 7606/7606/6846 7594/7594/6835
f 7188/7188/6457 7599/7599/6840 7184/7184/6454
f 7545/7545/6785 7599/7599/6840 7188/7188/6457
f 7552/7552/6792 7597/7597/6838 7549/7549/6791
f 7582/7582/6823 7597/7597/6838 7552/7552/6792
f 7549/7549/6791 7596/7596/6836 7545/7545/6785
f 7594/7594/6835 7588/7588/6828 7586/7586/6827
f 7583/7583/6822 7553/7553/6793 7554/7554/6795
f 7552/7552/6792 7553/7553/6793 7583/7583/6822
f 7554/7554/6795 7568/7568/6807 7583/7583/6822
f 7583/7583/6822 7581/7581/6824 7552/7552/6792
f 7567/7567/6808 7577/7577/6817 7583/7583/6822
f 7583/7583/6822 7568/7568/6807 7567/7567/6808
f 7552/7552/6792 7581/7581/6824 7582/7582/6823
f 7580/7580/6820 7578/7578/6819 7459/7459/6698
f 7489/7489/6729 7571/7571/6811 7565/7565/6804
f 7565/7565/6804 8368/8368/7525 7489/7489/6729
f 7505/7505/6746 8368/8368/7525 7565/7565/6804
f 7565/7565/6804 7563/7563/6805 7505/7505/6746
f 7489/7489/6729 8368/8368/7525 7493/7493/6733
f 7493/7493/6733 8368/8368/7525 7505/7505/6746
f 7557/7557/6797 7564/7564/6806 7554/7554/6795
f 7505/7505/6746 7563/7563/6805 7510/7510/6751
f 7554/7554/6795 7555/7555/6796 7557/7557/6797
f 7549/7549/6791 7550/7550/6790 7552/7552/6792
f 7545/7545/6785 7544/7544/6784 7549/7549/6791
f 7535/7535/6776 7194/7194/6464 7195/7195/6465
f 7193/7193/6463 7194/7194/6464 7535/7535/6776
f 7504/7504/6744 7503/7503/6743 7511/7511/6752
f 7510/7510/6751 7506/7506/6747 7505/7505/6746
f 7505/7505/6746 7498/7498/6738 7493/7493/6733
f 7499/7499/6741 7501/7501/6740 7504/7504/6744
f 7493/7493/6733 7491/7491/6730 7489/7489/6729
f 7248/7248/6513 7490/7490/6731 7243/7243/6507
f 7453/7453/6691 7448/7448/6688 7446/7446/6687
f 7449/7449/6689 7442/7442/6681 7438/7438/6678
f 7419/7419/6663 7444/7444/6685 7414/7414/6659
f 7414/7414/6659 7444/7444/6685 7443/7443/6683
f 7438/7438/6678 7435/7435/6675 7433/7433/6674
f 7436/7436/6676 7430/7430/6670 7428/7428/6641
f 7428/7428/6641 7431/7431/6641 7383/7383/6633
f 7383/7383/6633 7431/7431/6641 7424/7424/6641
f 7428/7428/6641 7382/7382/6633 7379/7379/6633
f 7383/7383/6633 7382/7382/6633 7428/7428/6641
f 7424/7424/6641 7386/7386/6633 7383/7383/6633
f 7387/7387/6633 7386/7386/6633 7424/7424/6641
f 7414/7414/6659 7415/7415/6658 7419/7419/6663
f 7411/7411/6655 7412/7412/6657 7416/7416/6662
f 7268/7268/6533 7269/7269/6532 7411/7411/6655
f 7411/7411/6655 7269/7269/6532 7271/7271/6535
f 7271/7271/6535 7409/7409/6653 7411/7411/6655
f 7404/7404/6648 7409/7409/6653 7271/7271/6535
f 7271/7271/6535 7274/7274/6538 7404/7404/6648
f 7404/7404/6648 7274/7274/6538 7275/7275/6539
f 7275/7275/6539 7400/7400/6644 7404/7404/6648
f 7402/7402/6647 7401/7401/6646 8369/8369/7526
f 8369/8369/7526 8372/8372/7527 7402/7402/6647
f 7396/7396/6642 7398/7398/6643 7402/7402/6647
f 7402/7402/6647 8370/8370/7528 7396/7396/6642
f 8371/8371/7529 8370/8370/7528 7402/7402/6647
f 7402/7402/6647 8372/8372/7527 8371/8371/7529
f 8371/8371/7529 8372/8372/7527 8373/8373/7530
f 8373/8373/7530 8372/8372/7527 8369/8369/7526
f 8373/8373/7530 8374/8374/7531 7284/7284/6549
f 8369/8369/7526 8374/8374/7531 8373/8373/7530
f 8373/8373/7530 8375/8375/7532 8371/8371/7529
f 8377/8377/7533 8375/8375/7532 8373/8373/7530
f 8373/8373/7530 8376/8376/7534 8377/8377/7533
f 7284/7284/6549 8376/8376/7534 8373/8373/7530
f 8377/8377/7533 8376/8376/7534 7288/7288/6552
f 7288/7288/6552 7291/7291/6555 8377/8377/7533
f 8377/8377/7533 7303/7303/6567 7304/7304/6568
f 7304/7304/6568 8375/8375/7532 8377/8377/7533
f 8377/8377/7533 7291/7291/6555 7292/7292/6556
f 7292/7292/6556 7303/7303/6567 8377/8377/7533
f 7288/7288/6552 8376/8376/7534 7284/7284/6549
f 8371/8371/7529 8375/8375/7532 7304/7304/6568
f 7277/7277/6541 8374/8374/7531 8369/8369/7526
f 7284/7284/6549 8374/8374/7531 7277/7277/6541
f 8378/8378/7535 8370/8370/7528 8371/8371/7529
f 8371/8371/7529 8379/8379/7536 8378/8378/7535
f 7304/7304/6568 8379/8379/7536 8371/8371/7529
f 8378/8378/7535 8379/8379/7536 7307/7307/6571
f 7307/7307/6571 8379/8379/7536 7304/7304/6568
f 7396/7396/6642 8370/8370/7528 8378/8378/7535
f 8380/8380/7537 8381/8381/7538 8378/8378/7535
f 8378/8378/7535 8382/8382/7539 8380/8380/7537
f 8378/8378/7535 8381/8381/7538 7396/7396/6642
f 7307/7307/6571 8382/8382/7539 8378/8378/7535
f 8380/8380/7537 8382/8382/7539 7314/7314/6579
f 7314/7314/6579 8382/8382/7539 7307/7307/6571
f 7392/7392/6637 8381/8381/7538 8380/8380/7537
f 7396/7396/6642 8381/8381/7538 7392/7392/6637
f 8380/8380/7537 8383/8383/7540 7335/7335/6600
f 7314/7314/6579 8383/8383/7540 8380/8380/7537
f 7335/7335/6600 8384/8384/7541 8380/8380/7537
f 8380/8380/7537 8384/8384/7541 7392/7392/6637
f 8385/8385/7542 8384/8384/7541 7335/7335/6600
f 7392/7392/6637 8384/8384/7541 8385/8385/7542
f 7335/7335/6600 7336/7336/6599 8385/8385/7542
f 8385/8385/7542 7336/7336/6599 7337/7337/6602
f 8385/8385/7542 7393/7393/6638 7392/7392/6637
f 8385/8385/7542 7348/7348/6614 7347/7347/6612
f 7347/7347/6612 7393/7393/6638 8385/8385/7542
f 7337/7337/6602 7348/7348/6614 8385/8385/7542
f 8386/8386/7543 8383/8383/7540 7314/7314/6579
f 7335/7335/6600 8383/8383/7540 8386/8386/7543
f 8386/8386/7543 7338/7338/6601 7335/7335/6600
f 7332/7332/6597 7338/7338/6601 8386/8386/7543
f 8386/8386/7543 7313/7313/6577 7311/7311/6576
f 7311/7311/6576 8387/8387/7544 8386/8386/7543
f 7314/7314/6579 7313/7313/6577 8386/8386/7543
f 8386/8386/7543 8387/8387/7544 7332/7332/6597
f 7324/7324/6589 8387/8387/7544 7311/7311/6576
f 7332/7332/6597 8387/8387/7544 7324/7324/6589
f 8369/8369/7526 7401/7401/6646 7275/7275/6539
f 7275/7275/6539 7276/7276/6540 8369/8369/7526
f 8369/8369/7526 7276/7276/6540 7277/7277/6541
f 7397/7397/6641 7390/7390/6633 7387/7387/6633
f 7392/7392/6637 7391/7391/6636 7396/7396/6642
f 7324/7324/6589 7328/7328/6592 7332/7332/6597
f 7331/7331/6595 7329/7329/6594 7026/7026/6303
f 8388/8388/7545 7321/7321/6585 7317/7317/6581
f 7040/7040/6315 7321/7321/6585 8388/8388/7545
f 7317/7317/6581 8389/8389/7546 8388/8388/7545
f 8388/8388/7545 8389/8389/7546 8390/8390/7547
f 8390/8390/7547 8391/8391/7548 8388/8388/7545
f 7077/7077/6346 8392/8392/7549 8388/8388/7545
f 8388/8388/7545 8391/8391/7548 7077/7077/6346
f 8388/8388/7545 8392/8392/7549 7040/7040/6315
f 7040/7040/6315 8392/8392/7549 8393/8393/7550
f 8393/8393/7550 8392/8392/7549 7077/7077/6346
f 8393/8393/7550 7037/7037/6313 7040/7040/6315
f 7039/7039/6314 7037/7037/6313 8393/8393/7550
f 8393/8393/7550 7075/7075/6345 7069/7069/6340
f 7077/7077/6346 7075/7075/6345 8393/8393/7550
f 7069/7069/6340 8394/8394/7551 8393/8393/7550
f 8393/8393/7550 8394/8394/7551 7039/7039/6314
f 7039/7039/6314 8394/8394/7551 7065/7065/6336
f 7065/7065/6336 8394/8394/7551 7069/7069/6340
f 7079/7079/6349 8391/8391/7548 8390/8390/7547
f 7077/7077/6346 8391/8391/7548 7079/7079/6349
f 8390/8390/7547 8389/8389/7546 8396/8396/7552
f 8396/8396/7552 8395/8395/7553 8390/8390/7547
f 8390/8390/7547 8395/8395/7553 7082/7082/6353
f 7082/7082/6353 7083/7083/6352 8390/8390/7547
f 8390/8390/7547 7083/7083/6352 7079/7079/6349
f 7299/7299/6564 7300/7300/6565 8396/8396/7552
f 8396/8396/7552 7316/7316/6580 7299/7299/6564
f 8396/8396/7552 7300/7300/6565 7301/7301/6566
f 7301/7301/6566 8395/8395/7553 8396/8396/7552
f 7317/7317/6581 7316/7316/6580 8396/8396/7552
f 8396/8396/7552 8389/8389/7546 7317/7317/6581
f 7082/7082/6353 8395/8395/7553 7301/7301/6566
f 7311/7311/6576 7312/7312/6575 7318/7318/6583
f 7307/7307/6571 7309/7309/6572 7314/7314/6579
f 7304/7304/6568 7305/7305/6570 7307/7307/6571
f 7086/7086/6357 7087/7087/6356 7301/7301/6566
f 7301/7301/6566 7087/7087/6356 7082/7082/6353
f 7301/7301/6566 7296/7296/6561 7086/7086/6357
f 7284/7284/6549 7285/7285/6550 7288/7288/6552
f 7277/7277/6541 7280/7280/6545 7284/7284/6549
f 7283/7283/6547 7281/7281/6544 7263/7263/6527
f 7263/7263/6527 8397/8397/7554 7283/7283/6547
f 7283/7283/6547 8397/8397/7554 7102/7102/6373
f 7102/7102/6373 7103/7103/6372 7283/7283/6547
f 7283/7283/6547 7103/7103/6372 7098/7098/6369
f 7102/7102/6373 8397/8397/7554 8398/8398/7555
f 8398/8398/7555 8397/8397/7554 7263/7263/6527
f 8398/8398/7555 7262/7262/6526 7259/7259/6524
f 7263/7263/6527 7262/7262/6526 8398/8398/7555
f 7259/7259/6524 8399/8399/7556 8398/8398/7555
f 8398/8398/7555 8399/8399/7556 7106/7106/6377
f 7106/7106/6377 7107/7107/6376 8398/8398/7555
f 8398/8398/7555 7107/7107/6376 7102/7102/6373
f 7106/7106/6377 8399/8399/7556 8400/8400/7557
f 8400/8400/7557 8399/8399/7556 7259/7259/6524
f 8400/8400/7557 7258/7258/6521 7256/7256/6520
f 7256/7256/6520 8401/8401/7558 8400/8400/7557
f 7259/7259/6524 7258/7258/6521 8400/8400/7557
f 7110/7110/6381 7111/7111/6380 8400/8400/7557
f 8400/8400/7557 7111/7111/6380 7106/7106/6377
f 8400/8400/7557 8401/8401/7558 7110/7110/6381
f 7240/7240/6505 8401/8401/7558 7256/7256/6520
f 7110/7110/6381 8401/8401/7558 7240/7240/6505
f 7257/7257/6522 7270/7270/6534 7252/7252/6516
f 7252/7252/6516 7270/7270/6534 7268/7268/6533
f 7252/7252/6516 7251/7251/6515 7257/7257/6522
f 7256/7256/6520 7253/7253/6519 7238/7238/6503
f 7238/7238/6503 7239/7239/6504 7256/7256/6520
f 7256/7256/6520 7239/7239/6504 7240/7240/6505
f 7243/7243/6507 7244/7244/6508 7248/7248/6513
f 7240/7240/6505 7235/7235/6500 7114/7114/6385
f 7114/7114/6385 7115/7115/6384 7240/7240/6505
f 7240/7240/6505 7115/7115/6384 7110/7110/6381
f 7212/7212/6477 7213/7213/6478 7215/7215/6479
f 7166/7166/6435 7198/7198/6467 7192/7192/6461
f 7188/7188/6457 7190/7190/6458 7193/7193/6463
f 7192/7192/6461 7189/7189/6459 7179/7179/6448
f 7179/7179/6448 8402/8402/7559 7192/7192/6461
f 7192/7192/6461 8402/8402/7559 7166/7166/6435
f 7170/7170/6440 8402/8402/7559 7179/7179/6448
f 7166/7166/6435 8402/8402/7559 7170/7170/6440
f 7184/7184/6454 7183/7183/6453 7188/7188/6457
f 7180/7180/6447 7181/7181/6451 7186/7186/6456
f 7175/7175/6445 7176/7176/6446 7180/7180/6447
f 7179/7179/6448 7173/7173/6442 7170/7170/6440
f 7170/7170/6440 7164/7164/6433 7166/7166/6435
f 7151/7151/6420 7157/7157/6427 7159/7159/6427
f 7079/7079/6349 7076/7076/6348 7077/7077/6346
f 7069/7069/6340 7066/7066/6337 7065/7065/6336
f 7064/7064/6334 7063/7063/6333 7068/7068/6338
f 7045/7045/6319 7043/7043/6318 7065/7065/6336
f 7065/7065/6336 7060/7060/6331 7045/7045/6319
f 7065/7065/6336 7043/7043/6318 7039/7039/6314
f 7059/7059/3584 7061/7061/3584 7064/7064/6334
f 7056/7056/6330 7055/7055/6330 7059/7059/3584
f 7049/7049/6325 7050/7050/6322 7054/7054/6328
f 7016/7016/6291 7023/7023/6299 7027/7027/6304
f 7026/7026/6303 7022/7022/6297 7021/7021/6296
