# MainBody
# Sony PlayStation DualShock 3 by 3doverstock, CGTrader Royalty Free License
o MainBody
v -10.0354 4.4540 25.4967
v -10.4978 4.4540 26.9199
v -8.0766 4.9891 26.9199
v -8.8248 4.4540 24.6172
v -7.3285 4.4540 24.6172
v -6.1178 4.4540 25.4967
v -5.6554 4.4540 26.9199
v -6.1178 4.4540 28.3430
v -7.3285 4.4540 29.2226
v -8.8248 4.4540 29.2226
v -10.0354 4.4540 28.3430
v -12.9379 9.2771 26.1042
v -12.9379 9.0968 26.6894
v -53.9564 14.7492 31.4547
v -53.7620 14.4422 31.9748
v -50.3327 15.5204 31.9137
v -50.3353 15.0385 32.6105
v -46.1508 15.7517 32.1887
v -46.1628 15.2857 32.8741
v -41.3427 15.6084 32.1580
v -41.5366 15.1967 32.7792
v -36.1665 13.7311 32.5154
v -33.9488 13.9153 30.7160
v -37.1506 14.4143 32.2826
v -36.7140 14.8848 31.5611
v -35.5089 12.7881 32.9486
v -34.1238 12.2088 32.7548
v -32.3509 13.1757 29.9967
v -32.7199 11.5450 31.8113
v -31.7940 10.5824 30.6725
v -26.2120 9.1423 26.6226
v -31.0608 5.5498 31.1383
v -26.9049 10.7606 26.2462
v -25.8271 9.2771 26.1544
v -23.8563 9.7196 22.1046
v -23.2268 9.2771 22.0570
v -9.2156 9.1959 -13.3079
v -8.9701 9.1951 -13.5152
v -11.1817 9.1551 -17.8204
v -10.7500 9.1536 -17.7850
v -71.0389 -18.3521 11.7022
v -70.5308 -18.5366 16.6898
v -71.2213 -9.6599 12.9830
v -70.4974 -9.6561 16.6640
v -72.0424 -13.5640 3.2621
v -72.1990 -7.8829 6.9046
v -70.0742 -16.6353 -0.3838
v -70.6311 -18.2895 6.7631
v -69.2290 -18.3728 2.0273
v -66.8254 -18.5946 -1.9699
v -68.2422 -17.1219 -3.1993
v -59.1414 12.0537 27.7498
v -60.3193 10.7978 26.6113
v -59.5008 11.9964 27.7552
v -60.4986 10.9853 26.8538
v -56.2516 12.5148 27.7060
v -58.1647 11.2212 26.2874
v -24.3534 9.8786 12.8142
v -32.5545 10.9728 4.8365
v -36.2840 9.9075 12.6573
v -38.6541 11.4581 4.9784
v -35.6782 10.0020 17.4387
v -23.7356 10.0216 17.5463
v -25.3726 10.5053 22.1494
v -35.7532 10.8599 22.1494
v -35.9852 12.0213 25.4344
v -28.3220 11.7281 25.8608
v -32.8233 13.7197 28.8979
v -36.1960 13.4471 28.0626
v -34.1475 14.1541 29.3289
v -36.4046 14.7563 29.9983
v -42.0435 13.3778 28.0309
v -41.5844 15.5726 30.6894
v -47.1957 13.2798 28.0389
v -46.4731 15.7591 30.8062
v -50.6705 15.4252 30.5193
v -51.9144 13.0462 27.8818
v -54.9395 14.5049 29.7545
v -57.1213 13.5080 29.0609
v -21.2034 1.7441 -26.9356
v -25.0655 1.8016 -27.0203
v -21.2462 7.6970 -26.5831
v -25.0146 7.6981 -26.6005
v -17.5938 7.6963 -25.6704
v -17.4862 1.7826 -25.9539
v -14.1132 1.7654 -24.1364
v -14.2663 7.6959 -23.9146
v -11.2740 1.8542 -21.5772
v -11.4553 7.6956 -21.4166
v -9.3228 7.6433 -18.3206
v -9.0866 1.8881 -18.5832
v -7.9010 7.2930 -15.5976
v -7.9714 1.9134 -16.9791
v -4.3463 -0.2985 33.0231
v -12.9379 0.3334 32.9615
v -5.1636 -0.6178 33.0620
v -5.5422 -1.4043 33.1586
v -2.4879 -3.7921 28.8663
v -2.3908 -3.7961 31.8705
v -1.9551 -3.1652 28.8664
v -1.8788 -3.1936 31.5487
v -3.9238 -1.7234 32.1316
v -3.3572 -1.4671 32.1316
v -4.2184 -2.2213 32.1315
v -5.5930 -7.4275 33.5279
v -4.2197 -5.6776 32.1312
v -4.0018 -6.3139 32.1315
v -4.6854 -8.0429 33.4541
v -3.3584 -6.5990 32.1316
v -12.9379 -11.6247 32.7657
v -7.9741 -5.1339 -17.4765
v 0.0000 -5.1125 -17.5137
v -7.9537 -5.8702 -17.4151
v 0.0000 -5.8459 -17.4541
v -8.7980 -5.5274 -18.9041
v -8.8136 -4.7634 -18.8867
v -11.0964 -3.8672 -21.7346
v -11.0844 -4.6398 -21.7452
v -17.4303 -1.2926 -26.1014
v -13.9983 -2.6871 -24.3030
v -17.4231 -2.0886 -26.1205
v -13.9881 -3.4719 -24.3176
v -21.1926 0.2333 -27.0251
v -21.1897 -0.5687 -27.0488
v -25.0690 0.9999 -27.0488
v -28.8230 3.3208 -26.0873
v -28.8356 2.5261 -26.1205
v -32.2451 4.7031 -24.2808
v -32.2705 3.9207 -24.3176
v -35.1742 5.1005 -21.7452
v -36.2163 5.5302 -20.2356
v -35.1309 5.8690 -21.7068
v -36.1685 6.2660 -20.1922
v -7.2229 -16.0056 -13.8896
v -7.4795 -19.9336 -14.7148
v -8.7945 -16.2770 -18.6388
v -8.8807 -19.9320 -18.5526
v -27.1360 11.0786 26.2659
v -32.4018 13.6574 29.7754
v -32.6008 5.0857 36.3053
v -31.2995 5.1137 31.4423
v -31.6206 0.3334 32.9615
v -12.9379 5.1128 31.4427
v -12.9379 5.5952 31.0715
v -8.0966 8.9301 -14.1049
v -7.9821 7.7168 -15.3054
v -9.7607 8.7312 -18.1531
v -28.5683 -17.0078 29.4270
v -29.3004 -16.9163 30.1316
v -28.5683 -18.5144 29.4270
v -32.5395 -18.3022 32.8133
v -29.8143 -16.6669 30.6316
v -32.1759 -17.8896 32.6033
v -32.1603 -17.5910 32.6095
v -30.1782 -16.1097 30.9967
v -12.9379 -16.6514 30.5662
v -12.9379 -16.9146 29.8767
v -12.9379 -16.0650 31.0143
v 0.0000 -16.9087 29.8762
v 0.0000 -16.6496 30.5659
v -36.0514 7.7250 -19.9117
v -37.8549 7.6273 -23.1173
v -35.7616 8.7535 -19.3619
v -37.0869 10.8835 -21.6764
v -47.6616 11.7942 25.2311
v -52.2431 11.4951 25.1569
v -52.7294 10.2107 21.8701
v -48.1574 10.6727 22.0689
v -54.6432 9.2887 17.2518
v -49.0627 9.8197 17.3771
v -67.6120 5.8055 11.3992
v -66.7692 5.8530 16.4217
v -60.9677 8.3032 12.1744
v -59.9462 8.3528 16.0478
v -56.4016 11.0034 25.2464
v -55.8840 10.3280 23.3971
v -56.3491 9.5645 21.3643
v -60.3656 8.3815 19.4470
v -62.7475 7.7000 20.5433
v -65.3623 6.9247 21.0226
v -63.2418 7.9937 22.5849
v -62.6347 8.8727 25.0478
v -63.2444 8.6328 25.0355
v -64.2678 28.6040 -43.9750
v -67.4997 28.2871 -43.6526
v -65.1284 30.0813 -41.3416
v -67.2604 29.7863 -41.3120
v -70.3670 29.2565 -40.7292
v -69.1442 29.9237 -39.9191
v -71.5968 29.9861 -36.6265
v -69.8467 30.3565 -37.5619
v -71.5419 30.6431 -31.1988
v -69.1755 30.9732 -35.2833
v -67.3007 32.0853 -30.6082
v -67.2142 31.7720 -34.1879
v -62.8563 32.4955 -30.4662
v -64.9204 32.0964 -34.2273
v -58.7674 31.9939 -30.5500
v -63.0196 31.9217 -35.3153
v -60.1861 31.5711 -36.1421
v -62.5894 31.5233 -37.4956
v -61.2634 30.6250 -40.4238
v -63.2229 30.8573 -39.8188
v -65.2197 30.2380 -41.0623
v -67.2350 29.9454 -41.0637
v -65.3445 30.0356 -40.6799
v -67.1795 29.7782 -40.6735
v -63.4307 30.8820 -39.7546
v -63.8498 30.5348 -39.6062
v -62.8444 31.5182 -37.6391
v -63.2704 31.1205 -37.8529
v -69.0145 29.9945 -39.8332
v -68.6620 29.7631 -39.5958
v -68.9245 31.0082 -35.7166
v -68.6775 30.6404 -36.0987
v -69.6610 30.3957 -37.6611
v -69.2366 30.0872 -37.8529
v -67.2050 31.7388 -34.5676
v -67.1826 31.3141 -35.0043
v -65.1394 32.0540 -34.6263
v -65.3360 31.6413 -34.9997
v -63.4707 31.9140 -35.8208
v -63.7687 31.5310 -36.1292
v -63.0250 8.1030 22.7447
v -62.4886 8.8488 24.8814
v -62.5591 7.9089 23.0121
v -62.0199 8.5435 24.7536
v -62.3363 7.8888 20.9647
v -61.9816 7.6479 21.2984
v -60.4362 8.3831 19.6895
v -60.5323 8.0067 20.2133
v -58.3024 9.0018 19.8508
v -58.7054 8.5852 20.1881
v -56.6307 9.5074 21.3164
v -57.2114 9.0076 21.2600
v -56.2097 10.2117 23.2179
v -56.6303 9.6799 23.0121
v -56.8604 10.7946 24.9769
v -57.1950 10.2705 24.7761
v -58.3604 11.0889 26.1423
v -58.6947 10.4906 25.8689
v -60.3191 10.6269 26.3266
v -60.5474 9.7947 25.8573
v -65.4505 27.5354 -35.3520
v -64.1357 27.5354 -36.3073
v 0.0000 7.6825 -15.3355
v 0.0000 7.2930 -15.5967
v -37.2086 -20.5605 33.4328
v -41.5920 -20.5605 34.7625
v -40.4019 -20.6933 30.3520
v -43.0198 -20.7237 30.5306
v -55.0928 -20.5605 -9.7437
v -50.7094 -20.5605 -11.0734
v -52.7247 -20.6973 -6.5157
v -49.9398 -20.7274 -6.6965
v -55.0928 -20.5605 33.4328
v -52.7247 -20.6916 30.3501
v -50.7094 -20.5605 34.7625
v -49.9687 -20.7237 30.5306
v 0.0000 -10.6595 -16.2850
v -7.6796 -10.7448 -16.2426
v -70.5382 -18.6007 6.9936
v -71.0147 -18.6022 11.8573
v -60.8095 11.3084 28.2346
v -22.7838 -20.5605 11.8446
v -23.2328 -20.5605 16.4032
v -27.2170 -20.7057 11.8463
v -27.3134 -20.6865 15.8599
v -23.2338 -20.5605 7.2861
v -27.3134 -20.6866 7.8335
v -69.5176 -20.5605 11.8445
v -69.0686 -20.5605 7.2859
v -65.8221 -20.7104 11.8463
v -65.7258 -20.6913 7.8539
v -69.0686 -20.5605 16.4032
v -65.7258 -20.6913 15.8394
v -57.9629 9.0284 19.6097
v -28.0435 11.7174 25.8763
v -32.5941 13.7429 28.9547
v -54.6855 14.8479 30.9272
v -54.9229 14.0298 31.8727
v -68.3904 27.5354 -36.3073
v -68.8926 27.5354 -37.8529
v -67.0756 27.5354 -35.3520
v -63.6335 27.5354 -37.8529
v -64.1357 27.5354 -39.3985
v -65.4505 27.5354 -40.3537
v -67.0756 27.5354 -40.3537
v -68.3904 27.5354 -39.3985
v -33.5526 0.1124 41.7512
v -33.7225 -2.1091 42.2905
v -33.5141 -0.0126 41.5776
v -33.6577 -2.1592 42.0885
v -31.8556 10.7621 30.7288
v -32.6436 5.2242 36.4605
v -58.1847 -5.9837 41.9497
v -58.1420 -5.9545 42.1516
v -58.1506 -1.8795 41.9886
v -58.1310 -1.8793 42.2244
v -60.1674 -7.3364 32.5886
v -58.2305 0.0290 41.3486
v -59.9859 0.3925 32.1318
v -58.8770 4.6622 36.5932
v -60.0857 -17.8973 32.5440
v -59.7156 -18.3098 32.7312
v -58.1653 -16.8553 41.3888
v -57.7733 -17.3276 41.2297
v -57.5587 -17.3246 41.4198
v -59.5870 -18.3097 32.7975
v -54.2208 -16.6698 45.0438
v -54.2156 -16.5208 45.0699
v -56.0161 -16.6652 44.2637
v -55.9979 -16.4927 44.2970
v -37.8657 -16.6694 45.0612
v -35.8669 -16.6611 44.2353
v -37.8699 -16.5214 45.0867
v -35.8960 -16.4918 44.2722
v -34.3167 -17.3200 41.3831
v -32.6947 -18.3024 32.8893
v -34.1442 -17.3204 41.2303
v -33.7447 -16.8501 41.3754
v -33.7421 -16.6176 41.3960
v -31.8532 -11.7158 32.7304
v -33.6834 -11.3629 41.8629
v -33.6309 -5.6751 41.9843
v -60.0880 -17.5982 32.5453
v -58.1658 -16.6160 41.4111
v -58.1756 -11.7653 41.8545
v -56.9727 -17.1816 42.8892
v -57.7314 -17.3064 41.4130
v -56.9375 -17.2119 42.6719
v -55.7645 -17.1760 43.6836
v -55.8444 -17.1648 43.8309
v -54.2942 -17.1563 44.5332
v -54.3152 -17.1740 44.3842
v -36.0071 -17.1182 43.7890
v -36.0249 -17.1432 43.6640
v -34.9119 -17.1746 42.8971
v -34.9396 -17.1928 42.7672
v -34.1788 -17.2992 41.4118
v -37.8045 -17.1555 44.5571
v -37.7866 -17.1731 44.4078
v -41.9510 -17.1926 45.2473
v -41.9611 -17.1756 45.3876
v -46.1499 -17.1996 45.5830
v -46.1499 -17.1819 45.7212
v -50.3508 -17.1933 45.2721
v -50.3407 -17.1762 45.4128
v -63.7210 -18.3607 29.4244
v -63.6607 -7.7868 29.4118
v -58.1243 -16.5948 41.6023
v -58.1239 -16.8329 41.5795
v -57.3956 -16.4424 43.1543
v -57.4062 -16.6927 43.1271
v -33.7762 -16.5967 41.5854
v -33.7228 -11.3552 42.0598
v -34.4674 -16.4431 43.1599
v -34.4480 -11.4936 43.6087
v -41.9934 -16.7193 45.8826
v -41.9942 -16.5515 45.9147
v -35.7188 -12.7881 44.5881
v -36.3633 -13.7722 44.8657
v -50.2889 -16.5525 45.9415
v -53.6080 -14.6607 45.5824
v -50.2175 -14.6607 46.3073
v -56.3547 -12.7881 44.4486
v -55.7103 -13.7722 44.8222
v -46.1458 -16.7239 46.2074
v -50.2952 -16.7195 45.9092
v -33.7785 -16.8277 41.5645
v -34.4543 -16.6877 43.1097
v -60.0615 -18.9954 32.5973
v -55.6662 -18.9907 34.8171
v -55.6662 -18.3071 34.8171
v 0.0000 9.2022 -13.4901
v 0.0000 8.9301 -14.1031
v -11.8315 8.7304 -21.1372
v -12.6821 9.1537 -20.5146
v -14.5512 8.7299 -23.5405
v -15.1932 9.1538 -22.7049
v -17.7638 8.7301 -25.2271
v -18.1422 9.1538 -24.2415
v -21.2861 8.7313 -26.1014
v -24.9180 8.7334 -26.1131
v -24.6991 9.1538 -25.0671
v -21.3686 9.1538 -25.0439
v -28.6844 7.7002 -25.7218
v -28.4533 8.7364 -25.2604
v -27.9526 9.1537 -24.3037
v -32.0492 7.7039 -23.9970
v -31.6909 8.7404 -23.5895
v -30.9468 9.1536 -22.7867
v -34.9217 7.7109 -21.5215
v -34.4421 8.7472 -21.1901
v -35.1985 9.1641 -18.3829
v -33.5009 9.1535 -20.5876
v -23.9344 -20.6095 4.4913
v -27.8044 -20.7538 3.2203
v -23.9766 -20.6523 4.2077
v -27.7657 -20.7863 2.9791
v -30.9652 -20.7951 1.0343
v -30.8787 -20.8247 0.8555
v -33.6174 -20.8076 -1.2889
v -33.4918 -20.8364 -1.4350
v -35.8123 -20.7862 -4.0603
v -35.6442 -20.8165 -4.1738
v -37.8929 -20.7057 -7.5388
v -37.6481 -20.7417 -7.5918
v -38.9141 -20.5990 -10.4415
v -38.6210 -20.6425 -10.4863
v -38.4324 -20.6034 -14.8462
v -38.1494 -20.6466 -14.7764
v -39.0602 -20.5930 -11.7987
v -38.7568 -20.6370 -11.7475
v -21.2295 -20.6033 4.5721
v -23.6410 -20.5514 4.9954
v -21.1897 -20.2203 4.9002
v -22.7880 -20.0983 5.0415
v -21.1897 -20.0337 4.9002
v -41.5605 -20.5609 -11.2319
v -41.3846 -20.0759 -12.1161
v -39.4152 -20.5329 -10.6551
v -39.4783 -20.0051 -11.5839
v -23.0755 -20.5608 7.2542
v -22.1975 -20.0749 7.0774
v -22.1896 -20.0757 16.6107
v -23.0734 -20.5609 16.4349
v -21.7262 -20.0747 11.8544
v -22.6222 -20.5607 11.8461
v -28.8757 -20.0757 29.1196
v -32.5311 -20.0845 32.1844
v -29.5129 -20.5609 28.4824
v -33.0713 -20.5622 31.4126
v -36.8015 -20.0757 34.4154
v -37.1464 -20.5609 33.5829
v -55.4999 -20.0757 34.4154
v -59.7549 -20.0833 32.1857
v -55.1550 -20.5609 33.5829
v -59.2277 -20.5620 31.4128
v -63.4229 -20.0753 29.1187
v -62.7881 -20.5608 28.4822
v -70.1416 -20.0482 16.6732
v -70.5813 -20.0757 11.8445
v -69.2325 -20.5567 16.4444
v -69.6801 -20.5609 11.8445
v -63.4257 -20.0757 -5.4305
v -59.7445 -20.0765 -8.4634
v -62.7885 -20.5609 -4.7933
v -59.2261 -20.5610 -7.7186
v -55.4999 -20.0757 -10.7264
v -55.1550 -20.5609 -9.8938
v -53.6302 -20.9572 4.4750
v -57.2411 -20.7191 -4.7534
v -53.4305 -20.9511 3.9871
v -53.4026 -20.7049 -5.8074
v -54.1163 -20.9499 4.6791
v -62.7486 -20.7191 0.7542
v -64.8255 -20.6638 4.8127
v -40.1025 -20.1879 -5.8170
v -39.9054 -20.1978 -5.3311
v -46.1486 -20.4470 4.1780
v -39.8271 -20.4278 4.1869
v -53.0203 -20.1978 -5.8159
v -53.2149 -20.2068 -5.3311
v -53.2343 -20.4276 4.1689
v -28.2252 -20.1538 18.4708
v -28.7136 -20.1631 18.6689
v -39.1382 -20.4474 11.8464
v -39.1388 -20.4271 18.7936
v -28.2254 -20.1553 5.1950
v -28.7136 -20.1646 4.9974
v -39.1376 -20.4271 4.8783
v -64.8139 -20.1580 18.4711
v -65.0430 -20.1594 17.9859
v -53.9189 -20.4483 11.8464
v -65.2197 -20.1871 15.7379
v -64.8136 -20.1576 5.1947
v -65.0425 -20.1589 5.6796
v -65.2197 -20.1871 7.9592
v -39.4326 -20.9579 19.1975
v -35.0603 -20.7191 28.4425
v -39.6349 -20.9518 19.6860
v -39.7202 -20.7006 29.6414
v -38.9451 -20.9504 18.9930
v -29.5528 -20.7191 22.9349
v -28.2136 -20.6601 18.8492
v -57.2411 -20.7191 28.4425
v -60.2661 -20.7191 25.9599
v -53.6291 -20.9572 19.1965
v -62.7486 -20.7191 22.9349
v -53.0203 -20.1919 29.6501
v -53.2149 -20.2008 29.1652
v -46.1514 -20.4482 19.4947
v -53.2331 -20.4276 19.5038
v -40.1025 -20.1936 29.6509
v -39.9055 -20.2025 29.1652
v -39.8282 -20.4285 19.4857
v -27.7252 -20.6512 18.6505
v -26.7218 -20.5605 24.8265
v -59.1327 -20.5605 31.2734
v -53.2077 -20.6903 30.1264
v -53.4026 -20.6988 29.6414
v -65.5430 -20.6578 18.1653
v -65.3138 -20.6556 18.6504
v -67.7389 -20.5605 20.7867
v -65.5796 -20.5605 24.8265
v -65.3135 -20.6551 5.0108
v -65.5796 -20.5605 -1.1374
v -27.9225 -20.7225 3.6507
v -28.2137 -20.6617 4.8126
v -31.2823 -20.7641 1.4156
v -38.9440 -20.9504 4.6779
v -53.9196 -20.4264 4.8612
v -53.4337 -20.4337 4.6569
v -46.1513 -20.5128 11.8464
v -53.4324 -20.4338 19.0156
v -53.2077 -20.6964 -6.2922
v -59.1327 -20.5605 -7.5843
v -40.4530 -20.6858 -6.5169
v -39.4091 -20.5518 -10.4846
v -39.9176 -20.6862 -6.2928
v -38.3176 -20.6749 -7.3748
v -53.9184 -20.4265 18.8107
v -39.6262 -20.4346 18.9976
v -39.6249 -20.4344 4.6748
v -40.5868 -20.1866 -6.0419
v -67.7389 -20.5605 2.9024
v -65.5424 -20.6574 5.4956
v -24.5625 -20.5605 20.7867
v -27.4958 -20.6534 18.1654
v -64.3255 -20.1672 18.6699
v -52.5375 -20.1923 29.8739
v -49.8705 -20.2186 30.0485
v -27.9957 -20.1550 17.9860
v -27.8194 -20.1824 15.7578
v -40.5868 -20.1940 29.8757
v -43.1192 -20.2186 30.0485
v -27.9963 -20.1562 5.6796
v -27.8194 -20.1824 7.9393
v -52.5375 -20.1979 -6.0395
v -49.8424 -20.2222 -6.2145
v -64.3255 -20.1668 4.9964
v -27.4964 -20.6546 5.4956
v -23.8034 -20.5586 4.9919
v -36.1592 -20.7564 -3.6896
v -39.7201 -20.6957 -5.8074
v -39.6339 -20.9511 3.9858
v -41.5922 -20.5605 -11.0724
v -43.0998 -20.7087 -6.6965
v -46.1507 -20.5605 -11.5224
v -46.6107 -20.7380 -6.7883
v -39.9175 -20.6921 30.1272
v -33.1687 -20.5605 31.2734
v -64.8255 -20.6643 18.8491
v -65.3136 -20.2032 11.8482
v -27.7255 -20.1986 11.8482
v -46.6107 -20.7343 30.6224
v -46.6113 -20.2265 30.1379
v -46.6113 -20.2301 -6.3039
v -43.1022 -20.2033 -6.2145
v -54.1153 -20.9500 18.9917
v -27.7255 -20.6527 5.0108
v -28.5683 -18.9907 29.4270
v -32.1885 -18.9972 32.5885
v -25.5104 -18.5879 25.7010
v -25.5010 -18.9907 25.6894
v -23.1782 -18.6335 21.3601
v -23.1782 -18.9907 21.3601
v -21.3029 -18.9908 11.8785
v -21.3066 -18.6690 11.8858
v -21.7632 -18.9907 16.6955
v -21.7632 -18.6761 16.6955
v -21.7892 -18.6753 6.9881
v -21.7846 -18.9908 6.9890
v -22.3755 -18.7008 5.0319
v -22.3730 -19.0273 5.0284
v -69.1290 -18.4724 21.3376
v -69.1275 -18.9907 21.3433
v -70.5325 -18.9907 16.6912
v -63.7246 -18.9907 29.4252
v -14.0272 -20.0323 2.1895
v -14.0131 -20.2203 2.1821
v -11.0869 -20.0224 -0.4012
v -11.0860 -20.2203 -0.4020
v -7.4914 -20.2205 -14.8121
v -8.8807 -20.2203 -18.5526
v -37.3762 -19.8808 -18.5510
v -35.1742 -19.9092 -21.7452
v -37.3771 -20.2203 -18.5518
v -35.1743 -20.2202 -21.7452
v -38.7536 -20.2203 -14.9253
v -38.7536 -19.8729 -14.9253
v -33.9459 -20.7770 -0.9152
v -39.4218 -20.3308 -11.8199
v -7.8259 -20.6033 -14.8463
v -9.1733 -20.6033 -18.3990
v -14.1758 -20.6033 1.8971
v -11.3318 -20.6033 -0.6226
v -37.0854 -20.6033 -18.3990
v -24.5323 -21.2148 0.4798
v -27.2566 -21.2148 -0.1917
v -21.1897 -17.6675 4.9002
v -22.3831 -17.6683 5.0431
v -34.7683 -21.2148 -11.0743
v -34.4301 -21.2148 -8.2889
v -41.2997 -18.9907 -12.5429
v -39.4459 -18.9907 -11.9903
v -29.6278 -20.5605 28.3675
v -36.6352 -18.9907 34.8171
v -71.0160 -18.9907 11.8445
v -67.8892 -20.5609 20.8481
v -68.7227 -20.0756 21.1888
v -63.7331 -18.9907 -5.7379
v -60.0344 -18.9908 -8.8076
v -55.6662 -18.9907 -11.1280
v -25.8448 -20.0754 25.4262
v -23.5798 -20.0757 21.1937
v -62.6736 -20.5605 28.3674
v -34.3138 0.9820 42.8800
v -33.5886 6.0948 37.6112
v -34.6863 2.9247 41.7378
v -34.4388 6.5420 38.2908
v -55.9879 2.5307 40.3384
v -55.7743 1.7983 41.1270
v -53.1864 2.9510 40.9994
v -55.1661 1.2733 41.8979
v -55.1661 12.1459 31.6898
v -53.1855 11.0237 33.4780
v -54.2558 12.7823 31.4798
v -53.1821 13.1420 31.5524
v -36.0857 10.6724 33.0623
v -36.2993 11.5061 32.3815
v -38.8840 11.1643 33.6630
v -36.9075 12.3073 31.9050
v -38.8914 1.0332 43.1833
v -37.8177 1.1785 42.7282
v -38.8821 3.0869 41.1853
v -36.9075 1.4347 42.1131
v -37.8177 12.9383 31.6878
v -38.8914 13.2874 31.7462
v -42.1129 11.5693 34.1566
v -42.1129 13.6896 32.1676
v -50.0269 11.4700 34.0279
v -50.0269 13.5912 32.0381
v -50.0269 0.9204 43.8754
v -50.0269 3.3463 41.6199
v -53.1821 0.8878 42.9894
v -42.1129 1.0188 44.0050
v -42.1129 3.4406 41.7532
v -55.9879 5.7585 37.3014
v -53.1931 6.2440 37.8231
v -55.9879 10.5094 32.8449
v -38.8673 6.3696 37.9918
v -35.2780 3.2226 41.9332
v -35.5089 2.4810 42.8354
v -35.7261 0.4231 44.3697
v -36.1665 1.7160 44.0523
v -41.9709 0.4105 46.3384
v -38.2915 0.4105 45.6165
v -41.8701 1.2561 46.1714
v -38.3115 1.3226 45.3979
v -35.7925 -1.0707 44.8270
v -37.0683 -0.9812 45.4151
v -36.3633 -3.4141 45.0859
v -37.3278 -2.7565 45.4818
v -37.1264 0.4148 45.1867
v -37.1506 1.4646 44.8710
v -57.4812 0.9477 43.0591
v -56.7955 3.0929 41.7950
v -58.0664 5.9202 37.5365
v -56.7955 6.5193 38.1986
v -56.0874 0.4105 44.5167
v -55.9070 1.7107 44.0467
v -56.5646 2.3821 42.8363
v -54.9229 1.4608 44.8670
v -54.9238 0.4105 45.1999
v -56.0945 -0.9867 44.8197
v -54.8496 -0.9250 45.4333
v -55.7103 -3.4141 45.0145
v -54.7458 -2.7565 45.4441
v -53.7208 -0.9250 45.8116
v -53.6080 -2.5256 45.8066
v -50.3160 -0.9250 46.5535
v -50.2193 -2.5256 46.5310
v -53.7620 1.3182 45.3932
v -53.7700 0.4105 45.6138
v -50.3396 1.2704 46.1867
v -50.3293 0.4105 46.3644
v -59.6424 9.8072 31.7366
v -63.1051 6.1495 29.2958
v -63.3940 -1.0974 29.3561
v -62.3178 9.2903 28.8731
v -58.9920 11.7118 31.5087
v -57.7963 13.5629 30.0391
v -56.5646 12.3025 32.4310
v -56.7955 11.4137 33.1802
v -55.9070 13.2231 31.9739
v -33.9176 14.2187 30.3536
v -36.5397 15.0259 31.2093
v -41.2438 15.8183 31.8412
v -8.7980 -10.5556 -18.9041
v -11.0844 -10.2467 -21.7452
v -11.0844 -16.2770 -21.7452
v -70.5382 -18.9907 6.9936
v -53.4295 -20.9510 19.6847
v -32.0353 -20.7191 25.9599
v -60.2661 -20.7191 -2.2708
v -33.4351 -21.2148 -5.6654
v -21.2646 -20.6465 4.2829
v -21.7264 -21.2148 0.4798
v -7.1791 -16.3347 -13.4443
v -7.0380 -19.9575 -11.0781
v -7.0405 -16.6255 -11.0990
v -11.0844 -19.9320 -21.7452
v -54.7458 -14.4298 45.2280
v -56.5811 -11.6272 44.2854
v -57.4028 -11.7306 43.6140
v -37.3278 -14.4298 45.2510
v -38.4655 -14.6607 45.5840
v -42.0040 -14.6607 46.2760
v -38.3043 -0.9250 45.8061
v -38.4655 -2.5256 45.8082
v -55.6645 -6.0705 43.5798
v -52.9499 -6.0705 44.4836
v -55.4579 -5.1054 43.6590
v -54.8694 -4.2871 43.8753
v -54.8694 -12.8992 43.8753
v -53.9887 -13.4459 44.1728
v -52.9499 -11.1158 44.4836
v -52.9499 -13.6379 44.4836
v -36.4090 -11.1158 43.5798
v -39.1236 -11.1158 44.4836
v -36.6157 -12.0810 43.6590
v -37.2041 -12.8992 43.8753
v -37.2041 -4.2871 43.8753
v -38.0848 -3.7404 44.1728
v -39.1236 -6.0705 44.4836
v -39.1236 -3.5484 44.4836
v -53.9887 -3.7404 44.1727
v -52.9499 -3.5484 44.4836
v -56.3548 -4.3982 44.5971
v -56.5811 -5.5591 44.3961
v -55.6645 -11.1158 43.5798
v -55.4579 -12.0810 43.6590
v -46.1250 -14.6607 46.5985
v -49.7691 -13.6379 45.1651
v -46.0945 -13.6379 45.4454
v -42.3661 -13.6379 45.1743
v -39.1236 -13.6379 44.4836
v -38.0848 -13.4459 44.1728
v -35.4925 -11.6272 44.4284
v -35.4925 -5.5591 44.5473
v -36.4090 -6.0705 43.5798
v -35.7188 -4.3982 44.7589
v -36.6157 -5.1054 43.6590
v -42.0020 -2.5256 46.4997
v -42.3661 -3.5484 45.1743
v -46.1249 -2.5256 46.8223
v -46.0945 -3.5484 45.4454
v -49.7691 -3.5484 45.1651
v -34.0904 14.2412 29.4825
v -36.4242 14.8795 30.1805
v -12.9379 -17.4884 21.3797
v 0.0000 -17.4689 21.4045
v -12.9379 -17.2761 25.7762
v 0.0000 -17.2372 25.8160
v -12.9379 -17.6554 11.9389
v 0.0000 -17.6621 11.9852
v -12.9379 -17.6692 16.6589
v 0.0000 -17.6515 16.6053
v -25.5404 -17.3141 25.7375
v -41.5535 15.7198 30.8678
v -42.3479 11.9503 25.3222
v -42.6820 10.8585 22.1488
v -25.0212 10.4933 22.1494
v -65.4254 6.4254 25.2694
v -67.9762 4.4147 20.7773
v -34.4094 -1.4217 43.8293
v -34.4323 -5.6790 43.7164
v -33.6709 -5.6756 42.1621
v -57.4176 -1.1919 43.7720
v -57.4075 -5.7529 43.7187
v -58.1736 0.2454 41.6059
v -58.8321 4.8350 36.7737
v -35.2780 11.8701 33.6668
v -35.2780 6.7370 38.5099
v -46.1455 15.9569 31.8870
v -50.3316 15.7125 31.6359
v -46.4373 15.8819 30.9433
v -50.5978 15.5642 30.6734
v -54.8417 14.6533 29.9072
v -51.0017 -18.2969 36.2320
v -71.6235 -11.7253 -6.5899
v -68.2286 -14.2472 -8.2793
v -62.7723 10.2261 5.3525
v -65.1344 15.0262 -2.1643
v -68.7492 7.7226 4.5534
v -70.4459 12.2490 -3.5151
v -73.3210 9.6759 -4.8551
v -71.6805 5.2649 3.4773
v -73.1898 1.9926 1.7568
v -74.7721 6.3169 -6.5802
v -74.1272 -3.4456 -1.3201
v -75.5403 1.9865 -8.7928
v -73.6068 -8.4209 -4.0728
v -75.0864 -2.6938 -11.4740
v -73.5731 -6.0565 -13.5556
v -71.1050 -8.0303 -15.8806
v -43.9004 9.9300 12.6189
v -43.0442 9.9984 17.4190
v -45.9779 11.8610 5.2402
v -42.3561 14.7823 -2.6888
v -48.6104 15.9870 -1.8305
v -51.8962 23.0862 -10.2438
v -46.4293 21.5664 -11.0821
v -54.8677 27.9283 -18.1176
v -49.5706 26.5560 -18.9373
v -57.0058 30.5419 -24.2364
v -52.0410 29.3076 -25.0261
v -23.4172 10.0222 17.5492
v -23.9083 9.8775 12.8201
v -28.6930 10.6655 4.7467
v -34.7399 12.8068 -4.0739
v -39.9956 18.8510 -12.5262
v -44.3877 23.9494 -19.9086
v -47.4652 27.0333 -25.7486
v -54.5282 30.9027 -31.1957
v -50.0894 28.7774 -31.7390
v -56.6708 30.6993 -36.5508
v -52.4416 29.0830 -36.9074
v -66.6694 30.8660 -24.2275
v -61.7019 31.2408 -24.0761
v -65.1459 28.2117 -18.0134
v -60.0585 28.5681 -17.8523
v -57.2187 23.8131 -9.9762
v -62.7247 23.5027 -10.1314
v -54.1710 16.5027 -1.4553
v -59.6079 16.2641 -1.5308
v -51.9552 11.9246 5.4446
v -57.6710 11.4358 5.4526
v -49.9039 9.7727 12.5566
v -55.7288 9.2521 12.4008
v -71.2581 29.3757 -24.8801
v -22.8854 9.6467 12.7454
v -25.3223 9.7380 4.6865
v -22.4968 9.6128 17.4357
v -24.1565 9.9306 22.1274
v -57.2794 13.5977 29.2245
v -66.4164 2.5950 25.4670
v -68.9408 0.3237 21.1748
v -66.6068 -3.0864 25.5563
v -69.1045 -4.5126 21.2147
v -70.6135 -0.6497 15.5877
v -70.3027 -4.7270 17.3999
v -24.8373 9.2771 4.6824
v -28.7298 9.2771 -5.7044
v -30.3635 10.4220 -5.5926
v 0.0000 9.2037 -13.3280
v -41.4030 -3.1303 -23.5835
v -44.5837 2.6015 -29.1090
v -38.5002 1.5055 -23.0249
v -41.3291 5.8491 -27.6899
v -39.5976 9.4424 -26.1197
v -38.6587 13.2329 -24.4633
v -38.8779 17.5133 -22.7155
v -35.0629 13.4935 -16.7398
v -40.7876 21.1453 -21.1284
v -35.9312 16.0871 -13.9081
v -36.7899 -10.6541 -19.2117
v -37.7146 -9.2360 -17.6649
v -35.1743 -9.0969 -21.7452
v -36.6150 -2.4737 -19.6578
v -37.3650 -15.5757 -18.5411
v -38.7536 -13.8548 -14.9253
v -35.1743 -15.9652 -21.7452
v -14.2054 -17.6482 2.2830
v -11.0988 -17.5138 -0.3907
v 0.0000 -17.6630 6.9644
v 0.0000 -17.5761 1.6207
v -8.8883 -17.2894 -3.5850
v 0.0000 -17.3088 -3.5740
v -77.5022 9.0394 -17.4320
v -77.1619 4.5695 -19.6669
v -75.7475 1.0350 -21.4341
v -73.0801 -2.0560 -22.9796
v -69.0329 -4.1422 -24.0002
v -66.9942 -9.3011 -18.1020
v -62.2405 -10.2175 -19.6731
v -64.3529 -5.5118 -24.7213
v -56.9560 -10.8895 -20.4422
v -59.3106 -6.3267 -25.1078
v -51.3069 -10.9069 -20.4419
v -53.8268 -6.3268 -25.0141
v -45.2443 -10.5412 -19.8184
v -47.7518 -5.5134 -24.5711
v -63.6503 -14.5415 -12.5737
v -59.2512 -14.9677 -14.5290
v -53.8019 -15.3649 -15.8587
v -48.5087 -15.3116 -16.1459
v -43.1147 -14.8634 -15.8566
v -18.3669 9.2771 -5.5986
v -22.2522 9.1809 -13.6294
v -31.6518 9.2296 -12.3568
v 0.0000 1.9134 -16.9791
v -22.5494 9.2771 12.6887
v -36.6352 -18.3085 34.8171
v -22.1882 9.2771 17.3515
v -47.1202 26.1566 -32.5169
v -49.8235 26.7956 -37.4148
v -60.4780 28.4700 -43.7507
v -58.3301 29.9144 -40.7118
v -55.6662 -18.5985 -11.1280
v -51.0017 -18.5979 -12.5429
v -23.1782 -17.5037 21.3601
v -21.7632 -17.6812 16.6955
v -21.3185 -17.6510 11.9089
v 0.0000 -16.3337 -13.4436
v 0.0000 -16.6134 -11.1238
v -71.7697 -0.0519 9.7386
v -69.1232 -18.5902 2.3290
v -57.9075 12.4209 -44.1442
v -53.4734 13.8548 -43.4975
v -55.5697 9.7389 -41.0889
v -51.6921 11.9986 -40.7211
v -49.6727 9.6881 -37.5252
v -54.2071 7.1036 -38.1457
v -47.1085 6.4029 -33.4672
v -52.4306 3.6693 -34.3046
v -50.5068 -0.0520 -30.1515
v -62.6467 2.8694 -34.7902
v -67.3719 3.5577 -34.5332
v -63.6421 6.4424 -38.5088
v -67.7702 7.0397 -38.3084
v -66.2058 -0.2217 -30.4634
v -61.3840 -0.9449 -30.7604
v -57.6599 2.8796 -34.6861
v -58.9689 6.3977 -38.4421
v -56.2458 -0.9101 -30.6293
v -64.1381 9.1391 -41.3519
v -67.6032 9.6526 -41.2609
v -64.3870 12.0589 -44.3560
v -67.0392 12.1870 -44.1746
v -59.9936 9.0960 -41.2810
v -61.7177 12.0478 -44.2887
v -64.2678 14.5330 -46.6137
v -59.6654 14.4903 -46.4812
v -70.3465 3.3482 10.7045
v -69.4330 3.4273 16.0345
v -69.1564 -8.9768 21.2317
v -66.7826 -8.3306 25.6388
v -66.8181 -18.4127 25.6555
v -60.0523 -18.6030 -8.8018
v -63.7331 -18.5966 -5.7379
v -41.2997 -18.2890 36.2321
v -46.1498 -18.3391 36.7097
v -70.8179 1.1136 -29.8124
v -42.1612 20.8117 -28.0666
v -41.6644 16.8293 -29.5616
v -42.5097 12.7800 -31.0816
v -44.2809 9.5680 -32.2874
v -74.8299 3.2111 -28.9651
v -76.7091 13.3760 -15.2637
v -75.3073 16.2638 -13.8197
v -72.5514 18.9499 -12.4767
v -67.7433 21.7903 -11.0031
v -44.0389 24.2481 -26.7766
v -71.3441 4.8183 -33.9716
v -77.2313 6.4988 -27.5285
v -45.4243 23.3478 -33.3701
v -44.6944 19.3607 -34.5812
v -45.4107 15.4075 -35.7820
v -47.2221 12.5278 -36.6567
v -71.4387 8.0915 -37.8980
v -75.7839 6.8975 -33.2899
v -78.3440 10.1363 -32.0740
v -78.5856 10.2048 -25.9091
v -78.9666 14.1981 -24.1641
v -78.2531 18.1776 -22.4251
v -76.8114 20.9550 -21.2115
v -74.1927 23.8466 -19.9480
v -70.1157 26.7168 -18.7081
v -75.9310 10.1403 -37.3724
v -48.2199 24.1123 -38.0104
v -47.4617 20.4689 -38.8190
v -48.0188 17.0516 -39.5775
v -49.4120 14.4381 -40.1576
v -70.6873 10.4627 -41.0258
v -74.7711 12.1566 -40.6639
v -78.4291 12.9600 -36.4997
v -79.5877 13.8058 -30.6966
v -79.9654 17.3691 -29.3589
v -79.2290 20.9233 -28.0247
v -77.8086 23.8051 -26.9429
v -75.1697 26.7381 -25.8419
v -77.1092 14.5537 -40.1319
v -79.8263 16.3519 -35.4694
v -75.2877 28.1904 -31.8991
v -52.8248 26.4763 -41.8010
v -54.9363 28.7224 -40.8958
v -51.7011 24.1175 -42.5790
v -50.8155 21.1231 -43.2100
v -50.9161 18.3850 -43.4471
v -51.5980 15.9267 -43.4077
v -69.2496 12.6413 -43.8534
v -73.1213 13.8929 -43.3258
v -74.9705 15.7848 -43.1320
v -78.3279 17.6883 -39.4362
v -79.9918 19.6714 -34.4868
v -79.3216 22.7375 -33.5554
v -77.9978 25.5572 -32.6990
v -76.1663 18.4706 -42.9098
v -78.5562 20.4466 -38.8240
v -74.2142 28.2898 -37.0832
v -76.4639 26.0747 -37.5748
v -56.4280 26.1339 -44.6326
v -57.3874 27.8257 -43.2242
v -55.6548 23.9877 -45.6804
v -55.0326 21.1753 -46.4839
v -54.8693 19.0851 -46.5900
v -55.1658 16.7113 -46.2459
v -55.8947 14.8487 -45.5890
v -68.0937 14.6533 -46.0007
v -71.2664 15.0440 -45.0263
v -71.9230 16.5716 -45.6633
v -72.4781 18.8000 -45.9998
v -76.4888 20.9493 -42.3657
v -77.8345 23.2063 -38.2114
v -72.5342 28.0206 -40.9801
v -60.2858 26.4983 -45.8278
v -59.7580 16.8808 -47.7852
v -68.2254 16.8907 -47.3470
v -72.4374 21.1736 -45.7360
v -75.9897 23.3667 -41.8486
v -74.7603 25.9415 -41.3117
v -70.4353 27.4972 -43.1693
v -60.1491 23.9285 -47.3097
v -64.2678 26.5244 -45.9494
v -59.9979 21.2015 -48.2264
v -59.8673 19.0054 -48.3767
v -64.2678 16.9338 -48.1529
v -68.2926 18.8788 -47.8695
v -68.2459 21.2147 -47.7096
v -72.0589 23.4828 -45.1458
v -64.2678 18.9379 -48.6785
v -71.4055 25.7329 -44.2906
v -67.9246 26.2313 -45.4303
v -64.2678 23.9020 -47.4966
v -64.2678 21.2193 -48.4901
v -68.1093 23.8143 -46.8315
v -21.8034 -17.6773 6.9850
v -46.1507 -18.5917 -13.0207
v -41.2997 -18.5912 -12.5429
v -39.4459 -18.5821 -11.9903
v -13.9349 -17.6721 6.9776
v -7.5147 -17.0258 -7.1980
v 0.0000 -17.0183 -7.1727
v -33.0661 9.1549 -20.5162
v -31.8412 -21.2148 -3.3563
v -29.7410 -21.2148 -1.4956
v -34.4301 -21.2148 -13.8597
v -46.1497 -0.9250 46.8537
v -58.1327 -11.8609 42.0543
v -46.1662 1.2656 46.5216
v -46.1491 0.4105 46.6655
v -36.0857 5.9216 37.5188
v -36.0857 2.6938 40.5558
v -36.2993 1.9612 41.3442
v -46.1729 0.9971 44.3091
v -54.2558 1.0225 42.5202
v -55.7743 11.3432 32.1643
v -46.1729 13.8273 32.3017
v -38.3115 14.7420 32.2944
v -46.1729 3.5465 41.9295
v -60.4494 6.4158 25.5557
v -61.7867 6.4158 24.5841
v -62.2975 6.4158 23.0121
v -61.7867 6.4158 21.4400
v -60.4494 6.4158 20.4685
v -58.7965 6.4158 20.4685
v -57.4592 6.4158 21.4400
v -56.9484 6.4158 23.0121
v -57.4592 6.4158 24.5841
v -58.7965 6.4158 25.5557
v 53.9564 14.7492 31.4547
v 50.3327 15.5204 31.9137
v 53.7621 14.4422 31.9748
v 50.3354 15.0385 32.6105
v 46.1628 15.2858 32.8741
v 46.1508 15.7517 32.1887
v 41.3427 15.6084 32.1580
v 41.5366 15.1967 32.7792
v 36.7140 14.8848 31.5611
v 33.9488 13.9153 30.7160
v 37.1507 14.4143 32.2826
v 36.1665 13.7311 32.5154
v 35.5089 12.7881 32.9486
v 34.1238 12.2088 32.7548
v 32.3509 13.1757 29.9967
v 32.7199 11.5450 31.8113
v 26.2120 9.1423 26.6226
v 31.7940 10.5824 30.6725
v 31.0608 5.5498 31.1383
v 26.9049 10.7606 26.2462
v 23.8563 9.7196 22.1046
v 25.8271 9.2771 26.1544
v 23.2268 9.2771 22.0570
v 9.2156 9.1959 -13.3079
v 11.1817 9.1551 -17.8204
v 8.9701 9.1951 -13.5152
v 10.7500 9.1536 -17.7850
v 71.0389 -18.3521 11.7022
v 71.2213 -9.6599 12.9830
v 70.5308 -18.5366 16.6898
v 70.4974 -9.6561 16.6640
v 72.0424 -13.5640 3.2621
v 72.1990 -7.8829 6.9046
v 70.6311 -18.2895 6.7631
v 70.0742 -16.6353 -0.3838
v 69.2290 -18.3728 2.0273
v 66.8254 -18.5946 -1.9699
v 68.2422 -17.1219 -3.1993
v 59.1414 12.0537 27.7498
v 59.5008 11.9964 27.7552
v 60.3193 10.7978 26.6113
v 60.4986 10.9853 26.8538
v 56.2516 12.5148 27.7060
v 58.1647 11.2212 26.2874
v 24.3535 9.8786 12.8142
v 36.2841 9.9075 12.6573
v 32.5545 10.9728 4.8365
v 38.6541 11.4581 4.9784
v 35.6782 10.0020 17.4387
v 23.7356 10.0216 17.5463
v 25.3726 10.5053 22.1494
v 35.7532 10.8599 22.1494
v 35.9852 12.0213 25.4344
v 28.3220 11.7281 25.8608
v 32.8233 13.7197 28.8979
v 36.1961 13.4471 28.0626
v 34.1475 14.1541 29.3289
v 36.4046 14.7563 29.9983
v 42.0435 13.3778 28.0309
v 41.5844 15.5726 30.6894
v 47.1957 13.2798 28.0389
v 46.4731 15.7591 30.8062
v 50.6705 15.4252 30.5193
v 54.9395 14.5049 29.7545
v 51.9145 13.0462 27.8818
v 57.1213 13.5080 29.0609
v 21.2034 1.7441 -26.9356
v 21.2462 7.6970 -26.5831
v 25.0655 1.8016 -27.0203
v 25.0146 7.6981 -26.6005
v 17.4862 1.7826 -25.9539
v 17.5938 7.6963 -25.6704
v 14.1132 1.7654 -24.1364
v 14.2663 7.6959 -23.9146
v 11.2740 1.8542 -21.5772
v 11.4553 7.6956 -21.4166
v 9.3228 7.6433 -18.3206
v 9.0866 1.8881 -18.5832
v 7.9010 7.2930 -15.5976
v 7.9714 1.9134 -16.9791
v 4.3463 -0.2985 33.0231
v 5.1636 -0.6178 33.0620
v 12.9379 0.3334 32.9615
v 5.5422 -1.4043 33.1586
v 2.4880 -3.7921 28.8663
v 1.9552 -3.1652 28.8664
v 2.3908 -3.7961 31.8705
v 1.8788 -3.1936 31.5487
v 3.9238 -1.7234 32.1316
v 3.3572 -1.4671 32.1316
v 4.2185 -2.2213 32.1315
v 4.2197 -5.6776 32.1313
v 5.5931 -7.4275 33.5279
v 4.0018 -6.3139 32.1315
v 4.6854 -8.0429 33.4541
v 3.3585 -6.5990 32.1316
v 12.9379 -11.6247 32.7657
v 7.9741 -5.1339 -17.4765
v 7.9537 -5.8702 -17.4151
v 8.7980 -5.5274 -18.9041
v 8.8137 -4.7634 -18.8867
v 11.0964 -3.8672 -21.7346
v 11.0844 -4.6398 -21.7452
v 17.4303 -1.2927 -26.1014
v 17.4231 -2.0886 -26.1205
v 13.9983 -2.6871 -24.3030
v 13.9881 -3.4719 -24.3176
v 21.1926 0.2333 -27.0251
v 21.1897 -0.5687 -27.0488
v 25.0690 0.9999 -27.0488
v 28.8356 2.5261 -26.1205
v 28.8230 3.3208 -26.0873
v 32.2706 3.9207 -24.3176
v 32.2451 4.7031 -24.2808
v 35.1743 5.1005 -21.7452
v 35.1309 5.8690 -21.7068
v 36.2163 5.5302 -20.2356
v 36.1685 6.2660 -20.1922
v 7.2229 -16.0056 -13.8896
v 8.7945 -16.2770 -18.6388
v 7.4795 -19.9336 -14.7148
v 8.8807 -19.9320 -18.5526
v 27.1361 11.0786 26.2659
v 32.4018 13.6574 29.7754
v 31.2995 5.1138 31.4423
v 32.6008 5.0857 36.3053
v 31.6206 0.3334 32.9615
v 12.9379 5.1128 31.4427
v 12.9379 5.5952 31.0715
v 12.9379 9.0968 26.6894
v 12.9379 9.2771 26.1042
v 8.0966 8.9301 -14.1049
v 9.7607 8.7312 -18.1531
v 7.9821 7.7168 -15.3054
v 28.5683 -17.0078 29.4270
v 28.5683 -18.5144 29.4270
v 29.3004 -16.9163 30.1316
v 32.5395 -18.3022 32.8133
v 29.8143 -16.6669 30.6316
v 32.1759 -17.8896 32.6033
v 32.1603 -17.5910 32.6095
v 30.1782 -16.1097 30.9967
v 12.9379 -16.6514 30.5662
v 12.9379 -16.9146 29.8767
v 12.9379 -16.0650 31.0143
v 36.0515 7.7250 -19.9117
v 35.7616 8.7535 -19.3619
v 37.8549 7.6273 -23.1173
v 37.0869 10.8835 -21.6764
v 47.6616 11.7942 25.2311
v 52.2431 11.4951 25.1569
v 52.7294 10.2107 21.8701
v 48.1575 10.6727 22.0689
v 54.6432 9.2887 17.2518
v 49.0627 9.8197 17.3771
v 67.6120 5.8055 11.3992
v 60.9677 8.3032 12.1744
v 66.7692 5.8530 16.4217
v 59.9462 8.3528 16.0478
v 56.4016 11.0034 25.2464
v 55.8840 10.3280 23.3971
v 56.3491 9.5645 21.3643
v 60.3656 8.3815 19.4470
v 62.7476 7.7000 20.5433
v 65.3623 6.9247 21.0226
v 63.2419 7.9937 22.5849
v 62.6347 8.8727 25.0478
v 63.2444 8.6328 25.0355
v 64.2678 28.6040 -43.9750
v 65.1284 30.0813 -41.3416
v 67.4997 28.2871 -43.6526
v 67.2604 29.7863 -41.3120
v 70.3670 29.2565 -40.7292
v 69.1442 29.9237 -39.9191
v 71.5969 29.9861 -36.6265
v 69.8467 30.3565 -37.5619
v 71.5419 30.6431 -31.1988
v 69.1755 30.9732 -35.2833
v 67.3007 32.0853 -30.6082
v 67.2142 31.7720 -34.1879
v 62.8563 32.4955 -30.4662
v 64.9204 32.0964 -34.2273
v 58.7674 31.9939 -30.5500
v 63.0196 31.9217 -35.3153
v 60.1861 31.5711 -36.1421
v 62.5894 31.5233 -37.4956
v 61.2634 30.6250 -40.4238
v 63.2229 30.8573 -39.8188
v 65.2197 30.2380 -41.0623
v 65.3445 30.0356 -40.6799
v 67.2350 29.9454 -41.0637
v 67.1795 29.7782 -40.6735
v 63.4307 30.8820 -39.7546
v 63.8498 30.5348 -39.6062
v 62.8444 31.5182 -37.6391
v 63.2704 31.1205 -37.8529
v 69.0145 29.9945 -39.8332
v 68.6620 29.7631 -39.5958
v 68.9245 31.0082 -35.7166
v 69.6610 30.3957 -37.6611
v 68.6775 30.6404 -36.0987
v 69.2366 30.0872 -37.8529
v 67.2050 31.7388 -34.5676
v 67.1826 31.3141 -35.0043
v 65.1394 32.0540 -34.6263
v 65.3360 31.6413 -34.9997
v 63.4707 31.9140 -35.8208
v 63.7687 31.5310 -36.1292
v 63.0250 8.1030 22.7447
v 62.5591 7.9089 23.0121
v 62.4886 8.8488 24.8814
v 62.0199 8.5435 24.7536
v 62.3363 7.8888 20.9647
v 61.9816 7.6479 21.2984
v 60.4362 8.3831 19.6895
v 60.5323 8.0067 20.2133
v 58.3024 9.0018 19.8508
v 58.7054 8.5852 20.1881
v 56.6307 9.5074 21.3164
v 57.2114 9.0076 21.2600
v 56.2098 10.2117 23.2179
v 56.6303 9.6799 23.0121
v 56.8604 10.7946 24.9769
v 57.1950 10.2705 24.7761
v 58.3604 11.0889 26.1423
v 58.6947 10.4906 25.8689
v 60.3191 10.6269 26.3266
v 60.5474 9.7947 25.8573
v 65.4505 27.5354 -35.3520
v 64.1357 27.5354 -36.3073
v 7.6796 -10.7448 -16.2426
v 70.5382 -18.6007 6.9936
v 71.0147 -18.6022 11.8573
v 60.8095 11.3084 28.2346
v 57.9629 9.0284 19.6097
v 28.0435 11.7174 25.8763
v 32.5941 13.7429 28.9547
v 54.6855 14.8479 30.9272
v 54.9229 14.0298 31.8727
v 68.3904 27.5354 -36.3073
v 68.8926 27.5354 -37.8529
v 67.0756 27.5354 -35.3520
v 63.6335 27.5354 -37.8529
v 64.1357 27.5354 -39.3985
v 65.4505 27.5354 -40.3537
v 67.0756 27.5354 -40.3537
v 68.3904 27.5354 -39.3985
v 33.5526 0.1124 41.7512
v 33.5141 -0.0126 41.5776
v 33.7226 -2.1091 42.2905
v 33.6577 -2.1592 42.0885
v 31.8556 10.7621 30.7288
v 32.6436 5.2242 36.4605
v 58.1848 -5.9837 41.9497
v 58.1506 -1.8795 41.9886
v 58.1420 -5.9545 42.1516
v 58.1310 -1.8793 42.2244
v 60.1674 -7.3364 32.5886
v 59.9859 0.3925 32.1318
v 58.2305 0.0290 41.3486
v 58.8770 4.6622 36.5932
v 60.0857 -17.8973 32.5440
v 58.1653 -16.8553 41.3888
v 59.7156 -18.3098 32.7312
v 57.7733 -17.3276 41.2297
v 57.5587 -17.3246 41.4198
v 59.5870 -18.3097 32.7975
v 54.2208 -16.6698 45.0438
v 56.0161 -16.6652 44.2637
v 54.2156 -16.5208 45.0699
v 55.9979 -16.4927 44.2970
v 37.8657 -16.6694 45.0612
v 37.8699 -16.5214 45.0867
v 35.8669 -16.6611 44.2353
v 35.8960 -16.4918 44.2722
v 34.3167 -17.3200 41.3831
v 34.1442 -17.3204 41.2303
v 32.6947 -18.3024 32.8893
v 33.7447 -16.8501 41.3754
v 33.7421 -16.6176 41.3960
v 31.8532 -11.7158 32.7304
v 33.6834 -11.3629 41.8629
v 33.6309 -5.6751 41.9843
v 60.0880 -17.5982 32.5453
v 58.1658 -16.6160 41.4111
v 58.1756 -11.7653 41.8545
v 56.9727 -17.1816 42.8892
v 56.9375 -17.2119 42.6719
v 57.7314 -17.3064 41.4130
v 55.7645 -17.1760 43.6836
v 55.8444 -17.1648 43.8309
v 54.2942 -17.1563 44.5332
v 54.3152 -17.1740 44.3842
v 36.0071 -17.1182 43.7890
v 34.9119 -17.1746 42.8971
v 36.0249 -17.1432 43.6640
v 34.9396 -17.1928 42.7672
v 34.1789 -17.2992 41.4118
v 37.8045 -17.1555 44.5571
v 37.7866 -17.1731 44.4078
v 41.9510 -17.1926 45.2473
v 46.1500 -17.1996 45.5830
v 41.9611 -17.1756 45.3876
v 46.1500 -17.1819 45.7212
v 50.3508 -17.1933 45.2721
v 50.3407 -17.1762 45.4128
v 63.7210 -18.3607 29.4244
v 63.6607 -7.7868 29.4118
v 58.1243 -16.5948 41.6023
v 57.3957 -16.4424 43.1543
v 58.1239 -16.8329 41.5795
v 57.4062 -16.6927 43.1271
v 33.7762 -16.5967 41.5854
v 34.4674 -16.4431 43.1599
v 33.7228 -11.3552 42.0598
v 34.4480 -11.4936 43.6087
v 41.9934 -16.7193 45.8826
v 41.9942 -16.5515 45.9147
v 35.7188 -12.7881 44.5881
v 36.3633 -13.7722 44.8657
v 53.6081 -14.6607 45.5824
v 50.2889 -16.5525 45.9415
v 50.2175 -14.6607 46.3073
v 56.3548 -12.7881 44.4486
v 55.7103 -13.7722 44.8222
v 46.1459 -16.7239 46.2074
v 50.2952 -16.7195 45.9092
v 33.7785 -16.8277 41.5645
v 34.4543 -16.6877 43.1097
v 60.0615 -18.9954 32.5973
v 55.6662 -18.9907 34.8171
v 55.6662 -18.3071 34.8171
v 11.8315 8.7304 -21.1372
v 12.6821 9.1537 -20.5146
v 14.5512 8.7299 -23.5405
v 15.1933 9.1538 -22.7049
v 17.7638 8.7301 -25.2271
v 18.1422 9.1538 -24.2415
v 21.2861 8.7313 -26.1014
v 24.9180 8.7334 -26.1131
v 24.6991 9.1538 -25.0671
v 21.3686 9.1538 -25.0439
v 28.6844 7.7002 -25.7218
v 28.4533 8.7364 -25.2604
v 27.9526 9.1537 -24.3037
v 32.0492 7.7039 -23.9970
v 31.6909 8.7404 -23.5895
v 30.9468 9.1536 -22.7867
v 34.9217 7.7109 -21.5215
v 34.4421 8.7472 -21.1901
v 35.1986 9.1641 -18.3829
v 33.5009 9.1535 -20.5876
v 23.9344 -20.6095 4.4913
v 23.9767 -20.6523 4.2077
v 27.8044 -20.7538 3.2203
v 27.7657 -20.7863 2.9791
v 30.9652 -20.7951 1.0343
v 30.8787 -20.8247 0.8555
v 33.6174 -20.8076 -1.2889
v 33.4918 -20.8364 -1.4350
v 35.8123 -20.7862 -4.0603
v 35.6442 -20.8165 -4.1738
v 37.8929 -20.7057 -7.5388
v 37.6481 -20.7417 -7.5918
v 38.9141 -20.5990 -10.4415
v 38.6211 -20.6425 -10.4863
v 38.4324 -20.6034 -14.8462
v 39.0602 -20.5930 -11.7987
v 38.1494 -20.6466 -14.7764
v 38.7569 -20.6370 -11.7475
v 23.6411 -20.5514 4.9954
v 21.2295 -20.6033 4.5721
v 21.1897 -20.2203 4.9002
v 22.7880 -20.0983 5.0415
v 21.1897 -20.0337 4.9002
v 41.5605 -20.5609 -11.2319
v 39.4152 -20.5329 -10.6551
v 41.3846 -20.0759 -12.1161
v 39.4783 -20.0051 -11.5839
v 23.0755 -20.5608 7.2542
v 22.1975 -20.0749 7.0774
v 22.1896 -20.0757 16.6107
v 21.7262 -20.0747 11.8544
v 23.0734 -20.5609 16.4349
v 22.6222 -20.5607 11.8461
v 28.8757 -20.0757 29.1196
v 29.5129 -20.5609 28.4824
v 32.5311 -20.0845 32.1844
v 33.0713 -20.5622 31.4126
v 36.8015 -20.0757 34.4154
v 37.1464 -20.5609 33.5829
v 55.4999 -20.0757 34.4154
v 55.1550 -20.5609 33.5829
v 59.7549 -20.0833 32.1857
v 59.2277 -20.5620 31.4128
v 63.4229 -20.0753 29.1187
v 62.7881 -20.5608 28.4822
v 70.1416 -20.0482 16.6732
v 69.2326 -20.5567 16.4444
v 70.5813 -20.0757 11.8445
v 69.6801 -20.5609 11.8445
v 63.4257 -20.0757 -5.4305
v 62.7885 -20.5609 -4.7933
v 59.7445 -20.0765 -8.4634
v 59.2261 -20.5610 -7.7186
v 55.4999 -20.0757 -10.7264
v 55.1550 -20.5609 -9.8938
v 53.6302 -20.9572 4.4750
v 53.4305 -20.9511 3.9871
v 57.2411 -20.7191 -4.7534
v 53.4706 -20.7144 -6.4579
v 62.7486 -20.7191 0.7542
v 54.1163 -20.9499 4.6791
v 65.4973 -20.6718 4.7370
v 39.3519 -20.1785 -6.4679
v 46.1486 -20.4470 4.1780
v 39.1528 -20.1887 -5.9642
v 39.1377 -20.4278 4.1869
v 53.0845 -20.1887 -6.4668
v 53.2810 -20.1980 -5.9642
v 53.2343 -20.4276 4.1689
v 26.8644 -20.1431 18.5362
v 38.4488 -20.4474 11.8464
v 27.3707 -20.1527 18.7364
v 38.4494 -20.4271 18.7936
v 26.8646 -20.1446 5.1233
v 27.3707 -20.1543 4.9236
v 38.4482 -20.4271 4.8783
v 65.4853 -20.1475 18.5365
v 53.9189 -20.4483 11.8464
v 65.7229 -20.1488 18.0464
v 65.9060 -20.1776 15.7751
v 65.4850 -20.1470 5.1230
v 65.7223 -20.1484 5.6129
v 65.9060 -20.1776 7.9161
v 38.7432 -20.9579 19.1975
v 38.9455 -20.9518 19.6860
v 35.0603 -20.7191 28.4425
v 38.9659 -20.7099 30.2919
v 29.5528 -20.7191 22.9349
v 38.2557 -20.9504 18.9930
v 26.8524 -20.6680 18.9185
v 57.2411 -20.7191 28.4425
v 53.6291 -20.9572 19.1965
v 60.2661 -20.7191 25.9599
v 62.7486 -20.7191 22.9349
v 53.0846 -20.1826 30.3009
v 46.1514 -20.4482 19.4947
v 53.2810 -20.1918 29.7982
v 53.2331 -20.4276 19.5038
v 39.3519 -20.1844 30.3018
v 39.1529 -20.1936 29.7982
v 39.1388 -20.4285 19.4857
v 26.3460 -20.6587 18.7178
v 26.7218 -20.5605 24.8265
v 59.1327 -20.5605 31.2734
v 53.2738 -20.6993 30.7947
v 53.4706 -20.7081 30.2919
v 66.2412 -20.6656 18.2276
v 67.7389 -20.5605 20.7867
v 66.0036 -20.6632 18.7177
v 65.5796 -20.5605 24.8265
v 66.0033 -20.6628 4.9372
v 65.5796 -20.5605 -1.1374
v 26.8524 -20.6696 4.7370
v 27.9225 -20.7225 3.6507
v 38.2546 -20.9504 4.6779
v 31.2823 -20.7641 1.4156
v 53.9196 -20.4264 4.8612
v 53.4337 -20.4337 4.6569
v 46.1513 -20.5128 11.8464
v 53.4325 -20.4338 19.0156
v 53.2737 -20.7056 -6.9605
v 59.1327 -20.5605 -7.5843
v 38.3176 -20.6749 -7.3748
v 39.4091 -20.5518 -10.4846
v 39.1652 -20.6950 -6.9612
v 39.6543 -20.6946 -7.1934
v 53.9184 -20.4265 18.8107
v 38.9368 -20.4346 18.9976
v 38.9355 -20.4344 4.6748
v 39.8408 -20.1771 -6.7010
v 67.7389 -20.5605 2.9024
v 69.0686 -20.5605 7.2859
v 66.2406 -20.6652 5.4270
v 66.4307 -20.7003 7.8097
v 42.3783 -20.7183 -7.3797
v 41.5922 -20.5605 -11.0724
v 24.5625 -20.5605 20.7867
v 23.2328 -20.5605 16.4032
v 26.1082 -20.6610 18.2277
v 25.9191 -20.6954 15.8983
v 64.9790 -20.1569 18.7374
v 52.5971 -20.1830 30.5329
v 49.9042 -20.2103 30.7139
v 26.6265 -20.1443 18.0464
v 26.4437 -20.1728 15.7952
v 39.8408 -20.1848 30.5348
v 42.3979 -20.2103 30.7139
v 26.6271 -20.1455 5.6128
v 26.4437 -20.1728 7.8959
v 42.3807 -20.1944 -6.8799
v 52.5971 -20.1888 -6.6985
v 49.8758 -20.2140 -6.8799
v 64.9790 -20.1565 4.9226
v 69.0686 -20.5605 16.4032
v 66.4307 -20.7003 15.8777
v 25.9191 -20.6954 7.7890
v 23.2338 -20.5605 7.2861
v 26.1088 -20.6622 5.4270
v 23.8034 -20.5586 4.9919
v 38.9658 -20.7049 -6.4579
v 36.1592 -20.7564 -3.6896
v 38.9445 -20.9511 3.9858
v 46.1507 -20.5605 -11.5224
v 46.1503 -20.7487 -7.4748
v 39.1651 -20.7011 30.7956
v 33.1688 -20.5605 31.2734
v 65.4973 -20.6723 18.9185
v 66.5306 -20.7201 11.8433
v 66.0034 -20.1943 11.8452
v 25.8192 -20.7152 11.8433
v 26.3464 -20.1895 11.8452
v 50.0034 -20.7339 31.2137
v 46.1503 -20.7449 31.3089
v 46.1509 -20.2185 30.8066
v 42.2975 -20.7339 31.2137
v 39.6542 -20.7024 31.0285
v 49.9742 -20.7377 -7.3797
v 46.1509 -20.2222 -6.9726
v 52.7861 -20.7065 -7.1922
v 52.7861 -20.7006 31.0266
v 53.4295 -20.9510 19.6847
v 54.1153 -20.9500 18.9917
v 26.3463 -20.6603 4.9371
v 28.5683 -18.9907 29.4270
v 32.1885 -18.9972 32.5885
v 25.5104 -18.5879 25.7010
v 23.1782 -18.6335 21.3601
v 25.5010 -18.9907 25.6894
v 23.1782 -18.9907 21.3601
v 21.3029 -18.9908 11.8785
v 21.7632 -18.9907 16.6955
v 21.3066 -18.6690 11.8858
v 21.7632 -18.6761 16.6955
v 21.7892 -18.6753 6.9881
v 22.3755 -18.7008 5.0319
v 21.7847 -18.9908 6.9890
v 22.3730 -19.0273 5.0284
v 69.1290 -18.4724 21.3376
v 69.1275 -18.9907 21.3433
v 70.5325 -18.9907 16.6912
v 63.7246 -18.9907 29.4252
v 14.0272 -20.0323 2.1895
v 11.0870 -20.0224 -0.4012
v 14.0131 -20.2203 2.1821
v 11.0860 -20.2203 -0.4020
v 7.4914 -20.2205 -14.8121
v 8.8807 -20.2203 -18.5526
v 37.3762 -19.8808 -18.5510
v 37.3771 -20.2203 -18.5518
v 35.1743 -19.9092 -21.7452
v 35.1743 -20.2203 -21.7452
v 38.7536 -19.8729 -14.9253
v 38.7536 -20.2203 -14.9253
v 33.9459 -20.7770 -0.9152
v 39.4218 -20.3308 -11.8199
v 7.8259 -20.6033 -14.8463
v 9.1733 -20.6033 -18.3990
v 14.1758 -20.6033 1.8971
v 11.3318 -20.6033 -0.6226
v 37.0854 -20.6033 -18.3990
v 24.5323 -21.2148 0.4798
v 27.2566 -21.2148 -0.1917
v 21.1897 -17.6675 4.9002
v 22.3831 -17.6683 5.0431
v 34.7683 -21.2148 -11.0743
v 34.4301 -21.2148 -8.2889
v 41.2997 -18.9907 -12.5429
v 39.4459 -18.9907 -11.9903
v 29.6278 -20.5605 28.3675
v 37.2086 -20.5605 33.4328
v 36.6352 -18.9907 34.8171
v 69.5176 -20.5605 11.8445
v 71.0160 -18.9907 11.8445
v 67.8892 -20.5609 20.8481
v 68.7227 -20.0756 21.1888
v 55.0929 -20.5605 33.4328
v 63.7331 -18.9907 -5.7379
v 60.0344 -18.9908 -8.8076
v 55.6662 -18.9907 -11.1280
v 25.8448 -20.0754 25.4262
v 23.5798 -20.0757 21.1937
v 62.6736 -20.5605 28.3674
v 34.3138 0.9820 42.8800
v 34.6864 2.9247 41.7378
v 33.5886 6.0948 37.6112
v 34.4388 6.5420 38.2908
v 55.9879 2.5307 40.3384
v 53.1864 2.9510 40.9994
v 55.7743 1.7983 41.1270
v 55.1661 1.2733 41.8979
v 55.1661 12.1459 31.6898
v 54.2558 12.7823 31.4798
v 53.1855 11.0237 33.4780
v 53.1821 13.1420 31.5524
v 36.0857 10.6724 33.0623
v 38.8840 11.1643 33.6630
v 36.2993 11.5061 32.3815
v 36.9075 12.3073 31.9050
v 38.8914 1.0332 43.1833
v 38.8821 3.0869 41.1853
v 37.8177 1.1785 42.7282
v 36.9075 1.4347 42.1131
v 37.8177 12.9383 31.6878
v 38.8914 13.2874 31.7462
v 42.1129 11.5693 34.1566
v 42.1129 13.6896 32.1676
v 50.0269 11.4700 34.0279
v 50.0269 13.5912 32.0381
v 50.0269 0.9204 43.8754
v 53.1821 0.8878 42.9894
v 50.0269 3.3463 41.6199
v 42.1129 1.0188 44.0050
v 42.1129 3.4406 41.7532
v 55.9879 5.7585 37.3014
v 55.9879 10.5094 32.8449
v 53.1931 6.2440 37.8231
v 38.8673 6.3696 37.9918
v 35.2780 3.2226 41.9332
v 35.5089 2.4810 42.8354
v 35.7261 0.4231 44.3697
v 36.1665 1.7160 44.0523
v 41.9709 0.4105 46.3384
v 41.8702 1.2561 46.1714
v 38.2915 0.4105 45.6166
v 38.3115 1.3226 45.3979
v 35.7925 -1.0707 44.8270
v 36.3633 -3.4141 45.0859
v 37.0683 -0.9812 45.4151
v 37.3278 -2.7565 45.4818
v 37.1264 0.4148 45.1867
v 37.1507 1.4646 44.8710
v 57.4812 0.9477 43.0591
v 58.0665 5.9202 37.5365
v 56.7955 3.0929 41.7950
v 56.7955 6.5193 38.1986
v 56.0874 0.4105 44.5167
v 55.9070 1.7107 44.0467
v 56.5646 2.3821 42.8363
v 54.9229 1.4608 44.8670
v 54.9238 0.4105 45.1999
v 56.0945 -0.9867 44.8197
v 54.8496 -0.9250 45.4333
v 55.7103 -3.4141 45.0145
v 54.7458 -2.7565 45.4441
v 53.7208 -0.9250 45.8116
v 50.3160 -0.9250 46.5535
v 53.6081 -2.5256 45.8066
v 50.2193 -2.5256 46.5310
v 53.7621 1.3182 45.3932
v 50.3396 1.2704 46.1867
v 53.7701 0.4105 45.6138
v 50.3293 0.4105 46.3644
v 59.6424 9.8072 31.7366
v 63.1051 6.1495 29.2958
v 63.3940 -1.0974 29.3561
v 62.3178 9.2903 28.8731
v 58.9921 11.7118 31.5087
v 57.7963 13.5629 30.0391
v 56.5646 12.3025 32.4310
v 56.7955 11.4137 33.1802
v 55.9070 13.2231 31.9739
v 33.9176 14.2187 30.3536
v 36.5398 15.0259 31.2092
v 41.2438 15.8183 31.8412
v 8.7980 -10.5556 -18.9041
v 11.0844 -10.2467 -21.7452
v 11.0844 -16.2770 -21.7452
v 70.5382 -18.9907 6.9936
v 32.0353 -20.7191 25.9599
v 60.2661 -20.7191 -2.2708
v 33.4351 -21.2148 -5.6654
v 21.7264 -21.2148 0.4798
v 21.2646 -20.6465 4.2829
v 7.0380 -19.9575 -11.0781
v 7.1791 -16.3347 -13.4443
v 7.0405 -16.6255 -11.0990
v 11.0844 -19.9320 -21.7452
v 54.7458 -14.4298 45.2280
v 56.5811 -11.6272 44.2854
v 57.4028 -11.7306 43.6139
v 37.3278 -14.4298 45.2510
v 38.4655 -14.6607 45.5840
v 42.0040 -14.6607 46.2760
v 38.3043 -0.9250 45.8061
v 38.4655 -2.5256 45.8082
v 55.6645 -6.0705 43.5798
v 55.4579 -5.1054 43.6590
v 52.9499 -6.0705 44.4836
v 54.8694 -4.2871 43.8753
v 54.8694 -12.8992 43.8753
v 52.9499 -11.1158 44.4836
v 53.9888 -13.4459 44.1728
v 52.9499 -13.6379 44.4836
v 36.4091 -11.1158 43.5798
v 36.6157 -12.0810 43.6590
v 39.1236 -11.1158 44.4836
v 37.2041 -12.8992 43.8753
v 37.2041 -4.2871 43.8753
v 39.1236 -6.0705 44.4836
v 38.0848 -3.7404 44.1728
v 39.1236 -3.5484 44.4836
v 53.9888 -3.7404 44.1728
v 52.9499 -3.5484 44.4836
v 56.3548 -4.3982 44.5971
v 56.5811 -5.5591 44.3961
v 55.6645 -11.1158 43.5798
v 55.4579 -12.0810 43.6590
v 49.7691 -13.6379 45.1651
v 46.1250 -14.6607 46.5985
v 46.0945 -13.6379 45.4454
v 42.3661 -13.6379 45.1743
v 39.1236 -13.6379 44.4836
v 38.0848 -13.4459 44.1728
v 35.4925 -11.6272 44.4284
v 35.4925 -5.5591 44.5473
v 36.4091 -6.0705 43.5798
v 35.7188 -4.3982 44.7589
v 36.6157 -5.1054 43.6590
v 42.0020 -2.5256 46.4997
v 42.3661 -3.5484 45.1743
v 46.1249 -2.5256 46.8223
v 46.0945 -3.5484 45.4454
v 49.7691 -3.5484 45.1651
v 34.0904 14.2412 29.4825
v 36.4242 14.8795 30.1805
v 12.9379 -17.4884 21.3797
v 12.9379 -17.2761 25.7762
v 12.9379 -17.6554 11.9389
v 12.9379 -17.6692 16.6589
v 25.5404 -17.3141 25.7375
v 41.5536 15.7198 30.8678
v 42.3479 11.9503 25.3222
v 42.6820 10.8585 22.1488
v 25.0212 10.4933 22.1494
v 65.4254 6.4254 25.2694
v 67.9763 4.4147 20.7773
v 34.4094 -1.4217 43.8293
v 34.4323 -5.6790 43.7164
v 33.6709 -5.6756 42.1621
v 57.4176 -1.1919 43.7720
v 57.4075 -5.7529 43.7187
v 58.1736 0.2454 41.6059
v 58.8321 4.8350 36.7737
v 35.2780 11.8701 33.6668
v 35.2780 6.7370 38.5099
v 46.1455 15.9569 31.8870
v 50.3316 15.7125 31.6359
v 46.4373 15.8819 30.9433
v 50.5978 15.5642 30.6734
v 54.8417 14.6533 29.9072
v 51.0017 -18.2969 36.2320
v 71.6235 -11.7253 -6.5899
v 68.2286 -14.2472 -8.2793
v 62.7723 10.2261 5.3525
v 68.7492 7.7226 4.5534
v 65.1344 15.0262 -2.1643
v 70.4459 12.2490 -3.5151
v 73.3210 9.6759 -4.8551
v 71.6805 5.2649 3.4773
v 73.1898 1.9926 1.7568
v 74.7721 6.3169 -6.5802
v 74.1272 -3.4456 -1.3201
v 75.5403 1.9865 -8.7928
v 73.6069 -8.4209 -4.0728
v 75.0864 -2.6938 -11.4740
v 73.5731 -6.0565 -13.5556
v 71.1050 -8.0303 -15.8806
v 43.9004 9.9300 12.6189
v 43.0442 9.9984 17.4190
v 45.9779 11.8610 5.2402
v 42.3561 14.7823 -2.6888
v 48.6104 15.9870 -1.8305
v 51.8962 23.0862 -10.2438
v 46.4293 21.5664 -11.0821
v 54.8677 27.9283 -18.1176
v 49.5706 26.5560 -18.9373
v 57.0058 30.5419 -24.2364
v 52.0411 29.3076 -25.0261
v 23.4172 10.0222 17.5492
v 23.9084 9.8775 12.8201
v 28.6930 10.6655 4.7467
v 34.7400 12.8068 -4.0739
v 39.9956 18.8510 -12.5262
v 44.3877 23.9493 -19.9086
v 47.4652 27.0333 -25.7486
v 54.5282 30.9027 -31.1957
v 50.0894 28.7774 -31.7390
v 56.6708 30.6993 -36.5508
v 52.4417 29.0830 -36.9074
v 66.6694 30.8660 -24.2275
v 61.7019 31.2408 -24.0761
v 65.1460 28.2117 -18.0134
v 60.0585 28.5681 -17.8523
v 57.2187 23.8131 -9.9762
v 62.7248 23.5027 -10.1314
v 54.1710 16.5027 -1.4553
v 59.6079 16.2641 -1.5308
v 51.9552 11.9246 5.4446
v 57.6710 11.4358 5.4526
v 49.9039 9.7727 12.5566
v 55.7289 9.2521 12.4008
v 71.2581 29.3757 -24.8801
v 22.8854 9.6467 12.7454
v 25.3223 9.7380 4.6865
v 22.4968 9.6128 17.4357
v 24.1565 9.9306 22.1274
v 57.2794 13.5977 29.2245
v 66.4164 2.5950 25.4670
v 66.6068 -3.0864 25.5563
v 68.9408 0.3237 21.1748
v 69.1045 -4.5126 21.2147
v 70.6135 -0.6497 15.5877
v 70.3027 -4.7270 17.3999
v 24.8374 9.2771 4.6824
v 28.7298 9.2771 -5.7044
v 30.3635 10.4220 -5.5926
v 41.4030 -3.1303 -23.5835
v 38.5003 1.5055 -23.0249
v 44.5837 2.6015 -29.1090
v 41.3291 5.8491 -27.6899
v 39.5976 9.4424 -26.1197
v 38.6587 13.2329 -24.4633
v 38.8779 17.5133 -22.7155
v 35.0629 13.4935 -16.7398
v 40.7876 21.1453 -21.1284
v 35.9312 16.0871 -13.9081
v 36.7899 -10.6541 -19.2117
v 35.1743 -9.0969 -21.7452
v 37.7146 -9.2360 -17.6649
v 36.6151 -2.4737 -19.6578
v 37.3650 -15.5757 -18.5411
v 38.7536 -13.8548 -14.9253
v 35.1743 -15.9652 -21.7452
v 14.2054 -17.6482 2.2830
v 11.0988 -17.5138 -0.3907
v 8.8883 -17.2894 -3.5850
v 77.5022 9.0394 -17.4320
v 77.1619 4.5695 -19.6669
v 75.7475 1.0350 -21.4341
v 73.0801 -2.0560 -22.9796
v 69.0329 -4.1422 -24.0002
v 66.9943 -9.3011 -18.1020
v 62.2405 -10.2175 -19.6731
v 64.3530 -5.5118 -24.7213
v 56.9560 -10.8895 -20.4422
v 59.3106 -6.3267 -25.1078
v 51.3069 -10.9069 -20.4419
v 53.8268 -6.3268 -25.0141
v 45.2443 -10.5412 -19.8184
v 47.7518 -5.5134 -24.5711
v 63.6503 -14.5415 -12.5737
v 59.2512 -14.9677 -14.5290
v 53.8019 -15.3649 -15.8587
v 48.5087 -15.3116 -16.1459
v 43.1147 -14.8634 -15.8566
v 18.3670 9.2771 -5.5986
v 22.2522 9.1809 -13.6294
v 31.6518 9.2296 -12.3568
v 22.5494 9.2771 12.6887
v 36.6352 -18.3085 34.8171
v 22.1882 9.2771 17.3515
v 47.1203 26.1566 -32.5169
v 49.8235 26.7956 -37.4148
v 60.4780 28.4700 -43.7507
v 58.3301 29.9144 -40.7118
v 55.6662 -18.5985 -11.1280
v 51.0017 -18.5979 -12.5429
v 23.1782 -17.5037 21.3601
v 21.7632 -17.6812 16.6955
v 21.3185 -17.6510 11.9089
v 71.7697 -0.0519 9.7386
v 69.1232 -18.5902 2.3290
v 57.9075 12.4209 -44.1442
v 55.5697 9.7389 -41.0889
v 53.4735 13.8548 -43.4975
v 51.6921 11.9986 -40.7211
v 49.6727 9.6881 -37.5252
v 54.2071 7.1036 -38.1457
v 47.1085 6.4029 -33.4672
v 52.4306 3.6693 -34.3046
v 50.5068 -0.0520 -30.1515
v 62.6467 2.8694 -34.7902
v 63.6421 6.4424 -38.5088
v 67.3719 3.5577 -34.5332
v 67.7702 7.0397 -38.3084
v 66.2058 -0.2217 -30.4634
v 61.3841 -0.9449 -30.7604
v 57.6599 2.8796 -34.6861
v 58.9690 6.3977 -38.4421
v 56.2458 -0.9101 -30.6293
v 64.1381 9.1391 -41.3519
v 67.6033 9.6526 -41.2609
v 64.3870 12.0589 -44.3560
v 67.0392 12.1870 -44.1746
v 59.9936 9.0960 -41.2810
v 61.7177 12.0478 -44.2887
v 64.2678 14.5330 -46.6137
v 59.6654 14.4903 -46.4812
v 70.3465 3.3482 10.7045
v 69.4330 3.4273 16.0345
v 69.1564 -8.9768 21.2317
v 66.7826 -8.3306 25.6388
v 66.8181 -18.4127 25.6555
v 60.0524 -18.6030 -8.8018
v 63.7331 -18.5966 -5.7379
v 41.2997 -18.2890 36.2321
v 46.1499 -18.3391 36.7097
v 70.8179 1.1136 -29.8124
v 42.1612 20.8117 -28.0666
v 41.6644 16.8293 -29.5616
v 42.5097 12.7800 -31.0816
v 44.2809 9.5680 -32.2874
v 74.8299 3.2111 -28.9651
v 76.7091 13.3760 -15.2637
v 75.3073 16.2638 -13.8197
v 72.5514 18.9499 -12.4767
v 67.7433 21.7903 -11.0031
v 44.0389 24.2481 -26.7766
v 71.3441 4.8183 -33.9716
v 77.2313 6.4988 -27.5285
v 45.4243 23.3478 -33.3701
v 44.6944 19.3607 -34.5812
v 45.4107 15.4075 -35.7820
v 47.2221 12.5278 -36.6567
v 71.4387 8.0915 -37.8980
v 75.7839 6.8975 -33.2899
v 78.3440 10.1363 -32.0740
v 78.5856 10.2048 -25.9091
v 78.9666 14.1981 -24.1641
v 78.2532 18.1776 -22.4251
v 76.8114 20.9550 -21.2115
v 74.1927 23.8466 -19.9480
v 70.1157 26.7168 -18.7081
v 75.9310 10.1404 -37.3724
v 48.2199 24.1123 -38.0104
v 47.4617 20.4689 -38.8190
v 48.0188 17.0516 -39.5775
v 49.4120 14.4381 -40.1576
v 70.6873 10.4627 -41.0258
v 74.7711 12.1566 -40.6639
v 78.4291 12.9600 -36.4997
v 79.5877 13.8058 -30.6966
v 79.9654 17.3691 -29.3589
v 79.2290 20.9233 -28.0247
v 77.8086 23.8051 -26.9429
v 75.1697 26.7381 -25.8419
v 77.1092 14.5538 -40.1319
v 79.8264 16.3519 -35.4694
v 75.2877 28.1904 -31.8991
v 52.8248 26.4763 -41.8010
v 54.9363 28.7224 -40.8958
v 51.7011 24.1175 -42.5790
v 50.8155 21.1231 -43.2100
v 50.9161 18.3850 -43.4471
v 51.5980 15.9267 -43.4077
v 69.2496 12.6413 -43.8534
v 73.1213 13.8929 -43.3258
v 74.9705 15.7848 -43.1320
v 78.3279 17.6883 -39.4362
v 79.9918 19.6714 -34.4868
v 79.3217 22.7375 -33.5555
v 77.9978 25.5572 -32.6990
v 76.1664 18.4706 -42.9098
v 78.5562 20.4466 -38.8240
v 74.2142 28.2898 -37.0832
v 76.4640 26.0747 -37.5748
v 56.4280 26.1339 -44.6326
v 57.3874 27.8257 -43.2242
v 55.6548 23.9877 -45.6804
v 55.0326 21.1753 -46.4839
v 54.8693 19.0851 -46.5900
v 55.1658 16.7113 -46.2459
v 55.8947 14.8487 -45.5890
v 68.0937 14.6533 -46.0007
v 71.2664 15.0440 -45.0263
v 71.9231 16.5716 -45.6633
v 72.4782 18.8000 -45.9998
v 76.4888 20.9493 -42.3657
v 77.8345 23.2063 -38.2115
v 72.5342 28.0206 -40.9801
v 60.2858 26.4983 -45.8278
v 59.7580 16.8808 -47.7852
v 68.2254 16.8907 -47.3470
v 72.4374 21.1736 -45.7360
v 75.9897 23.3666 -41.8486
v 74.7603 25.9415 -41.3118
v 70.4353 27.4973 -43.1693
v 60.1491 23.9285 -47.3097
v 64.2678 26.5244 -45.9494
v 59.9979 21.2015 -48.2264
v 59.8673 19.0054 -48.3767
v 64.2678 16.9338 -48.1529
v 68.2926 18.8788 -47.8695
v 68.2459 21.2147 -47.7096
v 72.0589 23.4828 -45.1458
v 64.2678 18.9379 -48.6785
v 71.4055 25.7329 -44.2906
v 67.9246 26.2313 -45.4303
v 64.2678 23.9020 -47.4966
v 64.2678 21.2193 -48.4901
v 68.1093 23.8143 -46.8315
v 21.8034 -17.6773 6.9850
v 46.1507 -18.5917 -13.0207
v 41.2997 -18.5912 -12.5429
v 39.4459 -18.5821 -11.9903
v 13.9349 -17.6721 6.9776
v 7.5147 -17.0258 -7.1980
v 33.0661 9.1549 -20.5162
v 31.8412 -21.2148 -3.3563
v 29.7410 -21.2148 -1.4956
v 34.4301 -21.2148 -13.8597
v 46.1497 -0.9250 46.8537
v 58.1327 -11.8609 42.0543
v 46.1662 1.2656 46.5216
v 46.1492 0.4105 46.6655
v 36.0857 5.9216 37.5188
v 36.0857 2.6937 40.5558
v 36.2993 1.9612 41.3442
v 46.1729 0.9971 44.3091
v 54.2558 1.0225 42.5202
v 55.7743 11.3432 32.1643
v 46.1729 13.8273 32.3017
v 38.3115 14.7420 32.2944
v 46.1729 3.5465 41.9295
v 60.4494 6.4158 25.5557
v 61.7867 6.4158 24.5841
v 62.2975 6.4158 23.0121
v 61.7867 6.4158 21.4400
v 60.4494 6.4158 20.4685
v 58.7965 6.4158 20.4685
v 57.4592 6.4158 21.4400
v 56.9484 6.4158 23.0121
v 57.4592 6.4158 24.5841
v 58.7965 6.4158 25.5557
v -7.8759 9.2771 -5.5986
v 0.0000 9.2771 -5.5986
v -13.0401 9.1552 -20.4460
v -15.4557 9.1552 -22.5528
v -18.2923 9.1553 -24.0309
v -21.3959 9.1552 -24.8028
v -24.5995 9.1552 -24.8251
v -27.7291 9.1551 -24.0907
v -30.6093 9.1550 -22.6316
v 0.0000 9.2771 12.7018
v 0.0000 9.2771 4.6764
v -12.9379 9.2771 4.6795
v -12.9379 9.2771 12.7018
v 0.0000 9.2771 17.3641
v -12.9379 9.2771 17.3641
v 0.0000 9.2771 22.0264
v -12.9379 9.2771 22.0264
v -3.5849 -4.4792 32.1315
v -3.1669 -4.0689 32.1315
v -3.2875 -5.8239 32.1315
v -2.4925 -4.6231 28.8663
v -3.4399 -5.5120 28.8663
v -3.1734 -5.7706 28.8663
v -2.7597 -2.5756 28.8664
v -3.0269 -2.8347 28.8664
v -3.5541 -5.5653 32.1315
v -3.1273 -2.7814 32.1316
v -2.8601 -2.5223 32.1316
v 0.0000 -3.1652 28.8664
v 0.0000 -2.5757 28.8664
v 0.0000 -11.6247 32.7657
v 0.0000 -8.0429 33.4575
v -2.3952 -4.5947 31.8704
v 0.0000 -4.5900 31.8705
v 0.0000 -3.7959 31.8705
v 0.0000 -4.6183 28.8664
v 0.0000 -3.1937 31.5487
v -3.0650 -4.0723 28.8664
v -3.4695 -4.4693 28.8663
v 0.0000 -5.7645 28.8664
v 0.0000 -5.8175 32.1316
v 0.0000 -2.5224 32.1316
v 0.0000 -1.4672 32.1316
v 0.0000 -6.5991 32.1316
v 0.0000 -0.2985 33.0247
v 0.0000 0.3334 32.9615
v 0.0000 -16.0048 -13.8902
v 0.0000 5.1127 31.4427
v 0.0000 5.5952 31.0715
v 0.0000 9.0968 26.6894
v 0.0000 9.2771 26.1042
v 0.0000 -16.0650 31.0143
v -66.2631 28.0704 -37.8529
v -46.1442 -16.5633 46.2378
v -36.8273 -20.6465 -18.2636
v -34.9269 -20.6033 -21.5261
v -34.7088 -20.6465 -21.3328
v -32.0828 -20.6033 -24.0457
v -31.9173 -20.6465 -23.8059
v -28.7184 -20.6033 -25.8115
v -28.6151 -20.6465 -25.5390
v -25.0292 -20.6033 -26.7208
v -24.9940 -20.6465 -26.4315
v -21.2295 -20.6033 -26.7208
v -21.2646 -20.6465 -26.4315
v -17.5403 -20.6033 -25.8115
v -17.6436 -20.6465 -25.5390
v -14.1758 -20.6033 -24.0457
v -14.3414 -20.6465 -23.8059
v -11.3318 -20.6033 -21.5261
v -11.5499 -20.6465 -21.3328
v -9.4313 -20.6465 -18.2636
v -8.1089 -20.6465 -14.7765
v -7.3679 -20.6033 -11.0743
v -7.6593 -20.6465 -11.0743
v -7.8259 -20.6033 -7.3024
v -8.1089 -20.6465 -7.3721
v -9.1733 -20.6033 -3.7496
v -9.4313 -20.6465 -3.8850
v -11.5499 -20.6465 -0.8158
v -14.3414 -20.6465 1.6572
v -17.5403 -20.6033 3.6629
v -17.6436 -20.6465 3.3904
v -50.9169 -20.0757 -12.1166
v -46.1507 -20.0757 -12.5860
v -46.1507 -20.5609 -11.6849
v -50.7411 -20.5609 -11.2327
v -24.4124 -20.5609 20.8489
v -26.5878 -20.5608 24.9181
v -41.3845 -20.0757 35.8057
v -41.5603 -20.5609 34.9218
v -46.1505 -20.0757 36.2751
v -46.1507 -20.5609 35.3740
v -50.9169 -20.0757 35.8057
v -50.7411 -20.5609 34.9218
v -66.4622 -20.0754 25.4165
v -65.7144 -20.5608 24.9166
v -70.1118 -20.0757 7.0784
v -69.2280 -20.5609 7.2542
v -68.7216 -20.0757 2.4954
v -67.8890 -20.5609 2.8402
v -66.4640 -20.0757 -1.7283
v -65.7147 -20.5609 -1.2277
v -39.4315 -20.9577 4.4740
v -66.8201 -18.9907 25.6565
v -17.4231 -20.2203 3.9718
v -17.4231 -20.0332 3.9718
v -8.8815 -20.2203 -3.5949
v -8.8820 -20.0060 -3.5942
v -7.5060 -20.2203 -7.2209
v -7.5066 -19.9868 -7.2192
v -7.0378 -20.2203 -11.0764
v -11.0844 -20.2203 -21.7452
v -13.9881 -20.2202 -24.3176
v -13.9881 -19.9320 -24.3176
v -17.4231 -20.2203 -26.1205
v -17.4231 -19.9320 -26.1205
v -21.1897 -20.2203 -27.0488
v -21.1897 -19.9320 -27.0488
v -25.0690 -20.2203 -27.0488
v -25.0690 -19.9320 -27.0488
v -28.8356 -20.2203 -26.1205
v -28.8356 -19.9320 -26.1205
v -32.2705 -20.2202 -24.3176
v -32.2705 -19.9252 -24.3176
v -46.1507 -20.5605 35.2115
v -46.1499 -18.9907 36.7097
v -51.0017 -18.9907 36.2320
v -41.2997 -18.9907 36.2321
v -46.1507 -18.9907 -13.0207
v -51.0017 -18.9907 -12.5429
v -69.1232 -18.9907 2.3290
v -66.8254 -18.9907 -1.9699
v -62.6736 -20.5605 -4.6784
v -46.1729 11.6926 34.3042
v -41.9854 -0.9250 46.5278
v -46.0945 -11.1158 45.4454
v -46.0945 -6.0705 45.4454
v -49.7691 -6.0705 45.1651
v -49.7691 -11.1158 45.1651
v -42.3661 -11.1158 45.1743
v -42.3661 -6.0705 45.1743
v -17.4231 -17.6618 3.9718
v -34.4391 -17.3064 -8.2867
v -33.4433 -17.3064 -5.6611
v -31.8482 -17.3064 -3.3501
v -29.7463 -17.3064 -1.4880
v -27.2599 -17.3064 -0.1830
v -24.5334 -17.3064 0.4890
v -21.7253 -17.3064 0.4890
v -18.9988 -17.3064 -0.1830
v -16.5124 -17.3064 -1.4880
v -14.4105 -17.3064 -3.3501
v -12.8153 -17.3064 -5.6611
v -11.8196 -17.3064 -8.2867
v -11.4811 -17.3064 -11.0743
v -11.8196 -17.3064 -13.8619
v -12.8154 -17.3064 -16.4875
v -14.4105 -17.3064 -18.7985
v -16.5124 -17.3064 -20.6606
v -18.9988 -17.3064 -21.9656
v -21.7253 -17.3064 -22.6376
v -24.5334 -17.3064 -22.6376
v -27.2599 -17.3064 -21.9656
v -29.7463 -17.3064 -20.6606
v -31.8482 -17.3064 -18.7985
v -33.4433 -17.3064 -16.4875
v -34.4391 -17.3064 -13.8619
v -34.7776 -17.3064 -11.0743
v -33.8941 -19.8252 -8.4210
v -32.9463 -19.8252 -5.9220
v -31.4280 -19.8252 -3.7223
v -29.4274 -19.8252 -1.9500
v -27.0608 -19.8252 -0.7079
v -24.4657 -19.8252 -0.0683
v -21.7930 -19.8252 -0.0683
v -19.1979 -19.8252 -0.7079
v -16.8313 -19.8252 -1.9500
v -14.8307 -19.8252 -3.7223
v -13.3124 -19.8252 -5.9220
v -12.3646 -19.8252 -8.4210
v -12.0424 -19.8252 -11.0743
v -12.3646 -19.8252 -13.7276
v -13.3124 -19.8252 -16.2267
v -14.8307 -19.8252 -18.4263
v -16.8313 -19.8252 -20.1986
v -19.1979 -19.8252 -21.4407
v -21.7930 -19.8252 -22.0804
v -24.4657 -19.8252 -22.0804
v -27.0608 -19.8252 -21.4407
v -29.4274 -19.8252 -20.1986
v -31.4280 -19.8252 -18.4263
v -32.9463 -19.8252 -16.2266
v -33.8941 -19.8252 -13.7276
v -34.2162 -19.8252 -11.0743
v -19.0021 -21.2148 -0.1917
v -16.5177 -21.2148 -1.4956
v -14.4175 -21.2148 -3.3563
v -12.8236 -21.2148 -5.6654
v -11.8286 -21.2148 -8.2889
v -11.4904 -21.2148 -11.0743
v -11.8286 -21.2148 -13.8597
v -12.8236 -21.2148 -16.4832
v -14.4175 -21.2148 -18.7924
v -16.5177 -21.2148 -20.6530
v -19.0021 -21.2148 -21.9569
v -21.7264 -21.2148 -22.6284
v -24.5323 -21.2148 -22.6284
v -27.2566 -21.2148 -21.9569
v -29.7410 -21.2148 -20.6530
v -31.8412 -21.2148 -18.7924
v -33.4351 -21.2148 -16.4832
v -32.2705 -9.0713 -24.3176
v -28.8356 -9.1203 -26.1205
v -25.0690 -9.2408 -27.0488
v -21.1897 -9.4260 -27.0488
v -17.4231 -9.6650 -26.1205
v -13.9881 -9.9440 -24.3176
v -32.2705 -16.1832 -24.3176
v -28.8356 -16.2770 -26.1205
v -25.0690 -16.2770 -27.0488
v -21.1897 -16.2770 -27.0488
v -17.4231 -16.2770 -26.1205
v -13.9881 -16.2770 -24.3176
v -59.6230 6.9508 23.0121
v 7.8759 9.2771 -5.5986
v 13.0401 9.1552 -20.4460
v 15.4557 9.1552 -22.5528
v 18.2923 9.1553 -24.0309
v 21.3959 9.1552 -24.8028
v 24.5995 9.1552 -24.8251
v 27.7291 9.1551 -24.0907
v 30.6093 9.1550 -22.6316
v 12.9379 9.2771 12.7018
v 12.9379 9.2771 4.6795
v 12.9379 9.2771 17.3641
v 12.9379 9.2771 22.0264
v 3.1669 -4.0689 32.1315
v 3.5849 -4.4792 32.1315
v 3.2875 -5.8239 32.1315
v 2.4925 -4.6231 28.8663
v 3.1734 -5.7706 28.8663
v 3.4399 -5.5120 28.8663
v 3.0269 -2.8347 28.8664
v 2.7597 -2.5756 28.8664
v 3.5541 -5.5653 32.1315
v 3.1273 -2.7814 32.1316
v 2.8601 -2.5223 32.1316
v 2.3952 -4.5947 31.8704
v 3.4695 -4.4693 28.8663
v 3.0650 -4.0723 28.8664
v 66.2631 28.0704 -37.8529
v 46.1442 -16.5633 46.2378
v 36.8273 -20.6465 -18.2636
v 34.9269 -20.6033 -21.5261
v 34.7088 -20.6465 -21.3328
v 32.0828 -20.6033 -24.0457
v 31.9173 -20.6465 -23.8059
v 28.7184 -20.6033 -25.8115
v 28.6151 -20.6465 -25.5390
v 25.0292 -20.6033 -26.7208
v 24.9940 -20.6465 -26.4315
v 21.2295 -20.6033 -26.7208
v 21.2646 -20.6465 -26.4315
v 17.5403 -20.6033 -25.8115
v 17.6436 -20.6465 -25.5390
v 14.1759 -20.6033 -24.0457
v 14.3414 -20.6465 -23.8059
v 11.3318 -20.6033 -21.5261
v 11.5499 -20.6465 -21.3328
v 9.4314 -20.6465 -18.2636
v 8.1089 -20.6465 -14.7765
v 7.3679 -20.6033 -11.0743
v 7.6594 -20.6465 -11.0743
v 7.8259 -20.6033 -7.3024
v 8.1089 -20.6465 -7.3721
v 9.1733 -20.6033 -3.7496
v 9.4314 -20.6465 -3.8850
v 11.5499 -20.6465 -0.8158
v 14.3414 -20.6465 1.6572
v 17.5403 -20.6033 3.6629
v 17.6436 -20.6465 3.3904
v 50.9169 -20.0757 -12.1166
v 50.7411 -20.5609 -11.2327
v 46.1507 -20.5609 -11.6849
v 46.1507 -20.0757 -12.5860
v 24.4124 -20.5609 20.8489
v 26.5878 -20.5608 24.9181
v 41.5604 -20.5609 34.9218
v 41.3845 -20.0757 35.8057
v 46.1507 -20.5609 35.3740
v 46.1505 -20.0757 36.2751
v 50.7411 -20.5609 34.9218
v 50.9169 -20.0757 35.8057
v 65.7144 -20.5608 24.9166
v 66.4622 -20.0754 25.4165
v 69.2280 -20.5609 7.2542
v 70.1119 -20.0757 7.0784
v 67.8890 -20.5609 2.8402
v 68.7216 -20.0757 2.4954
v 65.7147 -20.5609 -1.2277
v 66.4640 -20.0757 -1.7283
v 55.0928 -20.5605 -9.7437
v 38.7421 -20.9577 4.4740
v 41.5921 -20.5605 34.7625
v 50.7094 -20.5605 -11.0734
v 50.7094 -20.5605 34.7625
v 66.8201 -18.9907 25.6565
v 17.4231 -20.2203 3.9718
v 17.4231 -20.0332 3.9718
v 8.8815 -20.2203 -3.5949
v 8.8820 -20.0060 -3.5942
v 7.5060 -20.2203 -7.2209
v 7.5066 -19.9868 -7.2192
v 7.0378 -20.2203 -11.0764
v 11.0844 -20.2203 -21.7452
v 13.9881 -20.2203 -24.3176
v 13.9881 -19.9320 -24.3176
v 17.4231 -20.2203 -26.1205
v 17.4231 -19.9320 -26.1205
v 21.1897 -20.2203 -27.0488
v 21.1897 -19.9320 -27.0488
v 25.0690 -20.2203 -27.0488
v 25.0690 -19.9320 -27.0488
v 28.8356 -20.2203 -26.1205
v 28.8356 -19.9320 -26.1205
v 32.2706 -20.2203 -24.3176
v 32.2706 -19.9252 -24.3176
v 46.1507 -20.5605 35.2115
v 46.1499 -18.9907 36.7097
v 51.0017 -18.9907 36.2320
v 41.2997 -18.9907 36.2321
v 46.1507 -18.9907 -13.0207
v 51.0017 -18.9907 -12.5429
v 69.1232 -18.9907 2.3290
v 66.8254 -18.9907 -1.9699
v 62.6736 -20.5605 -4.6784
v 22.7838 -20.5605 11.8446
v 46.1729 11.6926 34.3042
v 41.9854 -0.9250 46.5278
v 46.0945 -11.1158 45.4454
v 49.7691 -11.1158 45.1651
v 49.7691 -6.0705 45.1651
v 46.0945 -6.0705 45.4454
v 42.3661 -11.1158 45.1743
v 42.3661 -6.0705 45.1743
v 17.4231 -17.6618 3.9718
v 34.4391 -17.3064 -8.2867
v 33.4433 -17.3064 -5.6611
v 31.8482 -17.3064 -3.3501
v 29.7463 -17.3064 -1.4880
v 27.2599 -17.3064 -0.1830
v 24.5334 -17.3064 0.4890
v 21.7253 -17.3064 0.4890
v 18.9988 -17.3064 -0.1830
v 16.5124 -17.3064 -1.4880
v 14.4105 -17.3064 -3.3501
v 12.8154 -17.3064 -5.6611
v 11.8196 -17.3064 -8.2867
v 11.4811 -17.3064 -11.0743
v 11.8196 -17.3064 -13.8619
v 12.8154 -17.3064 -16.4875
v 14.4105 -17.3064 -18.7985
v 16.5124 -17.3064 -20.6606
v 18.9988 -17.3064 -21.9656
v 21.7253 -17.3064 -22.6376
v 24.5334 -17.3064 -22.6376
v 27.2599 -17.3064 -21.9656
v 29.7463 -17.3064 -20.6606
v 31.8482 -17.3064 -18.7985
v 33.4433 -17.3064 -16.4875
v 34.4391 -17.3064 -13.8619
v 34.7776 -17.3064 -11.0743
v 33.8941 -19.8252 -8.4210
v 32.9463 -19.8252 -5.9220
v 31.4280 -19.8252 -3.7223
v 29.4274 -19.8252 -1.9500
v 27.0608 -19.8252 -0.7079
v 24.4657 -19.8252 -0.0683
v 21.7930 -19.8252 -0.0683
v 19.1979 -19.8252 -0.7079
v 16.8313 -19.8252 -1.9500
v 14.8307 -19.8252 -3.7223
v 13.3124 -19.8252 -5.9220
v 12.3646 -19.8252 -8.4210
v 12.0425 -19.8252 -11.0743
v 12.3646 -19.8252 -13.7276
v 13.3124 -19.8252 -16.2267
v 14.8307 -19.8252 -18.4263
v 16.8313 -19.8252 -20.1986
v 19.1979 -19.8252 -21.4407
v 21.7930 -19.8252 -22.0804
v 24.4657 -19.8252 -22.0804
v 27.0608 -19.8252 -21.4407
v 29.4274 -19.8252 -20.1986
v 31.4280 -19.8252 -18.4263
v 32.9463 -19.8252 -16.2267
v 33.8941 -19.8252 -13.7276
v 34.2162 -19.8252 -11.0743
v 19.0021 -21.2148 -0.1917
v 16.5177 -21.2148 -1.4956
v 14.4175 -21.2148 -3.3563
v 12.8236 -21.2148 -5.6654
v 11.8286 -21.2148 -8.2889
v 11.4904 -21.2148 -11.0743
v 11.8286 -21.2148 -13.8597
v 12.8236 -21.2148 -16.4832
v 14.4175 -21.2148 -18.7924
v 16.5177 -21.2148 -20.6530
v 19.0021 -21.2148 -21.9569
v 21.7264 -21.2148 -22.6284
v 24.5323 -21.2148 -22.6284
v 27.2566 -21.2148 -21.9569
v 29.7410 -21.2148 -20.6530
v 31.8412 -21.2148 -18.7924
v 33.4351 -21.2148 -16.4832
v 32.2706 -9.0713 -24.3176
v 28.8356 -9.1203 -26.1205
v 25.0690 -9.2408 -27.0488
v 21.1897 -9.4260 -27.0488
v 17.4231 -9.6650 -26.1205
v 13.9881 -9.9440 -24.3176
v 32.2706 -16.1832 -24.3176
v 28.8356 -16.2770 -26.1205
v 25.0690 -16.2770 -27.0488
v 21.1897 -16.2770 -27.0488
v 17.4231 -16.2770 -26.1205
v 13.9881 -16.2770 -24.3176
v 59.6230 6.9508 23.0121
v -10.5379 9.2771 24.9949
v -10.2470 8.8567 25.3430
v -10.4755 8.8622 26.0454
v -10.9653 9.2771 26.1042
v -11.1358 9.0968 26.6894
v -10.6851 8.5672 26.7191
v -8.8663 9.2771 23.8221
v -8.9056 8.8567 24.3685
v -7.0919 9.2771 23.8615
v -7.2477 8.8567 24.3685
v -5.5061 9.2771 25.1147
v -5.9063 8.8567 25.3430
v -5.0175 9.0968 26.6894
v -5.4682 8.5672 26.7191
v -5.6777 8.8622 26.0454
v -5.1880 9.2771 26.1042
v -5.5148 7.5113 28.6736
v -5.9277 7.1379 28.4812
v -6.9806 6.5885 29.8307
v -7.2595 6.4238 29.4349
v -9.0132 6.5587 29.8679
v -8.8938 6.4238 29.4349
v -10.5619 7.4157 28.7933
v -10.2256 7.1379 28.4812
v -10.8179 7.2195 29.0388
v -11.3299 9.0968 26.6894
v -11.1779 9.2771 26.1042
v -10.7965 9.2771 24.6750
v -5.2858 7.4317 28.7732
v -4.8092 9.0968 26.6894
v -4.9725 9.2771 26.1042
v -5.2774 9.2771 24.9865
v -6.6116 9.2771 23.7372
v -9.1857 9.2771 23.6812
v -6.4322 6.5104 29.9282
v -9.3788 6.4690 29.9800
v -12.9379 9.2771 25.8540
v -11.1050 9.2771 25.8312
v -10.8590 9.2771 25.8281
v -5.2359 9.2771 25.9550
v -5.0239 9.2771 25.9157
v 0.0000 9.2771 25.9138
v 12.9379 9.2771 25.9088
v -12.9379 -6.7201 33.7000
v -12.9379 -6.0618 33.7230
v -5.8746 -6.0572 33.7304
v -5.8066 -6.6992 33.6980
v -31.7691 -6.0766 33.7012
v -31.7815 -6.7350 33.6772
v 12.9379 -6.0618 33.7230
v 12.9379 -6.7201 33.7000
v 5.8066 -6.6992 33.6980
v 5.8746 -6.0572 33.7304
v 31.7815 -6.7350 33.6772
v 31.7691 -6.0766 33.7012
v -31.3117 4.9317 31.5001
v -12.9379 4.9308 31.5005
v 0.0000 4.9307 31.5005
v 12.9379 4.9308 31.5005
v 31.3118 4.9317 31.5001
v 30.2675 -15.8755 31.0891
v 12.9379 -15.8283 31.1076
v 0.0000 -15.8283 31.1076
v -12.9379 -15.8283 31.1076
v -30.2675 -15.8755 31.0891
v -12.9379 -16.9533 29.4379
v 0.0000 -16.9440 29.4398
v 12.9379 -16.9533 29.4379
v 7.1676 -16.3588 -13.2500
v 0.0000 -16.3568 -13.2515
v -7.1676 -16.3588 -13.2500
v 7.2389 -15.8210 -13.9722
v 0.0000 -15.8172 -13.9743
v -7.2389 -15.8210 -13.9722
vt 0.363418 0.293292
vt 0.365264 0.298971
vt 0.355601 0.298971
vt 0.358587 0.289782
vt 0.352616 0.289782
vt 0.347785 0.293292
vt 0.345939 0.298971
vt 0.347785 0.304650
vt 0.352616 0.308160
vt 0.358587 0.308160
vt 0.363418 0.304650
vt 0.364262 0.292678
vt 0.365175 0.295481
vt 0.358910 0.288789
vt 0.352293 0.288789
vt 0.346941 0.292678
vt 0.345192 0.298170
vt 0.346029 0.295481
vt 0.347026 0.305201
vt 0.352341 0.309007
vt 0.358862 0.309007
vt 0.364177 0.305201
vt 0.366011 0.298170
vt 0.368584 0.298051
vt 0.367977 0.295716
vt 0.375001 0.295716
vt 0.375001 0.298051
vt 0.756341 0.847701
vt 0.755565 0.848926
vt 0.741891 0.846546
vt 0.741880 0.844623
vt 0.725192 0.843700
vt 0.725240 0.845560
vt 0.706779 0.845915
vt 0.706005 0.844272
vt 0.685349 0.851764
vt 0.676499 0.851029
vt 0.687534 0.847160
vt 0.689276 0.849037
vt 0.682725 0.855527
vt 0.677198 0.857839
vt 0.671595 0.860487
vt 0.670122 0.853980
vt 0.667900 0.864329
vt 0.664974 0.884412
vt 0.645625 0.870076
vt 0.430737 0.296282
vt 0.424980 0.295916
vt 0.414586 0.279565
vt 0.418572 0.279755
vt 0.360146 0.138438
vt 0.359167 0.137611
vt 0.366270 0.120572
vt 0.367992 0.120431
vt 0.979142 0.402966
vt 0.979878 0.422869
vt 0.944440 0.422766
vt 0.944455 0.408077
vt 0.960035 0.369285
vt 0.937364 0.383821
vt 0.972291 0.354735
vt 0.979225 0.364357
vt 0.978892 0.383256
vt 0.061426 0.508426
vt 0.053214 0.525834
vt 0.049841 0.516212
vt 0.057152 0.504977
vt 0.559380 0.302283
vt 0.564081 0.297739
vt 0.564796 0.298707
vt 0.560814 0.302305
vt 0.547848 0.302108
vt 0.555483 0.296447
vt 0.420556 0.242681
vt 0.453283 0.210845
vt 0.477624 0.211411
vt 0.468166 0.242055
vt 0.465748 0.261136
vt 0.418090 0.261565
vt 0.466048 0.279934
vt 0.424623 0.279934
vt 0.466973 0.293043
vt 0.436393 0.294745
vt 0.467815 0.303531
vt 0.454355 0.306864
vt 0.468647 0.311256
vt 0.459640 0.308584
vt 0.491149 0.303404
vt 0.489317 0.314014
vt 0.511710 0.303437
vt 0.508826 0.314480
vt 0.525576 0.313335
vt 0.530540 0.302810
vt 0.542612 0.310283
vt 0.551319 0.307515
vt 0.452778 0.745222
vt 0.437366 0.744993
vt 0.437570 0.721462
vt 0.452608 0.721467
vt 0.467183 0.721470
vt 0.467612 0.745069
vt 0.480462 0.721471
vt 0.481073 0.745138
vt 0.491679 0.721472
vt 0.492403 0.744783
vt 0.500189 0.721681
vt 0.501132 0.744648
vt 0.505863 0.723079
vt 0.506753 0.744547
vt 0.558368 0.907750
vt 0.592653 0.905229
vt 0.563140 0.912163
vt 0.561629 0.909024
vt 0.592653 0.930749
vt 0.564466 0.930731
vt 0.550952 0.921692
vt 0.550564 0.921708
vt 0.548521 0.919303
vt 0.548826 0.919190
vt 0.556682 0.913437
vt 0.554420 0.912414
vt 0.557857 0.915423
vt 0.563343 0.936199
vt 0.559721 0.938655
vt 0.554425 0.932893
vt 0.556993 0.931755
vt 0.564195 0.933293
vt 0.592653 0.933376
vt 0.592653 0.952948
vt 0.507579 0.772670
vt 0.537393 0.772584
vt 0.537393 0.775511
vt 0.507660 0.775608
vt 0.502283 0.774240
vt 0.502221 0.771191
vt 0.493112 0.767615
vt 0.493159 0.770698
vt 0.467835 0.757341
vt 0.481532 0.762906
vt 0.481572 0.766037
vt 0.467864 0.760517
vt 0.452822 0.751251
vt 0.452833 0.754452
vt 0.437353 0.748192
vt 0.422322 0.742102
vt 0.422372 0.738930
vt 0.408614 0.736536
vt 0.408716 0.733414
vt 0.397027 0.731829
vt 0.391554 0.730114
vt 0.391744 0.727177
vt 0.397200 0.728762
vt 0.509406 0.812764
vt 0.501953 0.827248
vt 0.502297 0.812662
vt 0.509342 0.812027
vt 0.648390 0.863618
vt 0.649312 0.862349
vt 0.670326 0.852058
vt 0.757298 0.496317
vt 0.758024 0.496086
vt 0.780055 0.493740
vt 0.763412 0.511341
vt 0.665927 0.886152
vt 0.592653 0.886156
vt 0.592653 0.884231
vt 0.426516 0.297785
vt 0.505082 0.716546
vt 0.505540 0.721388
vt 0.498442 0.717340
vt 0.675246 0.483305
vt 0.675611 0.486117
vt 0.670081 0.496818
vt 0.669234 0.483305
vt 0.676607 0.488112
vt 0.671727 0.495980
vt 0.672919 0.496005
vt 0.678830 0.489569
vt 0.210502 0.639982
vt 0.212553 0.637987
vt 0.277849 0.636969
vt 0.277849 0.639721
vt 0.660128 0.970846
vt 0.658676 0.973070
vt 0.592653 0.973008
vt 0.592653 0.970668
vt 0.329479 0.636967
vt 0.329479 0.639720
vt 0.393526 0.721355
vt 0.386329 0.721745
vt 0.389394 0.708751
vt 0.394683 0.717251
vt 0.513569 0.292232
vt 0.531851 0.291936
vt 0.533792 0.278819
vt 0.515548 0.279612
vt 0.541430 0.260389
vt 0.519160 0.260889
vt 0.593183 0.237034
vt 0.589819 0.257077
vt 0.562592 0.255585
vt 0.566668 0.240127
vt 0.548447 0.292293
vt 0.546381 0.284913
vt 0.548237 0.276801
vt 0.564265 0.269150
vt 0.573771 0.273524
vt 0.584205 0.275437
vt 0.575743 0.281672
vt 0.573321 0.291500
vt 0.575753 0.291451
vt 0.579838 0.016058
vt 0.592735 0.017345
vt 0.591670 0.027892
vt 0.583162 0.027774
vt 0.604177 0.029011
vt 0.599187 0.033451
vt 0.609085 0.045383
vt 0.601991 0.042858
vt 0.608865 0.067043
vt 0.599312 0.051951
vt 0.591940 0.069400
vt 0.591486 0.056322
vt 0.574205 0.069967
vt 0.582332 0.056165
vt 0.557887 0.069632
vt 0.574747 0.051823
vt 0.563549 0.047316
vt 0.573030 0.043122
vt 0.567848 0.030230
vt 0.575558 0.033851
vt 0.583526 0.028889
vt 0.591568 0.028883
vt 0.591347 0.030441
vt 0.584024 0.030415
vt 0.576387 0.034107
vt 0.578060 0.034700
vt 0.574047 0.042549
vt 0.575748 0.041696
vt 0.598670 0.033794
vt 0.597263 0.034741
vt 0.598311 0.050221
vt 0.597325 0.048697
vt 0.599556 0.041696
vt 0.601250 0.042462
vt 0.591449 0.054807
vt 0.591359 0.053064
vt 0.583206 0.054573
vt 0.583990 0.053082
vt 0.576547 0.049806
vt 0.577736 0.048575
vt 0.574878 0.282309
vt 0.572737 0.290836
vt 0.570867 0.290326
vt 0.573018 0.283376
vt 0.572130 0.275206
vt 0.570714 0.276538
vt 0.564547 0.270117
vt 0.564931 0.272208
vt 0.556032 0.270761
vt 0.557640 0.272107
vt 0.549361 0.276610
vt 0.551678 0.276385
vt 0.547681 0.284198
vt 0.549359 0.283376
vt 0.550278 0.291217
vt 0.551613 0.290416
vt 0.557597 0.294777
vt 0.556263 0.295868
vt 0.564991 0.294731
vt 0.564080 0.296603
vt 0.579201 0.047864
vt 0.584447 0.051676
vt 0.537393 0.721525
vt 0.537393 0.723079
vt 0.180994 0.651160
vt 0.163502 0.656467
vt 0.157804 0.639579
vt 0.168251 0.638866
vt 0.109626 0.478861
vt 0.127118 0.473555
vt 0.130189 0.491021
vt 0.119076 0.491742
vt 0.109626 0.651160
vt 0.119076 0.638859
vt 0.130074 0.639579
vt 0.127118 0.656467
vt 0.537393 0.794720
vt 0.508503 0.795061
vt 0.445866 0.315805
vt 0.375001 0.315538
vt 0.980134 0.384175
vt 0.980140 0.403585
vt 0.566037 0.304218
vt 0.238558 0.565011
vt 0.236766 0.583202
vt 0.220482 0.581034
vt 0.220867 0.565018
vt 0.220482 0.549004
vt 0.236762 0.546820
vt 0.052062 0.565011
vt 0.053854 0.546819
vt 0.067194 0.549086
vt 0.066809 0.565018
vt 0.067194 0.580952
vt 0.053854 0.583202
vt 0.554677 0.269799
vt 0.435281 0.294807
vt 0.453441 0.307091
vt 0.759251 0.847307
vt 0.759022 0.850948
vt 0.596179 0.047864
vt 0.598184 0.041696
vt 0.590932 0.051676
vt 0.577196 0.041696
vt 0.579201 0.035529
vt 0.584447 0.031717
vt 0.590932 0.031717
vt 0.596179 0.035529
vt 0.743566 0.533074
vt 0.734701 0.535226
vt 0.734501 0.534420
vt 0.743067 0.532381
vt 0.780772 0.493965
vt 0.763965 0.511961
vt 0.929785 0.523671
vt 0.929668 0.524476
vt 0.913406 0.524767
vt 0.913406 0.523826
vt 0.935183 0.486315
vt 0.905791 0.521272
vt 0.887301 0.502295
vt 0.904340 0.484492
vt 0.977327 0.486137
vt 0.978973 0.486884
vt 0.975054 0.520798
vt 0.973169 0.521433
vt 0.099785 0.683034
vt 0.098929 0.682275
vt 0.091178 0.648361
vt 0.091691 0.648625
vt 0.757396 0.973081
vt 0.757375 0.972487
vt 0.764488 0.972375
vt 0.764560 0.973063
vt 0.692130 0.973080
vt 0.684153 0.973047
vt 0.684269 0.972371
vt 0.692147 0.972489
vt 0.192535 0.682887
vt 0.199007 0.648992
vt 0.199627 0.648688
vt 0.193223 0.682277
vt 0.675875 0.531574
vt 0.673999 0.530995
vt 0.676803 0.531656
vt 0.696364 0.496487
vt 0.697773 0.533519
vt 0.716241 0.500854
vt 0.720470 0.534004
vt 0.718868 0.500950
vt 0.976133 0.486142
vt 0.972214 0.521521
vt 0.952857 0.523291
vt 0.102124 0.688897
vt 0.099096 0.683006
vt 0.102264 0.688030
vt 0.106945 0.692067
vt 0.106626 0.692655
vt 0.112813 0.695457
vt 0.112729 0.694863
vt 0.185789 0.692488
vt 0.185718 0.691989
vt 0.190049 0.688410
vt 0.190159 0.688929
vt 0.193085 0.683002
vt 0.178616 0.695553
vt 0.178688 0.694957
vt 0.162069 0.698307
vt 0.162029 0.698867
vt 0.145313 0.700198
vt 0.145313 0.699647
vt 0.128549 0.698406
vt 0.128589 0.698968
vt 0.979176 0.473688
vt 0.936980 0.473637
vt 0.972129 0.522284
vt 0.973079 0.522194
vt 0.972520 0.528369
vt 0.971521 0.528478
vt 0.676887 0.532412
vt 0.697803 0.534305
vt 0.697251 0.540486
vt 0.677500 0.538696
vt 0.708601 0.973279
vt 0.708605 0.972609
vt 0.678568 0.972176
vt 0.683562 0.957591
vt 0.686134 0.961518
vt 0.741706 0.972613
vt 0.741421 0.965064
vt 0.754951 0.965064
vt 0.770066 0.972174
vt 0.763340 0.961518
vt 0.765912 0.957591
vt 0.763875 0.975057
vt 0.757689 0.975023
vt 0.770108 0.973173
vt 0.768378 0.975124
vt 0.974969 0.521529
vt 0.974471 0.527420
vt 0.708473 0.975100
vt 0.725172 0.973297
vt 0.725189 0.975125
vt 0.741912 0.975102
vt 0.741731 0.973280
vt 0.691885 0.975019
vt 0.684713 0.974871
vt 0.675965 0.532329
vt 0.674083 0.531720
vt 0.678516 0.973153
vt 0.680342 0.975096
vt 0.676524 0.538495
vt 0.674580 0.537647
vt 0.780704 0.982362
vt 0.763164 0.982343
vt 0.763164 0.979615
vt 0.778810 0.979625
vt 0.323371 0.137711
vt 0.323371 0.135265
vt 0.355681 0.135258
vt 0.362322 0.119103
vt 0.490178 0.717343
vt 0.370586 0.107195
vt 0.373980 0.109679
vt 0.479325 0.717345
vt 0.381439 0.097604
vt 0.384001 0.100939
vt 0.466505 0.717344
vt 0.394259 0.090873
vt 0.395769 0.094807
vt 0.452449 0.717339
vt 0.437955 0.717331
vt 0.422808 0.087338
vt 0.421935 0.091512
vt 0.408644 0.091605
vt 0.408315 0.087385
vt 0.422925 0.721454
vt 0.423847 0.717319
vt 0.436917 0.090741
vt 0.434918 0.094559
vt 0.409497 0.721439
vt 0.410927 0.717303
vt 0.449836 0.097409
vt 0.446867 0.100612
vt 0.398034 0.721412
vt 0.399948 0.717276
vt 0.461444 0.115796
vt 0.457059 0.109388
vt 0.460815 0.106984
vt 0.463690 0.111889
vt 0.233966 0.535667
vt 0.218523 0.530595
vt 0.218677 0.529632
vt 0.233798 0.534535
vt 0.205909 0.521872
vt 0.206254 0.521158
vt 0.195325 0.512601
vt 0.195826 0.512017
vt 0.186567 0.501541
vt 0.187237 0.501088
vt 0.178264 0.487660
vt 0.179240 0.487448
vt 0.174188 0.476076
vt 0.175358 0.475898
vt 0.176111 0.458499
vt 0.177240 0.458777
vt 0.174816 0.470865
vt 0.173605 0.470660
vt 0.244760 0.535989
vt 0.244919 0.537299
vt 0.235137 0.537678
vt 0.443051 0.829720
vt 0.452833 0.828399
vt 0.452833 0.827654
vt 0.446455 0.827912
vt 0.163628 0.472922
vt 0.164329 0.469393
vt 0.171937 0.471517
vt 0.172189 0.475224
vt 0.237394 0.546692
vt 0.238541 0.537863
vt 0.240898 0.545987
vt 0.240929 0.584031
vt 0.237402 0.583329
vt 0.239203 0.565017
vt 0.242778 0.565050
vt 0.214248 0.633948
vt 0.199660 0.646179
vt 0.197504 0.643099
vt 0.211705 0.631405
vt 0.182619 0.655082
vt 0.181242 0.651760
vt 0.108001 0.655082
vt 0.091021 0.646184
vt 0.093125 0.643100
vt 0.109378 0.651759
vt 0.076383 0.633945
vt 0.078917 0.631405
vt 0.049572 0.584280
vt 0.047818 0.565011
vt 0.051414 0.565011
vt 0.053200 0.583367
vt 0.076372 0.496073
vt 0.091063 0.483970
vt 0.093131 0.486942
vt 0.078915 0.498616
vt 0.108001 0.474939
vt 0.109378 0.478262
vt 0.115462 0.535602
vt 0.101053 0.498775
vt 0.116371 0.494569
vt 0.116259 0.533655
vt 0.113523 0.536416
vt 0.070786 0.536949
vt 0.079074 0.520754
vt 0.169446 0.494531
vt 0.170233 0.496470
vt 0.170545 0.534452
vt 0.145318 0.534416
vt 0.117896 0.494535
vt 0.117042 0.534380
vt 0.117120 0.496470
vt 0.216843 0.591453
vt 0.214895 0.592244
vt 0.173292 0.592742
vt 0.173294 0.565018
vt 0.216843 0.538475
vt 0.173296 0.537211
vt 0.214895 0.537686
vt 0.070833 0.591455
vt 0.069918 0.589519
vt 0.069213 0.580547
vt 0.114310 0.565018
vt 0.070834 0.538474
vt 0.069213 0.549506
vt 0.069921 0.540409
vt 0.172119 0.594353
vt 0.189567 0.631246
vt 0.170971 0.636031
vt 0.171312 0.596303
vt 0.174065 0.593537
vt 0.216889 0.592963
vt 0.211545 0.609268
vt 0.101053 0.631246
vt 0.088981 0.621339
vt 0.079074 0.609268
vt 0.115467 0.594349
vt 0.117896 0.636065
vt 0.117120 0.634130
vt 0.117047 0.595576
vt 0.145307 0.595539
vt 0.169446 0.636069
vt 0.170540 0.595504
vt 0.170232 0.634130
vt 0.218839 0.592170
vt 0.222843 0.616816
vt 0.116371 0.636031
vt 0.117148 0.637966
vt 0.093504 0.642543
vt 0.067923 0.590234
vt 0.068838 0.592170
vt 0.067777 0.616816
vt 0.059160 0.600695
vt 0.068839 0.537740
vt 0.067777 0.513205
vt 0.218051 0.532312
vt 0.216889 0.536949
vt 0.174069 0.536411
vt 0.204644 0.523393
vt 0.114307 0.537143
vt 0.116246 0.536327
vt 0.145307 0.565018
vt 0.116252 0.593627
vt 0.117148 0.492634
vt 0.093504 0.487478
vt 0.168047 0.491738
vt 0.172213 0.475904
vt 0.176569 0.488314
vt 0.170184 0.492632
vt 0.114312 0.592810
vt 0.171347 0.593555
vt 0.171352 0.536399
vt 0.167513 0.493633
vt 0.059160 0.529326
vt 0.067926 0.539675
vt 0.231460 0.600695
vt 0.219754 0.590234
vt 0.072781 0.592248
vt 0.130465 0.637655
vt 0.119823 0.636958
vt 0.218463 0.580627
vt 0.217759 0.589519
vt 0.167513 0.636966
vt 0.157408 0.637655
vt 0.217757 0.540409
vt 0.218463 0.549426
vt 0.119823 0.493643
vt 0.130578 0.492945
vt 0.072781 0.537682
vt 0.219752 0.539674
vt 0.234489 0.537665
vt 0.185182 0.503020
vt 0.171316 0.533650
vt 0.170972 0.494569
vt 0.163501 0.473558
vt 0.157485 0.491021
vt 0.143474 0.490654
vt 0.145310 0.471763
vt 0.170184 0.637969
vt 0.197116 0.642543
vt 0.070786 0.592963
vt 0.068839 0.565025
vt 0.218837 0.565025
vt 0.143472 0.638012
vt 0.143474 0.639945
vt 0.143472 0.492588
vt 0.157475 0.492945
vt 0.113527 0.593532
vt 0.218837 0.537740
vt 0.667307 0.495921
vt 0.667333 0.483305
vt 0.668940 0.469024
vt 0.667333 0.468978
vt 0.667333 0.451701
vt 0.668759 0.451701
vt 0.667333 0.413864
vt 0.668617 0.413893
vt 0.668589 0.433087
vt 0.667333 0.433087
vt 0.668592 0.394349
vt 0.667333 0.394352
vt 0.667187 0.386528
vt 0.668490 0.386542
vt 0.979622 0.441416
vt 0.981690 0.422874
vt 0.981690 0.441440
vt 0.981709 0.486349
vt 0.981690 0.473691
vt 0.481416 0.827648
vt 0.481472 0.828399
vt 0.493153 0.828399
vt 0.493149 0.827609
vt 0.507545 0.827255
vt 0.507498 0.828400
vt 0.501953 0.828399
vt 0.390675 0.827044
vt 0.397027 0.827157
vt 0.397027 0.828399
vt 0.390671 0.828399
vt 0.385178 0.828399
vt 0.385178 0.827012
vt 0.194015 0.514092
vt 0.172162 0.470575
vt 0.299584 0.458635
vt 0.298248 0.458499
vt 0.292872 0.444321
vt 0.294039 0.443708
vt 0.273558 0.526452
vt 0.272909 0.525314
vt 0.284258 0.515259
vt 0.285239 0.516139
vt 0.180322 0.443711
vt 0.181486 0.444321
vt 0.174986 0.458131
vt 0.218269 0.516979
vt 0.229141 0.519658
vt 0.452833 0.818211
vt 0.448071 0.818215
vt 0.448101 0.822335
vt 0.188293 0.473551
vt 0.189642 0.484666
vt 0.382512 0.828840
vt 0.382286 0.827540
vt 0.372582 0.823492
vt 0.382415 0.823492
vt 0.372244 0.827823
vt 0.662968 0.494309
vt 0.663003 0.482078
vt 0.211246 0.630947
vt 0.669474 0.982369
vt 0.687219 0.982343
vt 0.687883 0.986673
vt 0.670842 0.986708
vt 0.981690 0.403534
vt 0.986020 0.403534
vt 0.985910 0.422803
vt 0.058560 0.600940
vt 0.986020 0.440823
vt 0.779480 0.986703
vt 0.762500 0.986673
vt 0.283594 0.825412
vt 0.297820 0.823492
vt 0.298977 0.827825
vt 0.284820 0.828675
vt 0.315251 0.823492
vt 0.315915 0.827822
vt 0.663005 0.467928
vt 0.663003 0.451037
vt 0.663003 0.432749
vt 0.663007 0.413768
vt 0.662913 0.386581
vt 0.663007 0.394705
vt 0.986019 0.472468
vt 0.986051 0.484707
vt 0.079374 0.630947
vt 0.677956 0.902640
vt 0.675062 0.882237
vt 0.678455 0.880452
vt 0.679442 0.894888
vt 0.762606 0.892290
vt 0.761754 0.895213
vt 0.759327 0.897308
vt 0.753268 0.894783
vt 0.759240 0.858089
vt 0.753265 0.862568
vt 0.753251 0.854115
vt 0.756360 0.855926
vt 0.685027 0.863970
vt 0.685879 0.860643
vt 0.688306 0.857445
vt 0.696193 0.862007
vt 0.696223 0.898852
vt 0.692276 0.897710
vt 0.689318 0.895619
vt 0.696186 0.894240
vt 0.691938 0.854927
vt 0.696223 0.853535
vt 0.709078 0.860391
vt 0.709078 0.851929
vt 0.740660 0.860787
vt 0.740660 0.852322
vt 0.740660 0.899302
vt 0.740660 0.893205
vt 0.753251 0.899432
vt 0.709078 0.898909
vt 0.709079 0.892829
vt 0.762520 0.864620
vt 0.763234 0.883579
vt 0.753295 0.881642
vt 0.682816 0.890890
vt 0.683738 0.893849
vt 0.683592 0.904870
vt 0.686362 0.896902
vt 0.708512 0.904921
vt 0.693829 0.904921
vt 0.693909 0.900103
vt 0.708110 0.900369
vt 0.683856 0.910832
vt 0.688948 0.910475
vt 0.689983 0.917559
vt 0.686134 0.920183
vt 0.689180 0.904903
vt 0.689614 0.898974
vt 0.770407 0.902777
vt 0.765829 0.892453
vt 0.766457 0.880543
vt 0.772742 0.882934
vt 0.764845 0.904921
vt 0.762284 0.897968
vt 0.764908 0.895289
vt 0.760201 0.904921
vt 0.760198 0.899551
vt 0.764873 0.910496
vt 0.759906 0.910250
vt 0.763340 0.920183
vt 0.759491 0.917559
vt 0.755401 0.910250
vt 0.754951 0.916638
vt 0.741428 0.916638
vt 0.741814 0.910250
vt 0.755410 0.900743
vt 0.755597 0.904921
vt 0.741867 0.904921
vt 0.741908 0.900311
vt 0.866770 0.482915
vt 0.881366 0.473174
vt 0.910286 0.473415
vt 0.572056 0.306765
vt 0.558784 0.317283
vt 0.554012 0.311418
vt 0.771664 0.852435
vt 0.776436 0.859822
vt 0.765743 0.861011
vt 0.764821 0.857464
vt 0.762197 0.853791
vt 0.783897 0.498285
vt 0.767439 0.516553
vt 0.676375 0.849818
vt 0.686838 0.846597
vt 0.705610 0.843435
vt 0.431660 0.296361
vt 0.452674 0.310366
vt 0.502283 0.794306
vt 0.493159 0.793073
vt 0.493159 0.812662
vt 0.981690 0.384175
vt 0.116264 0.596298
vt 0.201639 0.621339
vt 0.088981 0.508682
vt 0.193613 0.495135
vt 0.244620 0.534835
vt 0.240338 0.519658
vt 0.509580 0.812893
vt 0.509626 0.812989
vt 0.493159 0.827248
vt 0.759491 0.964142
vt 0.766815 0.952958
vt 0.770094 0.953371
vt 0.689983 0.964142
vt 0.694523 0.965064
vt 0.708644 0.965064
vt 0.693880 0.910250
vt 0.694523 0.916638
vt 0.107337 0.656685
vt 0.764131 0.930784
vt 0.752325 0.930784
vt 0.759984 0.923667
vt 0.763306 0.926932
vt 0.759984 0.960117
vt 0.756470 0.962298
vt 0.752325 0.963064
vt 0.752325 0.950917
vt 0.686317 0.950917
vt 0.697150 0.950918
vt 0.689490 0.960117
vt 0.687141 0.954769
vt 0.689490 0.923667
vt 0.693004 0.921485
vt 0.697150 0.920719
vt 0.697150 0.930784
vt 0.756470 0.921485
vt 0.752325 0.920719
vt 0.765912 0.924110
vt 0.766815 0.928743
vt 0.764131 0.950918
vt 0.763306 0.954769
vt 0.725089 0.965064
vt 0.724968 0.963064
vt 0.739631 0.963064
vt 0.710089 0.963064
vt 0.697150 0.963064
vt 0.693004 0.962298
vt 0.682659 0.952958
vt 0.682659 0.928743
vt 0.686317 0.930784
vt 0.683562 0.924111
vt 0.687141 0.926932
vt 0.708636 0.916638
vt 0.710089 0.920719
vt 0.725089 0.916638
vt 0.724968 0.920719
vt 0.739631 0.920719
vt 0.458722 0.312673
vt 0.459412 0.309197
vt 0.468725 0.311983
vt 0.469186 0.316088
vt 0.277849 0.603062
vt 0.329479 0.603160
vt 0.329479 0.620765
vt 0.277849 0.620606
vt 0.277849 0.565387
vt 0.329479 0.565572
vt 0.329479 0.584009
vt 0.277849 0.584223
vt 0.215474 0.635175
vt 0.277849 0.635219
vt 0.489194 0.314725
vt 0.492364 0.292595
vt 0.493697 0.279931
vt 0.423220 0.279934
vt 0.584457 0.292384
vt 0.594636 0.274458
vt 0.678337 0.912232
vt 0.747036 0.537578
vt 0.737444 0.541367
vt 0.720455 0.540916
vt 0.720469 0.534713
vt 0.770153 0.911315
vt 0.910663 0.530943
vt 0.928864 0.530730
vt 0.902125 0.528098
vt 0.904927 0.522299
vt 0.859169 0.482005
vt 0.886612 0.503016
vt 0.882281 0.506060
vt 0.681803 0.859190
vt 0.681803 0.879674
vt 0.725171 0.842882
vt 0.741876 0.843857
vt 0.507519 0.318792
vt 0.508683 0.315027
vt 0.525286 0.313950
vt 0.524224 0.317791
vt 0.487958 0.318610
vt 0.542222 0.310892
vt 0.125952 0.662331
vt 0.043658 0.491446
vt 0.057206 0.484705
vt 0.583296 0.182908
vt 0.604492 0.177517
vt 0.597721 0.209715
vt 0.573869 0.212904
vt 0.615965 0.172170
vt 0.609419 0.205421
vt 0.867294 0.336892
vt 0.880698 0.330008
vt 0.897954 0.363277
vt 0.884896 0.370144
vt 0.897979 0.321178
vt 0.919656 0.350999
vt 0.916656 0.310479
vt 0.939511 0.340014
vt 0.930075 0.302172
vt 0.952697 0.329969
vt 0.035878 0.463649
vt 0.045728 0.454371
vt 0.498560 0.241901
vt 0.495143 0.261057
vt 0.506850 0.212456
vt 0.492397 0.180814
vt 0.517355 0.184240
vt 0.508651 0.147321
vt 0.530467 0.150666
vt 0.521187 0.115974
vt 0.542325 0.119245
vt 0.531045 0.091675
vt 0.550857 0.094827
vt 0.416819 0.261576
vt 0.418779 0.242704
vt 0.437873 0.210487
vt 0.462004 0.175287
vt 0.482977 0.141558
vt 0.500504 0.112098
vt 0.512785 0.088792
vt 0.523257 0.064887
vt 0.540971 0.067055
vt 0.532644 0.044262
vt 0.549521 0.045685
vt 0.589421 0.094862
vt 0.569598 0.095467
vt 0.583342 0.119660
vt 0.563040 0.120303
vt 0.551707 0.151734
vt 0.573680 0.151114
vt 0.539545 0.185737
vt 0.561242 0.185436
vt 0.553512 0.213304
vt 0.530703 0.213272
vt 0.522517 0.241653
vt 0.545762 0.241031
vt 0.607733 0.092258
vt 0.414697 0.242406
vt 0.424422 0.210247
vt 0.413146 0.261123
vt 0.419769 0.279846
vt 0.551949 0.308168
vt 0.541598 0.314962
vt 0.895550 0.457895
vt 0.904615 0.440767
vt 0.923914 0.440926
vt 0.918223 0.458252
vt 0.908499 0.418471
vt 0.924770 0.425703
vt 0.421855 0.210230
vt 0.437462 0.168701
vt 0.444539 0.169227
vt 0.323371 0.138358
vt 0.164256 0.423632
vt 0.151563 0.401582
vt 0.164551 0.407245
vt 0.175840 0.425861
vt 0.383754 0.746175
vt 0.372465 0.728841
vt 0.379375 0.714502
vt 0.383121 0.699375
vt 0.382247 0.682294
vt 0.397471 0.698336
vt 0.486138 0.107230
vt 0.466758 0.136043
vt 0.463293 0.124743
vt 0.478517 0.100897
vt 0.390579 0.794699
vt 0.386889 0.789039
vt 0.389962 0.765601
vt 0.397027 0.788484
vt 0.390720 0.809864
vt 0.385178 0.802997
vt 0.397027 0.811418
vt 0.272791 0.526855
vt 0.285188 0.516185
vt 0.329479 0.524212
vt 0.329479 0.545536
vt 0.294009 0.503438
vt 0.329479 0.503482
vt 0.869834 0.286703
vt 0.887671 0.277784
vt 0.901776 0.270732
vt 0.027201 0.432209
vt 0.037846 0.426042
vt 0.053996 0.421969
vt 0.062132 0.445506
vt 0.072672 0.419091
vt 0.081102 0.439237
vt 0.092794 0.417549
vt 0.102191 0.436167
vt 0.114678 0.417923
vt 0.124734 0.436169
vt 0.148927 0.438657
vt 0.138921 0.419691
vt 0.177611 0.445939
vt 0.075476 0.467568
vt 0.093031 0.459765
vt 0.114778 0.454458
vt 0.135900 0.453312
vt 0.157425 0.454467
vt 0.172310 0.457291
vt 0.396666 0.169203
vt 0.412170 0.137155
vt 0.448783 0.141835
vt 0.666741 0.930808
vt 0.667208 0.905229
vt 0.537393 0.744547
vt 0.744448 0.497998
vt 0.413357 0.242180
vt 0.671495 0.979597
vt 0.687219 0.979621
vt 0.411424 0.260647
vt 0.511409 0.061783
vt 0.522196 0.042237
vt 0.556142 0.029080
vt 0.564714 0.016954
vt 0.124649 0.465697
vt 0.105957 0.471880
vt 0.227557 0.620452
vt 0.236984 0.602983
vt 0.242631 0.584369
vt 0.244405 0.565267
vt 0.300830 0.464093
vt 0.329479 0.464096
vt 0.329479 0.464863
vt 0.300876 0.464868
vt 0.906113 0.395130
vt 0.980092 0.365561
vt 0.098393 0.341583
vt 0.116088 0.344163
vt 0.123196 0.355242
vt 0.107723 0.353775
vt 0.131255 0.367996
vt 0.113160 0.365520
vt 0.141488 0.384190
vt 0.120250 0.380848
vt 0.127927 0.397422
vt 0.079481 0.378911
vt 0.060625 0.379936
vt 0.059035 0.364871
vt 0.075509 0.364071
vt 0.084520 0.394992
vt 0.065278 0.396177
vt 0.099381 0.379326
vt 0.094158 0.364337
vt 0.105024 0.395515
vt 0.059701 0.353088
vt 0.073530 0.352725
vt 0.061953 0.341461
vt 0.072536 0.340737
vt 0.090069 0.353008
vt 0.083189 0.341006
vt 0.073012 0.331727
vt 0.091378 0.332256
vt 0.892229 0.420254
vt 0.892545 0.398984
vt 0.604095 0.234262
vt 0.600450 0.255532
vt 0.941729 0.440994
vt 0.939150 0.458581
vt 0.979384 0.458648
vt 0.297748 0.821945
vt 0.315251 0.821927
vt 0.283594 0.823840
vt 0.164668 0.662331
vt 0.145313 0.664237
vt 0.888289 0.439180
vt 0.880265 0.457107
vt 0.868833 0.471487
vt 0.396930 0.715612
vt 0.181946 0.438406
vt 0.046873 0.398775
vt 0.073766 0.493390
vt 0.369145 0.669131
vt 0.371127 0.685024
vt 0.367754 0.701183
vt 0.360686 0.714000
vt 0.152772 0.388898
vt 0.030863 0.402156
vt 0.852528 0.295356
vt 0.841004 0.301118
vt 0.612894 0.141755
vt 0.623892 0.136396
vt 0.593707 0.147636
vt 0.491619 0.079542
vt 0.499112 0.084690
vt 0.044773 0.382177
vt 0.021280 0.407889
vt 0.356123 0.657989
vt 0.359036 0.673901
vt 0.356177 0.689676
vt 0.348949 0.701168
vt 0.141034 0.371462
vt 0.044396 0.366508
vt 0.027056 0.384898
vt 0.016839 0.389750
vt 0.865183 0.252874
vt 0.879972 0.246412
vt 0.849247 0.259838
vt 0.833367 0.266777
vt 0.822283 0.271620
vt 0.619444 0.111940
vt 0.629894 0.106898
vt 0.603174 0.116888
vt 0.504641 0.058378
vt 0.026469 0.368606
vt 0.515797 0.039861
vt 0.347993 0.667521
vt 0.344967 0.652981
vt 0.345769 0.681157
vt 0.340210 0.691587
vt 0.132296 0.357492
vt 0.047395 0.354027
vt 0.031098 0.355471
vt 0.016500 0.372089
vt 0.850813 0.233769
vt 0.865456 0.228272
vt 0.836593 0.239108
vt 0.822410 0.244432
vt 0.810910 0.248749
vt 0.623342 0.088420
vt 0.633873 0.084027
vt 0.021767 0.357594
vt 0.840652 0.214723
vt 0.854188 0.210611
vt 0.623813 0.064248
vt 0.534173 0.024734
vt 0.542599 0.028346
vt 0.529689 0.021629
vt 0.334609 0.664716
vt 0.331075 0.652767
vt 0.334207 0.675643
vt 0.331486 0.685453
vt 0.123572 0.344522
vt 0.053132 0.342743
vt 0.037681 0.344848
vt 0.030302 0.345622
vt 0.835320 0.198893
vt 0.847828 0.196117
vt 0.827406 0.218644
vt 0.815170 0.222361
vt 0.803918 0.225779
vt 0.634628 0.061056
vt 0.832197 0.185032
vt 0.842916 0.184145
vt 0.824312 0.201336
vt 0.619530 0.043561
vt 0.628507 0.041599
vt 0.548552 0.013434
vt 0.552381 0.019054
vt 0.545466 0.009253
vt 0.317780 0.664055
vt 0.315297 0.652832
vt 0.318432 0.672396
vt 0.317248 0.681869
vt 0.106426 0.335817
vt 0.109334 0.333195
vt 0.057744 0.334174
vt 0.045083 0.338062
vt 0.042463 0.335520
vt 0.233444 0.675172
vt 0.248162 0.673376
vt 0.250377 0.682269
vt 0.238216 0.685408
vt 0.822306 0.187203
vt 0.813299 0.203781
vt 0.801853 0.206321
vt 0.612825 0.028010
vt 0.563947 0.008665
vt 0.091009 0.327053
vt 0.057219 0.328801
vt 0.232157 0.665281
vt 0.248325 0.663904
vt 0.812659 0.189266
vt 0.621709 0.026686
vt 0.604449 0.019274
vt 0.297362 0.653068
vt 0.296817 0.647329
vt 0.312212 0.648783
vt 0.579838 0.008179
vt 0.297966 0.663951
vt 0.298487 0.672714
vt 0.298923 0.681193
vt 0.073012 0.325585
vt 0.264865 0.672746
vt 0.265133 0.680680
vt 0.265051 0.663424
vt 0.802384 0.191408
vt 0.234149 0.655152
vt 0.249835 0.654689
vt 0.280926 0.672983
vt 0.280926 0.680981
vt 0.608321 0.014799
vt 0.594430 0.010251
vt 0.280926 0.653174
vt 0.280926 0.647224
vt 0.280926 0.663879
vt 0.265597 0.653050
vt 0.239055 0.649393
vt 0.252442 0.650225
vt 0.266333 0.647921
vt 0.674024 0.469170
vt 0.673267 0.451701
vt 0.672679 0.413985
vt 0.672559 0.433087
vt 0.672611 0.386587
vt 0.672575 0.394336
vt 0.088454 0.481163
vt 0.145770 0.464327
vt 0.164745 0.466157
vt 0.169285 0.467429
vt 0.273870 0.545589
vt 0.299491 0.489020
vt 0.329479 0.489121
vt 0.329479 0.635226
vt 0.455324 0.109673
vt 0.199973 0.504350
vt 0.208354 0.511775
vt 0.189643 0.462436
vt 0.493102 0.817598
vt 0.480705 0.818134
vt 0.725188 0.910250
vt 0.953238 0.524088
vt 0.678491 0.952425
vt 0.678429 0.929221
vt 0.183283 0.656685
vt 0.725254 0.900331
vt 0.725186 0.904921
vt 0.685026 0.882928
vt 0.686039 0.890594
vt 0.686891 0.893517
vt 0.725280 0.898996
vt 0.757536 0.898895
vt 0.761667 0.861293
vt 0.725280 0.851380
vt 0.693909 0.847730
vt 0.696127 0.881140
vt 0.564600 0.293527
vt 0.569936 0.289650
vt 0.571975 0.283376
vt 0.569936 0.277103
vt 0.564600 0.273226
vt 0.558004 0.273226
vt 0.552667 0.277103
vt 0.550629 0.283376
vt 0.552667 0.289650
vt 0.558004 0.293527
vt 0.325705 0.847701
vt 0.340166 0.844623
vt 0.340155 0.846546
vt 0.326481 0.848926
vt 0.356854 0.843700
vt 0.356806 0.845560
vt 0.376042 0.844272
vt 0.375268 0.845915
vt 0.394513 0.847160
vt 0.405548 0.851029
vt 0.396697 0.851764
vt 0.392770 0.849037
vt 0.404849 0.857839
vt 0.399321 0.855527
vt 0.411924 0.853980
vt 0.410451 0.860487
vt 0.436422 0.870076
vt 0.417072 0.884412
vt 0.414146 0.864329
vt 0.216004 0.296282
vt 0.228170 0.279755
vt 0.230682 0.279565
vt 0.221646 0.295916
vt 0.286595 0.138438
vt 0.278749 0.120431
vt 0.280472 0.120572
vt 0.287575 0.137611
vt 0.669952 0.227989
vt 0.704639 0.233100
vt 0.704654 0.247789
vt 0.669215 0.247892
vt 0.689059 0.194307
vt 0.711730 0.208843
vt 0.670201 0.208279
vt 0.669869 0.189380
vt 0.676803 0.179759
vt 0.597524 0.508236
vt 0.601805 0.504977
vt 0.609116 0.516212
vt 0.606429 0.524050
vt 0.087362 0.302283
vt 0.085928 0.302305
vt 0.082551 0.298880
vt 0.083266 0.297912
vt 0.098894 0.302108
vt 0.091864 0.296620
vt 0.226186 0.242681
vt 0.178576 0.242055
vt 0.169118 0.211411
vt 0.193459 0.210845
vt 0.228652 0.261565
vt 0.180994 0.261136
vt 0.180694 0.279934
vt 0.222119 0.279934
vt 0.210349 0.294745
vt 0.179769 0.293043
vt 0.192386 0.306864
vt 0.178927 0.303531
vt 0.187102 0.308584
vt 0.178095 0.311256
vt 0.155593 0.303404
vt 0.157425 0.314014
vt 0.135032 0.303437
vt 0.137916 0.314480
vt 0.121166 0.313335
vt 0.104130 0.310283
vt 0.116202 0.302810
vt 0.095423 0.307515
vt 0.622007 0.745222
vt 0.622178 0.721467
vt 0.637216 0.721462
vt 0.637419 0.744993
vt 0.607173 0.745069
vt 0.607602 0.721470
vt 0.593713 0.745138
vt 0.594324 0.721471
vt 0.582383 0.744783
vt 0.583106 0.721472
vt 0.574596 0.721681
vt 0.573654 0.744648
vt 0.568922 0.723079
vt 0.567949 0.744547
vt 0.523679 0.907750
vt 0.520418 0.909024
vt 0.518906 0.912163
vt 0.489393 0.905229
vt 0.517580 0.930731
vt 0.489393 0.930749
vt 0.531095 0.921692
vt 0.533221 0.919190
vt 0.533526 0.919303
vt 0.531482 0.921708
vt 0.527626 0.912414
vt 0.525365 0.913437
vt 0.524189 0.915423
vt 0.518704 0.936199
vt 0.525054 0.931755
vt 0.527621 0.932893
vt 0.522326 0.938655
vt 0.489393 0.933376
vt 0.517851 0.933293
vt 0.489393 0.952948
vt 0.567457 0.772670
vt 0.567376 0.775608
vt 0.572564 0.771191
vt 0.572502 0.774240
vt 0.581674 0.767615
vt 0.581626 0.770698
vt 0.606950 0.757341
vt 0.606921 0.760517
vt 0.593214 0.766037
vt 0.593254 0.762906
vt 0.621964 0.751251
vt 0.621952 0.754452
vt 0.637433 0.748192
vt 0.652464 0.742102
vt 0.652414 0.738930
vt 0.666171 0.736536
vt 0.666070 0.733414
vt 0.677759 0.731829
vt 0.677586 0.728762
vt 0.682998 0.727177
vt 0.683188 0.730114
vt 0.566216 0.812764
vt 0.572832 0.827248
vt 0.567240 0.827255
vt 0.566041 0.812893
vt 0.433657 0.863618
vt 0.411721 0.852058
vt 0.432734 0.862349
vt 0.873658 0.662271
vt 0.888972 0.663529
vt 0.891939 0.663974
vt 0.888337 0.679094
vt 0.416120 0.886152
vt 0.489393 0.884231
vt 0.489393 0.886156
vt 0.220109 0.297785
vt 0.271741 0.295716
vt 0.271741 0.298051
vt 0.569703 0.716546
vt 0.576344 0.717340
vt 0.569246 0.721388
vt 0.976503 0.649831
vt 0.982515 0.649831
vt 0.981669 0.663345
vt 0.976138 0.652643
vt 0.980022 0.662507
vt 0.975143 0.654638
vt 0.978831 0.662531
vt 0.972919 0.656096
vt 0.448455 0.639982
vt 0.381109 0.639721
vt 0.381109 0.636969
vt 0.446405 0.637987
vt 0.420594 0.970846
vt 0.489393 0.970668
vt 0.489393 0.973008
vt 0.422047 0.973070
vt 0.681259 0.721355
vt 0.680103 0.717251
vt 0.685391 0.708751
vt 0.688456 0.721745
vt 0.114890 0.291936
vt 0.133173 0.292232
vt 0.112949 0.278819
vt 0.131194 0.279612
vt 0.105312 0.260389
vt 0.127582 0.260889
vt 0.053559 0.237034
vt 0.080074 0.240127
vt 0.084150 0.255585
vt 0.056922 0.257077
vt 0.098900 0.292465
vt 0.100966 0.285086
vt 0.099110 0.276974
vt 0.083081 0.269323
vt 0.073576 0.273697
vt 0.071604 0.281845
vt 0.062537 0.275437
vt 0.074026 0.291673
vt 0.071593 0.291624
vt 0.066904 0.016058
vt 0.063703 0.027966
vt 0.055195 0.028084
vt 0.054007 0.017345
vt 0.047678 0.033643
vt 0.042565 0.029011
vt 0.037657 0.045383
vt 0.044874 0.043049
vt 0.037876 0.067043
vt 0.047553 0.052142
vt 0.055380 0.056513
vt 0.054801 0.069400
vt 0.072537 0.069967
vt 0.064533 0.056356
vt 0.088854 0.069632
vt 0.072119 0.052015
vt 0.073835 0.043314
vt 0.083193 0.047316
vt 0.071307 0.034043
vt 0.078894 0.030230
vt 0.063339 0.029081
vt 0.062841 0.030606
vt 0.055518 0.030632
vt 0.055297 0.029075
vt 0.070478 0.034299
vt 0.068806 0.034891
vt 0.072818 0.042741
vt 0.071118 0.041888
vt 0.049602 0.034933
vt 0.048195 0.033985
vt 0.048554 0.050413
vt 0.045615 0.042653
vt 0.047309 0.041888
vt 0.049540 0.048888
vt 0.055416 0.054998
vt 0.055506 0.053255
vt 0.063659 0.054764
vt 0.062875 0.053274
vt 0.070319 0.049997
vt 0.069129 0.048766
vt 0.072469 0.282482
vt 0.074328 0.283549
vt 0.076480 0.290499
vt 0.074610 0.291009
vt 0.075217 0.275379
vt 0.076633 0.276711
vt 0.082800 0.270290
vt 0.082416 0.272381
vt 0.091315 0.270934
vt 0.089707 0.272280
vt 0.097986 0.276783
vt 0.095669 0.276558
vt 0.099666 0.284370
vt 0.097988 0.283549
vt 0.097069 0.291390
vt 0.095734 0.290589
vt 0.091083 0.296041
vt 0.089749 0.294950
vt 0.083267 0.296776
vt 0.082356 0.294904
vt 0.062418 0.051868
vt 0.067665 0.048056
vt 0.566700 0.795061
vt 0.200760 0.315805
vt 0.271741 0.315538
vt 0.668953 0.228608
vt 0.668960 0.209199
vt 0.080705 0.304218
vt 0.092670 0.269972
vt 0.211461 0.294807
vt 0.193301 0.307091
vt 0.322796 0.847307
vt 0.321848 0.850572
vt 0.048682 0.041888
vt 0.050686 0.048056
vt 0.055933 0.051868
vt 0.069669 0.041888
vt 0.067665 0.035720
vt 0.062418 0.031908
vt 0.055933 0.031908
vt 0.050686 0.035720
vt 0.908183 0.700826
vt 0.908682 0.700133
vt 0.917248 0.702172
vt 0.917049 0.702978
vt 0.872941 0.662496
vt 0.887784 0.679713
vt 0.719309 0.348694
vt 0.735687 0.348849
vt 0.735688 0.349790
vt 0.719425 0.349500
vt 0.713911 0.311338
vt 0.744754 0.309515
vt 0.761792 0.327319
vt 0.743303 0.346296
vt 0.671766 0.311160
vt 0.675925 0.346456
vt 0.674040 0.345821
vt 0.670121 0.311907
vt 0.559172 0.683034
vt 0.567266 0.649695
vt 0.567779 0.649431
vt 0.560028 0.682275
vt 0.324650 0.973081
vt 0.317486 0.973063
vt 0.317559 0.972375
vt 0.324671 0.972487
vt 0.389917 0.973080
vt 0.389900 0.972489
vt 0.397777 0.972371
vt 0.397893 0.973047
vt 0.466422 0.682887
vt 0.465734 0.682277
vt 0.459330 0.649759
vt 0.459950 0.650062
vt 0.977751 0.698748
vt 0.975874 0.699326
vt 0.974946 0.699409
vt 0.955385 0.663014
vt 0.953976 0.701272
vt 0.931279 0.701756
vt 0.935509 0.668606
vt 0.932881 0.668702
vt 0.672960 0.311165
vt 0.696237 0.348314
vt 0.676880 0.346545
vt 0.556833 0.688897
vt 0.556693 0.688030
vt 0.559861 0.683006
vt 0.552012 0.692067
vt 0.552331 0.692655
vt 0.546145 0.695457
vt 0.546229 0.694863
vt 0.473168 0.692488
vt 0.468798 0.688929
vt 0.468908 0.688410
vt 0.473239 0.691989
vt 0.465872 0.683002
vt 0.480269 0.694957
vt 0.480341 0.695553
vt 0.496888 0.698307
vt 0.513644 0.699647
vt 0.513644 0.700198
vt 0.496928 0.698867
vt 0.530408 0.698406
vt 0.530368 0.698968
vt 0.669917 0.298711
vt 0.712113 0.298661
vt 0.676964 0.347308
vt 0.677573 0.353501
vt 0.676574 0.353393
vt 0.676014 0.347217
vt 0.974862 0.700165
vt 0.974250 0.706448
vt 0.954498 0.708238
vt 0.953946 0.702058
vt 0.373445 0.973279
vt 0.373441 0.972609
vt 0.403478 0.972177
vt 0.397212 0.961518
vt 0.399784 0.957591
vt 0.327095 0.965064
vt 0.340626 0.965064
vt 0.340341 0.972613
vt 0.311981 0.972174
vt 0.316135 0.957591
vt 0.318706 0.961518
vt 0.324357 0.975023
vt 0.318171 0.975057
vt 0.311939 0.973173
vt 0.313668 0.975124
vt 0.674623 0.352443
vt 0.674124 0.346552
vt 0.561593 0.682910
vt 0.561427 0.683671
vt 0.373574 0.975100
vt 0.356858 0.975125
vt 0.356874 0.973297
vt 0.340134 0.975102
vt 0.340315 0.973280
vt 0.390161 0.975019
vt 0.397334 0.974871
vt 0.975784 0.700081
vt 0.977666 0.699472
vt 0.403530 0.973153
vt 0.401704 0.975096
vt 0.977169 0.705399
vt 0.975226 0.706247
vt 0.301343 0.982362
vt 0.303236 0.979625
vt 0.318882 0.979615
vt 0.318882 0.982343
vt 0.291061 0.135258
vt 0.284420 0.119103
vt 0.584607 0.717343
vt 0.276156 0.107195
vt 0.272762 0.109679
vt 0.595461 0.717345
vt 0.262741 0.100939
vt 0.265303 0.097604
vt 0.608281 0.717344
vt 0.250973 0.094807
vt 0.252483 0.090873
vt 0.622337 0.717339
vt 0.636830 0.717331
vt 0.223933 0.087338
vt 0.238427 0.087385
vt 0.238097 0.091605
vt 0.224807 0.091512
vt 0.650938 0.717319
vt 0.651860 0.721454
vt 0.211824 0.094559
vt 0.209825 0.090741
vt 0.663858 0.717303
vt 0.665288 0.721439
vt 0.196905 0.097409
vt 0.199875 0.100612
vt 0.674837 0.717276
vt 0.676751 0.721412
vt 0.185353 0.118186
vt 0.183106 0.114279
vt 0.185927 0.106984
vt 0.189682 0.109388
vt 0.424991 0.535667
vt 0.425160 0.534535
vt 0.440280 0.529632
vt 0.440435 0.530595
vt 0.452703 0.521158
vt 0.453048 0.521872
vt 0.463131 0.512017
vt 0.463632 0.512601
vt 0.471720 0.501088
vt 0.472391 0.501541
vt 0.480694 0.487660
vt 0.479717 0.487448
vt 0.484769 0.476076
vt 0.483599 0.475898
vt 0.482846 0.458499
vt 0.485352 0.470660
vt 0.484141 0.470865
vt 0.481717 0.458777
vt 0.423820 0.537678
vt 0.414038 0.537299
vt 0.414197 0.535989
vt 0.631734 0.829720
vt 0.628330 0.827912
vt 0.621952 0.827654
vt 0.621952 0.828399
vt 0.495330 0.472922
vt 0.486769 0.475224
vt 0.487020 0.471517
vt 0.494628 0.469393
vt 0.421564 0.546692
vt 0.418060 0.545987
vt 0.420416 0.537863
vt 0.418028 0.584031
vt 0.416179 0.565050
vt 0.419755 0.565017
vt 0.421555 0.583329
vt 0.444710 0.633948
vt 0.447253 0.631405
vt 0.461453 0.643099
vt 0.459297 0.646179
vt 0.476339 0.655082
vt 0.477715 0.651760
vt 0.550956 0.655082
vt 0.549580 0.651759
vt 0.565832 0.643100
vt 0.567936 0.646184
vt 0.582574 0.633945
vt 0.580040 0.631405
vt 0.609385 0.584280
vt 0.605757 0.583367
vt 0.607544 0.565011
vt 0.611140 0.565011
vt 0.582585 0.496073
vt 0.580042 0.498616
vt 0.565826 0.486942
vt 0.567894 0.483970
vt 0.550956 0.474939
vt 0.549580 0.478262
vt 0.543495 0.535602
vt 0.542698 0.533655
vt 0.542858 0.491973
vt 0.557904 0.498775
vt 0.579883 0.520754
vt 0.590852 0.536647
vt 0.545435 0.536416
vt 0.487777 0.491933
vt 0.513639 0.534416
vt 0.486922 0.534452
vt 0.486982 0.493943
vt 0.541317 0.491938
vt 0.542101 0.493943
vt 0.541915 0.534380
vt 0.436683 0.591714
vt 0.482912 0.565018
vt 0.483769 0.592742
vt 0.438704 0.592513
vt 0.436684 0.538189
vt 0.438704 0.537392
vt 0.484170 0.537211
vt 0.590804 0.591716
vt 0.544647 0.565018
vt 0.592483 0.580696
vt 0.591752 0.589760
vt 0.590803 0.538188
vt 0.591749 0.540143
vt 0.592483 0.549334
vt 0.484941 0.594353
vt 0.485749 0.596303
vt 0.485830 0.638627
vt 0.469390 0.631246
vt 0.447412 0.609268
vt 0.436636 0.593240
vt 0.482996 0.593537
vt 0.557904 0.631246
vt 0.543491 0.594349
vt 0.579883 0.609268
vt 0.569976 0.621339
vt 0.541317 0.638663
vt 0.513650 0.595539
vt 0.541910 0.595576
vt 0.542101 0.636656
vt 0.487371 0.638666
vt 0.486577 0.636656
vt 0.486520 0.595504
vt 0.434615 0.592439
vt 0.436115 0.616816
vt 0.542858 0.638627
vt 0.565453 0.642543
vt 0.542072 0.640633
vt 0.593820 0.590483
vt 0.599797 0.600695
vt 0.591180 0.616816
vt 0.592872 0.592439
vt 0.592871 0.537446
vt 0.591180 0.513205
vt 0.436636 0.536647
vt 0.440906 0.532312
vt 0.454313 0.523393
vt 0.483398 0.536411
vt 0.544650 0.537143
vt 0.513650 0.565018
vt 0.542711 0.536327
vt 0.542706 0.593627
vt 0.542072 0.489967
vt 0.565453 0.487478
vt 0.482388 0.488314
vt 0.486744 0.475904
vt 0.488983 0.489038
vt 0.487032 0.489965
vt 0.544645 0.592810
vt 0.485714 0.593555
vt 0.486115 0.536399
vt 0.489728 0.491003
vt 0.599797 0.529326
vt 0.605103 0.546819
vt 0.594576 0.548909
vt 0.593818 0.539401
vt 0.498593 0.488295
vt 0.495456 0.473558
vt 0.427497 0.600695
vt 0.422191 0.583202
vt 0.432911 0.581188
vt 0.433666 0.590483
vt 0.588783 0.592517
vt 0.539372 0.639588
vt 0.528626 0.640311
vt 0.435734 0.589760
vt 0.435005 0.580776
vt 0.498671 0.640311
vt 0.489322 0.639596
vt 0.435005 0.549253
vt 0.435736 0.540142
vt 0.498603 0.490289
vt 0.528512 0.490289
vt 0.539372 0.491013
vt 0.588783 0.537388
vt 0.594576 0.581105
vt 0.605103 0.583202
vt 0.432911 0.548827
vt 0.422195 0.546820
vt 0.424468 0.537665
vt 0.433668 0.539401
vt 0.486236 0.491973
vt 0.486151 0.533650
vt 0.473775 0.503020
vt 0.513647 0.471763
vt 0.513646 0.487915
vt 0.486625 0.640636
vt 0.461841 0.642543
vt 0.590852 0.593240
vt 0.594975 0.565006
vt 0.592871 0.565013
vt 0.432512 0.565006
vt 0.434616 0.565013
vt 0.529022 0.642305
vt 0.513646 0.642685
vt 0.513648 0.640681
vt 0.498271 0.642305
vt 0.488577 0.641566
vt 0.528905 0.488295
vt 0.513648 0.489919
vt 0.540126 0.489043
vt 0.540127 0.641559
vt 0.542694 0.596298
vt 0.545431 0.593532
vt 0.434616 0.537446
vt 0.984416 0.649831
vt 0.983420 0.662584
vt 0.982809 0.636776
vt 0.982991 0.619454
vt 0.984416 0.619454
vt 0.984416 0.636730
vt 0.984416 0.581617
vt 0.984416 0.600839
vt 0.983161 0.600839
vt 0.983132 0.581646
vt 0.983158 0.562101
vt 0.983259 0.554295
vt 0.984562 0.554280
vt 0.984417 0.562105
vt 0.669472 0.266439
vt 0.667403 0.266463
vt 0.667403 0.247898
vt 0.667385 0.311372
vt 0.667403 0.298714
vt 0.593369 0.827648
vt 0.581636 0.827609
vt 0.581632 0.828399
vt 0.593313 0.828399
vt 0.572832 0.828399
vt 0.567288 0.828400
vt 0.686546 0.827044
vt 0.686549 0.828399
vt 0.677759 0.828399
vt 0.677759 0.827157
vt 0.691295 0.827012
vt 0.691295 0.828399
vt 0.464943 0.514092
vt 0.486795 0.470575
vt 0.359374 0.458635
vt 0.364918 0.443708
vt 0.366086 0.444321
vt 0.360709 0.458499
vt 0.385399 0.526452
vt 0.373718 0.516139
vt 0.374699 0.515259
vt 0.386049 0.525314
vt 0.478635 0.443711
vt 0.484128 0.458183
vt 0.477471 0.444321
vt 0.427377 0.519658
vt 0.438248 0.516979
vt 0.621952 0.818211
vt 0.626684 0.822335
vt 0.626715 0.818215
vt 0.466875 0.484666
vt 0.468225 0.473551
vt 0.694187 0.827540
vt 0.693961 0.828840
vt 0.702203 0.823492
vt 0.702542 0.827823
vt 0.694058 0.823492
vt 0.986738 0.659200
vt 0.988746 0.648604
vt 0.447711 0.630947
vt 0.477963 0.651160
vt 0.412572 0.982369
vt 0.411205 0.986708
vt 0.394163 0.986673
vt 0.394827 0.982343
vt 0.606895 0.565011
vt 0.667403 0.228557
vt 0.663183 0.247826
vt 0.663073 0.228557
vt 0.600397 0.600940
vt 0.663074 0.265846
vt 0.549332 0.651160
vt 0.319546 0.986673
vt 0.302566 0.986703
vt 0.791726 0.823492
vt 0.790499 0.827822
vt 0.775808 0.827825
vt 0.776965 0.823492
vt 0.758870 0.827822
vt 0.759534 0.823492
vt 0.988746 0.618790
vt 0.988745 0.635680
vt 0.988742 0.581520
vt 0.988746 0.600501
vt 0.988836 0.554333
vt 0.988743 0.562457
vt 0.663043 0.309730
vt 0.663075 0.297491
vt 0.579583 0.630947
vt 0.404091 0.902640
vt 0.402604 0.894888
vt 0.403592 0.880453
vt 0.406985 0.882237
vt 0.318855 0.892482
vt 0.328778 0.891411
vt 0.322134 0.897500
vt 0.319707 0.895405
vt 0.320878 0.858089
vt 0.324510 0.855550
vt 0.328795 0.854115
vt 0.328782 0.862568
vt 0.397020 0.863970
vt 0.385853 0.862007
vt 0.393741 0.857445
vt 0.396168 0.860643
vt 0.385823 0.899064
vt 0.385860 0.890869
vt 0.393741 0.897462
vt 0.390108 0.898485
vt 0.385823 0.853534
vt 0.390108 0.854927
vt 0.372968 0.860390
vt 0.372968 0.851929
vt 0.341386 0.860787
vt 0.341386 0.852322
vt 0.341386 0.899515
vt 0.329965 0.899731
vt 0.341386 0.889834
vt 0.372968 0.899122
vt 0.372968 0.889457
vt 0.317599 0.864620
vt 0.328751 0.881642
vt 0.318162 0.883579
vt 0.401076 0.892569
vt 0.400016 0.895528
vt 0.398455 0.904870
vt 0.396697 0.898582
vt 0.373534 0.904921
vt 0.373937 0.900417
vt 0.388138 0.900151
vt 0.388218 0.904921
vt 0.398190 0.910832
vt 0.397212 0.919339
vt 0.393363 0.916715
vt 0.393099 0.910475
vt 0.392867 0.904903
vt 0.392770 0.899584
vt 0.311639 0.902777
vt 0.309304 0.882934
vt 0.314939 0.880543
vt 0.315632 0.892480
vt 0.317201 0.904921
vt 0.316553 0.895317
vt 0.319178 0.897996
vt 0.323018 0.899686
vt 0.321845 0.904921
vt 0.322141 0.910250
vt 0.317173 0.910496
vt 0.322555 0.916715
vt 0.318706 0.919339
vt 0.326645 0.910250
vt 0.340233 0.910250
vt 0.340619 0.915793
vt 0.327095 0.915793
vt 0.327651 0.900255
vt 0.340138 0.900359
vt 0.340179 0.904921
vt 0.326449 0.904921
vt 0.782324 0.307938
vt 0.738808 0.298439
vt 0.767727 0.298198
vt 0.074686 0.306765
vt 0.092729 0.311418
vt 0.087958 0.317283
vt 0.310382 0.852435
vt 0.315297 0.857464
vt 0.314376 0.861011
vt 0.305610 0.859822
vt 0.317921 0.853791
vt 0.870670 0.668096
vt 0.884310 0.684305
vt 0.395208 0.846597
vt 0.405672 0.849818
vt 0.376436 0.843435
vt 0.215082 0.296361
vt 0.194068 0.310366
vt 0.572502 0.794306
vt 0.581626 0.793073
vt 0.581626 0.812662
vt 0.572488 0.812662
vt 0.667403 0.209199
vt 0.457319 0.621339
vt 0.569976 0.508682
vt 0.462905 0.495135
vt 0.414337 0.534835
vt 0.416180 0.519658
vt 0.565996 0.812989
vt 0.565478 0.827350
vt 0.565489 0.814053
vt 0.581626 0.827248
vt 0.322555 0.964142
vt 0.315231 0.952958
vt 0.311952 0.953371
vt 0.393363 0.964142
vt 0.373402 0.965064
vt 0.388823 0.965064
vt 0.388823 0.915793
vt 0.388166 0.910250
vt 0.551620 0.657755
vt 0.318889 0.930784
vt 0.319714 0.926932
vt 0.322062 0.923667
vt 0.329722 0.930784
vt 0.322062 0.958034
vt 0.329722 0.950917
vt 0.329722 0.963012
vt 0.325576 0.962246
vt 0.396762 0.950917
vt 0.396828 0.955520
vt 0.394574 0.959254
vt 0.384897 0.950918
vt 0.393589 0.923667
vt 0.384897 0.930784
vt 0.384897 0.920719
vt 0.389042 0.921485
vt 0.329722 0.920719
vt 0.325576 0.921485
vt 0.316135 0.923266
vt 0.315231 0.928743
vt 0.318889 0.950917
vt 0.319714 0.954769
vt 0.342415 0.963012
vt 0.357079 0.963012
vt 0.356957 0.965064
vt 0.371957 0.963012
vt 0.384897 0.963012
vt 0.389042 0.962245
vt 0.400687 0.952958
vt 0.396762 0.930784
vt 0.400687 0.928743
vt 0.400259 0.923055
vt 0.395937 0.926932
vt 0.371957 0.920719
vt 0.373410 0.915793
vt 0.357079 0.920719
vt 0.356958 0.915793
vt 0.342415 0.920719
vt 0.188019 0.312673
vt 0.177556 0.316088
vt 0.178017 0.311983
vt 0.187330 0.309197
vt 0.381109 0.603062
vt 0.381109 0.620606
vt 0.381109 0.565387
vt 0.381109 0.584223
vt 0.381109 0.635219
vt 0.443483 0.635175
vt 0.157548 0.314725
vt 0.154378 0.292595
vt 0.153045 0.279931
vt 0.223522 0.279934
vt 0.062285 0.292384
vt 0.052105 0.274458
vt 0.403709 0.912232
vt 0.904713 0.705331
vt 0.914305 0.709119
vt 0.931281 0.702466
vt 0.931294 0.708668
vt 0.311893 0.911315
vt 0.738431 0.355966
vt 0.720230 0.355754
vt 0.744166 0.347322
vt 0.746969 0.353121
vt 0.762482 0.328039
vt 0.789924 0.307028
vt 0.766812 0.331083
vt 0.400243 0.859190
vt 0.401562 0.879674
vt 0.340170 0.843857
vt 0.356875 0.842882
vt 0.139223 0.318792
vt 0.122518 0.317791
vt 0.121456 0.313950
vt 0.138059 0.315027
vt 0.158784 0.318610
vt 0.104520 0.310892
vt 0.533006 0.663401
vt 0.601751 0.484705
vt 0.615299 0.491446
vt 0.042250 0.177517
vt 0.063446 0.182908
vt 0.072872 0.212904
vt 0.049021 0.209715
vt 0.030777 0.172170
vt 0.037323 0.205421
vt 0.768396 0.155031
vt 0.781800 0.161915
vt 0.764197 0.195167
vt 0.751139 0.188301
vt 0.751115 0.146201
vt 0.729438 0.176022
vt 0.732437 0.135502
vt 0.709583 0.165037
vt 0.719018 0.127195
vt 0.696396 0.154992
vt 0.613230 0.454371
vt 0.623079 0.463649
vt 0.148182 0.241901
vt 0.151599 0.261057
vt 0.139892 0.212456
vt 0.129387 0.184240
vt 0.154345 0.180814
vt 0.116274 0.150666
vt 0.138091 0.147321
vt 0.104416 0.119245
vt 0.125555 0.115974
vt 0.095884 0.094827
vt 0.115696 0.091675
vt 0.229923 0.261576
vt 0.227962 0.242704
vt 0.208869 0.210487
vt 0.184738 0.175287
vt 0.163765 0.141558
vt 0.146238 0.112098
vt 0.133957 0.088792
vt 0.105771 0.067055
vt 0.123484 0.064887
vt 0.097221 0.045685
vt 0.114098 0.044262
vt 0.057320 0.094862
vt 0.077144 0.095467
vt 0.063400 0.119660
vt 0.083702 0.120303
vt 0.095034 0.151734
vt 0.073062 0.151114
vt 0.107197 0.185737
vt 0.085500 0.185436
vt 0.116039 0.213272
vt 0.093230 0.213304
vt 0.124225 0.241653
vt 0.100980 0.241031
vt 0.039009 0.092258
vt 0.231369 0.242406
vt 0.221870 0.210247
vt 0.232920 0.261123
vt 0.226972 0.279846
vt 0.094792 0.308168
vt 0.105143 0.314962
vt 0.753543 0.282918
vt 0.730871 0.283275
vt 0.725179 0.265949
vt 0.744479 0.265790
vt 0.740595 0.243494
vt 0.724324 0.250726
vt 0.223805 0.210230
vt 0.202203 0.169227
vt 0.208722 0.168781
vt 0.494701 0.423632
vt 0.483117 0.425861
vt 0.494406 0.407245
vt 0.507394 0.401582
vt 0.691032 0.746175
vt 0.695410 0.714502
vt 0.702320 0.728841
vt 0.691664 0.699375
vt 0.692538 0.682294
vt 0.677315 0.698336
vt 0.160604 0.107230
vt 0.168225 0.100897
vt 0.181728 0.127137
vt 0.179984 0.136043
vt 0.684206 0.794699
vt 0.677759 0.788484
vt 0.684780 0.762054
vt 0.687896 0.789039
vt 0.690747 0.803645
vt 0.686501 0.809864
vt 0.677759 0.811418
vt 0.386167 0.526855
vt 0.373770 0.516185
vt 0.364948 0.503438
vt 0.779260 0.111726
vt 0.761422 0.102807
vt 0.747318 0.095755
vt 0.631756 0.432209
vt 0.621111 0.426042
vt 0.596825 0.445506
vt 0.604961 0.421969
vt 0.577855 0.439237
vt 0.586285 0.419091
vt 0.556767 0.436167
vt 0.566163 0.417549
vt 0.534224 0.436169
vt 0.544279 0.417923
vt 0.510030 0.438657
vt 0.520037 0.419691
vt 0.479982 0.447251
vt 0.583481 0.467568
vt 0.565926 0.459765
vt 0.544180 0.454458
vt 0.523057 0.453312
vt 0.501532 0.454467
vt 0.484128 0.458183
vt 0.250076 0.169203
vt 0.197200 0.142234
vt 0.234571 0.137155
vt 0.415382 0.930808
vt 0.415975 0.905229
vt 0.907302 0.665750
vt 0.232710 0.242180
vt 0.394827 0.979621
vt 0.410552 0.979597
vt 0.234151 0.260787
vt 0.124546 0.042237
vt 0.135333 0.061783
vt 0.082028 0.016954
vt 0.090599 0.029080
vt 0.552717 0.471896
vt 0.533349 0.466592
vt 0.431400 0.620452
vt 0.421973 0.602983
vt 0.416327 0.584369
vt 0.414552 0.565267
vt 0.358127 0.464093
vt 0.358082 0.464868
vt 0.742980 0.220153
vt 0.669001 0.190584
vt 0.560564 0.341583
vt 0.551235 0.353775
vt 0.535761 0.355242
vt 0.542869 0.344163
vt 0.527702 0.367996
vt 0.545797 0.365520
vt 0.517469 0.384190
vt 0.538708 0.380848
vt 0.531031 0.397422
vt 0.579476 0.378911
vt 0.583448 0.364071
vt 0.599922 0.364871
vt 0.598332 0.379936
vt 0.593679 0.396177
vt 0.574437 0.394992
vt 0.564800 0.364337
vt 0.559576 0.379326
vt 0.553933 0.395515
vt 0.585427 0.352725
vt 0.599256 0.353088
vt 0.586421 0.340737
vt 0.597005 0.341461
vt 0.568889 0.353008
vt 0.575769 0.341006
vt 0.585945 0.331727
vt 0.567579 0.332256
vt 0.756549 0.224007
vt 0.756864 0.245277
vt 0.042647 0.234262
vt 0.046292 0.255532
vt 0.707365 0.266017
vt 0.709943 0.283604
vt 0.669710 0.283671
vt 0.777037 0.821945
vt 0.759534 0.821927
vt 0.791726 0.821919
vt 0.494289 0.663401
vt 0.513644 0.665308
vt 0.760805 0.264203
vt 0.768828 0.282130
vt 0.780261 0.296511
vt 0.677856 0.715612
vt 0.475594 0.439298
vt 0.612084 0.398775
vt 0.585184 0.493200
vt 0.705641 0.669131
vt 0.703658 0.685024
vt 0.707031 0.701183
vt 0.714100 0.714000
vt 0.506186 0.388898
vt 0.628094 0.402156
vt 0.796566 0.120379
vt 0.808090 0.126141
vt 0.022850 0.136396
vt 0.033848 0.141755
vt 0.053035 0.147636
vt 0.147629 0.084690
vt 0.155123 0.079542
vt 0.614184 0.382177
vt 0.637677 0.407889
vt 0.718663 0.657903
vt 0.715750 0.673814
vt 0.718608 0.689590
vt 0.725837 0.701082
vt 0.517923 0.371462
vt 0.614561 0.366508
vt 0.631901 0.384898
vt 0.642118 0.389750
vt 0.783911 0.077897
vt 0.769121 0.071435
vt 0.799846 0.084861
vt 0.815727 0.091800
vt 0.826810 0.096644
vt 0.016848 0.106898
vt 0.027298 0.111940
vt 0.043568 0.116888
vt 0.142101 0.058378
vt 0.632488 0.368606
vt 0.130945 0.039861
vt 0.729818 0.654409
vt 0.726793 0.668949
vt 0.729016 0.682586
vt 0.734576 0.693015
vt 0.526662 0.357492
vt 0.611563 0.354027
vt 0.627859 0.355471
vt 0.642457 0.372089
vt 0.798281 0.058792
vt 0.783637 0.053296
vt 0.812500 0.064130
vt 0.826684 0.069455
vt 0.838184 0.073772
vt 0.023399 0.088420
vt 0.012869 0.084027
vt 0.637190 0.357594
vt 0.794906 0.035634
vt 0.808441 0.039746
vt 0.022929 0.064248
vt 0.112569 0.024734
vt 0.104142 0.028346
vt 0.117053 0.021629
vt 0.743711 0.654453
vt 0.740177 0.666402
vt 0.740578 0.677329
vt 0.743299 0.687139
vt 0.535385 0.344522
vt 0.605826 0.342743
vt 0.621276 0.344848
vt 0.628655 0.345622
vt 0.801265 0.021140
vt 0.813774 0.023916
vt 0.821688 0.043667
vt 0.833924 0.047384
vt 0.845176 0.050802
vt 0.012114 0.061056
vt 0.806178 0.009168
vt 0.816896 0.010055
vt 0.824782 0.026360
vt 0.027212 0.043561
vt 0.018234 0.041599
vt 0.098190 0.013434
vt 0.094362 0.019054
vt 0.101275 0.009253
vt 0.759488 0.654517
vt 0.757005 0.665740
vt 0.756354 0.674082
vt 0.757537 0.683555
vt 0.549623 0.333195
vt 0.552532 0.335817
vt 0.601213 0.334174
vt 0.613874 0.338062
vt 0.616494 0.335520
vt 0.841342 0.677277
vt 0.836569 0.687995
vt 0.824408 0.684112
vt 0.826624 0.675219
vt 0.826788 0.012226
vt 0.835794 0.028804
vt 0.847241 0.031344
vt 0.033916 0.028010
vt 0.082795 0.008665
vt 0.567949 0.327053
vt 0.601738 0.328801
vt 0.842629 0.667386
vt 0.826461 0.665747
vt 0.836434 0.014289
vt 0.025033 0.026686
vt 0.042292 0.019274
vt 0.777423 0.654753
vt 0.762574 0.645953
vt 0.777969 0.644499
vt 0.066904 0.008179
vt 0.776820 0.665636
vt 0.776299 0.674400
vt 0.775863 0.682878
vt 0.585945 0.325585
vt 0.809652 0.682839
vt 0.809920 0.674905
vt 0.809734 0.665583
vt 0.846709 0.016432
vt 0.824950 0.656532
vt 0.840636 0.657739
vt 0.793859 0.674669
vt 0.793859 0.682666
vt 0.038421 0.014799
vt 0.052311 0.010251
vt 0.793859 0.654859
vt 0.793859 0.644395
vt 0.793859 0.665565
vt 0.809189 0.655209
vt 0.822343 0.647553
vt 0.835730 0.647464
vt 0.808452 0.645564
vt 0.977725 0.636922
vt 0.978482 0.619454
vt 0.979190 0.600839
vt 0.979070 0.581738
vt 0.979175 0.562089
vt 0.979139 0.554339
vt 0.570495 0.480973
vt 0.513647 0.465029
vt 0.494289 0.467690
vt 0.486891 0.469896
vt 0.385087 0.545589
vt 0.359467 0.489020
vt 0.191418 0.109673
vt 0.456544 0.504350
vt 0.448163 0.511775
vt 0.466875 0.462436
vt 0.581684 0.817598
vt 0.594081 0.818134
vt 0.566280 0.812027
vt 0.356858 0.910250
vt 0.695856 0.349112
vt 0.403618 0.929221
vt 0.403555 0.952425
vt 0.475675 0.657755
vt 0.356861 0.904921
vt 0.356793 0.900379
vt 0.398339 0.882928
vt 0.397853 0.892438
vt 0.396862 0.895361
vt 0.356766 0.899208
vt 0.325680 0.899194
vt 0.318451 0.861293
vt 0.356766 0.851380
vt 0.388138 0.847730
vt 0.385920 0.881140
vt 0.077411 0.289823
vt 0.082747 0.293700
vt 0.075372 0.283549
vt 0.077411 0.277276
vt 0.082747 0.273399
vt 0.089343 0.273399
vt 0.094680 0.277276
vt 0.096718 0.283549
vt 0.094680 0.289823
vt 0.089343 0.293700
vt 0.788640 0.493534
vt 0.644089 0.869538
vt 0.354800 0.169203
vt 0.323371 0.169203
vt 0.375409 0.109953
vt 0.385048 0.101546
vt 0.396368 0.095647
vt 0.408753 0.092567
vt 0.421538 0.092478
vt 0.434026 0.095408
vt 0.445520 0.101231
vt 0.323371 0.242232
vt 0.323371 0.210206
vt 0.375001 0.210219
vt 0.375001 0.242232
vt 0.323371 0.260838
vt 0.375001 0.260838
vt 0.323371 0.279443
vt 0.375001 0.279443
vt 0.537393 0.716546
vt 0.555329 0.924433
vt 0.553661 0.922796
vt 0.554142 0.929800
vt 0.550970 0.925008
vt 0.554751 0.928555
vt 0.553687 0.929587
vt 0.552036 0.916837
vt 0.553102 0.917871
vt 0.555206 0.928768
vt 0.553503 0.917658
vt 0.552437 0.916624
vt 0.541023 0.919190
vt 0.541023 0.916837
vt 0.541023 0.952948
vt 0.541023 0.938655
vt 0.550581 0.924895
vt 0.541023 0.924876
vt 0.541023 0.921707
vt 0.541023 0.924989
vt 0.541023 0.919303
vt 0.553254 0.922810
vt 0.554869 0.924394
vt 0.541023 0.929563
vt 0.541023 0.929774
vt 0.541023 0.916625
vt 0.557862 0.929216
vt 0.541023 0.912414
vt 0.541023 0.932893
vt 0.541023 0.907750
vt 0.541023 0.905229
vt 0.300655 0.462316
vt 0.329479 0.462314
vt 0.541023 0.886156
vt 0.541023 0.884231
vt 0.344074 0.295716
vt 0.343394 0.298051
vt 0.342562 0.298051
vt 0.343214 0.295716
vt 0.541023 0.973001
vt 0.541023 0.970668
vt 0.679765 0.489938
vt 0.411083 0.715351
vt 0.587690 0.041696
vt 0.089798 0.647826
vt 0.201027 0.647791
vt 0.725166 0.972656
vt 0.182516 0.444861
vt 0.190100 0.431842
vt 0.190970 0.432613
vt 0.201449 0.421787
vt 0.202110 0.422744
vt 0.214875 0.414741
vt 0.215288 0.415828
vt 0.229597 0.411112
vt 0.229738 0.412267
vt 0.244760 0.411112
vt 0.244620 0.412267
vt 0.259483 0.414741
vt 0.259070 0.415828
vt 0.272909 0.421787
vt 0.272248 0.422744
vt 0.284258 0.431842
vt 0.283388 0.432613
vt 0.291842 0.444861
vt 0.297119 0.458777
vt 0.300076 0.473551
vt 0.298913 0.473551
vt 0.298248 0.488603
vt 0.297119 0.488325
vt 0.292872 0.502781
vt 0.291842 0.502240
vt 0.283388 0.514488
vt 0.272248 0.524357
vt 0.259483 0.532361
vt 0.259070 0.531274
vt 0.126290 0.469392
vt 0.145310 0.467518
vt 0.145310 0.471114
vt 0.126992 0.472919
vt 0.235381 0.602319
vt 0.232059 0.600943
vt 0.226343 0.619210
vt 0.223377 0.617182
vt 0.164330 0.660630
vt 0.163628 0.657103
vt 0.145311 0.662503
vt 0.145310 0.658907
vt 0.126290 0.660630
vt 0.126992 0.657103
vt 0.064255 0.619171
vt 0.067239 0.617176
vt 0.055234 0.602300
vt 0.049691 0.545991
vt 0.053218 0.546692
vt 0.055239 0.527702
vt 0.058561 0.529078
vt 0.064248 0.510847
vt 0.067238 0.512845
vt 0.172123 0.535598
vt 0.448111 0.823638
vt 0.981690 0.458651
vt 0.467864 0.828399
vt 0.467864 0.827652
vt 0.501950 0.828399
vt 0.501948 0.827544
vt 0.507439 0.828399
vt 0.507437 0.827467
vt 0.509308 0.828399
vt 0.509307 0.827350
vt 0.493159 0.828399
vt 0.481572 0.828399
vt 0.481572 0.827248
vt 0.467864 0.828399
vt 0.467864 0.827248
vt 0.452833 0.828399
vt 0.452833 0.827248
vt 0.437353 0.828399
vt 0.437353 0.827248
vt 0.422322 0.828399
vt 0.422322 0.827248
vt 0.408614 0.828399
vt 0.408614 0.827221
vt 0.259950 0.533594
vt 0.299525 0.488928
vt 0.294036 0.503398
vt 0.301394 0.473542
vt 0.273658 0.420702
vt 0.285245 0.430968
vt 0.259950 0.413508
vt 0.244919 0.409803
vt 0.229439 0.409803
vt 0.214407 0.413508
vt 0.200700 0.420702
vt 0.189112 0.430968
vt 0.382538 0.829646
vt 0.145310 0.658258
vt 0.725189 0.982343
vt 0.744550 0.982343
vt 0.744211 0.986673
vt 0.725191 0.986673
vt 0.705834 0.982343
vt 0.706172 0.986673
vt 0.353224 0.823492
vt 0.353224 0.827822
vt 0.333866 0.823492
vt 0.334204 0.827822
vt 0.264324 0.828506
vt 0.272960 0.826799
vt 0.273869 0.829742
vt 0.265500 0.831449
vt 0.981690 0.365561
vt 0.986020 0.366225
vt 0.986020 0.384514
vt 0.079374 0.499074
vt 0.986019 0.457694
vt 0.382415 0.821861
vt 0.725280 0.859899
vt 0.725280 0.892406
vt 0.708570 0.910250
vt 0.710089 0.930784
vt 0.724967 0.930784
vt 0.739631 0.930784
vt 0.242470 0.545618
vt 0.240157 0.537869
vt 0.244919 0.537299
vt 0.259950 0.533594
vt 0.592653 0.886882
vt 0.541023 0.886882
vt 0.541023 0.969723
vt 0.592653 0.969723
vt 0.367687 0.294626
vt 0.366455 0.290013
vt 0.375001 0.294717
vt 0.345378 0.305969
vt 0.344465 0.306367
vt 0.952718 0.530312
vt 0.381431 0.483985
vt 0.379393 0.484487
vt 0.383115 0.494302
vt 0.384973 0.493327
vt 0.389078 0.502941
vt 0.390649 0.501550
vt 0.396936 0.509902
vt 0.398128 0.508175
vt 0.406230 0.514780
vt 0.406975 0.512818
vt 0.416423 0.517292
vt 0.416675 0.515209
vt 0.426920 0.517292
vt 0.426667 0.515209
vt 0.437112 0.514780
vt 0.436368 0.512818
vt 0.446407 0.509902
vt 0.445215 0.508175
vt 0.454264 0.502941
vt 0.452693 0.501550
vt 0.460227 0.494302
vt 0.458369 0.493327
vt 0.463949 0.484487
vt 0.461912 0.483985
vt 0.465215 0.474067
vt 0.463116 0.474067
vt 0.463949 0.463646
vt 0.461912 0.464148
vt 0.460227 0.453831
vt 0.458369 0.454806
vt 0.454264 0.445192
vt 0.452693 0.446583
vt 0.446407 0.438231
vt 0.445215 0.439958
vt 0.437112 0.433353
vt 0.436368 0.435315
vt 0.426920 0.430841
vt 0.426667 0.432924
vt 0.416423 0.430841
vt 0.416675 0.432924
vt 0.406231 0.433353
vt 0.406975 0.435315
vt 0.396936 0.438231
vt 0.398128 0.439958
vt 0.389079 0.445192
vt 0.390649 0.446583
vt 0.383115 0.453831
vt 0.384973 0.454806
vt 0.379393 0.463646
vt 0.381431 0.464148
vt 0.378128 0.474067
vt 0.380226 0.474067
vt 0.191781 0.484139
vt 0.195564 0.494112
vt 0.201623 0.502890
vt 0.209606 0.509962
vt 0.219050 0.514919
vt 0.229406 0.517472
vt 0.240072 0.517472
vt 0.250428 0.514919
vt 0.251209 0.516979
vt 0.259872 0.509962
vt 0.261124 0.511775
vt 0.267856 0.502890
vt 0.269505 0.504350
vt 0.273915 0.494112
vt 0.275865 0.495135
vt 0.277697 0.484139
vt 0.279836 0.484666
vt 0.278982 0.473551
vt 0.281185 0.473551
vt 0.277697 0.462963
vt 0.279836 0.462436
vt 0.273915 0.452990
vt 0.275865 0.451966
vt 0.267856 0.444212
vt 0.269505 0.442751
vt 0.259872 0.437139
vt 0.261124 0.435326
vt 0.250428 0.432183
vt 0.251209 0.430123
vt 0.240072 0.429630
vt 0.240338 0.427443
vt 0.229406 0.429630
vt 0.229141 0.427443
vt 0.219050 0.432183
vt 0.218269 0.430123
vt 0.209606 0.437139
vt 0.208354 0.435326
vt 0.201623 0.444212
vt 0.199973 0.442751
vt 0.195563 0.452990
vt 0.193613 0.451966
vt 0.191781 0.462963
vt 0.190496 0.473551
vt 0.408614 0.788382
vt 0.422322 0.788578
vt 0.437353 0.789059
vt 0.452833 0.789798
vt 0.467864 0.790752
vt 0.481572 0.791865
vt 0.408614 0.812288
vt 0.422322 0.812662
vt 0.437353 0.812662
vt 0.452833 0.812662
vt 0.467864 0.812662
vt 0.481572 0.812662
vt 0.329479 0.473353
vt 0.301383 0.473452
vt 0.665976 0.886878
vt 0.666791 0.933436
vt 0.667077 0.953312
vt 0.660484 0.969912
vt 0.537393 0.812012
vt 0.744550 0.979574
vt 0.725188 0.979743
vt 0.705834 0.979543
vt 0.372582 0.821898
vt 0.353224 0.821900
vt 0.333866 0.821924
vt 0.272960 0.825219
vt 0.264324 0.826908
vt 0.467864 0.818189
vt 0.501923 0.816703
vt 0.507405 0.815651
vt 0.509297 0.814053
vt 0.710089 0.950918
vt 0.724968 0.950918
vt 0.739631 0.950917
vt 0.770113 0.929516
vt 0.263902 0.826041
vt 0.561302 0.283376
vt 0.864163 0.660855
vt 0.437958 0.869538
vt 0.291942 0.169203
vt 0.271333 0.109953
vt 0.261694 0.101546
vt 0.250374 0.095647
vt 0.237989 0.092567
vt 0.225204 0.092478
vt 0.212716 0.095408
vt 0.201222 0.101231
vt 0.271741 0.242232
vt 0.271741 0.210219
vt 0.271741 0.260838
vt 0.271741 0.279443
vt 0.528385 0.922796
vt 0.526717 0.924433
vt 0.527904 0.929800
vt 0.531077 0.925008
vt 0.528360 0.929587
vt 0.527296 0.928555
vt 0.528944 0.917871
vt 0.530010 0.916837
vt 0.526840 0.928768
vt 0.528543 0.917658
vt 0.529610 0.916624
vt 0.531465 0.924895
vt 0.527178 0.924394
vt 0.528792 0.922810
vt 0.524184 0.929216
vt 0.358302 0.462316
vt 0.323371 0.295716
vt 0.323371 0.298051
vt 0.971985 0.656464
vt 0.663702 0.715351
vt 0.059175 0.041888
vt 0.569160 0.648896
vt 0.457930 0.648861
vt 0.356880 0.972656
vt 0.476442 0.444861
vt 0.468858 0.431842
vt 0.467987 0.432613
vt 0.457508 0.421787
vt 0.456847 0.422744
vt 0.444082 0.414741
vt 0.443670 0.415828
vt 0.429360 0.411112
vt 0.429220 0.412267
vt 0.414197 0.411112
vt 0.414337 0.412267
vt 0.399475 0.414741
vt 0.399887 0.415828
vt 0.386049 0.421787
vt 0.386709 0.422744
vt 0.374699 0.431842
vt 0.375570 0.432613
vt 0.367115 0.444861
vt 0.361838 0.458777
vt 0.360044 0.473551
vt 0.358881 0.473551
vt 0.360709 0.488603
vt 0.361838 0.488325
vt 0.366086 0.502781
vt 0.367115 0.502240
vt 0.375569 0.514488
vt 0.386709 0.524357
vt 0.399475 0.532361
vt 0.399887 0.531274
vt 0.532667 0.469392
vt 0.531965 0.472919
vt 0.513647 0.471114
vt 0.513647 0.467518
vt 0.426898 0.600943
vt 0.423576 0.602319
vt 0.435580 0.617182
vt 0.432615 0.619210
vt 0.495329 0.657103
vt 0.494627 0.660630
vt 0.513647 0.658907
vt 0.513646 0.662503
vt 0.531965 0.657103
vt 0.532667 0.660630
vt 0.591718 0.617176
vt 0.594702 0.619171
vt 0.603723 0.602300
vt 0.605739 0.546692
vt 0.609266 0.545991
vt 0.600396 0.529078
vt 0.603719 0.527702
vt 0.591719 0.512845
vt 0.594709 0.510847
vt 0.549332 0.478861
vt 0.485343 0.535598
vt 0.495456 0.656467
vt 0.531839 0.473555
vt 0.531839 0.656467
vt 0.626674 0.823638
vt 0.667403 0.283674
vt 0.606921 0.828399
vt 0.606921 0.827652
vt 0.572835 0.828399
vt 0.572837 0.827544
vt 0.567346 0.828399
vt 0.567349 0.827467
vt 0.565477 0.828399
vt 0.581626 0.828399
vt 0.593214 0.828399
vt 0.593214 0.827248
vt 0.606921 0.828399
vt 0.606921 0.827248
vt 0.621952 0.828399
vt 0.621952 0.827248
vt 0.637433 0.828399
vt 0.637433 0.827248
vt 0.652464 0.828399
vt 0.652464 0.827248
vt 0.666171 0.828399
vt 0.666171 0.827221
vt 0.399007 0.533594
vt 0.359432 0.488928
vt 0.364921 0.503398
vt 0.357563 0.473542
vt 0.385300 0.420702
vt 0.373712 0.430968
vt 0.399007 0.413508
vt 0.414038 0.409803
vt 0.429519 0.409803
vt 0.444550 0.413508
vt 0.458257 0.420702
vt 0.469845 0.430968
vt 0.693935 0.829646
vt 0.513647 0.658258
vt 0.356858 0.982343
vt 0.356855 0.986673
vt 0.337835 0.986673
vt 0.337496 0.982343
vt 0.376213 0.982343
vt 0.375875 0.986673
vt 0.721561 0.823492
vt 0.721561 0.827822
vt 0.740919 0.823492
vt 0.740581 0.827822
vt 0.813235 0.823492
vt 0.811633 0.827822
vt 0.802623 0.827822
vt 0.804066 0.823492
vt 0.663073 0.209537
vt 0.663073 0.191248
vt 0.667403 0.190584
vt 0.579583 0.499074
vt 0.420399 0.565011
vt 0.663075 0.282717
vt 0.694058 0.821861
vt 0.356766 0.859899
vt 0.356766 0.889035
vt 0.373477 0.910250
vt 0.371957 0.930784
vt 0.357079 0.930784
vt 0.342415 0.930784
vt 0.416487 0.545618
vt 0.399007 0.533594
vt 0.414038 0.537299
vt 0.418801 0.537869
vt 0.489393 0.886882
vt 0.489393 0.969723
vt 0.323371 0.294956
vt 0.271741 0.294936
vt 0.323371 0.315538
vt 0.696375 0.355335
vt 0.462110 0.483985
vt 0.458567 0.493327
vt 0.460425 0.494302
vt 0.464147 0.484487
vt 0.452891 0.501550
vt 0.454462 0.502941
vt 0.445412 0.508175
vt 0.446604 0.509902
vt 0.436565 0.512818
vt 0.437310 0.514780
vt 0.426865 0.515209
vt 0.427118 0.517292
vt 0.416873 0.515209
vt 0.416620 0.517292
vt 0.407172 0.512818
vt 0.406428 0.514780
vt 0.398325 0.508175
vt 0.397133 0.509902
vt 0.390847 0.501550
vt 0.389276 0.502941
vt 0.385171 0.493327
vt 0.383313 0.494302
vt 0.381628 0.483985
vt 0.379591 0.484487
vt 0.380424 0.474067
vt 0.378326 0.474067
vt 0.381628 0.464148
vt 0.379591 0.463646
vt 0.385171 0.454806
vt 0.383313 0.453831
vt 0.390847 0.446583
vt 0.389276 0.445192
vt 0.398325 0.439958
vt 0.397133 0.438231
vt 0.407172 0.435315
vt 0.406428 0.433353
vt 0.416873 0.432924
vt 0.416620 0.430841
vt 0.426865 0.432924
vt 0.427118 0.430841
vt 0.436565 0.435315
vt 0.437310 0.433353
vt 0.445412 0.439958
vt 0.446604 0.438231
vt 0.452891 0.446583
vt 0.454462 0.445192
vt 0.458567 0.454806
vt 0.460425 0.453831
vt 0.462110 0.464148
vt 0.464147 0.463646
vt 0.463314 0.474067
vt 0.465412 0.474067
vt 0.460954 0.494112
vt 0.464736 0.484139
vt 0.454895 0.502890
vt 0.446912 0.509962
vt 0.437467 0.514919
vt 0.427111 0.517472
vt 0.416445 0.517472
vt 0.405308 0.516979
vt 0.406090 0.514919
vt 0.395394 0.511775
vt 0.396645 0.509962
vt 0.387013 0.504350
vt 0.388662 0.502890
vt 0.380652 0.495135
vt 0.382603 0.494112
vt 0.376682 0.484666
vt 0.378821 0.484139
vt 0.375332 0.473551
vt 0.377535 0.473551
vt 0.376682 0.462436
vt 0.378821 0.462963
vt 0.380652 0.451966
vt 0.382603 0.452990
vt 0.387013 0.442751
vt 0.388662 0.444212
vt 0.395394 0.435326
vt 0.396645 0.437139
vt 0.405308 0.430123
vt 0.406090 0.432183
vt 0.416180 0.427443
vt 0.416445 0.429630
vt 0.427377 0.427443
vt 0.427111 0.429630
vt 0.438248 0.430123
vt 0.437467 0.432183
vt 0.448163 0.435326
vt 0.446912 0.437139
vt 0.456544 0.442751
vt 0.454895 0.444212
vt 0.462905 0.451966
vt 0.460954 0.452990
vt 0.464736 0.462963
vt 0.466022 0.473551
vt 0.666171 0.788382
vt 0.652464 0.788578
vt 0.637433 0.789059
vt 0.621952 0.789798
vt 0.606921 0.790752
vt 0.593214 0.791865
vt 0.666171 0.812288
vt 0.652464 0.812662
vt 0.637433 0.812662
vt 0.621952 0.812662
vt 0.606921 0.812662
vt 0.593214 0.812662
vt 0.357574 0.473452
vt 0.416071 0.886878
vt 0.415333 0.933436
vt 0.415047 0.953312
vt 0.421375 0.969912
vt 0.337496 0.979574
vt 0.356858 0.979743
vt 0.376213 0.979543
vt 0.702203 0.821898
vt 0.721561 0.821900
vt 0.740919 0.821924
vt 0.804066 0.821911
vt 0.813235 0.821894
vt 0.606921 0.818189
vt 0.572863 0.816703
vt 0.567381 0.815651
vt 0.371957 0.950918
vt 0.357079 0.950917
vt 0.342415 0.950917
vt 0.311934 0.929516
vt 0.606007 0.525254
vt 0.086045 0.283549
vt 0.349039 0.310976
vt 0.360798 0.311183
vt 0.366541 0.307426
vt 0.360028 0.286047
vt 0.358753 0.286609
vt 0.351672 0.286766
vt 0.349755 0.286270
vt 0.365424 0.291289
vt 0.344431 0.291256
vt 0.345343 0.291767
vt 0.344265 0.295121
vt 0.343419 0.294964
vt 0.366705 0.294614
vt 0.367129 0.295716
vt 0.367809 0.298051
vt 0.365519 0.306447
vt 0.351228 0.310587
vt 0.359339 0.310735
vt 0.537393 0.812761
vn -0.1746 0.9764 -0.1268
vn -0.2158 0.9764 -0.0000
vn -0.0000 1.0000 -0.0000
vn -0.0667 0.9764 -0.2052
vn 0.0667 0.9764 -0.2052
vn 0.1746 0.9764 -0.1268
vn 0.2158 0.9764 -0.0000
vn 0.1746 0.9764 0.1268
vn 0.0667 0.9764 0.2052
vn -0.0667 0.9764 0.2052
vn -0.1746 0.9764 0.1268
vn 0.7280 0.4285 0.5352
vn 0.8233 0.4630 0.3283
vn 0.8655 0.0592 0.4975
vn 0.2773 0.4564 0.8455
vn 0.3085 0.0593 0.9494
vn -0.2838 0.4627 0.8398
vn -0.3085 0.0593 0.9494
vn -0.7278 0.4447 0.5220
vn -0.8655 0.0592 0.4975
vn -0.9001 0.3746 0.2223
vn -0.8227 0.4735 0.3146
vn -0.9980 0.0565 0.0290
vn -0.8447 0.4747 -0.2474
vn -0.8276 0.0764 -0.5561
vn -0.3659 0.6161 -0.6976
vn -0.3159 0.1056 -0.9429
vn 0.3533 0.6158 -0.7043
vn 0.3159 0.1056 -0.9429
vn 0.8426 0.4704 -0.2620
vn 0.8276 0.0764 -0.5561
vn 0.9037 0.3703 0.2151
vn 0.9980 0.0565 0.0290
vn 0.0000 0.8840 0.4675
vn 0.0000 0.9889 0.1488
vn 0.0004 0.9891 0.1469
vn 0.0004 0.8850 0.4656
vn -0.2672 0.7924 0.5484
vn -0.2787 0.7776 0.5637
vn -0.1625 0.8121 0.5605
vn -0.1631 0.8183 0.5512
vn -0.0273 0.8263 0.5625
vn -0.0278 0.8263 0.5626
vn 0.1136 0.8104 0.5748
vn 0.1150 0.8216 0.5584
vn 0.4102 0.6744 0.6139
vn 0.4677 0.6352 0.6146
vn 0.2892 0.7597 0.5824
vn 0.3119 0.7239 0.6153
vn 0.3893 0.6450 0.6576
vn 0.4769 0.6086 0.6342
vn 0.7403 0.4345 0.5130
vn 0.7021 0.3975 0.5908
vn 0.6293 0.1904 0.7534
vn 0.6293 0.1904 0.7534
vn 0.6260 0.3219 0.7103
vn 0.6741 0.5250 0.5196
vn 0.6741 0.5120 0.5324
vn 0.6491 0.7109 0.2706
vn 0.6647 0.7000 0.2611
vn 0.0008 1.0000 -0.0097
vn 0.0709 0.9869 -0.1447
vn 0.1500 0.9842 -0.0942
vn 0.0008 1.0000 -0.0097
vn -0.9888 -0.1450 0.0362
vn -0.9830 -0.0092 0.1835
vn -0.9738 -0.0007 0.2274
vn -0.9878 -0.0163 0.1546
vn -0.9551 -0.2951 -0.0277
vn -0.9866 -0.0476 0.1563
vn -0.7739 -0.5862 -0.2399
vn -0.7292 -0.6329 -0.2602
vn -0.9021 -0.4057 -0.1470
vn -0.5617 -0.7522 -0.3445
vn -0.5893 -0.7247 -0.3570
vn -0.1507 0.7649 -0.6263
vn -0.2296 0.7922 -0.5655
vn -0.2969 0.7854 -0.5432
vn -0.3318 0.8189 -0.4683
vn -0.1221 0.7897 -0.6013
vn -0.1775 0.8428 -0.5081
vn 0.0256 0.9990 0.0378
vn 0.0994 0.9785 0.1806
vn 0.0709 0.9564 0.2833
vn 0.0154 0.9966 0.0810
vn 0.0044 0.9959 -0.0905
vn 0.0087 0.9973 -0.0732
vn 0.0137 0.9709 -0.2392
vn 0.0291 0.9779 -0.2069
vn 0.0229 0.9169 -0.3984
vn 0.0474 0.9181 -0.3934
vn 0.0337 0.8459 -0.5323
vn 0.0643 0.8492 -0.5241
vn 0.0497 0.8151 -0.5772
vn 0.0731 0.8314 -0.5508
vn -0.0016 0.8340 -0.5517
vn 0.0196 0.7777 -0.6284
vn -0.0181 0.8224 -0.5687
vn -0.0038 0.7521 -0.6590
vn -0.0299 0.7443 -0.6672
vn -0.0679 0.8282 -0.5564
vn -0.0971 0.7548 -0.6488
vn -0.1498 0.7675 -0.6233
vn 0.1363 0.0586 -0.9889
vn -0.0619 0.0680 -0.9958
vn -0.1059 0.2566 -0.9607
vn 0.1244 0.2461 -0.9612
vn 0.3491 0.2388 -0.9062
vn 0.3654 0.0513 -0.9294
vn 0.5550 0.2338 -0.7983
vn 0.5747 0.0457 -0.8171
vn 0.7274 0.2308 -0.6462
vn 0.7408 0.0472 -0.6700
vn 0.8330 0.2798 -0.4773
vn 0.8296 0.0592 -0.5553
vn 0.8578 0.2566 -0.4454
vn 0.8518 0.0674 -0.5195
vn 0.0017 0.1191 0.9929
vn 0.0004 0.1689 0.9856
vn 0.0011 0.1204 0.9927
vn -0.0002 0.1181 0.9930
vn 0.0003 0.1198 0.9928
vn -0.9363 0.3499 0.0315
vn -0.9363 0.3499 0.0315
vn -0.4172 0.9086 0.0206
vn -0.4172 0.9086 0.0206
vn 0.3654 -0.3400 0.8665
vn 0.3654 -0.3400 0.8665
vn 0.1106 -0.5432 0.8323
vn 0.1106 -0.5432 0.8323
vn 0.5866 -0.0868 0.8052
vn 0.5866 -0.0868 0.8052
vn 0.4967 0.3087 0.8111
vn 0.1646 0.5943 0.7872
vn 0.1646 0.5943 0.7872
vn 0.4967 0.3087 0.8111
vn 0.0045 -0.1923 0.9813
vn 0.0018 -0.1896 0.9819
vn -0.0026 -0.2425 0.9701
vn -0.0072 -0.1694 0.9855
vn -0.0045 -0.0822 -0.9966
vn 0.0000 -0.0822 -0.9966
vn 0.0000 -0.0822 -0.9966
vn -0.0045 -0.0822 -0.9966
vn 0.8654 0.0060 -0.5011
vn 0.8266 0.0158 -0.5626
vn 0.8266 0.0158 -0.5626
vn 0.8654 0.0060 -0.5011
vn 0.7281 0.0236 -0.6851
vn 0.7281 0.0236 -0.6851
vn 0.3632 0.0259 -0.9314
vn 0.5739 0.0229 -0.8186
vn 0.5739 0.0229 -0.8186
vn 0.3632 0.0259 -0.9314
vn 0.1319 0.0302 -0.9908
vn 0.1319 0.0302 -0.9908
vn -0.1069 0.0364 -0.9936
vn -0.1069 0.0364 -0.9936
vn -0.3394 0.0454 -0.9396
vn -0.3394 0.0454 -0.9396
vn -0.5525 0.0584 -0.8314
vn -0.5525 0.0584 -0.8314
vn -0.7349 0.0736 -0.6742
vn -0.8109 0.0806 -0.5796
vn -0.8109 0.0806 -0.5796
vn -0.7349 0.0736 -0.6742
vn 0.9487 -0.0130 -0.3159
vn 0.9031 -0.0006 -0.4293
vn 0.8841 -0.0259 -0.4666
vn 0.9444 -0.0363 -0.3268
vn 0.6091 0.7237 0.3246
vn 0.5320 0.7497 0.3936
vn 0.9636 0.0685 0.2583
vn 0.9589 0.1195 0.2573
vn 0.9543 0.1713 0.2449
vn 0.9680 0.0674 0.2415
vn 0.0004 0.4535 0.8912
vn 0.0002 0.4584 0.8887
vn 0.0000 0.7263 0.6873
vn 0.0004 0.6931 0.7209
vn 0.0008 0.8860 0.4636
vn 0.0005 0.9953 0.0966
vn 0.3097 0.8345 -0.4557
vn 0.8279 0.4185 -0.3733
vn 0.5905 0.7324 -0.3391
vn 0.7165 -0.0166 0.6974
vn 0.6660 -0.0980 0.7395
vn 0.6112 -0.0539 0.7896
vn 0.7164 0.0044 0.6977
vn 0.6666 -0.1108 0.7372
vn 0.6666 -0.1108 0.7372
vn 0.6539 -0.0527 0.7547
vn 0.6547 -0.0542 0.7540
vn 0.0034 -0.7770 0.6295
vn 0.0035 -0.9659 0.2589
vn 0.0020 -0.9707 0.2401
vn 0.0018 -0.7898 0.6134
vn 0.0011 -0.4765 0.8792
vn 0.0006 -0.4843 0.8749
vn 0.0000 -0.9752 0.2213
vn 0.0000 -0.8023 0.5970
vn 0.8714 0.0184 -0.4902
vn 0.8542 -0.0304 -0.5191
vn 0.8823 0.0777 -0.4641
vn 0.8807 0.0646 -0.4693
vn -0.0373 0.9144 -0.4032
vn -0.0876 0.9128 -0.3989
vn -0.1132 0.9632 -0.2436
vn -0.0535 0.9664 -0.2513
vn -0.1432 0.9875 -0.0665
vn -0.0603 0.9947 -0.0834
vn -0.5351 0.8197 0.2041
vn -0.4833 0.8755 -0.0011
vn -0.2644 0.9643 -0.0146
vn -0.2830 0.9399 0.1909
vn -0.1418 0.8840 -0.4455
vn -0.1397 0.9200 -0.3663
vn -0.1545 0.9604 -0.2319
vn -0.2744 0.9556 -0.1073
vn -0.3052 0.9428 -0.1344
vn -0.5161 0.8537 -0.0695
vn -0.2736 0.9367 -0.2182
vn -0.2830 0.8695 -0.4049
vn -0.5280 0.8212 -0.2165
vn -0.0289 0.8009 -0.5981
vn -0.2327 0.7649 -0.6007
vn -0.1925 0.8481 -0.4935
vn -0.0637 0.8664 -0.4953
vn -0.3454 0.8515 -0.3945
vn -0.2943 0.8831 -0.3655
vn -0.4149 0.8895 -0.1914
vn -0.3294 0.9223 -0.2020
vn -0.4215 0.9067 0.0160
vn -0.3254 0.9379 -0.1204
vn -0.2146 0.9748 0.0609
vn -0.2250 0.9709 -0.0817
vn 0.0080 0.9988 0.0482
vn -0.0325 0.9961 -0.0818
vn 0.1630 0.9866 -0.0092
vn 0.0856 0.9891 -0.1195
vn 0.1517 0.9698 -0.1912
vn 0.0991 0.9727 -0.2097
vn 0.0957 0.9187 -0.3831
vn 0.0444 0.9256 -0.3759
vn -0.2119 0.9747 -0.0707
vn -0.0728 0.9961 -0.0501
vn 0.2136 0.6077 0.7649
vn -0.3619 0.5722 0.7359
vn -0.2963 0.9453 -0.1363
vn -0.7711 0.5054 0.3874
vn -0.2714 0.9341 -0.2318
vn -0.8720 0.4768 -0.1109
vn 0.0687 0.9936 -0.0895
vn 0.6908 0.5759 0.4372
vn -0.0219 0.9309 -0.3646
vn 0.5988 0.4962 -0.6287
vn 0.8356 0.5367 -0.1173
vn 0.0976 0.9694 -0.2253
vn -0.1226 0.9041 -0.4093
vn 0.1609 0.4496 -0.8786
vn -0.1599 0.9112 -0.3796
vn -0.2956 0.4405 -0.8477
vn -0.2033 0.9270 -0.3153
vn -0.6812 0.4622 -0.5678
vn 0.1193 0.9656 -0.2309
vn 0.0238 0.8326 -0.5534
vn 0.6057 0.4234 -0.6737
vn 0.8096 0.5756 -0.1146
vn 0.0112 0.9972 0.0742
vn 0.6247 0.6050 0.4938
vn -0.1794 0.9567 0.2293
vn 0.1341 0.5452 0.8275
vn -0.3327 0.9245 0.1860
vn -0.3949 0.4916 0.7761
vn -0.4280 0.9034 -0.0276
vn -0.7883 0.4628 0.4054
vn -0.4406 0.8407 -0.3148
vn -0.8960 0.4192 -0.1466
vn -0.3694 0.7756 -0.5119
vn -0.7030 0.3641 -0.6109
vn -0.3246 0.3260 -0.8879
vn -0.2683 0.7193 -0.6408
vn 0.1457 0.3165 -0.9373
vn -0.1584 0.6996 -0.6968
vn -0.8052 0.0979 -0.5849
vn -0.3088 0.0923 -0.9467
vn -0.0000 0.6355 -0.7721
vn -0.0000 0.6355 -0.7721
vn -0.0000 0.4119 -0.9113
vn -0.0001 0.4119 -0.9113
vn 0.0056 -0.9999 0.0132
vn 0.0036 -0.9999 0.0164
vn 0.0076 -0.9993 0.0353
vn 0.0132 -0.9994 0.0304
vn -0.0064 -0.9999 -0.0152
vn -0.0036 -0.9999 -0.0170
vn -0.0078 -0.9993 -0.0364
vn -0.0139 -0.9994 -0.0328
vn -0.0061 -0.9999 0.0144
vn -0.0140 -0.9994 0.0326
vn -0.0079 -0.9993 0.0366
vn -0.0037 -0.9998 0.0171
vn 0.0000 -0.2350 -0.9720
vn 0.0000 -0.3232 -0.9463
vn -0.0019 -0.3232 -0.9463
vn -0.0034 -0.2350 -0.9720
vn -0.9609 -0.2067 -0.1844
vn -0.9973 -0.0733 0.0034
vn -0.6333 0.7729 -0.0384
vn 0.0149 -0.9999 -0.0000
vn 0.0134 -0.9999 0.0035
vn 0.0289 -0.9996 0.0076
vn 0.0316 -0.9995 0.0000
vn 0.0293 -0.9995 -0.0080
vn 0.0195 -0.9998 -0.0059
vn -0.0217 -0.9998 0.0004
vn -0.0171 -0.9998 -0.0041
vn -0.0367 -0.9993 -0.0087
vn -0.0395 -0.9992 0.0000
vn -0.0367 -0.9993 0.0087
vn -0.0234 -0.9997 0.0054
vn -0.1948 0.9722 -0.1298
vn 0.2934 0.9454 -0.1418
vn 0.2490 0.9339 -0.2566
vn -0.3327 0.8970 0.2910
vn -0.3903 0.7303 0.5607
vn 0.7939 0.1131 -0.5975
vn 0.9912 0.1318 -0.0133
vn 0.2959 0.0981 -0.9502
vn -0.9944 0.1055 -0.0048
vn -0.8121 0.1169 0.5717
vn -0.3172 0.1338 0.9389
vn 0.3015 0.1454 0.9423
vn 0.8034 0.1449 0.5775
vn 0.9357 0.1062 0.3364
vn 0.9365 0.0190 0.3501
vn 0.9696 -0.0045 0.2445
vn 0.9733 0.0118 0.2292
vn 0.9026 0.2603 0.3429
vn 0.9195 0.2032 0.3364
vn -0.9818 0.0016 0.1899
vn -0.9534 -0.0040 0.3018
vn -0.9606 0.0279 0.2766
vn -0.9865 0.0107 0.1634
vn -0.9793 0.0095 0.2020
vn -0.9832 0.0306 0.1802
vn -0.9801 0.0455 0.1934
vn -0.9799 0.0434 0.1948
vn -0.9091 -0.3410 0.2393
vn -0.4480 -0.8711 0.2010
vn -0.4410 -0.8750 0.2000
vn -0.9038 -0.3544 0.2397
vn -0.0906 -0.9869 0.1338
vn -0.0794 -0.9882 0.1313
vn -0.2805 -0.4461 0.8499
vn -0.3140 -0.1599 0.9359
vn -0.5224 -0.1126 0.8452
vn -0.4745 -0.4127 0.7775
vn 0.2645 -0.4530 0.8514
vn 0.4573 -0.4291 0.7789
vn 0.5002 -0.1227 0.8572
vn 0.2963 -0.1616 0.9413
vn 0.0948 -0.9866 0.1327
vn 0.0784 -0.9885 0.1291
vn 0.4524 -0.8723 0.1856
vn 0.4467 -0.8753 0.1851
vn 0.9117 -0.3547 0.2073
vn 0.9082 -0.3634 0.2077
vn 0.9821 -0.0348 0.1849
vn 0.9817 -0.0426 0.1856
vn 0.9792 -0.0373 0.1994
vn 0.9796 -0.0288 0.1988
vn 0.9766 -0.0178 0.2142
vn 0.9742 -0.0117 0.2255
vn 0.9755 0.0025 0.2199
vn -0.9774 -0.0134 0.2111
vn -0.9773 -0.0175 0.2109
vn -0.9781 -0.0109 0.2079
vn -0.3304 -0.8909 0.3116
vn -0.4075 -0.8833 0.2318
vn -0.0718 -0.9901 0.1205
vn -0.0546 -0.9932 0.1032
vn -0.2297 -0.8942 0.3842
vn -0.1401 -0.8975 0.4181
vn -0.0430 -0.9924 0.1151
vn 0.2349 -0.8822 0.4081
vn 0.0757 -0.9867 0.1441
vn 0.0778 -0.9878 0.1350
vn 0.3309 -0.8868 0.3227
vn 0.4133 -0.8833 0.2211
vn 0.1431 -0.8922 0.4284
vn 0.0524 -0.9900 0.1308
vn 0.0223 -0.9921 0.1232
vn 0.0628 -0.9029 0.4252
vn 0.0014 -0.9056 0.4240
vn 0.0005 -0.9922 0.1246
vn -0.0232 -0.9920 0.1238
vn -0.0662 -0.9026 0.4253
vn -0.6938 0.0045 0.7202
vn -0.6563 -0.0050 0.7545
vn -0.6612 0.0227 0.7499
vn -0.7190 0.0215 0.6947
vn -0.9469 -0.0278 0.3204
vn -0.8639 -0.3774 0.3334
vn -0.7123 -0.3951 0.5801
vn -0.7622 -0.0595 0.6446
vn 0.9538 -0.0347 0.2984
vn 0.9496 -0.0246 0.3124
vn 0.7893 -0.0346 0.6131
vn 0.7562 -0.0708 0.6505
vn 0.1234 -0.4743 0.8717
vn 0.1352 -0.1842 0.9735
vn 0.6181 -0.0794 0.7821
vn 0.4981 -0.1233 0.8583
vn -0.1417 -0.1826 0.9729
vn -0.1405 -0.1868 0.9723
vn -0.2666 -0.1698 0.9487
vn -0.5259 -0.1209 0.8419
vn -0.6420 -0.0780 0.7627
vn 0.0028 -0.4828 0.8757
vn -0.1300 -0.4732 0.8713
vn 0.8699 -0.3851 0.3081
vn 0.7062 -0.4133 0.5749
vn -0.5514 -0.1169 0.8260
vn -0.3673 -0.1897 0.9105
vn -0.3736 0.0136 0.9275
vn -0.4557 0.0422 0.8891
vn 0.0000 0.9773 -0.2117
vn 0.0000 0.8222 -0.5691
vn 0.5192 0.7199 -0.4606
vn 0.1438 0.9812 -0.1290
vn 0.3926 0.7225 -0.5691
vn 0.1093 0.9812 -0.1593
vn 0.2455 0.7244 -0.6442
vn 0.0685 0.9812 -0.1802
vn 0.0853 0.7275 -0.6808
vn -0.0779 0.7320 -0.6769
vn -0.0214 0.9818 -0.1888
vn 0.0240 0.9814 -0.1903
vn -0.3284 0.2715 -0.9047
vn -0.2335 0.7384 -0.6327
vn -0.0644 0.9823 -0.1759
vn -0.5292 0.2932 -0.7962
vn -0.3706 0.7478 -0.5508
vn -0.1020 0.9831 -0.1523
vn -0.6977 0.3174 -0.6423
vn -0.4820 0.7554 -0.4440
vn -0.1444 0.9831 -0.1125
vn -0.1317 0.9834 -0.1252
vn -0.5294 0.7554 -0.3861
vn -0.7676 0.3265 -0.5515
vn 0.0200 -0.9825 0.1854
vn -0.0257 -0.9942 0.1041
vn -0.0438 -0.9900 0.1338
vn -0.0087 -0.9893 0.1455
vn -0.0591 -0.9944 0.0875
vn -0.0844 -0.9892 0.1199
vn -0.0769 -0.9945 0.0715
vn -0.1094 -0.9889 0.1010
vn -0.0939 -0.9944 0.0492
vn -0.1288 -0.9890 0.0721
vn -0.1079 -0.9940 0.0203
vn -0.1398 -0.9895 0.0359
vn -0.1611 -0.9865 -0.0293
vn -0.1444 -0.9894 0.0132
vn -0.4387 -0.8888 -0.1323
vn -0.1402 -0.9894 -0.0380
vn -0.1438 -0.9896 -0.0061
vn -0.3342 -0.9407 -0.0576
vn 0.0717 -0.9196 0.3863
vn 0.1533 -0.4730 0.8676
vn 0.1570 -0.9310 0.3294
vn 0.1429 -0.0343 0.9891
vn 0.0817 -0.0962 0.9920
vn 0.0568 -0.9646 -0.2575
vn 0.1472 -0.6614 -0.7355
vn 0.2199 -0.6543 -0.7236
vn -0.2952 -0.9402 -0.1699
vn 0.2480 -0.9677 -0.0457
vn 0.7261 -0.6568 -0.2034
vn 0.7387 -0.6596 -0.1389
vn 0.7320 -0.6657 0.1449
vn 0.2389 -0.9699 0.0474
vn 0.2446 -0.9696 -0.0002
vn 0.7486 -0.6630 -0.0008
vn 0.5261 -0.6757 0.5164
vn 0.4054 -0.6847 0.6056
vn 0.1306 -0.9720 0.1953
vn 0.1701 -0.9710 0.1681
vn 0.2769 -0.6745 0.6843
vn 0.0904 -0.9709 0.2216
vn -0.2779 -0.6736 0.6849
vn -0.4070 -0.6816 0.6081
vn -0.1314 -0.9717 0.1964
vn -0.0907 -0.9708 0.2220
vn -0.5273 -0.6728 0.5190
vn -0.1708 -0.9707 0.1690
vn -0.7365 -0.6603 0.1470
vn -0.7480 -0.6637 -0.0001
vn -0.2468 -0.9691 0.0007
vn -0.2454 -0.9682 0.0489
vn -0.5270 -0.6681 -0.5253
vn -0.4133 -0.6691 -0.6177
vn -0.1345 -0.9703 -0.2012
vn -0.1716 -0.9702 -0.1713
vn -0.2844 -0.6673 -0.6883
vn -0.0927 -0.9701 -0.2243
vn -0.0161 -0.9998 -0.0145
vn -0.0158 -0.9994 -0.0308
vn -0.0079 -0.9994 -0.0346
vn -0.0044 -0.9997 -0.0246
vn -0.0262 -0.9997 -0.0011
vn -0.0353 -0.9994 -0.0064
vn -0.0311 -0.9994 -0.0151
vn 0.0056 -0.9997 -0.0226
vn 0.0033 -0.9997 -0.0241
vn 0.0029 -0.9999 -0.0165
vn 0.0002 -0.9998 -0.0179
vn -0.0064 -0.9998 -0.0206
vn -0.0027 -0.9999 -0.0160
vn -0.0029 -0.9997 -0.0231
vn 0.0220 -0.9997 0.0083
vn 0.0251 -0.9997 0.0033
vn 0.0175 -0.9998 0.0029
vn 0.0185 -0.9998 0.0001
vn 0.0220 -0.9997 -0.0080
vn 0.0174 -0.9998 -0.0029
vn 0.0250 -0.9997 -0.0032
vn -0.0217 -0.9997 0.0084
vn -0.0186 -0.9997 0.0134
vn -0.0200 -0.9998 0.0067
vn -0.0180 -0.9998 -0.0000
vn -0.0217 -0.9997 -0.0084
vn -0.0200 -0.9998 -0.0067
vn -0.0186 -0.9997 -0.0134
vn 0.0156 -0.9998 0.0124
vn 0.0150 -0.9994 0.0307
vn 0.0068 -0.9994 0.0349
vn 0.0035 -0.9997 0.0247
vn 0.0264 -0.9996 -0.0043
vn 0.0372 -0.9993 0.0002
vn 0.0319 -0.9994 0.0117
vn -0.0157 -0.9994 0.0308
vn -0.0279 -0.9992 0.0279
vn -0.0311 -0.9994 0.0151
vn -0.0159 -0.9998 0.0146
vn -0.0069 -0.9998 0.0207
vn -0.0031 -0.9997 0.0233
vn -0.0028 -0.9999 0.0160
vn 0.0001 -0.9998 0.0174
vn 0.0071 -0.9998 0.0210
vn 0.0031 -0.9999 0.0160
vn 0.0034 -0.9997 0.0232
vn 0.0345 -0.9994 0.0081
vn 0.0202 -0.9998 0.0086
vn -0.0076 -0.9994 0.0347
vn -0.0138 -0.9992 0.0373
vn -0.0102 -0.9997 0.0202
vn -0.0302 -0.9995 0.0135
vn -0.0354 -0.9993 0.0131
vn -0.0207 -0.9997 0.0107
vn -0.0171 -0.9998 0.0072
vn -0.0354 -0.9993 -0.0131
vn -0.0206 -0.9997 -0.0106
vn 0.0060 -0.9986 0.0519
vn 0.0215 -0.9993 0.0294
vn 0.0199 -0.9998 -0.0021
vn -0.0067 -0.9996 0.0265
vn -0.0168 -0.9999 -0.0030
vn -0.0056 -1.0000 -0.0057
vn 0.0003 -1.0000 -0.0000
vn -0.0057 -1.0000 0.0057
vn -0.0138 -0.9992 -0.0375
vn -0.0108 -0.9997 -0.0213
vn 0.0016 -0.9995 -0.0317
vn -0.0289 -0.9985 -0.0465
vn -0.0336 -0.9993 -0.0133
vn -0.0065 -0.9997 -0.0253
vn -0.0168 -0.9999 0.0030
vn 0.0063 -1.0000 0.0056
vn 0.0062 -1.0000 -0.0057
vn -0.1662 -0.7055 0.6889
vn -0.5514 -0.6705 0.4963
vn -0.5514 -0.6705 0.4963
vn -0.1662 -0.7055 0.6889
vn -0.0139 -0.9999 -0.0063
vn -0.0302 -0.9995 -0.0135
vn 0.0107 -0.9999 0.0051
vn 0.0236 -0.9997 0.0112
vn -0.0247 -0.9997 0.0034
vn -0.0054 -0.9998 0.0194
vn -0.0108 -0.9998 0.0180
vn 0.0203 -0.9998 0.0067
vn 0.0189 -0.9997 0.0134
vn 0.0107 -0.9998 0.0187
vn 0.0054 -0.9998 0.0198
vn 0.0191 -0.9997 -0.0127
vn 0.0204 -0.9998 -0.0064
vn -0.0099 -0.9998 -0.0182
vn -0.0036 -0.9998 -0.0195
vn -0.0248 -0.9997 -0.0035
vn 0.0254 -0.9996 -0.0135
vn 0.0242 -0.9992 0.0319
vn -0.0267 -0.9996 0.0018
vn 0.0060 -0.9997 -0.0218
vn -0.0036 -0.9998 -0.0211
vn 0.0100 -0.9995 -0.0290
vn 0.0086 -0.9994 -0.0324
vn 0.0010 -0.9993 -0.0360
vn 0.0005 -0.9999 -0.0167
vn 0.0125 -0.9993 0.0364
vn 0.0095 -0.9998 0.0196
vn -0.0353 -0.9994 0.0065
vn 0.6648 -0.7277 0.1687
vn 0.6648 -0.7277 0.1687
vn 0.7021 -0.7115 0.0293
vn 0.7021 -0.7115 0.0293
vn 0.7053 -0.7089 -0.0000
vn 0.7053 -0.7089 -0.0000
vn 0.7021 -0.7114 -0.0296
vn 0.7021 -0.7114 -0.0296
vn -0.7020 -0.7115 -0.0298
vn -0.7020 -0.7115 -0.0298
vn -0.7052 -0.7090 0.0000
vn -0.7052 -0.7090 0.0000
vn -0.7019 -0.7116 0.0297
vn -0.7019 -0.7116 0.0297
vn -0.1526 -0.4772 0.8654
vn -0.1526 -0.4772 0.8654
vn -0.1739 -0.4058 0.8973
vn -0.1739 -0.4058 0.8973
vn -0.6645 -0.7278 0.1696
vn -0.6645 -0.7278 0.1696
vn 0.0287 -0.6935 -0.7199
vn 0.0287 -0.6935 -0.7199
vn 0.0006 -0.6913 -0.7226
vn 0.0006 -0.6913 -0.7226
vn -0.0291 -0.6936 -0.7198
vn -0.0291 -0.6936 -0.7198
vn -0.1690 -0.7116 -0.6819
vn -0.1690 -0.7116 -0.6819
vn 0.0288 -0.6934 0.7200
vn 0.0024 -0.6907 0.7231
vn 0.0024 -0.6907 0.7231
vn 0.0288 -0.6934 0.7200
vn 0.1678 -0.7119 0.6819
vn 0.1678 -0.7119 0.6819
vn -0.0285 -0.6913 0.7220
vn -0.0285 -0.6913 0.7220
vn 0.1676 -0.7120 -0.6819
vn 0.1676 -0.7120 -0.6819
vn 0.1538 -0.4699 0.8692
vn 0.1776 -0.3869 0.9049
vn 0.1776 -0.3869 0.9049
vn 0.1538 -0.4699 0.8692
vn -0.6652 -0.7271 -0.1698
vn -0.6652 -0.7271 -0.1698
vn -0.1539 -0.4732 -0.8674
vn -0.1747 -0.4033 -0.8982
vn -0.1747 -0.4033 -0.8982
vn -0.1539 -0.4732 -0.8674
vn 0.1551 -0.4657 -0.8712
vn 0.1551 -0.4657 -0.8712
vn 0.1785 -0.3844 -0.9057
vn 0.1785 -0.3844 -0.9057
vn 0.6654 -0.7270 -0.1694
vn 0.6654 -0.7270 -0.1694
vn 0.0000 -0.9998 0.0208
vn 0.0028 -0.9998 -0.0208
vn 0.0054 -0.9998 -0.0210
vn 0.0227 -0.9996 0.0165
vn 0.5234 -0.1759 0.8337
vn 0.7031 -0.1861 0.6863
vn 0.8308 0.0019 0.5566
vn 0.8163 -0.1880 0.5462
vn 0.9071 -0.1880 0.3765
vn 0.9234 0.0019 0.3838
vn 0.9834 -0.1814 -0.0014
vn 1.0000 0.0094 -0.0020
vn 0.9812 0.0024 0.1932
vn 0.9637 -0.1874 0.1903
vn 0.9810 0.0127 -0.1934
vn 0.9660 -0.1770 -0.1883
vn 0.9443 -0.1758 -0.2783
vn 0.9579 0.0115 -0.2870
vn -0.9243 0.0029 0.3816
vn -0.9645 -0.1810 0.1922
vn -0.9081 -0.1831 0.3766
vn -0.7016 -0.1934 0.6858
vn 0.5658 0.0048 0.8245
vn 0.5325 -0.3454 0.7727
vn 0.7019 -0.3452 0.6230
vn 0.7465 0.0052 0.6653
vn 0.9814 -0.0079 -0.1916
vn 0.9156 -0.3348 -0.2227
vn 0.8360 -0.3350 -0.4346
vn -0.8854 0.0017 -0.4648
vn -0.7490 0.0009 -0.6626
vn -0.7017 -0.3483 -0.6215
vn -0.8302 -0.3478 -0.4357
vn -0.8882 -0.3741 -0.2669
vn -0.9616 -0.0119 -0.2741
vn -0.0144 -0.9998 0.0123
vn -0.8447 -0.5202 -0.1256
vn 0.4719 -0.8740 -0.1160
vn 0.4308 -0.8740 -0.2248
vn 0.2741 -0.8758 0.3972
vn 0.3611 -0.8758 0.3203
vn -0.4266 -0.8763 -0.2239
vn -0.0457 -0.9899 0.1341
vn -0.0111 -0.9893 0.1455
vn 0.1765 -0.0015 0.9843
vn 0.1130 -0.0030 0.9936
vn 0.1061 -0.0065 0.9943
vn -0.1438 -0.9896 0.0019
vn -0.1400 -0.9895 0.0357
vn -0.9860 -0.0731 -0.1498
vn 0.1889 -0.1889 -0.9636
vn 0.2799 -0.1876 -0.9415
vn 0.0150 -0.9998 0.0148
vn 0.3629 -0.2052 0.9089
vn -0.9827 -0.1850 0.0001
vn -0.2281 -0.9691 0.0940
vn -0.6918 -0.6625 0.2873
vn -0.6956 -0.1933 -0.6920
vn -0.5459 -0.1951 -0.8148
vn -0.3745 -0.1912 -0.9073
vn 0.6201 -0.6660 0.4146
vn 0.6890 -0.6661 0.2858
vn -0.0151 -0.9998 0.0150
vn 0.7294 0.3488 0.5885
vn 0.7706 0.4021 0.4945
vn 0.5351 0.5697 0.6238
vn 0.5666 0.5409 0.6216
vn -0.2617 0.6716 0.6932
vn -0.2674 0.6764 0.6863
vn -0.2573 0.6786 0.6880
vn -0.2463 0.6739 0.6966
vn -0.2779 0.6440 0.7127
vn -0.2578 0.6517 0.7133
vn -0.2431 0.6541 0.7163
vn -0.2741 0.6444 0.7139
vn 0.2590 0.6497 0.7147
vn 0.2702 0.6431 0.7166
vn 0.2654 0.6436 0.7179
vn 0.2412 0.6527 0.7182
vn 0.2108 0.6815 0.7008
vn 0.2326 0.6866 0.6888
vn 0.2438 0.6842 0.6873
vn 0.2292 0.6791 0.6974
vn 0.2606 0.6441 0.7192
vn 0.2234 0.6553 0.7215
vn 0.1168 0.6762 0.7274
vn 0.1168 0.6762 0.7274
vn -0.1519 0.6735 0.7234
vn -0.1519 0.6735 0.7234
vn -0.1550 0.6761 0.7204
vn -0.1550 0.6761 0.7204
vn -0.2310 0.6760 0.6998
vn 0.1199 0.6801 0.7233
vn 0.1199 0.6801 0.7233
vn -0.2724 0.6492 0.7102
vn -0.2595 0.6607 0.7044
vn -0.2595 0.6607 0.7044
vn 0.4927 0.5737 0.6543
vn 0.5859 0.4771 0.6551
vn 0.5566 0.3020 0.7739
vn 0.5581 0.3792 0.7381
vn 0.1360 0.1634 0.9771
vn 0.2672 0.1855 0.9456
vn 0.2765 0.2282 0.9335
vn 0.1378 0.1888 0.9723
vn 0.5166 0.1087 0.8493
vn 0.3703 0.0825 0.9252
vn 0.3443 -0.0123 0.9388
vn 0.4738 -0.0067 0.8806
vn 0.4150 0.2321 0.8797
vn 0.4357 0.2866 0.8532
vn -0.7540 0.3562 0.5519
vn -0.6524 0.5400 0.5317
vn -0.5481 0.5876 0.5953
vn -0.7275 0.4554 0.5132
vn -0.5715 0.2748 0.7732
vn -0.5726 0.3661 0.7336
vn -0.6573 0.4702 0.5889
vn -0.4197 0.2173 0.8813
vn -0.4376 0.2855 0.8526
vn -0.5414 0.0876 0.8362
vn -0.3850 0.0684 0.9204
vn -0.5125 -0.0061 0.8586
vn -0.3680 -0.0115 0.9298
vn -0.2651 0.0581 0.9625
vn -0.2603 -0.0201 0.9653
vn -0.1415 -0.0209 0.9897
vn -0.1419 0.0585 0.9881
vn -0.2824 0.2361 0.9298
vn -0.2758 0.1862 0.9430
vn -0.1429 0.1684 0.9753
vn -0.1441 0.1991 0.9693
vn -0.6832 0.1681 0.7107
vn -0.7492 0.1584 0.6432
vn -0.7106 0.0412 0.7024
vn -0.6428 0.0461 0.7647
vn -0.7823 0.4856 0.3900
vn -0.6511 0.5323 0.5411
vn -0.5172 0.8010 0.3014
vn -0.4383 0.6535 0.6172
vn -0.4436 0.6689 0.5965
vn -0.4758 0.6711 0.5685
vn 0.4093 0.8552 0.3179
vn 0.2729 0.9329 0.2349
vn 0.1081 0.9682 0.2255
vn 0.8617 -0.0204 -0.5071
vn 0.8465 -0.0131 -0.5322
vn 0.9024 -0.0259 -0.4301
vn 0.9219 -0.0338 -0.3861
vn 0.7273 -0.0034 -0.6863
vn 0.7371 -0.0075 -0.6757
vn -0.9632 -0.1886 -0.1915
vn -0.0262 -0.9997 0.0012
vn -0.0038 -0.9997 0.0248
vn 0.0276 -0.9992 0.0276
vn 0.0218 -0.9998 -0.0000
vn -0.0279 -0.9992 -0.0279
vn -0.0215 -0.9998 -0.0000
vn -0.1293 -0.9890 0.0711
vn 0.0169 -0.9891 0.1461
vn 0.0172 -0.9891 0.1461
vn 0.9805 -0.0275 -0.1945
vn 0.9957 -0.0418 -0.0826
vn 0.7459 -0.0041 -0.6660
vn -0.3720 -0.1505 0.9159
vn -0.6464 -0.0391 0.7620
vn -0.7934 -0.0330 0.6078
vn 0.3552 -0.1510 0.9225
vn 0.2494 -0.1716 0.9531
vn 0.1345 -0.1884 0.9728
vn 0.2495 0.0627 0.9663
vn 0.2401 -0.0175 0.9706
vn -0.0562 -0.9905 0.1255
vn -0.3168 -0.0077 0.9485
vn -0.2860 -0.0055 0.9582
vn -0.3088 -0.0109 0.9511
vn -0.3176 -0.0154 0.9481
vn -0.3088 0.0109 0.9511
vn -0.2999 0.0064 0.9540
vn -0.2550 0.0032 0.9669
vn -0.2860 0.0055 0.9582
vn 0.3168 0.0077 0.9485
vn 0.2857 0.0055 0.9583
vn 0.3088 0.0109 0.9511
vn 0.3176 0.0154 0.9481
vn 0.3088 -0.0109 0.9511
vn 0.2998 -0.0064 0.9540
vn 0.2544 -0.0032 0.9671
vn 0.2857 -0.0055 0.9583
vn 0.0835 -0.7603 0.6441
vn 0.0835 -0.7603 0.6441
vn -0.0763 -0.8070 0.5855
vn -0.0763 -0.8070 0.5855
vn 0.3017 -0.6286 0.7168
vn 0.3017 -0.6286 0.7168
vn 0.5074 -0.3860 0.7704
vn 0.5074 -0.3860 0.7704
vn 0.6212 -0.1161 0.7750
vn 0.6212 -0.1161 0.7750
vn 0.5927 0.0983 0.7994
vn 0.5927 0.0983 0.7994
vn 0.4484 0.3552 0.8202
vn 0.4484 0.3552 0.8202
vn 0.2503 0.5840 0.7722
vn 0.2503 0.5840 0.7722
vn 0.0480 0.7101 0.7025
vn 0.0480 0.7101 0.7025
vn -0.0958 0.7571 0.6462
vn -0.0958 0.7571 0.6462
vn -0.0918 0.7582 0.6455
vn 0.0010 0.7479 0.6638
vn 0.0010 0.7479 0.6638
vn -0.0918 0.7582 0.6455
vn 0.0907 0.7503 0.6548
vn 0.0907 0.7503 0.6548
vn 0.0901 0.7538 0.6509
vn 0.0901 0.7538 0.6509
vn -0.0589 0.7137 0.6980
vn -0.0589 0.7137 0.6980
vn -0.2898 0.5848 0.7577
vn -0.2898 0.5848 0.7577
vn -0.5155 0.3551 0.7798
vn -0.5155 0.3551 0.7798
vn -0.6612 0.1019 0.7432
vn -0.6612 0.1019 0.7432
vn -0.6861 -0.1206 0.7175
vn -0.6861 -0.1206 0.7175
vn -0.5700 -0.3875 0.7245
vn -0.5700 -0.3875 0.7245
vn -0.3438 -0.6304 0.6960
vn -0.3438 -0.6304 0.6960
vn -0.0994 -0.7642 0.6373
vn -0.0994 -0.7642 0.6373
vn 0.0689 -0.8050 0.5893
vn 0.0689 -0.8050 0.5893
vn 0.0816 -0.8039 0.5891
vn 0.0816 -0.8039 0.5891
vn 0.0009 -0.8026 0.5965
vn 0.0009 -0.8026 0.5965
vn -0.0827 -0.8097 0.5810
vn -0.0827 -0.8097 0.5810
vn 0.1933 0.9327 -0.3046
vn 0.1346 0.9281 -0.3470
vn 0.0018 -0.9991 0.0433
vn 0.0000 -0.9990 0.0442
vn -0.0000 -0.9977 0.0673
vn 0.0023 -0.9978 0.0669
vn 0.0002 -1.0000 0.0003
vn 0.0000 -1.0000 0.0007
vn 0.0000 -0.9998 0.0189
vn 0.0010 -0.9998 0.0179
vn 0.0029 -0.9949 0.1007
vn 0.0020 -0.9957 0.0925
vn 0.0616 0.9200 -0.3870
vn -0.0124 0.9167 -0.3993
vn -0.0142 0.9673 -0.2533
vn 0.2813 0.9590 -0.0338
vn -0.8280 0.4922 0.2688
vn -0.8402 0.5053 0.1969
vn 0.7435 0.0595 0.6661
vn 0.7806 -0.0162 0.6248
vn 0.9423 -0.0086 0.3345
vn -0.7636 0.0564 0.6433
vn -0.6137 -0.0088 0.7895
vn -0.7887 -0.0100 0.6147
vn -0.9557 0.1115 0.2723
vn -0.9483 0.1379 0.2860
vn -0.9372 0.1754 0.3017
vn 0.3503 0.6379 0.6859
vn 0.3747 0.6365 0.6741
vn -0.0227 0.9689 0.2465
vn -0.1507 0.9622 0.2266
vn -0.0081 0.9173 -0.3981
vn -0.0767 0.9080 -0.4118
vn -0.1900 0.8926 -0.4089
vn -0.0250 -0.9920 0.1238
vn -0.8090 -0.5440 -0.2226
vn -0.5602 -0.7259 -0.3990
vn -0.3677 0.7094 0.6013
vn -0.5902 0.6046 0.5349
vn -0.5566 0.7205 0.4135
vn -0.3161 0.8338 0.4526
vn -0.8181 0.3908 0.4218
vn -0.8210 0.4618 0.3356
vn -0.9462 0.1435 0.2900
vn -0.9566 0.1556 0.2466
vn -0.9846 -0.0487 0.1677
vn -0.9854 -0.0568 0.1604
vn -0.9639 -0.2661 0.0048
vn -0.9579 -0.2872 -0.0022
vn -0.8428 -0.5029 -0.1918
vn -0.6178 -0.6884 -0.3801
vn 0.0000 0.9931 0.1172
vn -0.0140 0.9954 -0.0949
vn 0.0594 0.9339 0.3525
vn 0.2153 0.8988 0.3818
vn 0.1505 0.8406 0.5203
vn 0.3446 0.8330 0.4329
vn 0.2066 0.8303 0.5176
vn 0.3749 0.8720 0.3148
vn 0.2140 0.8959 0.3894
vn 0.3663 0.9135 0.1772
vn 0.2064 0.9476 0.2437
vn 0.2074 0.9781 -0.0186
vn 0.1603 0.9869 -0.0184
vn 0.2309 0.9729 0.0157
vn 0.3881 0.9042 0.1783
vn 0.5018 0.8184 0.2801
vn 0.5455 0.8165 0.1888
vn 0.5499 0.8326 0.0659
vn 0.5240 0.8458 -0.1008
vn 0.3323 0.9430 -0.0202
vn 0.4726 0.8358 -0.2793
vn 0.2819 0.9366 -0.2081
vn -0.2092 0.9254 0.3161
vn 0.0283 0.9571 0.2883
vn -0.2031 0.8475 0.4904
vn 0.0327 0.8942 0.4465
vn 0.0357 0.8173 0.5751
vn -0.1872 0.7705 0.6094
vn 0.0215 0.8058 0.5918
vn -0.1555 0.7678 0.6215
vn -0.1435 0.8781 0.4564
vn -0.0200 0.9062 0.4224
vn -0.0534 0.9873 0.1495
vn -0.1424 0.9743 0.1747
vn -0.4636 0.8270 0.3181
vn 0.5138 0.8529 -0.0921
vn 0.4864 0.8616 -0.1452
vn 0.5633 0.8249 0.0459
vn 0.5989 0.7779 0.1901
vn -0.2983 0.8603 -0.4133
vn -0.8487 0.1454 0.5085
vn -0.9234 0.1447 0.3556
vn -0.9206 0.0271 0.3896
vn -0.8261 0.0333 0.5626
vn -0.9685 0.1199 0.2182
vn -0.9663 0.0191 0.2566
vn 0.5803 -0.0146 0.8143
vn 0.6368 0.7412 -0.2125
vn 0.5630 0.7923 -0.2352
vn 0.6048 0.7872 -0.1202
vn -0.0006 1.0000 -0.0093
vn 0.0000 1.0000 -0.0084
vn 0.4946 -0.4455 -0.7463
vn 0.5177 -0.4568 -0.7234
vn 0.7279 -0.2358 -0.6439
vn 0.7365 -0.2111 -0.6427
vn 0.8362 -0.0646 -0.5447
vn 0.8849 0.1050 -0.4538
vn 0.8793 0.3666 -0.3040
vn 0.8820 0.2959 -0.3667
vn 0.7480 0.6622 -0.0437
vn 0.7434 0.6686 -0.0187
vn -0.8667 0.0018 -0.4987
vn -0.8818 -0.0020 -0.4716
vn -0.8361 -0.0053 -0.5486
vn -0.7730 -0.0003 -0.6344
vn -0.8804 0.0048 -0.4742
vn -0.9425 0.0027 -0.3341
vn -0.7522 0.0028 -0.6589
vn 0.0023 -0.9999 -0.0156
vn 0.0028 -0.9991 -0.0421
vn 0.0000 -0.9991 -0.0421
vn 0.0000 -1.0000 -0.0098
vn 0.0006 -0.9977 -0.0674
vn 0.0000 -0.9977 -0.0674
vn -0.9822 -0.0446 0.1824
vn -0.9699 -0.2429 0.0192
vn -0.8762 -0.4505 -0.1713
vn -0.6549 -0.6508 -0.3842
vn -0.4030 -0.7438 -0.5332
vn -0.4025 -0.7620 -0.5074
vn -0.2424 -0.7547 -0.6097
vn -0.2552 -0.7677 -0.5878
vn -0.0800 -0.7353 -0.6730
vn -0.0970 -0.7399 -0.6657
vn 0.0758 -0.6908 -0.7190
vn 0.0561 -0.6838 -0.7275
vn 0.2176 -0.6059 -0.7652
vn 0.2404 -0.6145 -0.7514
vn 0.4268 -0.4794 -0.7668
vn -0.3846 -0.7773 -0.4980
vn -0.2537 -0.7786 -0.5740
vn -0.1140 -0.7477 -0.6542
vn 0.0319 -0.6849 -0.7279
vn 0.1957 -0.6014 -0.7746
vn 0.2933 -0.5465 -0.7844
vn 0.0003 1.0000 -0.0054
vn 0.0007 0.9999 -0.0109
vn 0.0018 0.9999 -0.0106
vn 0.0009 1.0000 -0.0053
vn -0.0006 0.1164 0.9932
vn -0.0003 0.2106 0.9776
vn -0.0024 0.0731 -0.9973
vn -0.0012 0.1616 -0.9869
vn -0.0000 0.1616 -0.9869
vn 0.0000 0.0731 -0.9973
vn 0.9713 0.0199 0.2371
vn 0.7125 0.6899 -0.1279
vn 0.4412 -0.0505 0.8960
vn 0.3684 -0.0163 0.9295
vn 0.6667 0.7405 0.0845
vn 0.7113 0.6646 -0.2288
vn 0.6619 0.6414 -0.3879
vn 0.2208 0.8833 -0.4135
vn 0.1678 0.7690 -0.6168
vn -0.1216 -0.7498 -0.6504
vn -0.2483 -0.7805 -0.5738
vn 0.0027 -0.9978 0.0665
vn 0.0018 -0.9991 0.0424
vn 0.0010 -0.9999 0.0169
vn 0.0002 -1.0000 -0.0001
vn 0.0002 -0.9292 -0.3697
vn -0.0000 -0.9292 -0.3697
vn -0.0000 -0.9926 -0.1214
vn 0.0005 -0.9926 -0.1214
vn -0.9663 0.1541 0.2063
vn -0.8704 -0.3425 -0.3538
vn 0.2002 -0.6625 -0.7218
vn 0.4365 -0.5431 -0.7173
vn 0.5098 -0.5159 -0.6884
vn 0.2589 -0.6487 -0.7156
vn 0.5375 -0.4786 -0.6943
vn 0.2834 -0.6439 -0.7107
vn 0.5347 -0.4631 -0.7068
vn 0.2825 -0.6408 -0.7139
vn 0.2671 -0.6306 -0.7287
vn -0.0652 -0.7340 -0.6760
vn -0.2245 -0.7372 -0.6373
vn -0.2090 -0.7326 -0.6478
vn -0.0654 -0.7312 -0.6790
vn -0.0684 -0.7366 -0.6729
vn -0.2311 -0.7461 -0.6245
vn 0.0853 -0.7124 -0.6966
vn 0.0764 -0.7130 -0.6970
vn 0.0871 -0.7049 -0.7040
vn -0.1853 -0.7261 -0.6621
vn -0.0570 -0.7269 -0.6843
vn -0.1518 -0.6871 -0.7106
vn -0.0414 -0.6980 -0.7149
vn 0.0667 -0.7078 -0.7033
vn 0.0474 -0.6926 -0.7198
vn -0.0519 -0.6222 -0.7811
vn 0.1592 -0.5796 -0.7992
vn -0.8425 0.5171 0.1511
vn -0.8294 0.5148 0.2171
vn -0.9231 0.0086 0.3844
vn -0.8292 0.0174 0.5588
vn -0.8308 0.0039 0.5565
vn -0.5569 -0.0066 -0.8305
vn -0.3813 -0.0021 -0.9244
vn -0.7093 -0.0045 -0.7049
vn 0.0243 -0.9921 0.1233
vn 0.0006 -0.9922 0.1247
vn 0.8687 0.1404 -0.4749
vn 0.7392 -0.2018 -0.6426
vn 0.8456 -0.0568 -0.5309
vn -0.3891 -0.7317 -0.5597
vn -0.4635 -0.7685 -0.4411
vn 0.7899 0.5085 -0.3426
vn 0.8638 0.3974 -0.3096
vn 0.8803 0.1302 -0.4562
vn 0.8198 -0.0935 -0.5650
vn 0.7121 -0.2683 -0.6488
vn -0.6609 -0.6389 -0.3938
vn -0.9376 0.1512 0.3130
vn -0.8179 0.3730 0.4382
vn -0.6325 0.5561 0.5392
vn -0.4274 0.6775 0.5987
vn 0.7392 0.6643 -0.1107
vn -0.3666 -0.7236 -0.5848
vn -0.8903 -0.4295 -0.1514
vn 0.8294 0.4178 -0.3709
vn 0.8598 0.1441 -0.4899
vn 0.8024 -0.1220 -0.5842
vn 0.6981 -0.3099 -0.6455
vn -0.3354 -0.7212 -0.6061
vn -0.6317 -0.6383 -0.4399
vn -0.8840 -0.4244 -0.1961
vn -0.9723 -0.2322 0.0262
vn -0.9843 -0.0313 0.1735
vn -0.9374 0.1889 0.2924
vn -0.8265 0.4071 0.3887
vn -0.6674 0.5849 0.4609
vn -0.4587 0.7354 0.4988
vn -0.5764 -0.6297 -0.5208
vn 0.7707 0.4194 -0.4797
vn 0.8188 0.1554 -0.5526
vn 0.7861 -0.1237 -0.6056
vn 0.6863 -0.3432 -0.6412
vn -0.2996 -0.7065 -0.6412
vn -0.5065 -0.6026 -0.6167
vn -0.8398 -0.4023 -0.3646
vn -0.9771 -0.2118 -0.0216
vn -0.9947 0.0147 0.1015
vn -0.9487 0.2493 0.1946
vn -0.8376 0.4779 0.2648
vn -0.6742 0.6734 0.3034
vn -0.7489 -0.3687 -0.5507
vn -0.9613 -0.1520 -0.2299
vn -0.6413 0.7662 0.0412
vn 0.5471 0.6093 -0.5739
vn 0.3868 0.7854 -0.4832
vn 0.6454 0.4199 -0.6381
vn 0.7043 0.1838 -0.6857
vn 0.6989 -0.0873 -0.7099
vn 0.6154 -0.3331 -0.7144
vn -0.2604 -0.6584 -0.7062
vn -0.4296 -0.5583 -0.7097
vn -0.6221 -0.3508 -0.6999
vn -0.8770 -0.1072 -0.4684
vn -0.9854 0.1074 -0.1324
vn -0.9387 0.3384 -0.0657
vn -0.8197 0.5728 -0.0037
vn -0.7355 -0.0891 -0.6716
vn -0.9069 0.1604 -0.3897
vn -0.5818 0.7868 -0.2062
vn -0.7522 0.6022 -0.2676
vn 0.3719 0.6014 -0.7071
vn 0.3053 0.7262 -0.6160
vn 0.4323 0.4183 -0.7988
vn 0.4718 0.2038 -0.8578
vn 0.4756 -0.0626 -0.8774
vn 0.4230 -0.3204 -0.8476
vn 0.3468 -0.5133 -0.7850
vn -0.2391 -0.5681 -0.7875
vn -0.3667 -0.5197 -0.7716
vn -0.4524 -0.3577 -0.8169
vn -0.5234 -0.0746 -0.8488
vn -0.7606 0.1777 -0.6245
vn -0.8641 0.3815 -0.3282
vn -0.4878 0.7520 -0.4432
vn 0.1622 0.6135 -0.7728
vn 0.1763 -0.3581 -0.9169
vn -0.2674 -0.3829 -0.8842
vn -0.5280 0.1942 -0.8267
vn -0.7297 0.3763 -0.5709
vn -0.6408 0.5738 -0.5100
vn -0.3772 0.6870 -0.6210
vn 0.1760 0.4194 -0.8906
vn -0.0579 0.6039 -0.7949
vn 0.1944 0.2064 -0.9589
vn 0.2014 -0.0787 -0.9763
vn -0.0590 -0.3930 -0.9177
vn -0.3033 -0.0832 -0.9493
vn -0.3015 0.2025 -0.9317
vn -0.4986 0.3724 -0.7828
vn -0.0630 -0.0916 -0.9938
vn -0.4411 0.5479 -0.7108
vn -0.2462 0.5752 -0.7801
vn -0.0636 0.4227 -0.9041
vn -0.0649 0.2082 -0.9759
vn -0.2772 0.4027 -0.8723
vn 0.8306 0.0019 0.5568
vn 0.9233 0.0019 0.3841
vn 1.0000 0.0094 -0.0023
vn 0.9812 0.0024 0.1929
vn 0.9580 0.0115 -0.2866
vn 0.9811 0.0127 -0.1932
vn -0.3717 -0.7803 -0.5030
vn 0.0187 -0.6861 -0.7273
vn 0.1827 -0.6001 -0.7788
vn 0.2781 -0.5468 -0.7898
vn 0.0004 -1.0000 -0.0008
vn 0.0004 -0.9960 -0.0893
vn -0.0000 -0.9960 -0.0893
vn 0.0000 -0.9964 0.0843
vn 0.0022 1.0000 -0.0095
vn 0.0022 1.0000 -0.0095
vn 0.0003 1.0000 -0.0033
vn 0.0004 1.0000 -0.0056
vn -0.1101 -0.9888 0.1004
vn -0.0841 -0.9892 0.1198
vn -0.1404 -0.9894 -0.0370
vn 0.7453 0.0051 0.6667
vn 0.5644 0.0048 0.8255
vn 0.8406 0.0481 -0.5396
vn 0.8193 0.0498 -0.5712
vn 0.7367 0.0474 -0.6746
vn 0.5773 0.0455 -0.8153
vn 0.3690 0.0509 -0.9280
vn 0.1406 0.0568 -0.9884
vn -0.3346 0.0891 -0.9381
vn -0.5452 0.1135 -0.8306
vn -0.7256 0.1449 -0.6727
vn -0.8010 0.1606 -0.5768
vn 0.0033 -0.0190 0.9998
vn 0.0032 0.0605 0.9982
vn 0.2544 0.0032 0.9671
vn 0.2999 0.0064 0.9540
vn -0.2550 -0.0032 0.9669
vn -0.2999 -0.0064 0.9540
vn 0.3168 -0.0077 0.9485
vn 0.3176 -0.0154 0.9481
vn -0.3168 0.0077 0.9485
vn -0.3176 0.0154 0.9481
vn -0.9476 -0.0194 0.3189
vn 0.6160 -0.0200 0.7875
vn 0.6329 -0.0389 0.7732
vn 0.0540 -0.9907 0.1246
vn 0.0021 0.1796 0.9837
vn 0.0026 0.1596 0.9872
vn -0.4831 -0.1102 0.8686
vn -0.4831 -0.1102 0.8686
vn -0.7082 0.1190 0.6959
vn -0.7082 0.1190 0.6959
vn -0.8226 0.3085 0.4778
vn -0.8226 0.3085 0.4778
vn -0.8485 0.3643 0.3837
vn -0.8485 0.3643 0.3837
vn -0.8346 0.4503 0.3172
vn -0.8346 0.4503 0.3172
vn -0.7277 0.6619 0.1798
vn -0.7277 0.6619 0.1798
vn -0.4664 0.8840 0.0333
vn -0.4664 0.8840 0.0333
vn -0.2237 0.9728 -0.0594
vn -0.2237 0.9728 -0.0594
vn -0.1008 0.9901 -0.0979
vn -0.1008 0.9901 -0.0979
vn -0.0243 0.9933 -0.1132
vn -0.0243 0.9933 -0.1132
vn -0.0032 0.9922 -0.1247
vn -0.0032 0.9922 -0.1247
vn 0.0230 0.9891 -0.1453
vn 0.0230 0.9891 -0.1453
vn 0.1110 0.9834 -0.1437
vn 0.1110 0.9834 -0.1437
vn 0.2478 0.9627 -0.1086
vn 0.2478 0.9627 -0.1086
vn 0.4880 0.8727 -0.0170
vn 0.4880 0.8727 -0.0170
vn 0.7404 0.6578 0.1383
vn 0.7404 0.6578 0.1383
vn 0.8389 0.4548 0.2989
vn 0.8389 0.4548 0.2989
vn 0.8185 0.4040 0.4085
vn 0.8185 0.4040 0.4085
vn 0.7326 0.4025 0.5489
vn 0.7326 0.4025 0.5489
vn 0.5831 0.2479 0.7737
vn 0.5831 0.2479 0.7737
vn 0.3699 -0.0020 0.9291
vn 0.3699 -0.0020 0.9291
vn 0.1414 -0.2115 0.9671
vn 0.1414 -0.2115 0.9671
vn -0.0365 -0.3309 0.9430
vn -0.0365 -0.3309 0.9430
vn -0.0690 -0.3685 0.9270
vn -0.0690 -0.3685 0.9270
vn -0.0120 -0.3716 0.9283
vn -0.0120 -0.3716 0.9283
vn 0.0460 -0.3816 0.9232
vn 0.0460 -0.3816 0.9232
vn 0.0026 -0.3637 0.9315
vn 0.0026 -0.3637 0.9315
vn -0.2180 -0.2736 0.9368
vn -0.2180 -0.2736 0.9368
vn 0.2438 0.6637 0.7072
vn 0.2438 0.6637 0.7072
vn 0.2474 0.6764 0.6937
vn 0.2550 0.6818 0.6857
vn -0.2471 0.6808 0.6896
vn -0.2817 0.6437 0.7116
vn 0.2870 0.0976 -0.9530
vn 0.7872 0.1300 -0.6028
vn 0.9860 0.1661 -0.0139
vn 0.7950 0.1799 0.5794
vn 0.2917 0.1630 0.9425
vn -0.3196 0.1366 0.9376
vn -0.8118 0.1157 0.5724
vn -0.9951 0.0981 -0.0144
vn -0.8011 0.0862 -0.5923
vn -0.3122 0.0842 -0.9463
vn 0.2672 0.7924 0.5484
vn 0.1631 0.8183 0.5512
vn 0.1625 0.8121 0.5605
vn 0.2787 0.7776 0.5637
vn 0.0273 0.8263 0.5625
vn 0.0278 0.8263 0.5626
vn -0.1150 0.8216 0.5584
vn -0.1136 0.8104 0.5748
vn -0.2892 0.7597 0.5824
vn -0.4677 0.6352 0.6146
vn -0.4102 0.6744 0.6139
vn -0.3119 0.7239 0.6153
vn -0.4769 0.6086 0.6342
vn -0.3893 0.6450 0.6576
vn -0.7021 0.3975 0.5908
vn -0.7403 0.4345 0.5130
vn -0.6260 0.3219 0.7103
vn -0.6294 0.1904 0.7534
vn -0.6294 0.1904 0.7534
vn -0.6741 0.5250 0.5196
vn -0.6647 0.7000 0.2611
vn -0.6491 0.7109 0.2706
vn -0.6741 0.5120 0.5324
vn -0.0008 1.0000 -0.0097
vn -0.0008 1.0000 -0.0097
vn -0.1500 0.9842 -0.0942
vn -0.0709 0.9869 -0.1447
vn 0.9888 -0.1450 0.0362
vn 0.9878 -0.0163 0.1546
vn 0.9738 -0.0007 0.2274
vn 0.9830 -0.0092 0.1835
vn 0.9551 -0.2951 -0.0277
vn 0.9866 -0.0476 0.1563
vn 0.9021 -0.4057 -0.1470
vn 0.7292 -0.6329 -0.2602
vn 0.7739 -0.5862 -0.2399
vn 0.5617 -0.7522 -0.3445
vn 0.5893 -0.7247 -0.3570
vn 0.1507 0.7649 -0.6263
vn 0.3318 0.8189 -0.4683
vn 0.2969 0.7854 -0.5432
vn 0.2296 0.7922 -0.5655
vn 0.1221 0.7897 -0.6013
vn 0.1775 0.8428 -0.5081
vn -0.0256 0.9990 0.0378
vn -0.0154 0.9966 0.0810
vn -0.0709 0.9564 0.2833
vn -0.0994 0.9785 0.1806
vn -0.0087 0.9973 -0.0732
vn -0.0044 0.9959 -0.0905
vn -0.0137 0.9709 -0.2392
vn -0.0291 0.9779 -0.2069
vn -0.0474 0.9181 -0.3934
vn -0.0229 0.9169 -0.3984
vn -0.0643 0.8492 -0.5241
vn -0.0337 0.8459 -0.5323
vn -0.0731 0.8314 -0.5508
vn -0.0497 0.8151 -0.5772
vn 0.0016 0.8340 -0.5517
vn -0.0196 0.7777 -0.6284
vn 0.0181 0.8224 -0.5687
vn 0.0038 0.7521 -0.6590
vn 0.0299 0.7443 -0.6672
vn 0.0971 0.7548 -0.6488
vn 0.0679 0.8282 -0.5564
vn 0.1498 0.7675 -0.6233
vn -0.1363 0.0586 -0.9889
vn -0.1244 0.2461 -0.9612
vn 0.1059 0.2566 -0.9607
vn 0.0619 0.0680 -0.9958
vn -0.3654 0.0513 -0.9294
vn -0.3491 0.2388 -0.9062
vn -0.5747 0.0457 -0.8171
vn -0.5550 0.2338 -0.7983
vn -0.7408 0.0472 -0.6700
vn -0.7274 0.2308 -0.6462
vn -0.8330 0.2798 -0.4773
vn -0.8296 0.0592 -0.5553
vn -0.8578 0.2565 -0.4454
vn -0.8518 0.0674 -0.5195
vn -0.0007 0.1075 0.9942
vn -0.0017 0.1191 0.9929
vn -0.0004 0.1689 0.9856
vn -0.0011 0.1204 0.9927
vn -0.0003 0.1198 0.9928
vn 0.0002 0.1181 0.9930
vn 0.9363 0.3499 0.0315
vn 0.4172 0.9086 0.0206
vn 0.4172 0.9086 0.0206
vn 0.9363 0.3499 0.0315
vn -0.3654 -0.3400 0.8665
vn -0.1106 -0.5432 0.8323
vn -0.1106 -0.5432 0.8323
vn -0.3654 -0.3400 0.8665
vn -0.5866 -0.0868 0.8052
vn -0.5866 -0.0868 0.8052
vn -0.4967 0.3087 0.8111
vn -0.4967 0.3087 0.8111
vn -0.1646 0.5943 0.7872
vn -0.1646 0.5943 0.7872
vn -0.0018 -0.1896 0.9819
vn -0.0045 -0.1923 0.9813
vn 0.0072 -0.1694 0.9855
vn 0.0026 -0.2425 0.9701
vn 0.0045 -0.0822 -0.9966
vn 0.0045 -0.0822 -0.9966
vn -0.8654 0.0060 -0.5011
vn -0.8654 0.0060 -0.5011
vn -0.8266 0.0158 -0.5626
vn -0.8266 0.0158 -0.5626
vn -0.7281 0.0236 -0.6851
vn -0.7281 0.0236 -0.6851
vn -0.3632 0.0259 -0.9314
vn -0.3632 0.0259 -0.9314
vn -0.5739 0.0229 -0.8186
vn -0.5739 0.0229 -0.8186
vn -0.1318 0.0302 -0.9908
vn -0.1318 0.0302 -0.9908
vn 0.1069 0.0364 -0.9936
vn 0.1069 0.0364 -0.9936
vn 0.3394 0.0454 -0.9396
vn 0.3394 0.0454 -0.9396
vn 0.5525 0.0584 -0.8314
vn 0.5525 0.0584 -0.8314
vn 0.7349 0.0736 -0.6742
vn 0.7349 0.0736 -0.6742
vn 0.8109 0.0806 -0.5796
vn 0.8109 0.0806 -0.5796
vn -0.9487 -0.0130 -0.3159
vn -0.9031 -0.0006 -0.4293
vn -0.9814 -0.0079 -0.1916
vn -0.9805 -0.0275 -0.1945
vn -0.5320 0.7497 0.3936
vn -0.6091 0.7237 0.3246
vn -0.9543 0.1713 0.2449
vn -0.9589 0.1195 0.2573
vn -0.9636 0.0685 0.2583
vn -0.9680 0.0674 0.2415
vn -0.0004 0.4535 0.8912
vn -0.0004 0.6931 0.7209
vn -0.0002 0.6968 0.7172
vn -0.0002 0.4584 0.8887
vn -0.0008 0.8860 0.4636
vn -0.0005 0.9953 0.0966
vn -0.0004 0.9891 0.1469
vn -0.0004 0.8850 0.4656
vn -0.3097 0.8345 -0.4557
vn -0.5905 0.7324 -0.3391
vn -0.8279 0.4185 -0.3733
vn -0.7165 -0.0166 0.6974
vn -0.7164 0.0044 0.6977
vn -0.6112 -0.0539 0.7896
vn -0.6660 -0.0980 0.7395
vn -0.6666 -0.1108 0.7372
vn -0.6666 -0.1108 0.7372
vn -0.6539 -0.0527 0.7547
vn -0.6547 -0.0542 0.7540
vn -0.0034 -0.7770 0.6295
vn -0.0018 -0.7898 0.6134
vn -0.0020 -0.9707 0.2401
vn -0.0035 -0.9659 0.2589
vn -0.0011 -0.4765 0.8792
vn -0.0006 -0.4843 0.8749
vn -0.8714 0.0184 -0.4902
vn -0.8807 0.0646 -0.4693
vn -0.8823 0.0777 -0.4641
vn -0.8542 -0.0304 -0.5191
vn 0.0876 0.9128 -0.3989
vn 0.0373 0.9144 -0.4032
vn 0.1132 0.9632 -0.2436
vn 0.0535 0.9664 -0.2513
vn 0.1432 0.9875 -0.0665
vn 0.0603 0.9947 -0.0834
vn 0.5351 0.8197 0.2041
vn 0.2830 0.9399 0.1909
vn 0.2644 0.9643 -0.0146
vn 0.4833 0.8755 -0.0011
vn 0.1418 0.8840 -0.4455
vn 0.1397 0.9200 -0.3663
vn 0.1545 0.9604 -0.2319
vn 0.2744 0.9556 -0.1073
vn 0.3052 0.9428 -0.1344
vn 0.2736 0.9367 -0.2182
vn 0.5161 0.8537 -0.0695
vn 0.2830 0.8695 -0.4049
vn 0.5280 0.8212 -0.2165
vn 0.0289 0.8009 -0.5981
vn 0.0637 0.8664 -0.4953
vn 0.1925 0.8481 -0.4936
vn 0.2327 0.7649 -0.6007
vn 0.2943 0.8830 -0.3655
vn 0.3454 0.8515 -0.3945
vn 0.4149 0.8895 -0.1914
vn 0.3294 0.9223 -0.2020
vn 0.4215 0.9067 0.0160
vn 0.3254 0.9379 -0.1204
vn 0.2250 0.9709 -0.0817
vn 0.2146 0.9748 0.0609
vn -0.0080 0.9988 0.0482
vn 0.0325 0.9961 -0.0818
vn -0.1630 0.9866 -0.0092
vn -0.0856 0.9891 -0.1195
vn -0.0991 0.9727 -0.2097
vn -0.1517 0.9698 -0.1912
vn -0.0444 0.9256 -0.3759
vn -0.0957 0.9187 -0.3831
vn 0.2119 0.9747 -0.0707
vn 0.3619 0.5722 0.7359
vn -0.2136 0.6077 0.7649
vn 0.0728 0.9961 -0.0501
vn 0.2963 0.9453 -0.1363
vn 0.7711 0.5054 0.3874
vn 0.2714 0.9341 -0.2318
vn 0.8720 0.4768 -0.1109
vn -0.6908 0.5759 0.4372
vn -0.0687 0.9936 -0.0895
vn 0.0219 0.9309 -0.3646
vn -0.0976 0.9694 -0.2253
vn -0.8356 0.5367 -0.1173
vn -0.5988 0.4962 -0.6287
vn 0.1226 0.9041 -0.4093
vn -0.1609 0.4496 -0.8786
vn 0.1599 0.9112 -0.3796
vn 0.2956 0.4405 -0.8477
vn 0.2033 0.9270 -0.3153
vn 0.6812 0.4622 -0.5678
vn -0.1193 0.9656 -0.2309
vn -0.8096 0.5756 -0.1146
vn -0.6057 0.4234 -0.6737
vn -0.0238 0.8326 -0.5534
vn -0.0112 0.9972 0.0742
vn -0.6247 0.6050 0.4938
vn 0.1794 0.9567 0.2293
vn -0.1341 0.5452 0.8275
vn 0.3327 0.9245 0.1860
vn 0.3949 0.4916 0.7761
vn 0.4280 0.9034 -0.0276
vn 0.7883 0.4628 0.4054
vn 0.4406 0.8407 -0.3148
vn 0.8960 0.4192 -0.1466
vn 0.3694 0.7756 -0.5119
vn 0.7030 0.3641 -0.6109
vn 0.2683 0.7193 -0.6408
vn 0.3246 0.3260 -0.8879
vn 0.1584 0.6996 -0.6968
vn -0.1457 0.3165 -0.9373
vn 0.3088 0.0923 -0.9467
vn 0.8052 0.0979 -0.5849
vn 0.0000 0.6355 -0.7721
vn 0.0001 0.4119 -0.9113
vn 0.0034 -0.2350 -0.9720
vn 0.0019 -0.3232 -0.9463
vn 0.9973 -0.0733 0.0034
vn 0.9609 -0.2067 -0.1844
vn 0.6333 0.7729 -0.0384
vn 0.1948 0.9722 -0.1298
vn -0.2934 0.9454 -0.1418
vn -0.2490 0.9339 -0.2566
vn 0.3327 0.8970 0.2910
vn 0.3903 0.7303 0.5607
vn -0.9912 0.1318 -0.0133
vn -0.7939 0.1131 -0.5975
vn -0.2959 0.0981 -0.9502
vn 0.9944 0.1055 -0.0048
vn 0.8121 0.1169 0.5717
vn 0.3172 0.1338 0.9389
vn -0.3015 0.1454 0.9423
vn -0.8034 0.1450 0.5775
vn -0.9357 0.1062 0.3364
vn -0.9733 0.0118 0.2291
vn -0.9697 -0.0045 0.2445
vn -0.9365 0.0190 0.3501
vn -0.9026 0.2603 0.3429
vn -0.9195 0.2032 0.3364
vn 0.9818 0.0016 0.1899
vn 0.9865 0.0107 0.1634
vn 0.9606 0.0279 0.2766
vn 0.9534 -0.0040 0.3018
vn 0.9793 0.0095 0.2020
vn 0.9799 0.0434 0.1948
vn 0.9801 0.0455 0.1933
vn 0.9832 0.0306 0.1802
vn 0.9091 -0.3411 0.2393
vn 0.9038 -0.3544 0.2397
vn 0.4410 -0.8750 0.2000
vn 0.4480 -0.8711 0.2010
vn 0.0906 -0.9869 0.1338
vn 0.0794 -0.9882 0.1313
vn 0.2805 -0.4461 0.8499
vn 0.4745 -0.4127 0.7775
vn 0.5224 -0.1126 0.8452
vn 0.3140 -0.1599 0.9359
vn -0.2645 -0.4530 0.8514
vn -0.2963 -0.1616 0.9413
vn -0.5002 -0.1227 0.8572
vn -0.4573 -0.4291 0.7789
vn -0.0948 -0.9866 0.1327
vn -0.4467 -0.8753 0.1851
vn -0.4524 -0.8723 0.1856
vn -0.0784 -0.9885 0.1291
vn -0.9117 -0.3547 0.2073
vn -0.9082 -0.3634 0.2077
vn -0.9821 -0.0348 0.1849
vn -0.9817 -0.0426 0.1856
vn -0.9792 -0.0373 0.1994
vn -0.9796 -0.0288 0.1988
vn -0.9742 -0.0117 0.2255
vn -0.9766 -0.0178 0.2142
vn -0.9755 0.0025 0.2199
vn 0.9774 -0.0134 0.2111
vn 0.9781 -0.0109 0.2079
vn 0.9773 -0.0175 0.2109
vn 0.3304 -0.8909 0.3116
vn 0.0718 -0.9901 0.1205
vn 0.4075 -0.8833 0.2318
vn 0.0546 -0.9932 0.1032
vn 0.2297 -0.8942 0.3842
vn 0.1401 -0.8975 0.4181
vn 0.0430 -0.9924 0.1151
vn -0.2349 -0.8822 0.4081
vn -0.3309 -0.8868 0.3227
vn -0.0778 -0.9878 0.1350
vn -0.0757 -0.9867 0.1441
vn -0.4133 -0.8833 0.2211
vn -0.0524 -0.9900 0.1308
vn -0.1431 -0.8922 0.4284
vn -0.0223 -0.9921 0.1232
vn -0.0005 -0.9922 0.1246
vn -0.0014 -0.9056 0.4240
vn -0.0628 -0.9029 0.4252
vn 0.0232 -0.9920 0.1238
vn 0.0662 -0.9026 0.4253
vn 0.6938 0.0045 0.7202
vn 0.7190 0.0216 0.6947
vn 0.6612 0.0227 0.7499
vn 0.6563 -0.0050 0.7544
vn 0.9469 -0.0278 0.3204
vn 0.7622 -0.0595 0.6446
vn 0.7123 -0.3951 0.5801
vn 0.8639 -0.3774 0.3334
vn -0.9538 -0.0347 0.2984
vn -0.7562 -0.0708 0.6505
vn -0.7893 -0.0346 0.6131
vn -0.9496 -0.0246 0.3124
vn -0.1234 -0.4743 0.8717
vn -0.1352 -0.1842 0.9735
vn -0.4981 -0.1233 0.8583
vn -0.6181 -0.0794 0.7821
vn 0.2666 -0.1698 0.9487
vn 0.1405 -0.1868 0.9723
vn 0.1417 -0.1826 0.9729
vn 0.6420 -0.0779 0.7627
vn 0.5259 -0.1209 0.8419
vn -0.0028 -0.4828 0.8757
vn 0.1300 -0.4732 0.8713
vn -0.8699 -0.3851 0.3081
vn -0.7062 -0.4133 0.5749
vn 0.5514 -0.1169 0.8260
vn 0.4557 0.0422 0.8891
vn 0.3736 0.0136 0.9275
vn 0.3673 -0.1897 0.9105
vn -0.5192 0.7199 -0.4606
vn -0.1438 0.9812 -0.1290
vn -0.3926 0.7225 -0.5691
vn -0.1093 0.9812 -0.1593
vn -0.2455 0.7244 -0.6442
vn -0.0685 0.9812 -0.1802
vn -0.0853 0.7275 -0.6808
vn 0.0779 0.7320 -0.6769
vn -0.0240 0.9814 -0.1903
vn 0.0214 0.9818 -0.1888
vn 0.2335 0.7384 -0.6327
vn 0.3284 0.2715 -0.9047
vn 0.0644 0.9823 -0.1759
vn 0.3706 0.7478 -0.5508
vn 0.5292 0.2932 -0.7962
vn 0.1020 0.9831 -0.1523
vn 0.4820 0.7554 -0.4440
vn 0.6977 0.3174 -0.6423
vn 0.1444 0.9831 -0.1125
vn 0.5294 0.7554 -0.3861
vn 0.1317 0.9834 -0.1252
vn 0.7676 0.3265 -0.5515
vn -0.0200 -0.9825 0.1854
vn 0.0087 -0.9893 0.1455
vn 0.0438 -0.9900 0.1338
vn 0.0257 -0.9942 0.1041
vn 0.0844 -0.9892 0.1199
vn 0.0591 -0.9944 0.0875
vn 0.1094 -0.9889 0.1010
vn 0.0769 -0.9945 0.0715
vn 0.1288 -0.9890 0.0721
vn 0.0939 -0.9944 0.0492
vn 0.1079 -0.9940 0.0203
vn 0.1398 -0.9895 0.0359
vn 0.1611 -0.9865 -0.0293
vn 0.1444 -0.9894 0.0132
vn 0.4387 -0.8888 -0.1323
vn 0.3342 -0.9407 -0.0576
vn 0.1438 -0.9896 -0.0061
vn 0.1402 -0.9894 -0.0380
vn -0.1570 -0.9310 0.3294
vn -0.1533 -0.4730 0.8677
vn -0.0717 -0.9196 0.3863
vn -0.0817 -0.0962 0.9920
vn -0.1429 -0.0343 0.9891
vn -0.0568 -0.9646 -0.2575
vn 0.2952 -0.9402 -0.1699
vn -0.2199 -0.6543 -0.7236
vn -0.1472 -0.6614 -0.7355
vn -0.2480 -0.9677 -0.0457
vn -0.7387 -0.6596 -0.1389
vn -0.7261 -0.6568 -0.2034
vn -0.7320 -0.6657 0.1449
vn -0.7486 -0.6630 -0.0008
vn -0.2446 -0.9696 -0.0002
vn -0.2389 -0.9699 0.0474
vn -0.5261 -0.6757 0.5164
vn -0.1701 -0.9710 0.1681
vn -0.1306 -0.9720 0.1953
vn -0.4054 -0.6847 0.6056
vn -0.2769 -0.6745 0.6843
vn -0.0904 -0.9709 0.2216
vn 0.2779 -0.6736 0.6849
vn 0.0907 -0.9708 0.2220
vn 0.1314 -0.9717 0.1964
vn 0.4070 -0.6816 0.6081
vn 0.5273 -0.6728 0.5190
vn 0.1708 -0.9707 0.1690
vn 0.7365 -0.6603 0.1470
vn 0.2454 -0.9682 0.0489
vn 0.2468 -0.9691 0.0007
vn 0.7480 -0.6637 -0.0001
vn 0.5270 -0.6681 -0.5253
vn 0.1716 -0.9702 -0.1713
vn 0.1345 -0.9703 -0.2013
vn 0.4133 -0.6691 -0.6177
vn 0.2844 -0.6673 -0.6883
vn 0.0927 -0.9701 -0.2243
vn 0.0172 -0.9997 -0.0153
vn 0.0096 -0.9997 -0.0223
vn 0.0144 -0.9994 -0.0314
vn 0.0190 -0.9994 -0.0292
vn 0.0297 -0.9994 -0.0179
vn 0.0325 -0.9994 -0.0120
vn 0.0242 -0.9997 -0.0056
vn -0.0055 -0.9997 -0.0218
vn -0.0001 -0.9998 -0.0174
vn -0.0026 -0.9999 -0.0162
vn -0.0029 -0.9997 -0.0235
vn 0.0065 -0.9998 -0.0201
vn 0.0029 -0.9997 -0.0225
vn 0.0027 -0.9999 -0.0157
vn -0.0215 -0.9997 0.0084
vn -0.0179 -0.9998 0.0001
vn -0.0168 -0.9999 0.0028
vn -0.0246 -0.9997 0.0032
vn -0.0216 -0.9997 -0.0081
vn -0.0244 -0.9997 -0.0032
vn -0.0167 -0.9999 -0.0028
vn 0.0212 -0.9997 0.0085
vn 0.0176 -0.9998 -0.0000
vn 0.0196 -0.9998 0.0068
vn 0.0182 -0.9997 0.0137
vn 0.0212 -0.9997 -0.0085
vn 0.0182 -0.9997 -0.0137
vn 0.0196 -0.9998 -0.0068
vn -0.0171 -0.9997 0.0150
vn -0.0091 -0.9997 0.0225
vn -0.0140 -0.9994 0.0316
vn -0.0188 -0.9994 0.0292
vn -0.0300 -0.9994 0.0173
vn -0.0330 -0.9994 0.0109
vn -0.0245 -0.9997 0.0046
vn 0.0189 -0.9994 0.0293
vn 0.0170 -0.9997 0.0153
vn 0.0297 -0.9994 0.0179
vn 0.0279 -0.9992 0.0279
vn 0.0070 -0.9998 0.0202
vn 0.0000 -0.9999 0.0169
vn 0.0028 -0.9999 0.0157
vn 0.0031 -0.9997 0.0227
vn -0.0070 -0.9998 0.0201
vn -0.0031 -0.9997 0.0226
vn -0.0028 -0.9999 0.0157
vn -0.0376 -0.9991 0.0178
vn -0.0215 -0.9997 0.0125
vn 0.0140 -0.9994 0.0315
vn 0.0126 -0.9997 0.0211
vn 0.0198 -0.9990 0.0394
vn 0.0416 -0.9990 0.0177
vn 0.0228 -0.9997 0.0092
vn 0.0218 -0.9997 0.0130
vn 0.0384 -0.9991 0.0189
vn 0.0384 -0.9991 -0.0190
vn 0.0218 -0.9997 -0.0130
vn -0.0290 -0.9996 0.0017
vn -0.0098 -0.9992 0.0381
vn 0.0064 -0.9997 0.0233
vn -0.0207 -0.9998 -0.0085
vn 0.0165 -0.9999 -0.0030
vn -0.0000 -1.0000 -0.0000
vn 0.0056 -1.0000 -0.0057
vn 0.0057 -1.0000 0.0057
vn 0.0199 -0.9990 -0.0396
vn 0.0132 -0.9997 -0.0221
vn 0.0252 -0.9996 -0.0161
vn 0.0251 -0.9984 -0.0503
vn -0.0111 -0.9991 -0.0412
vn -0.0106 -0.9994 -0.0328
vn 0.0165 -0.9999 0.0030
vn -0.0057 -1.0000 0.0056
vn -0.0056 -1.0000 -0.0057
vn 0.1752 -0.7096 0.6825
vn 0.1752 -0.7096 0.6825
vn 0.5637 -0.6677 0.4862
vn 0.5637 -0.6677 0.4862
vn 0.0197 -0.9998 -0.0084
vn 0.0238 -0.9997 -0.0051
vn 0.0500 -0.9987 -0.0107
vn 0.0417 -0.9990 -0.0177
vn -0.0098 -0.9990 -0.0425
vn -0.0106 -0.9994 -0.0341
vn -0.0185 -0.9998 0.0079
vn -0.0226 -0.9997 0.0049
vn -0.0473 -0.9988 0.0103
vn -0.0392 -0.9991 0.0168
vn 0.0242 -0.9997 0.0034
vn 0.0110 -0.9998 0.0176
vn 0.0055 -0.9998 0.0190
vn -0.0185 -0.9997 0.0137
vn -0.0199 -0.9998 0.0068
vn -0.0054 -0.9998 0.0190
vn -0.0109 -0.9998 0.0176
vn -0.0200 -0.9998 -0.0065
vn -0.0187 -0.9997 -0.0130
vn -0.0080 -0.9998 -0.0202
vn -0.0053 -0.9998 -0.0202
vn 0.0038 -0.9998 -0.0189
vn 0.0102 -0.9998 -0.0177
vn 0.0242 -0.9997 -0.0034
vn 0.0500 -0.9987 0.0107
vn 0.0301 -0.9995 0.0064
vn -0.0475 -0.9988 -0.0102
vn -0.0286 -0.9996 -0.0070
vn -0.0324 -0.9992 0.0227
vn -0.0427 -0.9989 -0.0193
vn -0.0087 -0.9997 -0.0241
vn -0.0104 -0.9997 -0.0219
vn 0.0245 -0.9997 0.0017
vn -0.0005 -0.9998 -0.0214
vn -0.0011 -0.9990 -0.0454
vn -0.0197 -0.9990 0.0394
vn -0.0124 -0.9997 0.0208
vn 0.0325 -0.9994 0.0120
vn -0.6644 -0.7271 0.1729
vn -0.7020 -0.7115 0.0301
vn -0.7020 -0.7115 0.0301
vn -0.6644 -0.7271 0.1729
vn -0.7053 -0.7089 0.0000
vn -0.7053 -0.7089 0.0000
vn -0.7021 -0.7114 -0.0304
vn -0.7021 -0.7114 -0.0304
vn 0.7020 -0.7115 -0.0305
vn 0.7052 -0.7090 0.0000
vn 0.7052 -0.7090 0.0000
vn 0.7020 -0.7115 -0.0305
vn 0.7019 -0.7116 0.0305
vn 0.7019 -0.7116 0.0305
vn 0.1472 -0.4689 0.8709
vn 0.1709 -0.4022 0.8995
vn 0.1709 -0.4022 0.8995
vn 0.1472 -0.4689 0.8709
vn 0.6640 -0.7273 0.1737
vn 0.6640 -0.7273 0.1737
vn 0.8751 -0.4608 -0.1478
vn 0.9025 -0.3958 -0.1695
vn 0.9025 -0.3958 -0.1695
vn 0.8751 -0.4608 -0.1478
vn -0.0283 -0.6934 -0.7200
vn 0.0000 -0.6912 -0.7227
vn 0.0000 -0.6912 -0.7227
vn -0.0283 -0.6934 -0.7200
vn 0.0293 -0.6935 -0.7198
vn 0.0293 -0.6935 -0.7198
vn 0.1732 -0.7111 -0.6815
vn 0.1732 -0.7111 -0.6815
vn -0.8753 -0.4618 0.1434
vn -0.9045 -0.3930 0.1656
vn -0.9045 -0.3930 0.1656
vn -0.8753 -0.4618 0.1434
vn -0.0285 -0.6933 0.7201
vn -0.0285 -0.6933 0.7201
vn -0.0018 -0.6907 0.7232
vn -0.0018 -0.6907 0.7232
vn -0.1720 -0.7113 0.6815
vn -0.1720 -0.7113 0.6815
vn 0.0286 -0.6918 0.7215
vn 0.0286 -0.6918 0.7215
vn 0.8754 -0.4604 0.1473
vn 0.8754 -0.4604 0.1473
vn 0.9025 -0.3958 0.1694
vn 0.9025 -0.3958 0.1694
vn -0.1718 -0.7114 -0.6814
vn -0.1718 -0.7114 -0.6814
vn -0.8753 -0.4619 -0.1433
vn -0.8753 -0.4619 -0.1433
vn -0.9046 -0.3929 -0.1653
vn -0.9046 -0.3929 -0.1653
vn -0.1483 -0.4616 0.8746
vn -0.1483 -0.4616 0.8746
vn -0.1745 -0.3833 0.9070
vn -0.1745 -0.3833 0.9070
vn 0.6647 -0.7265 -0.1740
vn 0.6647 -0.7265 -0.1740
vn 0.1487 -0.4649 -0.8728
vn 0.1487 -0.4649 -0.8728
vn 0.1719 -0.3999 -0.9003
vn 0.1719 -0.3999 -0.9003
vn -0.1498 -0.4575 -0.8765
vn -0.1757 -0.3810 -0.9077
vn -0.1757 -0.3810 -0.9077
vn -0.1498 -0.4575 -0.8765
vn -0.6650 -0.7264 -0.1736
vn -0.6650 -0.7264 -0.1736
vn 0.0000 -0.9998 0.0203
vn -0.0026 -0.9998 -0.0202
vn -0.0382 -0.9992 -0.0097
vn -0.7031 -0.1861 0.6863
vn -0.5234 -0.1759 0.8338
vn -0.8308 0.0019 0.5566
vn -0.9234 0.0019 0.3838
vn -0.9071 -0.1880 0.3765
vn -0.8163 -0.1880 0.5462
vn -0.9834 -0.1814 -0.0014
vn -0.9637 -0.1874 0.1903
vn -0.9812 0.0024 0.1932
vn -1.0000 0.0094 -0.0020
vn -0.9810 0.0127 -0.1934
vn -0.9579 0.0115 -0.2870
vn -0.9443 -0.1758 -0.2783
vn -0.9660 -0.1770 -0.1883
vn 0.9243 0.0029 0.3816
vn 0.9081 -0.1831 0.3766
vn 0.9645 -0.1810 0.1922
vn 0.6437 0.0076 0.7652
vn 0.5502 0.0405 0.8341
vn -0.5658 0.0048 0.8245
vn -0.7465 0.0052 0.6653
vn -0.7019 -0.3452 0.6230
vn -0.5325 -0.3454 0.7727
vn -0.8360 -0.3350 -0.4346
vn -0.9156 -0.3348 -0.2227
vn 0.8854 0.0017 -0.4648
vn 0.8302 -0.3478 -0.4357
vn 0.7017 -0.3483 -0.6215
vn 0.7490 0.0009 -0.6626
vn 0.9616 -0.0119 -0.2741
vn 0.8882 -0.3741 -0.2668
vn 0.0138 -0.9998 0.0117
vn 0.8447 -0.5202 -0.1256
vn -0.4308 -0.8740 -0.2248
vn -0.4719 -0.8740 -0.1160
vn -0.3611 -0.8758 0.3203
vn -0.2741 -0.8758 0.3972
vn 0.4266 -0.8763 -0.2239
vn 0.0111 -0.9893 0.1455
vn 0.0457 -0.9899 0.1341
vn -0.1765 -0.0015 0.9843
vn -0.1061 -0.0065 0.9943
vn -0.1130 -0.0030 0.9936
vn 0.1400 -0.9895 0.0357
vn 0.1438 -0.9896 0.0019
vn 0.9860 -0.0732 -0.1498
vn -0.1889 -0.1889 -0.9636
vn -0.2799 -0.1876 -0.9415
vn -0.0150 -0.9998 0.0148
vn -0.0077 -0.9998 0.0189
vn -0.3629 -0.2052 0.9089
vn 0.0282 -0.9996 0.0004
vn 0.9827 -0.1850 0.0001
vn 0.2281 -0.9691 0.0940
vn 0.6918 -0.6625 0.2873
vn 0.0078 -0.9998 0.0190
vn 0.6956 -0.1933 -0.6920
vn 0.5459 -0.1951 -0.8148
vn 0.3745 -0.1912 -0.9073
vn -0.6890 -0.6661 0.2858
vn -0.6201 -0.6660 0.4146
vn 0.7016 -0.1934 0.6858
vn 0.0151 -0.9998 0.0150
vn -0.7294 0.3488 0.5885
vn -0.5666 0.5409 0.6216
vn -0.5351 0.5697 0.6238
vn -0.7706 0.4021 0.4945
vn 0.2617 0.6716 0.6932
vn 0.2463 0.6739 0.6966
vn 0.2573 0.6786 0.6880
vn 0.2674 0.6764 0.6863
vn 0.2779 0.6440 0.7127
vn 0.2741 0.6444 0.7139
vn 0.2431 0.6541 0.7163
vn 0.2578 0.6517 0.7133
vn -0.2590 0.6497 0.7147
vn -0.2412 0.6527 0.7182
vn -0.2654 0.6436 0.7179
vn -0.2702 0.6431 0.7166
vn -0.2108 0.6815 0.7008
vn -0.2292 0.6791 0.6974
vn -0.2438 0.6842 0.6873
vn -0.2326 0.6866 0.6888
vn -0.2234 0.6553 0.7215
vn -0.2606 0.6441 0.7192
vn -0.1168 0.6762 0.7274
vn -0.1168 0.6762 0.7274
vn 0.1519 0.6735 0.7234
vn 0.1519 0.6735 0.7234
vn 0.1550 0.6761 0.7204
vn 0.2310 0.6760 0.6997
vn 0.1550 0.6761 0.7204
vn -0.1199 0.6801 0.7233
vn -0.1199 0.6801 0.7233
vn 0.2724 0.6492 0.7102
vn 0.2595 0.6607 0.7044
vn 0.2595 0.6607 0.7044
vn -0.4927 0.5737 0.6543
vn -0.5859 0.4771 0.6551
vn -0.5566 0.3020 0.7739
vn -0.5581 0.3792 0.7381
vn -0.1360 0.1634 0.9771
vn -0.1378 0.1889 0.9723
vn -0.2765 0.2282 0.9335
vn -0.2672 0.1855 0.9456
vn -0.5166 0.1087 0.8493
vn -0.4738 -0.0067 0.8806
vn -0.3443 -0.0123 0.9388
vn -0.3703 0.0825 0.9252
vn -0.4150 0.2321 0.8797
vn -0.4357 0.2866 0.8532
vn 0.7540 0.3562 0.5519
vn 0.7275 0.4554 0.5132
vn 0.5481 0.5876 0.5953
vn 0.6524 0.5400 0.5317
vn 0.5715 0.2747 0.7732
vn 0.6573 0.4702 0.5889
vn 0.5726 0.3661 0.7336
vn 0.4376 0.2855 0.8526
vn 0.4197 0.2173 0.8813
vn 0.3850 0.0684 0.9204
vn 0.5414 0.0876 0.8362
vn 0.3680 -0.0115 0.9298
vn 0.5125 -0.0061 0.8586
vn 0.2651 0.0581 0.9625
vn 0.1419 0.0585 0.9881
vn 0.1415 -0.0209 0.9897
vn 0.2603 -0.0201 0.9653
vn 0.2824 0.2361 0.9298
vn 0.1441 0.1991 0.9693
vn 0.1429 0.1684 0.9753
vn 0.2758 0.1862 0.9430
vn 0.6832 0.1681 0.7107
vn 0.6428 0.0461 0.7647
vn 0.7106 0.0412 0.7024
vn 0.7492 0.1584 0.6432
vn 0.7823 0.4856 0.3900
vn 0.5172 0.8010 0.3014
vn 0.6511 0.5323 0.5411
vn 0.4436 0.6689 0.5965
vn 0.4383 0.6535 0.6172
vn 0.4758 0.6711 0.5685
vn -0.2729 0.9329 0.2349
vn -0.4093 0.8552 0.3179
vn -0.1081 0.9682 0.2255
vn -0.8617 -0.0204 -0.5071
vn -0.9219 -0.0338 -0.3861
vn -0.9024 -0.0259 -0.4301
vn -0.8465 -0.0131 -0.5322
vn -0.7273 -0.0034 -0.6863
vn -0.7371 -0.0075 -0.6757
vn -0.8841 -0.0259 -0.4666
vn 0.9632 -0.1886 -0.1915
vn 0.0241 -0.9997 0.0057
vn 0.0090 -0.9997 0.0226
vn -0.0278 -0.9992 0.0278
vn -0.0213 -0.9998 -0.0000
vn 0.0279 -0.9992 -0.0279
vn 0.0210 -0.9998 -0.0000
vn 0.1293 -0.9890 0.0711
vn -0.0169 -0.9891 0.1461
vn -0.0172 -0.9891 0.1461
vn -0.9957 -0.0418 -0.0826
vn -1.0000 -0.0052 0.0055
vn -0.9999 -0.0112 0.0109
vn -0.7459 -0.0041 -0.6660
vn 0.3720 -0.1505 0.9159
vn 0.6464 -0.0391 0.7620
vn 0.7934 -0.0330 0.6078
vn -0.3553 -0.1510 0.9225
vn -0.1345 -0.1884 0.9728
vn -0.2494 -0.1716 0.9531
vn -0.2401 -0.0175 0.9706
vn -0.2495 0.0627 0.9663
vn 0.0562 -0.9905 0.1255
vn 0.3168 -0.0077 0.9485
vn 0.3176 -0.0154 0.9481
vn 0.3088 -0.0109 0.9511
vn 0.2860 -0.0055 0.9582
vn 0.3088 0.0109 0.9511
vn 0.2860 0.0055 0.9582
vn 0.2550 0.0032 0.9669
vn 0.2998 0.0064 0.9540
vn -0.3168 0.0077 0.9485
vn -0.3176 0.0154 0.9481
vn -0.3088 0.0109 0.9511
vn -0.2857 0.0055 0.9583
vn -0.3088 -0.0109 0.9511
vn -0.2857 -0.0055 0.9583
vn -0.2544 -0.0032 0.9671
vn -0.2998 -0.0064 0.9540
vn -0.0835 -0.7603 0.6441
vn 0.0763 -0.8070 0.5855
vn 0.0763 -0.8070 0.5855
vn -0.0835 -0.7603 0.6441
vn -0.3017 -0.6286 0.7168
vn -0.3017 -0.6286 0.7168
vn -0.5074 -0.3860 0.7704
vn -0.5074 -0.3860 0.7704
vn -0.6212 -0.1161 0.7750
vn -0.6212 -0.1161 0.7750
vn -0.5927 0.0983 0.7994
vn -0.5927 0.0983 0.7994
vn -0.4484 0.3552 0.8202
vn -0.4484 0.3552 0.8202
vn -0.2503 0.5840 0.7722
vn -0.2503 0.5840 0.7722
vn -0.0480 0.7101 0.7025
vn -0.0480 0.7101 0.7025
vn 0.0958 0.7571 0.6462
vn 0.0958 0.7571 0.6462
vn 0.0918 0.7582 0.6455
vn 0.0918 0.7582 0.6455
vn -0.0010 0.7479 0.6638
vn -0.0010 0.7479 0.6638
vn -0.0907 0.7503 0.6548
vn -0.0907 0.7503 0.6548
vn -0.0901 0.7538 0.6509
vn -0.0901 0.7538 0.6509
vn 0.0589 0.7137 0.6980
vn 0.0589 0.7137 0.6980
vn 0.2898 0.5848 0.7577
vn 0.2898 0.5848 0.7577
vn 0.5155 0.3551 0.7798
vn 0.5155 0.3551 0.7798
vn 0.6612 0.1019 0.7432
vn 0.6612 0.1019 0.7432
vn 0.6861 -0.1206 0.7175
vn 0.6861 -0.1206 0.7175
vn 0.5700 -0.3875 0.7245
vn 0.5700 -0.3875 0.7245
vn 0.3438 -0.6304 0.6960
vn 0.3438 -0.6304 0.6960
vn 0.0994 -0.7642 0.6373
vn 0.0994 -0.7642 0.6373
vn -0.0689 -0.8050 0.5893
vn -0.0689 -0.8050 0.5893
vn -0.0816 -0.8039 0.5891
vn -0.0816 -0.8039 0.5891
vn -0.0009 -0.8026 0.5965
vn -0.0009 -0.8026 0.5965
vn 0.0827 -0.8097 0.5810
vn 0.0827 -0.8097 0.5810
vn -0.1346 0.9281 -0.3470
vn -0.1933 0.9327 -0.3046
vn -0.0018 -0.9991 0.0433
vn -0.0023 -0.9978 0.0669
vn -0.0002 -1.0000 0.0003
vn -0.0010 -0.9998 0.0179
vn -0.0020 -0.9957 0.0925
vn -0.0029 -0.9949 0.1007
vn -0.0616 0.9200 -0.3870
vn 0.0124 0.9167 -0.3993
vn 0.0142 0.9673 -0.2533
vn -0.2813 0.9590 -0.0338
vn 0.8280 0.4922 0.2688
vn 0.8402 0.5053 0.1969
vn -0.7435 0.0595 0.6661
vn -0.9424 -0.0086 0.3345
vn -0.7806 -0.0162 0.6248
vn 0.7636 0.0564 0.6433
vn 0.6137 -0.0088 0.7895
vn 0.7887 -0.0100 0.6147
vn 0.9557 0.1115 0.2723
vn 0.9372 0.1753 0.3016
vn 0.9483 0.1379 0.2860
vn -0.3503 0.6379 0.6859
vn -0.3747 0.6365 0.6741
vn 0.1507 0.9622 0.2266
vn 0.0227 0.9689 0.2465
vn 0.0767 0.9080 -0.4118
vn 0.0081 0.9173 -0.3981
vn 0.1900 0.8926 -0.4089
vn 0.0250 -0.9920 0.1238
vn 0.5602 -0.7259 -0.3990
vn 0.8090 -0.5440 -0.2226
vn 0.5902 0.6046 0.5349
vn 0.3677 0.7094 0.6013
vn 0.3161 0.8338 0.4526
vn 0.5566 0.7205 0.4135
vn 0.8181 0.3908 0.4218
vn 0.8210 0.4618 0.3356
vn 0.9462 0.1435 0.2900
vn 0.9566 0.1556 0.2466
vn 0.9846 -0.0487 0.1677
vn 0.9854 -0.0568 0.1604
vn 0.9639 -0.2661 0.0048
vn 0.9579 -0.2872 -0.0022
vn 0.8428 -0.5029 -0.1918
vn 0.6178 -0.6884 -0.3801
vn -0.0000 0.9931 0.1172
vn 0.0140 0.9954 -0.0949
vn -0.0594 0.9339 0.3525
vn -0.1505 0.8406 0.5203
vn -0.2153 0.8988 0.3818
vn -0.2066 0.8303 0.5176
vn -0.3446 0.8330 0.4329
vn -0.2140 0.8959 0.3894
vn -0.3749 0.8720 0.3148
vn -0.2064 0.9476 0.2437
vn -0.3663 0.9135 0.1772
vn -0.2074 0.9781 -0.0186
vn -0.1603 0.9869 -0.0184
vn -0.2309 0.9729 0.0157
vn -0.3881 0.9042 0.1783
vn -0.5018 0.8184 0.2801
vn -0.5455 0.8165 0.1888
vn -0.5499 0.8326 0.0659
vn -0.3323 0.9430 -0.0202
vn -0.5240 0.8458 -0.1008
vn -0.2819 0.9366 -0.2081
vn -0.4726 0.8358 -0.2793
vn 0.2092 0.9254 0.3161
vn -0.0283 0.9571 0.2883
vn 0.2031 0.8475 0.4904
vn -0.0327 0.8942 0.4465
vn -0.0357 0.8173 0.5751
vn 0.1872 0.7705 0.6094
vn -0.0215 0.8058 0.5918
vn 0.1555 0.7678 0.6215
vn 0.0200 0.9062 0.4224
vn 0.1435 0.8781 0.4564
vn 0.0534 0.9873 0.1495
vn 0.1424 0.9743 0.1747
vn 0.4636 0.8270 0.3181
vn -0.5138 0.8529 -0.0921
vn -0.4864 0.8616 -0.1452
vn -0.5633 0.8249 0.0459
vn -0.5989 0.7779 0.1901
vn 0.2983 0.8603 -0.4133
vn 0.8487 0.1454 0.5085
vn 0.8261 0.0333 0.5626
vn 0.9206 0.0271 0.3896
vn 0.9234 0.1447 0.3556
vn 0.9685 0.1199 0.2182
vn 0.9663 0.0191 0.2566
vn -0.5803 -0.0146 0.8143
vn -0.6368 0.7412 -0.2125
vn -0.6048 0.7872 -0.1202
vn -0.5630 0.7923 -0.2352
vn 0.0006 1.0000 -0.0093
vn -0.4946 -0.4455 -0.7463
vn -0.7365 -0.2111 -0.6427
vn -0.7279 -0.2358 -0.6439
vn -0.5177 -0.4568 -0.7234
vn -0.8362 -0.0646 -0.5447
vn -0.8849 0.1050 -0.4538
vn -0.8793 0.3666 -0.3040
vn -0.8820 0.2959 -0.3667
vn -0.7480 0.6622 -0.0437
vn -0.7434 0.6686 -0.0187
vn 0.8667 0.0018 -0.4987
vn 0.7730 -0.0003 -0.6344
vn 0.8361 -0.0053 -0.5486
vn 0.8818 -0.0020 -0.4716
vn 0.9425 0.0027 -0.3341
vn 0.8804 0.0048 -0.4742
vn 0.7522 0.0028 -0.6589
vn -0.0023 -0.9999 -0.0156
vn -0.0028 -0.9991 -0.0421
vn -0.0006 -0.9977 -0.0674
vn 0.9822 -0.0446 0.1824
vn 0.9698 -0.2429 0.0192
vn 0.8762 -0.4505 -0.1713
vn 0.6549 -0.6508 -0.3842
vn 0.4025 -0.7620 -0.5074
vn 0.4030 -0.7438 -0.5332
vn 0.2552 -0.7677 -0.5878
vn 0.2424 -0.7547 -0.6097
vn 0.0970 -0.7399 -0.6657
vn 0.0800 -0.7353 -0.6730
vn -0.0561 -0.6838 -0.7275
vn -0.0758 -0.6908 -0.7190
vn -0.2176 -0.6059 -0.7652
vn -0.2404 -0.6145 -0.7514
vn -0.4268 -0.4794 -0.7668
vn 0.3846 -0.7773 -0.4980
vn 0.2537 -0.7786 -0.5740
vn 0.1140 -0.7477 -0.6542
vn -0.0319 -0.6849 -0.7279
vn -0.1957 -0.6014 -0.7746
vn -0.2933 -0.5465 -0.7844
vn -0.0003 1.0000 -0.0054
vn -0.0009 1.0000 -0.0053
vn -0.0018 0.9999 -0.0106
vn -0.0007 0.9999 -0.0109
vn 0.0006 0.1164 0.9932
vn 0.0003 0.2106 0.9776
vn 0.0024 0.0731 -0.9973
vn 0.0012 0.1616 -0.9869
vn -0.9713 0.0199 0.2371
vn -0.7125 0.6899 -0.1279
vn -0.3684 -0.0163 0.9295
vn -0.4412 -0.0504 0.8960
vn -0.6667 0.7405 0.0845
vn -0.6619 0.6414 -0.3879
vn -0.7113 0.6646 -0.2288
vn -0.1678 0.7690 -0.6168
vn -0.2208 0.8833 -0.4135
vn 0.2483 -0.7805 -0.5738
vn 0.1216 -0.7498 -0.6504
vn -0.0027 -0.9978 0.0665
vn -0.0018 -0.9991 0.0424
vn -0.0010 -0.9999 0.0169
vn -0.0002 -1.0000 -0.0001
vn -0.0002 -0.9292 -0.3697
vn -0.0005 -0.9926 -0.1214
vn 0.9663 0.1541 0.2063
vn 0.8704 -0.3425 -0.3538
vn -0.2002 -0.6625 -0.7218
vn -0.2589 -0.6487 -0.7156
vn -0.5098 -0.5159 -0.6884
vn -0.4365 -0.5431 -0.7173
vn -0.5375 -0.4786 -0.6943
vn -0.2834 -0.6439 -0.7107
vn -0.5347 -0.4631 -0.7068
vn -0.2825 -0.6408 -0.7139
vn -0.2671 -0.6306 -0.7287
vn 0.0652 -0.7340 -0.6760
vn 0.0654 -0.7312 -0.6790
vn 0.2090 -0.7326 -0.6478
vn 0.2245 -0.7372 -0.6373
vn 0.2311 -0.7461 -0.6245
vn 0.0684 -0.7366 -0.6729
vn -0.0764 -0.7130 -0.6970
vn -0.0853 -0.7124 -0.6966
vn -0.0871 -0.7049 -0.7040
vn 0.0570 -0.7269 -0.6843
vn 0.1853 -0.7261 -0.6621
vn 0.0414 -0.6980 -0.7149
vn 0.1518 -0.6871 -0.7106
vn -0.0667 -0.7078 -0.7033
vn -0.0474 -0.6926 -0.7198
vn 0.0519 -0.6222 -0.7811
vn -0.1592 -0.5796 -0.7992
vn 0.8294 0.5148 0.2171
vn 0.8425 0.5171 0.1511
vn 0.9231 0.0086 0.3844
vn 0.8292 0.0174 0.5587
vn 0.8308 0.0039 0.5565
vn 0.5569 -0.0066 -0.8305
vn 0.3813 -0.0021 -0.9244
vn 0.7093 -0.0045 -0.7049
vn -0.0243 -0.9921 0.1233
vn -0.0006 -0.9922 0.1247
vn -0.8687 0.1404 -0.4749
vn -0.7392 -0.2018 -0.6426
vn -0.8456 -0.0568 -0.5309
vn 0.3891 -0.7317 -0.5597
vn 0.4635 -0.7685 -0.4411
vn -0.7899 0.5085 -0.3426
vn -0.8638 0.3974 -0.3096
vn -0.8803 0.1302 -0.4562
vn -0.8198 -0.0935 -0.5650
vn -0.7121 -0.2683 -0.6488
vn 0.6609 -0.6389 -0.3938
vn 0.9376 0.1512 0.3130
vn 0.8179 0.3730 0.4382
vn 0.6325 0.5561 0.5392
vn 0.4274 0.6775 0.5987
vn -0.7392 0.6643 -0.1107
vn 0.3666 -0.7236 -0.5848
vn 0.8903 -0.4295 -0.1514
vn -0.8294 0.4178 -0.3709
vn -0.8598 0.1441 -0.4899
vn -0.8024 -0.1220 -0.5842
vn -0.6981 -0.3099 -0.6455
vn 0.3354 -0.7212 -0.6061
vn 0.6317 -0.6383 -0.4399
vn 0.8840 -0.4244 -0.1961
vn 0.9723 -0.2322 0.0262
vn 0.9843 -0.0313 0.1735
vn 0.9374 0.1889 0.2924
vn 0.8265 0.4071 0.3887
vn 0.6674 0.5849 0.4609
vn 0.4587 0.7354 0.4988
vn 0.5764 -0.6297 -0.5208
vn -0.7707 0.4194 -0.4797
vn -0.8188 0.1554 -0.5526
vn -0.7861 -0.1237 -0.6056
vn -0.6863 -0.3432 -0.6412
vn 0.2996 -0.7065 -0.6412
vn 0.5065 -0.6026 -0.6167
vn 0.8398 -0.4023 -0.3646
vn 0.9771 -0.2118 -0.0216
vn 0.9947 0.0147 0.1015
vn 0.9487 0.2493 0.1946
vn 0.8376 0.4779 0.2648
vn 0.6742 0.6734 0.3034
vn 0.7489 -0.3687 -0.5507
vn 0.9613 -0.1520 -0.2299
vn 0.6413 0.7662 0.0412
vn -0.5471 0.6093 -0.5739
vn -0.3868 0.7854 -0.4832
vn -0.6454 0.4199 -0.6381
vn -0.7043 0.1838 -0.6857
vn -0.6989 -0.0873 -0.7099
vn -0.6154 -0.3331 -0.7144
vn 0.2604 -0.6584 -0.7062
vn 0.4296 -0.5583 -0.7097
vn 0.6221 -0.3508 -0.6999
vn 0.8770 -0.1072 -0.4684
vn 0.9854 0.1074 -0.1324
vn 0.9387 0.3384 -0.0657
vn 0.8197 0.5728 -0.0037
vn 0.7355 -0.0891 -0.6716
vn 0.9069 0.1604 -0.3897
vn 0.5818 0.7868 -0.2062
vn 0.7522 0.6022 -0.2676
vn -0.3719 0.6014 -0.7071
vn -0.3053 0.7262 -0.6160
vn -0.4323 0.4183 -0.7988
vn -0.4718 0.2038 -0.8578
vn -0.4756 -0.0626 -0.8774
vn -0.4230 -0.3204 -0.8476
vn -0.3468 -0.5133 -0.7850
vn 0.2391 -0.5681 -0.7875
vn 0.3667 -0.5197 -0.7716
vn 0.4524 -0.3577 -0.8169
vn 0.5234 -0.0746 -0.8488
vn 0.7606 0.1777 -0.6245
vn 0.8641 0.3815 -0.3282
vn 0.4878 0.7520 -0.4432
vn -0.1622 0.6135 -0.7728
vn -0.1763 -0.3581 -0.9169
vn 0.2674 -0.3829 -0.8842
vn 0.5280 0.1942 -0.8267
vn 0.7297 0.3763 -0.5709
vn 0.6408 0.5738 -0.5100
vn 0.3772 0.6870 -0.6210
vn -0.1760 0.4194 -0.8906
vn 0.0579 0.6039 -0.7949
vn -0.1944 0.2064 -0.9589
vn -0.2014 -0.0787 -0.9763
vn 0.0590 -0.3930 -0.9177
vn 0.3033 -0.0832 -0.9493
vn 0.3015 0.2025 -0.9317
vn 0.4986 0.3724 -0.7828
vn 0.0630 -0.0916 -0.9938
vn 0.4411 0.5479 -0.7108
vn 0.2462 0.5752 -0.7801
vn 0.0636 0.4227 -0.9041
vn 0.0649 0.2082 -0.9759
vn 0.2772 0.4027 -0.8723
vn -0.8306 0.0019 0.5568
vn -0.9233 0.0019 0.3841
vn -0.9812 0.0024 0.1929
vn -1.0000 0.0094 -0.0023
vn -0.9811 0.0127 -0.1932
vn -0.9580 0.0115 -0.2866
vn 0.3717 -0.7803 -0.5030
vn -0.0187 -0.6861 -0.7273
vn -0.1827 -0.6001 -0.7788
vn -0.2781 -0.5468 -0.7898
vn -0.0004 -1.0000 -0.0008
vn -0.0004 -0.9960 -0.0893
vn -0.0022 1.0000 -0.0095
vn -0.0004 1.0000 -0.0056
vn -0.0003 1.0000 -0.0033
vn -0.0022 1.0000 -0.0095
vn 0.1101 -0.9888 0.1004
vn 0.0841 -0.9892 0.1198
vn 0.1404 -0.9894 -0.0370
vn -0.7453 0.0051 0.6667
vn -0.5644 0.0048 0.8255
vn -0.9444 -0.0363 -0.3268
vn -0.8406 0.0481 -0.5396
vn -0.8193 0.0498 -0.5712
vn -0.7367 0.0474 -0.6746
vn -0.5773 0.0455 -0.8153
vn -0.3690 0.0509 -0.9280
vn -0.1406 0.0568 -0.9884
vn 0.3346 0.0891 -0.9381
vn 0.5452 0.1135 -0.8306
vn 0.7256 0.1449 -0.6727
vn 0.8010 0.1606 -0.5768
vn -0.0032 0.0605 0.9982
vn -0.0033 -0.0190 0.9998
vn -0.2998 0.0064 0.9540
vn -0.2544 0.0032 0.9671
vn 0.2998 -0.0064 0.9540
vn 0.2550 -0.0032 0.9669
vn -0.3168 -0.0077 0.9485
vn -0.3176 -0.0154 0.9481
vn 0.3168 0.0077 0.9485
vn 0.3176 0.0154 0.9481
vn 0.9476 -0.0194 0.3189
vn -0.6160 -0.0200 0.7875
vn -0.6329 -0.0389 0.7732
vn -0.0540 -0.9907 0.1246
vn -0.0026 0.1596 0.9872
vn -0.0021 0.1796 0.9837
vn 0.4831 -0.1102 0.8686
vn 0.7082 0.1190 0.6959
vn 0.7082 0.1190 0.6959
vn 0.4831 -0.1102 0.8686
vn 0.8226 0.3085 0.4778
vn 0.8226 0.3085 0.4778
vn 0.8485 0.3643 0.3837
vn 0.8485 0.3643 0.3837
vn 0.8346 0.4503 0.3172
vn 0.8346 0.4503 0.3172
vn 0.7277 0.6619 0.1798
vn 0.7277 0.6619 0.1798
vn 0.4664 0.8840 0.0333
vn 0.4664 0.8840 0.0333
vn 0.2237 0.9728 -0.0594
vn 0.2237 0.9728 -0.0594
vn 0.1008 0.9901 -0.0979
vn 0.1008 0.9901 -0.0979
vn 0.0243 0.9933 -0.1132
vn 0.0243 0.9933 -0.1132
vn 0.0032 0.9922 -0.1247
vn 0.0032 0.9922 -0.1247
vn -0.0230 0.9891 -0.1453
vn -0.0230 0.9891 -0.1453
vn -0.1110 0.9834 -0.1437
vn -0.1110 0.9834 -0.1437
vn -0.2478 0.9627 -0.1086
vn -0.4880 0.8727 -0.0170
vn -0.4880 0.8727 -0.0170
vn -0.2478 0.9627 -0.1086
vn -0.7404 0.6578 0.1383
vn -0.7404 0.6578 0.1383
vn -0.8389 0.4548 0.2989
vn -0.8389 0.4548 0.2989
vn -0.8185 0.4040 0.4085
vn -0.8185 0.4040 0.4085
vn -0.7326 0.4025 0.5489
vn -0.7326 0.4025 0.5489
vn -0.5831 0.2479 0.7737
vn -0.5831 0.2479 0.7737
vn -0.3699 -0.0020 0.9291
vn -0.3699 -0.0020 0.9291
vn -0.1414 -0.2115 0.9671
vn -0.1414 -0.2115 0.9671
vn 0.0365 -0.3309 0.9430
vn 0.0365 -0.3309 0.9430
vn 0.0690 -0.3685 0.9270
vn 0.0690 -0.3685 0.9270
vn 0.0120 -0.3716 0.9283
vn 0.0120 -0.3716 0.9283
vn -0.0460 -0.3816 0.9232
vn -0.0460 -0.3816 0.9232
vn -0.0026 -0.3637 0.9315
vn -0.0026 -0.3637 0.9315
vn 0.2180 -0.2736 0.9368
vn 0.2180 -0.2736 0.9368
vn -0.2438 0.6637 0.7072
vn -0.2438 0.6637 0.7072
vn -0.2474 0.6764 0.6937
vn -0.2550 0.6818 0.6857
vn 0.2471 0.6808 0.6895
vn 0.2817 0.6437 0.7116
vn -0.7872 0.1300 -0.6028
vn -0.2870 0.0976 -0.9530
vn -0.9860 0.1661 -0.0139
vn -0.7950 0.1799 0.5794
vn -0.2917 0.1630 0.9425
vn 0.3196 0.1366 0.9376
vn 0.8118 0.1157 0.5724
vn 0.9951 0.0981 -0.0144
vn 0.8011 0.0862 -0.5923
vn 0.3122 0.0842 -0.9463
vn 0.2086 0.7695 0.6037
vn -0.0002 1.0000 -0.0053
vn 0.0000 1.0000 -0.0050
vn 0.0035 1.0000 -0.0025
vn 0.0035 1.0000 -0.0025
vn 0.0033 1.0000 -0.0038
vn 0.0033 1.0000 -0.0038
vn 0.0026 1.0000 -0.0050
vn 0.0026 1.0000 -0.0050
vn 0.0014 1.0000 -0.0058
vn 0.0014 1.0000 -0.0058
vn 0.0000 1.0000 -0.0060
vn 0.0000 1.0000 -0.0060
vn -0.0013 1.0000 -0.0054
vn -0.0013 1.0000 -0.0054
vn -0.0023 1.0000 -0.0044
vn -0.0023 1.0000 -0.0044
vn -0.0028 1.0000 -0.0032
vn -0.0028 1.0000 -0.0032
vn -0.0023 1.0000 -0.0065
vn 0.0000 1.0000 0.0000
vn 0.0000 1.0000 -0.0000
vn 0.0000 1.0000 -0.0000
vn 0.0000 1.0000 0.0000
vn 0.0000 1.0000 -0.0000
vn 0.0000 1.0000 0.0000
vn 0.0000 1.0000 0.0000
vn 0.0000 1.0000 0.0000
vn 0.0000 1.0000 0.0000
vn 0.0000 1.0000 -0.0000
vn 0.0000 1.0000 -0.0000
vn 0.0000 1.0000 0.0000
vn -0.0001 -0.0000 1.0000
vn -0.0002 -0.0000 1.0000
vn -0.0001 -0.0000 1.0000
vn -0.0001 0.0002 1.0000
vn -0.0001 0.0002 1.0000
vn -0.0001 0.0002 1.0000
vn 0.0000 -0.0000 1.0000
vn 0.0000 -0.0000 1.0000
vn -0.0000 0.0000 1.0000
vn 0.0000 -0.0000 1.0000
vn 0.0000 -0.0000 1.0000
vn 0.0000 -0.0000 1.0000
vn 0.3745 0.9268 0.0282
vn 0.3745 0.9268 0.0282
vn 0.9147 0.4024 0.0385
vn 0.9147 0.4024 0.0385
vn 0.9143 -0.4036 0.0347
vn 0.9143 -0.4036 0.0347
vn 0.3753 -0.9265 0.0267
vn 0.3753 -0.9265 0.0267
vn -0.0000 -0.0000 1.0000
vn -0.0000 -0.0000 1.0000
vn -0.0096 -0.1678 0.9858
vn -0.0000 -0.2792 0.9602
vn -0.0000 -0.1890 0.9820
vn -0.0000 -0.0000 1.0000
vn -0.0000 -0.0000 1.0000
vn 0.0000 -0.0000 1.0000
vn 0.0000 -0.0000 1.0000
vn 0.0019 -1.0000 0.0094
vn 0.0000 -1.0000 0.0094
vn 0.0000 -1.0000 0.0094
vn 0.0019 -1.0000 0.0094
vn -0.0000 0.9999 0.0106
vn -0.0000 0.9999 0.0106
vn -0.9995 0.0055 0.0323
vn -0.9995 0.0055 0.0323
vn 0.0000 -0.0001 1.0000
vn 0.0000 -0.0001 1.0000
vn 0.0000 -0.0001 1.0000
vn 0.0000 0.0000 1.0000
vn 0.0000 0.0000 1.0000
vn 0.9156 -0.4010 0.0290
vn 0.9156 -0.4010 0.0290
vn 0.9270 -0.3738 0.0316
vn 0.9270 -0.3738 0.0316
vn 0.0000 0.9999 0.0162
vn 0.0000 0.9999 0.0162
vn 0.0000 -0.9999 0.0163
vn 0.0000 -0.9999 0.0163
vn -0.0000 -0.0000 1.0000
vn -0.0000 -0.0000 1.0000
vn -0.0000 -0.0000 1.0000
vn -0.0000 -0.0000 1.0000
vn -0.0002 0.0001 1.0000
vn -0.0002 0.0001 1.0000
vn -0.0000 -0.0000 1.0000
vn -0.0000 -0.0000 1.0000
vn 0.0000 0.0001 1.0000
vn 0.0000 0.0001 1.0000
vn 0.0007 0.1075 0.9942
vn 0.0000 0.0977 0.9952
vn 0.0000 0.2014 0.9795
vn -0.0000 -0.6069 0.7948
vn -0.0000 -0.6069 0.7948
vn 0.0000 0.6760 0.7369
vn 0.0000 0.6760 0.7369
vn -0.0000 0.4713 0.8820
vn -0.0000 0.4713 0.8820
vn -0.0000 0.4713 0.8820
vn -0.0000 0.4713 0.8820
vn 0.8662 -0.0007 -0.4997
vn 0.0000 -0.6273 -0.7788
vn -0.0000 -0.6273 -0.7788
vn 0.0000 0.4633 0.8862
vn 0.0001 0.7287 0.6848
vn -0.3509 0.9013 0.2538
vn -0.3686 0.8115 0.4535
vn 0.0000 0.8840 0.4675
vn 0.0000 0.9889 0.1488
vn 0.0000 -0.4921 0.8705
vn 0.6524 -0.0497 0.7562
vn -0.1613 0.9799 0.1172
vn -0.0000 1.0000 -0.0000
vn -0.1994 0.9799 -0.0000
vn -0.0616 0.9799 0.1896
vn 0.0616 0.9799 0.1896
vn 0.1613 0.9799 0.1172
vn 0.1994 0.9799 -0.0000
vn 0.1613 0.9799 -0.1172
vn 0.0616 0.9799 -0.1896
vn -0.0616 0.9799 -0.1896
vn -0.1613 0.9799 -0.1172
vn -0.5502 0.0405 0.8341
vn 0.0032 -0.1868 0.9824
vn -0.6437 0.0076 0.7652
vn -0.1299 -0.9892 -0.0682
vn -0.3606 -0.8763 -0.3194
vn -0.1098 -0.9892 -0.0973
vn -0.2735 -0.8764 -0.3963
vn -0.0834 -0.9892 -0.1208
vn -0.1708 -0.8764 -0.4502
vn -0.0520 -0.9892 -0.1372
vn -0.0580 -0.8764 -0.4780
vn -0.0177 -0.9892 -0.1457
vn 0.0580 -0.8764 -0.4780
vn 0.0177 -0.9892 -0.1457
vn 0.1708 -0.8764 -0.4502
vn 0.0520 -0.9892 -0.1372
vn 0.2735 -0.8764 -0.3963
vn 0.0833 -0.9892 -0.1208
vn 0.3604 -0.8764 -0.3193
vn 0.1098 -0.9892 -0.0973
vn 0.1299 -0.9892 -0.0682
vn 0.1425 -0.9892 -0.0351
vn 0.4817 -0.8764 0.0000
vn 0.1467 -0.9892 -0.0000
vn 0.4678 -0.8763 0.1153
vn 0.1425 -0.9892 0.0351
vn 0.4265 -0.8764 0.2239
vn 0.1299 -0.9892 0.0682
vn 0.1098 -0.9892 0.0973
vn 0.0833 -0.9892 0.1208
vn 0.1707 -0.8764 0.4502
vn 0.0520 -0.9892 0.1372
vn -0.1454 -0.6665 -0.7312
vn 0.0000 -0.6666 -0.7454
vn 0.0000 -0.9700 -0.2430
vn -0.0474 -0.9700 -0.2384
vn 0.2247 -0.9700 0.0931
vn 0.2023 -0.9699 0.1352
vn 0.1454 -0.6665 0.7311
vn 0.0474 -0.9700 0.2384
vn 0.0000 -0.6665 0.7455
vn 0.0000 -0.9700 0.2431
vn -0.1454 -0.6665 0.7312
vn -0.0474 -0.9700 0.2384
vn -0.6208 -0.6651 0.4150
vn -0.2026 -0.9699 0.1354
vn -0.7311 -0.6665 -0.1454
vn -0.2384 -0.9700 -0.0474
vn -0.6887 -0.6665 -0.2853
vn -0.2246 -0.9700 -0.0930
vn -0.6198 -0.6665 -0.4142
vn -0.2021 -0.9700 -0.1350
vn 0.4799 -0.6847 0.5486
vn 0.4799 -0.6847 0.5486
vn -0.4792 -0.6848 0.5490
vn -0.4792 -0.6848 0.5490
vn -0.5540 -0.6733 -0.4896
vn -0.5540 -0.6733 -0.4896
vn -0.8698 -0.4691 -0.1530
vn -0.8698 -0.4691 -0.1530
vn 0.5542 -0.6744 0.4879
vn 0.5542 -0.6744 0.4879
vn 0.8700 -0.4702 0.1486
vn 0.8700 -0.4702 0.1486
vn -0.8700 -0.4688 0.1526
vn -0.8700 -0.4688 0.1526
vn 0.5541 -0.6745 -0.4879
vn 0.5541 -0.6745 -0.4879
vn 0.8699 -0.4703 -0.1485
vn 0.8699 -0.4703 -0.1485
vn -0.4809 -0.6823 -0.5506
vn -0.4809 -0.6823 -0.5506
vn 0.6323 -0.4544 -0.6274
vn 0.6323 -0.4544 -0.6274
vn 0.9026 -0.3963 -0.1680
vn 0.9026 -0.3963 -0.1680
vn -0.6257 -0.4693 -0.6231
vn -0.6257 -0.4693 -0.6231
vn -0.9006 -0.3992 -0.1722
vn -0.9006 -0.3992 -0.1722
vn -0.6252 -0.4700 0.6231
vn -0.6252 -0.4700 0.6231
vn -0.9005 -0.3992 0.1722
vn -0.9005 -0.3992 0.1722
vn 0.6317 -0.4551 0.6276
vn 0.6317 -0.4551 0.6276
vn 0.9025 -0.3964 0.1683
vn 0.9025 -0.3964 0.1683
vn 0.4815 -0.6820 -0.5504
vn 0.4815 -0.6820 -0.5504
vn 0.0941 -0.0162 0.9954
vn -0.8167 -0.1860 0.5462
vn -0.9747 -0.0273 -0.2217
vn 0.3323 -0.3490 0.8762
vn 0.3546 -0.0000 0.9350
vn 0.8299 -0.3485 0.4357
vn 0.8853 0.0006 0.4651
vn 0.9102 -0.3482 0.2244
vn 0.9709 0.0011 0.2395
vn 0.9373 -0.3484 0.0000
vn 1.0000 -0.0052 0.0055
vn 0.7015 -0.3490 -0.6214
vn 0.5324 -0.3490 -0.7712
vn 0.5681 0.0000 -0.8230
vn 0.3323 -0.3490 -0.8762
vn 0.3546 0.0000 -0.9350
vn 0.1130 -0.3490 -0.9303
vn 0.1205 0.0000 -0.9927
vn -0.1130 -0.3490 -0.9303
vn -0.1205 -0.0000 -0.9927
vn -0.3323 -0.3490 -0.8762
vn -0.3546 -0.0000 -0.9350
vn -0.5324 -0.3490 -0.7712
vn -0.5681 0.0000 -0.8230
vn 0.0163 -0.9997 -0.0168
vn -0.0000 -0.9998 0.0176
vn 0.0000 -0.1894 0.9819
vn -0.1915 -0.1894 0.9630
vn 0.1916 -0.1894 0.9630
vn 0.0000 -0.1895 -0.9819
vn -0.1916 -0.1894 -0.9630
vn -0.9071 -0.1894 -0.3758
vn -0.8164 -0.1894 -0.5455
vn -0.0155 -0.9998 -0.0155
vn -0.9733 -0.0000 -0.2296
vn -0.0221 0.6840 0.7292
vn -0.0221 0.6840 0.7292
vn -0.0222 0.6815 0.7315
vn -0.0222 0.6815 0.7315
vn 0.1351 0.0598 0.9890
vn 0.1353 -0.0185 0.9906
vn 0.1408 0.0000 0.9900
vn 0.1408 0.0000 0.9900
vn -0.0018 0.0000 1.0000
vn -0.0018 0.0000 1.0000
vn -0.1431 0.0000 0.9897
vn -0.1431 0.0000 0.9897
vn 0.0002 -1.0000 -0.0015
vn 0.0003 -1.0000 -0.0045
vn 0.0001 -1.0000 -0.0047
vn -0.0000 0.3029 0.9530
vn 0.0000 0.3029 0.9530
vn 0.0000 -0.3669 0.9303
vn 0.0000 -0.3669 0.9302
vn 0.0000 1.0000 0.0000
vn 0.0000 1.0000 0.0000
vn 0.0000 1.0000 0.0000
vn -0.3543 0.8404 0.4100
vn 0.0002 0.7814 0.6240
vn 0.0007 -1.0000 -0.0047
vn 0.0033 -0.1868 0.9824
vn 0.9477 0.2175 -0.2336
vn 0.9477 0.2175 -0.2336
vn 0.8643 0.2175 -0.4536
vn 0.8643 0.2175 -0.4536
vn 0.7306 0.2175 -0.6472
vn 0.7306 0.2175 -0.6472
vn 0.5545 0.2175 -0.8033
vn 0.5545 0.2175 -0.8033
vn 0.3461 0.2175 -0.9126
vn 0.3461 0.2175 -0.9126
vn 0.1177 0.2175 -0.9689
vn 0.1177 0.2175 -0.9689
vn -0.1177 0.2175 -0.9689
vn -0.1177 0.2175 -0.9689
vn -0.3461 0.2175 -0.9126
vn -0.3461 0.2175 -0.9126
vn -0.5545 0.2175 -0.8033
vn -0.5545 0.2175 -0.8033
vn -0.7306 0.2175 -0.6472
vn -0.7306 0.2175 -0.6472
vn -0.8643 0.2175 -0.4536
vn -0.8643 0.2175 -0.4536
vn -0.9477 0.2175 -0.2336
vn -0.9477 0.2175 -0.2336
vn -0.9761 0.2175 0.0000
vn -0.9761 0.2175 0.0000
vn -0.9477 0.2175 0.2336
vn -0.9477 0.2175 0.2336
vn -0.8643 0.2175 0.4536
vn -0.8643 0.2175 0.4536
vn -0.7306 0.2175 0.6472
vn -0.7306 0.2175 0.6472
vn -0.5545 0.2175 0.8033
vn -0.5545 0.2175 0.8033
vn -0.3461 0.2175 0.9126
vn -0.3461 0.2175 0.9126
vn -0.1176 0.2175 0.9689
vn -0.1176 0.2175 0.9689
vn 0.1177 0.2175 0.9689
vn 0.1177 0.2175 0.9689
vn 0.3461 0.2175 0.9126
vn 0.3461 0.2175 0.9126
vn 0.5545 0.2175 0.8033
vn 0.5545 0.2175 0.8033
vn 0.7306 0.2175 0.6472
vn 0.7306 0.2175 0.6472
vn 0.8643 0.2175 0.4536
vn 0.8643 0.2175 0.4536
vn 0.9477 0.2175 0.2336
vn 0.9477 0.2175 0.2336
vn 0.9761 0.2175 0.0000
vn 0.9761 0.2175 0.0000
vn 0.9023 -0.3692 -0.2224
vn 0.9023 -0.3692 -0.2224
vn 0.8229 -0.3692 -0.4319
vn 0.8229 -0.3692 -0.4319
vn 0.6956 -0.3692 -0.6163
vn 0.6956 -0.3692 -0.6163
vn 0.5279 -0.3692 -0.7648
vn 0.5279 -0.3692 -0.7648
vn 0.3296 -0.3692 -0.8690
vn 0.3296 -0.3692 -0.8690
vn 0.1120 -0.3692 -0.9226
vn 0.1120 -0.3692 -0.9226
vn -0.1120 -0.3692 -0.9226
vn -0.1120 -0.3692 -0.9226
vn -0.3296 -0.3692 -0.8690
vn -0.3296 -0.3692 -0.8690
vn -0.5279 -0.3692 -0.7648
vn -0.5279 -0.3692 -0.7648
vn -0.6956 -0.3692 -0.6163
vn -0.6956 -0.3692 -0.6163
vn -0.8229 -0.3692 -0.4319
vn -0.8229 -0.3692 -0.4319
vn -0.9023 -0.3692 -0.2224
vn -0.9023 -0.3692 -0.2224
vn -0.9293 -0.3692 0.0000
vn -0.9293 -0.3692 0.0000
vn -0.9023 -0.3692 0.2224
vn -0.9023 -0.3692 0.2224
vn -0.8229 -0.3692 0.4319
vn -0.8229 -0.3692 0.4319
vn -0.6956 -0.3692 0.6163
vn -0.6956 -0.3692 0.6163
vn -0.5279 -0.3692 0.7648
vn -0.5279 -0.3692 0.7648
vn -0.3296 -0.3692 0.8690
vn -0.3296 -0.3692 0.8690
vn -0.1120 -0.3692 0.9226
vn -0.1120 -0.3692 0.9226
vn 0.1120 -0.3692 0.9226
vn 0.1120 -0.3692 0.9226
vn 0.3296 -0.3692 0.8690
vn 0.3296 -0.3692 0.8690
vn 0.5279 -0.3692 0.7648
vn 0.5279 -0.3692 0.7648
vn 0.6956 -0.3692 0.6163
vn 0.6956 -0.3692 0.6163
vn 0.8229 -0.3692 0.4319
vn 0.8229 -0.3692 0.4319
vn 0.9023 -0.3692 0.2224
vn 0.9023 -0.3692 0.2224
vn 0.9293 -0.3692 0.0000
vn 0.9293 -0.3692 0.0000
vn -0.8230 0.0000 -0.5681
vn -0.7485 0.0000 -0.6631
vn -0.5681 0.0000 -0.8230
vn -0.5681 0.0000 -0.8230
vn -0.3546 0.0000 -0.9350
vn -0.3546 0.0000 -0.9350
vn -0.1205 -0.0000 -0.9927
vn -0.1205 -0.0000 -0.9927
vn 0.1205 0.0000 -0.9927
vn 0.1205 -0.0000 -0.9927
vn 0.3546 0.0000 -0.9350
vn 0.3546 -0.0000 -0.9350
vn 0.5681 0.0000 -0.8230
vn 0.5681 -0.0000 -0.8230
vn 0.7236 -0.0000 -0.6902
vn -0.5681 -0.0000 -0.8230
vn -0.3546 -0.0000 -0.9350
vn -0.1205 -0.0000 -0.9927
vn 0.1205 -0.0000 -0.9927
vn 0.3546 -0.0000 -0.9350
vn 0.5681 -0.0000 -0.8230
vn -0.0000 -0.9937 -0.1117
vn 0.0011 -0.9937 -0.1117
vn -0.0000 0.3029 0.9530
vn -0.0010 -0.1869 0.9824
vn -0.0005 -0.2782 0.9605
vn 0.0000 -0.3670 0.9302
vn 0.0000 -0.4086 -0.9127
vn -0.0002 -0.4086 -0.9127
vn -0.1951 0.0000 0.9808
vn 0.0000 0.0000 1.0000
vn 0.1951 -0.0000 0.9808
vn 0.2857 0.0000 -0.9583
vn 0.1927 0.0000 -0.9812
vn 0.0000 -0.0000 -1.0000
vn -0.1951 -0.0000 -0.9808
vn -0.8315 -0.0000 -0.5556
vn -0.0001 -0.9993 0.0377
vn -0.0009 1.0000 -0.0086
vn 0.0005 1.0000 -0.0050
vn 0.0017 1.0000 -0.0015
vn 0.0013 1.0000 -0.0019
vn 0.0008 1.0000 -0.0022
vn 0.0003 1.0000 -0.0023
vn -0.0003 1.0000 -0.0022
vn -0.0008 1.0000 -0.0021
vn -0.0012 1.0000 -0.0018
vn 0.0520 -0.9892 0.1372
vn 0.0833 -0.9892 0.1207
vn 0.1098 -0.9892 0.0973
vn 0.1299 -0.9892 0.0682
vn 0.1425 -0.9892 0.0351
vn 0.1467 -0.9892 -0.0000
vn 0.1425 -0.9892 -0.0351
vn 0.1299 -0.9892 -0.0682
vn 0.1098 -0.9892 -0.0973
vn 0.0833 -0.9892 -0.1207
vn 0.0520 -0.9892 -0.1372
vn 0.0177 -0.9892 -0.1457
vn -0.0177 -0.9892 -0.1456
vn -0.0520 -0.9892 -0.1372
vn -0.0833 -0.9892 -0.1207
vn -0.1098 -0.9892 -0.0973
vn -0.1299 -0.9892 -0.0682
vn 0.3546 -0.0000 0.9350
vn 0.8852 0.0006 0.4653
vn 0.9709 0.0011 0.2396
vn 0.9999 -0.0112 0.0109
vn 0.1408 -0.0000 0.9900
vn 0.1408 -0.0000 0.9900
vn -0.0018 -0.0000 1.0000
vn -0.0018 -0.0000 1.0000
vn -0.1431 0.0000 0.9897
vn -0.1431 0.0000 0.9897
vn -0.6322 -0.0123 0.7747
vn 0.0079 -0.9997 -0.0212
vn 0.6486 0.1633 0.7434
vn -0.0606 0.9806 0.1866
vn -0.0000 1.0000 0.0000
vn -0.1587 0.9806 0.1153
vn -0.1962 0.9806 0.0000
vn -0.1587 0.9806 -0.1153
vn -0.0606 0.9806 -0.1866
vn 0.0606 0.9806 -0.1866
vn 0.1587 0.9806 -0.1153
vn 0.1962 0.9806 -0.0000
vn 0.1587 0.9806 0.1153
vn 0.0606 0.9806 0.1866
vn -0.2086 0.7695 0.6037
vn 0.0002 1.0000 -0.0053
vn -0.0035 1.0000 -0.0025
vn -0.0035 1.0000 -0.0025
vn -0.0033 1.0000 -0.0038
vn -0.0033 1.0000 -0.0038
vn -0.0026 1.0000 -0.0050
vn -0.0026 1.0000 -0.0050
vn -0.0014 1.0000 -0.0058
vn -0.0014 1.0000 -0.0058
vn -0.0000 1.0000 -0.0060
vn -0.0000 1.0000 -0.0060
vn 0.0013 1.0000 -0.0054
vn 0.0013 1.0000 -0.0054
vn 0.0023 1.0000 -0.0044
vn 0.0023 1.0000 -0.0044
vn 0.0028 1.0000 -0.0032
vn 0.0028 1.0000 -0.0032
vn 0.0023 1.0000 -0.0065
vn -0.0000 1.0000 0.0000
vn -0.0000 1.0000 -0.0000
vn -0.0000 1.0000 0.0000
vn 0.0000 1.0000 -0.0000
vn -0.0000 1.0000 0.0000
vn -0.0000 1.0000 0.0000
vn -0.0000 1.0000 -0.0000
vn -0.0000 1.0000 0.0000
vn 0.0001 -0.0000 1.0000
vn 0.0001 -0.0000 1.0000
vn 0.0002 -0.0000 1.0000
vn 0.0001 0.0002 1.0000
vn 0.0001 0.0002 1.0000
vn 0.0001 0.0002 1.0000
vn -0.0000 -0.0000 1.0000
vn 0.0000 0.0000 1.0000
vn -0.0000 -0.0000 1.0000
vn -0.0000 -0.0000 1.0000
vn -0.0000 -0.0000 1.0000
vn -0.0000 -0.0000 1.0000
vn -0.3745 0.9268 0.0282
vn -0.9147 0.4024 0.0385
vn -0.9147 0.4024 0.0385
vn -0.3745 0.9268 0.0282
vn -0.9143 -0.4036 0.0347
vn -0.3753 -0.9265 0.0267
vn -0.3753 -0.9265 0.0267
vn -0.9143 -0.4036 0.0347
vn 0.0096 -0.1678 0.9858
vn 0.0000 -0.0000 1.0000
vn 0.0000 -0.0000 1.0000
vn -0.0019 -1.0000 0.0094
vn -0.0019 -1.0000 0.0094
vn 0.9995 0.0055 0.0323
vn 0.9995 0.0055 0.0323
vn -0.0000 -0.0001 1.0000
vn -0.0000 -0.0001 1.0000
vn -0.0000 -0.0001 1.0000
vn -0.9156 -0.4010 0.0290
vn -0.9156 -0.4010 0.0290
vn -0.9270 -0.3738 0.0316
vn -0.9270 -0.3738 0.0316
vn 0.0000 -0.0000 1.0000
vn 0.0000 -0.0000 1.0000
vn 0.0000 -0.0000 1.0000
vn 0.0000 -0.0000 1.0000
vn 0.0002 0.0001 1.0000
vn 0.0002 0.0001 1.0000
vn 0.0000 0.4713 0.8820
vn 0.0000 0.4713 0.8820
vn -0.8662 -0.0007 -0.4997
vn -0.0000 -0.6273 -0.7788
vn 0.0000 0.9889 0.1488
vn 0.0000 0.8840 0.4675
vn -0.6524 -0.0497 0.7562
vn -0.6524 -0.0497 0.7562
vn 0.1613 0.9799 0.1172
vn 0.1994 0.9799 -0.0000
vn 0.0000 1.0000 -0.0000
vn 0.0616 0.9799 0.1896
vn -0.0616 0.9799 0.1896
vn -0.1613 0.9799 0.1172
vn -0.1994 0.9799 -0.0000
vn -0.1613 0.9799 -0.1172
vn -0.0616 0.9799 -0.1896
vn 0.0616 0.9799 -0.1896
vn 0.1613 0.9799 -0.1172
vn -0.0032 -0.1868 0.9824
vn 0.1299 -0.9892 -0.0682
vn 0.3606 -0.8763 -0.3194
vn 0.1098 -0.9892 -0.0973
vn 0.2735 -0.8764 -0.3963
vn 0.0833 -0.9892 -0.1208
vn 0.1707 -0.8764 -0.4502
vn 0.0520 -0.9892 -0.1372
vn 0.0580 -0.8764 -0.4780
vn 0.0177 -0.9892 -0.1457
vn -0.0580 -0.8764 -0.4780
vn -0.0177 -0.9892 -0.1457
vn -0.1707 -0.8764 -0.4502
vn -0.0520 -0.9892 -0.1372
vn -0.2735 -0.8764 -0.3963
vn -0.0833 -0.9892 -0.1208
vn -0.3604 -0.8764 -0.3193
vn -0.1098 -0.9892 -0.0973
vn -0.1299 -0.9892 -0.0682
vn -0.1425 -0.9892 -0.0351
vn -0.1467 -0.9892 -0.0000
vn -0.4817 -0.8764 0.0000
vn -0.4678 -0.8763 0.1153
vn -0.1425 -0.9892 0.0351
vn -0.4265 -0.8764 0.2239
vn -0.1299 -0.9892 0.0682
vn -0.1098 -0.9892 0.0973
vn -0.0833 -0.9892 0.1208
vn -0.1707 -0.8764 0.4502
vn -0.0520 -0.9892 0.1372
vn 0.1454 -0.6665 -0.7312
vn 0.0474 -0.9700 -0.2384
vn -0.0000 -0.9700 -0.2430
vn -0.0000 -0.6666 -0.7454
vn -0.2247 -0.9700 0.0931
vn -0.2023 -0.9699 0.1352
vn -0.0474 -0.9700 0.2384
vn -0.1454 -0.6665 0.7311
vn -0.0000 -0.9700 0.2431
vn -0.0000 -0.6665 0.7455
vn 0.0474 -0.9700 0.2384
vn 0.1454 -0.6665 0.7312
vn 0.2026 -0.9699 0.1354
vn 0.6208 -0.6651 0.4150
vn 0.2384 -0.9700 -0.0474
vn 0.7311 -0.6665 -0.1454
vn 0.2246 -0.9700 -0.0930
vn 0.6887 -0.6665 -0.2853
vn 0.2021 -0.9700 -0.1350
vn 0.6198 -0.6665 -0.4142
vn -0.0173 -0.9990 0.0418
vn 0.0172 -0.9990 -0.0418
vn 0.0081 -0.9998 -0.0197
vn -0.4772 -0.6798 0.5569
vn -0.4772 -0.6798 0.5569
vn 0.4765 -0.6800 0.5573
vn 0.4765 -0.6800 0.5573
vn 0.5625 -0.6683 -0.4868
vn 0.5625 -0.6683 -0.4868
vn -0.5627 -0.6694 0.4851
vn -0.5627 -0.6694 0.4851
vn -0.5626 -0.6695 -0.4851
vn -0.5626 -0.6695 -0.4851
vn 0.4782 -0.6774 -0.5589
vn 0.4782 -0.6774 -0.5589
vn -0.6323 -0.4544 -0.6274
vn -0.6323 -0.4544 -0.6274
vn 0.6257 -0.4693 -0.6232
vn 0.6257 -0.4693 -0.6232
vn 0.6252 -0.4700 0.6231
vn 0.6252 -0.4700 0.6231
vn -0.6317 -0.4551 0.6276
vn -0.6317 -0.4551 0.6276
vn -0.4788 -0.6772 -0.5587
vn -0.4788 -0.6772 -0.5587
vn -0.0093 -0.9989 0.0465
vn -0.0044 -0.9997 0.0220
vn 0.0091 -0.9989 -0.0459
vn 0.0043 -0.9998 -0.0217
vn 0.0174 -0.9990 0.0419
vn 0.0044 -0.9997 0.0220
vn 0.0093 -0.9989 0.0465
vn -0.0941 -0.0162 0.9954
vn 0.8167 -0.1861 0.5462
vn 0.9747 -0.0273 -0.2217
vn -0.3323 -0.3490 0.8762
vn -0.3546 -0.0000 0.9350
vn -0.8299 -0.3485 0.4357
vn -0.8853 0.0006 0.4651
vn -0.9102 -0.3482 0.2244
vn -0.9709 0.0011 0.2395
vn -0.9373 -0.3484 0.0000
vn -0.7015 -0.3490 -0.6214
vn -0.5324 -0.3490 -0.7712
vn -0.5681 -0.0000 -0.8230
vn -0.3323 -0.3490 -0.8762
vn -0.3546 -0.0000 -0.9350
vn -0.1130 -0.3490 -0.9303
vn -0.1205 -0.0000 -0.9927
vn 0.1130 -0.3490 -0.9303
vn 0.1205 -0.0000 -0.9927
vn 0.3323 -0.3490 -0.8762
vn 0.3546 -0.0000 -0.9350
vn 0.5324 -0.3490 -0.7712
vn 0.5681 -0.0000 -0.8230
vn -0.0174 -0.9997 -0.0179
vn -0.0000 -0.9997 0.0225
vn -0.0000 -0.1894 0.9819
vn 0.1915 -0.1894 0.9630
vn -0.1916 -0.1894 0.9630
vn -0.0000 -0.1895 -0.9819
vn 0.1916 -0.1894 -0.9630
vn 0.9072 -0.1894 -0.3758
vn 0.8164 -0.1894 -0.5455
vn 0.0155 -0.9998 -0.0155
vn -0.0241 -0.9997 -0.0000
vn 0.9733 -0.0000 -0.2296
vn 0.0221 0.6840 0.7292
vn 0.0221 0.6840 0.7292
vn 0.0222 0.6815 0.7315
vn 0.0222 0.6815 0.7315
vn -0.1351 0.0598 0.9890
vn -0.1353 -0.0185 0.9906
vn -0.1408 -0.0000 0.9900
vn 0.0018 -0.0000 1.0000
vn 0.0018 -0.0000 1.0000
vn -0.1408 -0.0000 0.9900
vn 0.1431 -0.0000 0.9897
vn 0.1431 -0.0000 0.9897
vn -0.0002 -1.0000 -0.0015
vn -0.0007 -1.0000 -0.0047
vn -0.0003 -1.0000 -0.0045
vn 0.0000 0.3029 0.9530
vn -0.0000 -0.3669 0.9302
vn 0.0000 1.0000 0.0000
vn -0.0000 1.0000 0.0000
vn -0.0033 -0.1868 0.9824
vn -0.9477 0.2175 -0.2336
vn -0.8643 0.2175 -0.4536
vn -0.8643 0.2175 -0.4536
vn -0.9477 0.2175 -0.2336
vn -0.7306 0.2175 -0.6472
vn -0.7306 0.2175 -0.6472
vn -0.5545 0.2175 -0.8033
vn -0.5545 0.2175 -0.8033
vn -0.3461 0.2175 -0.9126
vn -0.3461 0.2175 -0.9126
vn -0.1177 0.2175 -0.9689
vn -0.1177 0.2175 -0.9689
vn 0.1177 0.2175 -0.9689
vn 0.1177 0.2175 -0.9689
vn 0.3461 0.2175 -0.9126
vn 0.3461 0.2175 -0.9126
vn 0.5545 0.2175 -0.8033
vn 0.5545 0.2175 -0.8033
vn 0.7306 0.2175 -0.6472
vn 0.7306 0.2175 -0.6472
vn 0.8643 0.2175 -0.4536
vn 0.8643 0.2175 -0.4536
vn 0.9477 0.2175 -0.2336
vn 0.9477 0.2175 -0.2336
vn 0.9761 0.2175 0.0000
vn 0.9761 0.2175 0.0000
vn 0.9477 0.2175 0.2336
vn 0.9477 0.2175 0.2336
vn 0.8643 0.2175 0.4536
vn 0.8643 0.2175 0.4536
vn 0.7306 0.2175 0.6472
vn 0.7306 0.2175 0.6472
vn 0.5545 0.2175 0.8033
vn 0.5545 0.2175 0.8033
vn 0.3461 0.2175 0.9126
vn 0.3461 0.2175 0.9126
vn 0.1176 0.2175 0.9689
vn 0.1176 0.2175 0.9689
vn -0.1177 0.2175 0.9689
vn -0.1177 0.2175 0.9689
vn -0.3461 0.2175 0.9126
vn -0.3461 0.2175 0.9126
vn -0.5545 0.2175 0.8033
vn -0.5545 0.2175 0.8033
vn -0.7306 0.2175 0.6472
vn -0.7306 0.2175 0.6472
vn -0.8643 0.2175 0.4536
vn -0.8643 0.2175 0.4536
vn -0.9477 0.2175 0.2336
vn -0.9477 0.2175 0.2336
vn -0.9761 0.2175 0.0000
vn -0.9761 0.2175 0.0000
vn -0.9023 -0.3692 -0.2224
vn -0.8229 -0.3692 -0.4319
vn -0.8229 -0.3692 -0.4319
vn -0.9023 -0.3692 -0.2224
vn -0.6956 -0.3692 -0.6163
vn -0.6956 -0.3692 -0.6163
vn -0.5279 -0.3692 -0.7648
vn -0.5279 -0.3692 -0.7648
vn -0.3296 -0.3692 -0.8690
vn -0.3296 -0.3692 -0.8690
vn -0.1120 -0.3692 -0.9226
vn -0.1120 -0.3692 -0.9226
vn 0.1120 -0.3692 -0.9226
vn 0.1120 -0.3692 -0.9226
vn 0.3296 -0.3692 -0.8690
vn 0.3296 -0.3692 -0.8690
vn 0.5279 -0.3692 -0.7648
vn 0.5279 -0.3692 -0.7648
vn 0.6956 -0.3692 -0.6163
vn 0.6956 -0.3692 -0.6163
vn 0.8229 -0.3692 -0.4319
vn 0.8229 -0.3692 -0.4319
vn 0.9023 -0.3692 -0.2224
vn 0.9023 -0.3692 -0.2224
vn 0.9293 -0.3692 0.0000
vn 0.9293 -0.3692 0.0000
vn 0.9023 -0.3692 0.2224
vn 0.9023 -0.3692 0.2224
vn 0.8229 -0.3692 0.4319
vn 0.8229 -0.3692 0.4319
vn 0.6956 -0.3692 0.6163
vn 0.6956 -0.3692 0.6163
vn 0.5279 -0.3692 0.7648
vn 0.5279 -0.3692 0.7648
vn 0.3296 -0.3692 0.8690
vn 0.3296 -0.3692 0.8690
vn 0.1120 -0.3692 0.9226
vn 0.1120 -0.3692 0.9226
vn -0.1120 -0.3692 0.9226
vn -0.1120 -0.3692 0.9226
vn -0.3296 -0.3692 0.8690
vn -0.3296 -0.3692 0.8690
vn -0.5279 -0.3692 0.7648
vn -0.5279 -0.3692 0.7648
vn -0.6956 -0.3692 0.6163
vn -0.6956 -0.3692 0.6163
vn -0.8229 -0.3692 0.4319
vn -0.8229 -0.3692 0.4319
vn -0.9023 -0.3692 0.2224
vn -0.9023 -0.3692 0.2224
vn -0.9293 -0.3692 0.0000
vn -0.9293 -0.3692 0.0000
vn 0.7485 -0.0000 -0.6631
vn 0.8230 -0.0000 -0.5681
vn 0.5681 -0.0000 -0.8230
vn 0.5681 -0.0000 -0.8230
vn 0.3546 -0.0000 -0.9350
vn 0.3546 -0.0000 -0.9350
vn 0.1205 -0.0000 -0.9927
vn 0.1205 -0.0000 -0.9927
vn -0.1205 0.0000 -0.9927
vn -0.1205 -0.0000 -0.9927
vn -0.3546 0.0000 -0.9350
vn -0.3546 -0.0000 -0.9350
vn -0.5681 0.0000 -0.8230
vn -0.5681 -0.0000 -0.8230
vn -0.7236 -0.0000 -0.6902
vn 0.5681 -0.0000 -0.8230
vn 0.3546 -0.0000 -0.9350
vn 0.1205 -0.0000 -0.9927
vn -0.1205 -0.0000 -0.9927
vn -0.3546 -0.0000 -0.9350
vn -0.5681 -0.0000 -0.8230
vn -0.0011 -0.9937 -0.1117
vn 0.0000 0.3029 0.9530
vn 0.0010 -0.1869 0.9824
vn 0.0005 -0.2782 0.9605
vn -0.0000 -0.3670 0.9302
vn 0.0002 -0.4086 -0.9127
vn 0.1951 0.0000 0.9808
vn -0.0000 0.0000 1.0000
vn -0.1951 0.0000 0.9808
vn -0.2857 -0.0000 -0.9583
vn -0.1927 -0.0000 -0.9812
vn 0.0000 -0.0000 -1.0000
vn 0.1951 -0.0000 -0.9808
vn 0.8315 -0.0000 -0.5556
vn -0.0501 -0.9987 0.0000
vn 0.0526 -0.9986 -0.0000
vn -0.0000 -0.9989 0.0476
vn -0.0005 1.0000 -0.0050
vn 0.0009 1.0000 -0.0086
vn -0.0017 1.0000 -0.0015
vn -0.0013 1.0000 -0.0019
vn -0.0008 1.0000 -0.0022
vn -0.0003 1.0000 -0.0023
vn 0.0003 1.0000 -0.0022
vn 0.0008 1.0000 -0.0021
vn 0.0012 1.0000 -0.0018
vn -0.0520 -0.9892 0.1372
vn -0.0833 -0.9892 0.1207
vn -0.1098 -0.9892 0.0973
vn -0.1299 -0.9892 0.0682
vn -0.1425 -0.9892 0.0351
vn -0.1467 -0.9892 0.0000
vn -0.1425 -0.9892 -0.0351
vn -0.1299 -0.9892 -0.0682
vn -0.1098 -0.9892 -0.0973
vn -0.0833 -0.9892 -0.1207
vn -0.0520 -0.9892 -0.1372
vn -0.0177 -0.9892 -0.1456
vn 0.0177 -0.9892 -0.1456
vn 0.0520 -0.9892 -0.1372
vn 0.0833 -0.9892 -0.1207
vn 0.1098 -0.9892 -0.0973
vn 0.1299 -0.9892 -0.0682
vn -0.3546 -0.0000 0.9350
vn -0.8852 0.0006 0.4653
vn -0.9709 0.0011 0.2396
vn -0.1408 -0.0000 0.9900
vn -0.1408 -0.0000 0.9900
vn 0.0018 -0.0000 1.0000
vn 0.0018 -0.0000 1.0000
vn 0.1431 -0.0000 0.9897
vn 0.1431 -0.0000 0.9897
vn 0.6322 -0.0123 0.7747
vn -0.6486 0.1633 0.7434
vn 0.0606 0.9806 0.1866
vn 0.1587 0.9806 0.1153
vn -0.0000 1.0000 0.0000
vn 0.1962 0.9806 0.0000
vn 0.1587 0.9806 -0.1153
vn 0.0606 0.9806 -0.1866
vn -0.0606 0.9806 -0.1866
vn -0.1587 0.9806 -0.1153
vn -0.1962 0.9806 -0.0000
vn -0.1587 0.9806 0.1153
vn -0.0606 0.9806 0.1866
vn 0.0002 0.7811 0.6244
vn -0.0003 0.7811 0.6244
vn -0.0003 0.7813 0.6241
vn 0.0000 1.0000 -0.0000
vn 0.1062 0.9417 0.3192
vn -0.1113 0.9439 0.3108
vn 0.0000 1.0000 -0.0000
vn 0.2919 0.9312 0.2182
vn 0.0000 1.0000 -0.0000
vn -0.2852 0.9372 0.2007
vn -0.3478 0.9309 0.1114
vn 0.0000 1.0000 0.0000
vn 0.3550 0.9256 0.1312
vn 0.3500 0.8986 0.2647
vn 0.3756 0.8110 0.4485
vn 0.3586 0.8444 0.3980
vn -0.1635 0.9584 0.2338
vn 0.1533 0.9620 0.2260
vn 0.6646 0.0564 0.7450
vn 0.6651 0.0719 0.7433
vn 0.6768 0.0310 0.7355
vn -0.6651 0.0719 0.7433
vn -0.6646 0.0564 0.7450
vn -0.6768 0.0310 0.7355
vn -0.0007 -0.0391 0.9992
vn -0.0007 -0.0391 0.9992
vn -0.0012 -0.0357 0.9994
vn -0.0012 -0.0357 0.9994
vn -0.0003 -0.0425 0.9991
vn -0.0003 -0.0425 0.9991
vn 0.0007 -0.0391 0.9992
vn 0.0007 -0.0391 0.9992
vn 0.0012 -0.0357 0.9994
vn 0.0012 -0.0357 0.9994
vn 0.0003 -0.0425 0.9991
vn 0.0003 -0.0425 0.9991
vn -0.0001 -1.0000 -0.0047
vn 0.6524 -0.0497 0.7562
f 1/1/1 2/2/2 3/3/3
f 4/4/4 1/1/1 3/3/3
f 5/5/5 4/4/4 3/3/3
f 6/6/6 5/5/5 3/3/3
f 7/7/7 6/6/6 3/3/3
f 8/8/8 7/7/7 3/3/3
f 9/9/9 8/8/8 3/3/3
f 10/10/10 9/9/9 3/3/3
f 11/11/11 10/10/10 3/3/3
f 2/2/2 11/11/11 3/3/3
f 2560/12/12 2561/13/13 1/1/14
f 2566/14/15 2560/12/12 1/1/14 4/4/16
f 2568/15/17 2566/14/15 4/4/16 5/5/18
f 2570/16/19 2568/15/17 5/5/18 6/6/20
f 2572/17/21 2573/18/22 6/6/20 7/7/23
f 2576/19/24 2572/17/21 7/7/23 8/8/25
f 2578/20/26 2576/19/24 8/8/25 9/9/27
f 2580/21/28 2578/20/26 9/9/27 10/10/29
f 2582/22/30 2580/21/28 10/10/29 11/11/31
f 2564/23/32 2582/22/30 11/11/31 2/2/33
f 2584/24/34 2585/25/35 12/26/36 13/27/37
f 14/28/38 15/29/39 17/30/40 16/31/41
f 18/32/42 16/31/41 17/30/40 19/33/43
f 18/32/42 19/33/43 21/34/44 20/35/45
f 22/36/46 23/37/47 25/38/48 24/39/49
f 22/36/46 26/40/50 27/41/51 23/37/47
f 23/37/47 27/41/51 29/42/52 28/43/53
f 28/43/53 30/44/54 32/45/55 31/46/56
f 33/47/57 34/48/58 36/49/59 35/50/60
f 37/51/61 38/52/62 40/53/63 39/54/64
f 41/55/65 42/56/66 44/57/67 43/58/68
f 45/59/69 41/55/65 43/58/68 46/60/70
f 45/59/69 47/61/71 49/62/72 48/63/73
f 50/64/74 49/65/72 47/66/71 51/67/75
f 52/68/76 53/69/77 55/70/78 54/71/79
f 56/72/80 57/73/81 53/69/77 52/68/76
f 58/74/82 59/75/83 61/76/84 60/77/85
f 60/77/85 62/78/86 63/79/87 58/74/82
f 65/80/88 64/81/89 63/79/87 62/78/86
f 64/81/89 65/80/88 66/82/90 67/83/91
f 67/83/91 66/82/90 69/84/92 68/85/93
f 68/85/93 69/84/92 71/86/94 70/87/95
f 72/88/96 73/89/97 71/86/94 69/84/92
f 74/90/98 75/91/99 73/89/97 72/88/96
f 76/92/100 77/93/101 56/72/80 78/94/102
f 78/94/102 56/72/80 52/68/76 79/95/103
f 80/96/104 81/97/105 83/98/106 82/99/107
f 82/99/107 84/100/108 85/101/109 80/96/104
f 85/101/109 84/100/108 87/102/110 86/103/111
f 86/103/111 87/102/110 89/104/112 88/105/113
f 90/106/114 91/107/115 88/105/113 89/104/112
f 92/108/116 93/109/117 91/107/115 90/106/114
f 96/113/118 95/111/119 97/112/120
f 95/111/119 2603/114/121 2604/115/122 97/112/120
f 98/116/123 99/117/124 101/118/125 100/119/126
f 96/113/127 102/120/128 103/121/129 94/110/130
f 97/112/131 104/122/132 102/120/128 96/113/127
f 105/123/133 108/124/134 109/125/135 107/126/136
f 2605/127/137 2602/128/138 110/129/139 105/123/140
f 111/130/141 112/131/142 114/132/143 113/133/144
f 113/133/145 115/134/146 116/135/147 111/130/148
f 117/136/149 116/135/147 115/134/146 118/137/150
f 119/138/151 120/139/152 122/140/153 121/141/154
f 123/142/155 119/138/151 121/141/154 124/143/156
f 81/97/157 123/142/155 124/143/156 125/144/158
f 81/97/157 125/144/158 127/145/159 126/146/160
f 126/146/160 127/145/159 129/147/161 128/148/162
f 130/149/163 131/150/164 133/151/165 132/152/166
f 130/149/163 132/152/166 128/148/162 129/147/161
f 134/153/167 137/154/168 136/155/169 2632/156/170
f 33/157/57 138/158/171 139/159/172 28/43/53
f 2614/160/173 141/161/174 30/162/175 140/163/176
f 141/164/177 143/165/178 144/166/179 32/45/180
f 31/167/181 13/27/37 12/26/36 34/48/182
f 145/168/183 146/169/184 90/106/114 147/170/185
f 148/171/186 149/172/187 151/173/188 150/174/189
f 149/172/187 152/175/190 153/176/191 151/173/188
f 154/177/192 153/176/191 152/175/190 155/178/193
f 152/179/194 149/180/195 157/181/196 156/182/197
f 155/183/198 152/184/194 156/185/197 158/186/199
f 157/181/196 159/187/200 160/188/201 156/182/197
f 161/189/202 162/190/203 164/191/204 163/192/205
f 74/90/98 165/193/206 166/194/207 77/93/101
f 167/195/208 166/194/207 165/193/206 168/196/209
f 169/197/210 167/195/208 168/196/209 170/198/211
f 171/199/212 172/200/213 174/201/214 173/202/215
f 77/93/101 175/203/216 57/73/81 56/72/80
f 77/93/101 166/194/207 176/204/217 175/203/216
f 166/194/207 167/195/208 177/205/218 176/204/217
f 178/206/219 174/201/214 172/200/213 179/207/220
f 172/200/213 180/208/221 181/209/222 179/207/220
f 182/210/223 181/209/222 180/208/221 183/211/224
f 183/211/224 55/70/78 53/69/77 182/210/223
f 184/212/225 185/213/226 187/214/227 186/215/228
f 185/213/226 188/216/229 189/217/230 187/214/227
f 190/218/231 191/219/232 189/217/230 188/216/229
f 192/220/233 193/221/234 191/219/232 190/218/231
f 192/220/233 194/222/235 195/223/236 193/221/234
f 196/224/237 197/225/238 195/223/236 194/222/235
f 198/226/239 199/227/240 197/225/238 196/224/237
f 198/226/239 200/228/241 201/229/242 199/227/240
f 200/228/241 202/230/243 203/231/244 201/229/242
f 184/212/225 186/215/228 203/231/244 202/230/243
f 204/232/245 205/233/246 207/234/247 206/235/248
f 208/236/249 204/232/245 206/235/248 209/237/250
f 210/238/251 208/236/249 209/237/250 211/239/252
f 205/233/246 212/240/253 213/241/254 207/234/247
f 214/242/255 215/243/256 217/244/257 216/245/258
f 216/245/258 217/244/257 213/241/254 212/240/253
f 218/246/259 219/247/260 215/243/256 214/242/255
f 220/248/261 221/249/262 219/247/260 218/246/259
f 222/250/263 210/238/251 211/239/252 223/251/264
f 222/250/263 223/251/264 221/249/262 220/248/261
f 224/252/265 225/253/266 227/254/267 226/255/268
f 228/256/269 224/252/265 226/255/268 229/257/270
f 230/258/271 228/256/269 229/257/270 231/259/272
f 232/260/273 230/258/271 231/259/272 233/261/274
f 234/262/275 232/260/273 233/261/274 235/263/276
f 236/264/277 234/262/275 235/263/276 237/265/278
f 238/266/279 236/264/277 237/265/278 239/267/280
f 238/266/279 239/267/280 241/268/281 240/269/282
f 240/269/282 241/268/281 243/270/283 242/271/284
f 242/271/284 243/270/283 227/254/267 225/253/266
f 203/231/244 186/215/228 204/232/245 208/236/249
f 186/215/228 187/214/227 205/233/246 204/232/245
f 191/219/232 216/245/258 212/240/253 189/217/230
f 199/227/240 201/229/242 210/238/251 222/250/263
f 201/229/242 203/231/244 208/236/249 210/238/251
f 199/227/240 222/250/263 220/248/261 197/225/238
f 195/223/236 218/246/259 214/242/255 193/221/234
f 193/221/234 214/242/255 216/245/258 191/219/232
f 57/73/81 240/269/282 242/271/284 53/69/77
f 175/203/216 176/204/217 236/264/277 238/266/279
f 176/204/217 177/205/218 234/262/275 236/264/277
f 181/209/222 182/210/223 225/253/266 224/252/265
f 179/207/220 181/209/222 224/252/265 228/256/269
f 178/206/219 179/207/220 228/256/269 230/258/271
f 221/249/262 223/251/264 245/272/285 244/273/286
f 146/169/287 246/274/288 247/275/289 92/108/290
f 248/276/291 249/277/292 251/278/293 250/279/294
f 252/280/295 253/281/296 255/282/297 254/283/298
f 256/284/299 257/285/300 259/286/301 258/287/302
f 114/132/303 260/288/304 261/289/305 113/133/306
f 32/290/180 144/291/179 13/27/37 31/167/181
f 48/63/73 262/292/307 263/293/308 41/55/65
f 183/211/224 264/294/309 54/71/79 55/70/78
f 265/295/310 266/296/311 268/297/312 267/298/313
f 265/295/310 267/298/313 270/299/314 269/300/315
f 271/301/316 272/302/317 274/303/318 273/304/319
f 271/301/316 273/304/319 276/305/320 275/306/321
f 169/197/210 174/201/214 178/206/219 277/307/322
f 278/308/323 67/83/91 68/85/93 279/309/324
f 280/310/325 281/311/326 15/29/39 14/28/38
f 215/243/256 282/312/327 283/313/328 217/244/257
f 219/247/260 284/314/329 282/312/327 215/243/256
f 221/249/262 244/273/286 284/314/329 219/247/260
f 223/251/264 211/239/252 285/315/330 245/272/285
f 211/239/252 209/237/250 286/316/331 285/315/330
f 209/237/250 206/235/248 287/317/332 286/316/331
f 206/235/248 207/234/247 288/318/333 287/317/332
f 217/244/257 283/313/328 289/319/334 213/241/254
f 290/320/335 291/321/336 293/322/337 292/323/338
f 30/162/175 294/324/339 295/325/340 140/163/176
f 295/325/340 290/320/335 292/323/338 140/163/176
f 296/326/341 297/327/342 299/328/343 298/329/344
f 300/330/345 301/331/346 303/332/347 302/333/348
f 301/331/346 300/330/345 296/326/341 298/329/344
f 304/334/349 305/335/350 307/336/351 306/337/352
f 308/338/353 307/339/351 305/340/350 309/341/354
f 310/342/355 311/343/356 313/344/357 312/345/358
f 314/346/359 315/347/360 317/348/361 316/349/362
f 318/350/363 319/351/364 151/352/365 320/353/366
f 153/176/367 321/354/368 320/355/366 151/173/365
f 322/356/369 321/354/368 153/176/367 154/177/370
f 323/357/371 324/358/372 322/356/369 154/177/370
f 323/357/371 2607/359/373 325/360/374 324/358/372
f 2606/361/375 293/322/337 325/360/374 2607/359/373
f 326/362/376 327/363/377 328/364/378 300/330/345
f 327/363/377 326/362/376 304/334/349 306/337/352
f 329/365/379 330/366/380 308/338/353 331/367/381
f 332/368/382 333/369/383 329/365/379 331/367/381
f 334/370/384 333/369/383 332/368/382 335/371/385
f 336/372/386 337/373/387 339/374/388 338/375/389
f 338/375/389 339/374/388 318/350/363 340/376/390
f 336/372/386 341/377/391 342/378/392 337/373/387
f 343/379/393 344/380/394 346/381/395 345/382/396
f 347/383/397 345/382/396 346/381/395 348/384/398
f 349/385/399 326/362/400 300/330/401 350/386/402
f 351/387/403 352/388/404 354/389/405 353/390/406
f 355/391/407 356/392/408 358/393/409 357/394/410
f 359/395/411 314/346/359 316/349/362 360/396/412
f 357/397/410 361/398/413 362/399/414 317/348/361
f 311/343/356 363/400/415 365/401/416 364/402/417
f 353/403/406 313/344/357 367/404/418 366/405/419
f 312/345/358 333/406/383 334/407/384 310/342/355
f 354/408/405 329/409/379 333/406/383 312/345/358
f 352/388/404 330/410/380 329/411/379 354/389/405
f 306/337/352 307/336/351 330/410/380 352/388/404
f 344/412/394 359/395/411 368/413/420 346/414/395
f 348/415/398 369/416/421 310/342/355 334/407/384
f 346/414/395 368/413/420 369/416/421 348/415/398
f 344/412/394 341/417/391 314/346/359 359/395/411
f 315/347/360 314/346/359 341/417/391 336/418/386
f 370/419/422 340/420/390 320/355/366 321/354/368
f 371/421/423 315/347/360 336/418/386 338/422/389
f 370/419/422 371/423/423 338/424/389 340/420/390
f 372/425/424 373/426/425 374/427/426 309/428/427
f 38/52/62 375/429/428 376/430/429 145/431/183
f 38/52/62 145/431/183 147/432/185 40/53/63
f 89/104/112 377/433/430 147/170/185 90/106/114
f 377/434/430 378/435/431 40/53/63 147/432/185
f 89/104/112 87/102/110 379/436/432 377/433/430
f 377/434/430 379/437/432 380/438/433 378/435/431
f 87/102/110 84/100/108 381/439/434 379/436/432
f 379/437/432 381/440/434 382/441/435 380/438/433
f 82/99/107 383/442/436 381/439/434 84/100/108
f 83/98/106 384/443/437 383/442/436 82/99/107
f 384/444/437 385/445/438 386/446/439 383/447/436
f 83/98/106 387/448/440 388/449/441 384/443/437
f 384/444/437 388/450/441 389/451/442 385/445/438
f 387/448/440 390/452/443 391/453/444 388/449/441
f 391/454/444 392/455/445 389/451/442 388/450/441
f 390/452/443 393/456/446 394/457/447 391/453/444
f 395/458/448 396/459/449 394/460/447 163/461/450
f 163/192/450 394/457/447 393/456/446 161/189/451
f 397/462/452 398/463/453 400/464/454 399/465/455
f 398/463/453 401/466/456 402/467/457 400/464/454
f 401/466/456 403/468/458 404/469/459 402/467/457
f 403/468/458 405/470/460 406/471/461 404/469/459
f 407/472/462 408/473/463 406/471/461 405/470/460
f 409/474/464 410/475/465 408/473/463 407/472/462
f 411/476/466 412/477/467 414/478/468 413/479/469
f 397/462/452 415/480/470 417/481/471 416/482/472
f 416/483/472 417/484/471 419/485/473 418/486/474
f 420/487/475 421/488/476 423/489/477 422/490/478
f 424/491/479 416/482/472 418/492/480 425/493/481
f 426/494/482 427/495/483 429/496/484 428/497/485
f 430/498/486 431/499/487 433/500/488 432/501/489
f 434/502/490 435/503/491 433/500/488 431/499/487
f 436/504/492 437/505/493 439/506/494 438/507/495
f 440/508/496 441/509/497 439/506/494 437/505/493
f 442/510/498 443/511/499 445/512/500 444/513/501
f 446/514/502 447/515/503 449/516/504 448/517/505
f 450/518/506 451/519/507 449/516/504 447/515/503
f 452/520/508 453/521/509 455/522/510 454/523/511
f 452/520/508 456/524/512 458/525/513 457/526/514
f 459/527/515 460/528/516 462/529/517 461/530/518
f 463/531/519 461/530/518 465/532/520 464/533/521
f 466/534/522 467/535/523 469/536/524 468/537/525
f 470/538/526 468/537/525 472/539/527 471/540/528
f 473/541/529 474/542/530 476/543/531 475/544/532
f 477/545/533 475/544/532 479/546/534 478/547/535
f 480/548/536 481/549/537 483/550/538 482/551/539
f 480/548/536 484/552/540 486/553/541 485/554/542
f 487/555/543 488/556/544 490/557/545 489/558/546
f 491/559/547 492/560/548 494/561/549 493/562/550
f 495/563/551 493/562/550 497/564/552 496/565/553
f 498/566/554 499/567/555 485/554/542 486/553/541
f 502/568/556 501/569/557 500/570/558 487/555/543
f 503/571/559 504/572/560 506/573/561 505/574/562
f 507/575/563 508/576/564 457/526/514 458/525/513
f 509/577/565 510/578/566 512/579/567 511/580/568
f 513/581/569 514/582/570 515/583/571 475/544/532
f 494/561/549 516/584/572 515/583/571 493/562/550
f 517/585/573 455/522/510 453/521/509 518/586/574
f 519/587/575 520/588/576 522/589/577 521/590/578
f 523/591/579 475/544/532 515/583/571 516/584/572
f 497/564/552 493/562/550 515/583/571 524/592/580
f 472/539/527 468/537/525 515/583/571 525/593/581
f 465/532/520 461/530/518 515/583/571 514/582/570
f 519/587/582 521/590/583 459/527/584 526/594/585
f 527/595/586 528/596/587 274/303/318 272/302/317
f 529/597/588 530/598/589 268/297/312 266/296/311
f 473/541/529 475/544/532 523/591/579 531/599/590
f 491/559/547 493/562/550 533/600/591 532/601/592
f 466/534/522 468/537/525 535/602/593 534/603/594
f 495/563/551 536/604/595 537/605/596 493/562/550
f 470/538/526 538/606/597 539/607/598 468/537/525
f 463/531/519 540/608/599 541/609/600 461/530/518
f 477/545/533 542/610/601 513/581/569 475/544/532
f 505/574/562 275/306/321 276/305/320 503/571/559
f 270/299/314 543/611/602 544/612/603 269/300/315
f 522/589/577 545/613/604 547/614/605 546/615/606
f 548/616/607 549/617/608 551/618/609 550/619/610
f 552/620/611 483/550/538 481/549/537 553/621/612
f 504/572/560 554/622/613 490/557/545 506/573/561
f 528/596/587 527/595/586 508/576/564 507/575/563
f 528/596/614 478/547/615 479/546/616 274/303/617
f 274/303/617 479/546/616 555/623/618 273/304/619
f 276/305/620 273/304/619 555/623/618 476/543/621
f 268/297/622 535/602/623 556/624/624 267/298/625
f 270/299/626 267/298/625 556/624/624 539/607/627
f 510/578/628 471/540/629 472/539/630 512/579/631
f 543/611/632 270/299/626 539/607/627 538/606/633
f 259/286/634 533/600/635 558/625/636 557/626/637
f 251/278/638 557/626/637 558/625/636 537/605/639
f 250/279/640 251/278/638 537/605/639 536/604/641
f 255/282/642 551/618/643 559/627/644 541/609/645
f 254/283/646 255/282/642 541/609/645 540/608/647
f 519/587/582 526/594/585 560/628/648 549/617/649
f 257/285/650 532/601/651 533/600/635 259/286/634
f 458/525/652 456/524/653 513/581/654 542/610/655
f 530/598/656 534/603/657 535/602/623 268/297/622
f 486/553/658 484/552/659 469/536/660 467/535/661
f 554/622/662 531/599/663 523/591/664 561/629/665
f 503/571/666 276/305/620 476/543/621 474/542/667
f 533/600/591 493/562/550 537/605/596 558/625/668
f 541/609/600 559/627/669 560/628/670 461/530/518
f 510/578/566 509/577/565 544/612/603 562/630/671
f 150/174/189 151/173/188 564/631/672 563/632/673
f 565/633/674 566/634/675 568/635/676 567/636/677
f 569/637/678 570/638/679 572/639/680 571/640/681
f 573/641/682 574/642/683 576/643/684 575/644/685
f 577/645/686 42/56/66 579/646/687 578/647/688
f 372/648/424 349/385/399 580/649/689
f 581/650/690 582/651/691 584/652/692 583/653/693
f 135/654/694 585/655/695 586/656/696 137/154/168
f 587/657/697 588/658/698 590/659/699 589/660/700
f 589/660/700 591/661/701 592/662/702 587/657/697
f 593/663/703 545/613/604 405/470/460 403/468/458
f 509/577/565 511/580/568 401/466/456 398/463/453
f 544/612/603 509/577/565 398/463/453 397/462/452
f 520/588/576 409/474/464 407/472/462 522/589/577
f 409/474/464 422/490/478 594/664/704 413/479/469
f 585/665/695 595/666/705 596/667/706 586/668/696
f 582/669/691 597/670/707 598/671/708 584/672/692
f 589/673/700 599/674/709 411/476/466 591/675/701
f 591/675/701 411/476/466 413/479/469 594/664/704
f 399/465/455 400/464/454 601/676/710 600/677/711
f 602/678/712 603/679/713 575/680/714 419/485/473
f 410/475/465 604/681/715 605/682/716 408/473/463
f 592/662/702 591/661/701 594/683/704 423/684/717
f 520/588/576 548/616/607 420/487/475 422/490/478
f 606/685/718 607/686/719 423/684/477 421/687/476
f 431/688/487 430/689/486 563/632/673 564/631/672
f 433/500/488 553/621/612 608/690/720 432/501/489
f 433/500/488 435/503/491 248/276/291 553/621/612
f 564/691/672 609/692/721 434/693/490 431/694/487
f 444/513/501 445/512/500 271/301/316 275/306/321
f 610/695/722 443/696/499 442/697/498 579/646/687
f 611/698/723 444/513/501 275/306/321 505/574/562
f 579/646/687 442/697/498 612/699/724 578/647/688
f 439/506/494 500/570/558 256/284/299 438/507/495
f 373/426/425 372/425/424 437/700/493 436/701/492
f 613/702/725 614/703/726 447/704/503 446/705/502
f 614/703/726 615/706/727 450/707/506 447/704/503
f 566/634/675 616/708/728 617/709/729 568/635/676
f 571/640/681 426/710/482 428/711/485 569/637/678
f 544/612/603 416/482/472 424/491/479 269/300/315
f 418/712/480 576/643/684 574/642/683 425/713/481
f 580/649/689 440/714/496 437/715/493 372/648/424
f 441/509/497 618/716/730 500/570/558 439/506/494
f 610/695/722 579/646/687 42/56/66 263/293/308
f 619/717/731 620/718/732 622/719/733 621/720/734
f 29/42/52 27/41/51 622/719/733 620/718/732
f 623/721/735 624/722/736 626/723/737 625/724/738
f 627/725/739 628/726/740 630/727/741 629/728/742
f 631/729/743 632/730/744 634/731/745 633/732/746
f 635/733/747 636/734/748 638/735/749 637/736/750
f 634/731/745 639/737/751 640/738/752 633/732/746
f 641/739/753 633/732/746 640/738/752 642/740/754
f 643/741/755 644/742/756 630/727/741 628/726/740
f 645/743/757 646/744/758 625/724/738 647/745/759
f 648/746/760 635/733/747 637/736/750 649/747/761
f 628/726/740 652/748/762 650/749/763 651/750/764
f 651/750/764 650/749/763 623/721/735 625/724/738
f 654/751/765 655/752/766 619/717/731 621/720/734
f 656/753/767 619/717/731 655/752/766 657/754/768
f 658/755/769 659/756/770 661/757/771 660/758/772
f 662/759/773 663/760/774 665/761/775 664/762/776
f 656/753/767 666/763/777 663/760/774 662/759/773
f 666/763/777 656/753/767 657/754/768 667/764/778
f 668/765/779 669/766/780 671/767/781 670/768/782
f 672/769/783 673/770/784 674/771/785 668/765/779
f 673/770/784 672/769/783 676/772/786 675/773/787
f 672/769/783 677/774/788 678/775/789 676/772/786
f 677/774/788 679/776/790 680/777/791 678/775/789
f 681/778/792 682/779/793 684/780/794 683/781/795
f 685/782/796 686/783/797 688/784/798 687/785/799
f 689/786/800 690/787/801 691/788/802 302/333/803
f 692/789/804 693/790/805 694/791/806 264/294/309
f 694/792/806 693/793/805 696/794/807 695/795/808
f 280/310/325 694/792/806 697/796/809 281/311/326
f 294/324/339 29/797/52 620/798/732 295/325/340
f 23/37/47 698/799/810 699/800/811 25/38/48
f 700/801/812 20/35/45 25/38/48 699/800/811
f 138/802/171 278/308/323 279/309/324 139/803/172
f 701/804/813 115/134/814 113/133/815 261/289/816
f 702/805/817 701/804/813 136/155/169 703/806/818
f 263/293/308 262/292/307 704/807/819 610/695/722
f 530/598/589 529/597/588 499/567/555 498/566/554
f 489/558/546 490/557/545 554/622/613 561/629/820
f 489/558/546 705/808/821 502/568/556 487/555/543
f 485/554/542 706/809/822 481/549/537 480/548/536
f 539/607/598 556/624/823 535/602/593 468/537/525
f 457/526/514 707/810/824 453/521/509 452/520/508
f 476/543/531 555/623/825 479/546/534 475/544/532
f 408/473/463 605/682/716 708/811/826 406/471/461
f 709/812/827 399/465/455 600/677/711 710/813/828
f 135/654/694 711/814/829 2629/815/830
f 137/154/168 714/816/831 703/806/818 136/155/169
f 313/344/357 311/343/356 715/817/832 367/404/418
f 716/818/833 717/819/834 353/403/406 366/405/419
f 362/399/414 718/820/835 316/349/362 317/348/361
f 316/349/362 719/821/836 720/822/837 360/396/412
f 663/760/774 721/823/838 722/824/839 665/761/775
f 335/371/385 332/368/382 331/367/381 374/825/840
f 723/826/841 724/827/842 726/828/843 725/829/844
f 727/830/845 728/831/846 730/832/847 729/833/848
f 731/834/849 732/835/850 734/836/851 733/837/852
f 735/838/853 736/839/854 738/840/855 737/841/856
f 680/777/857 739/842/858 740/843/859 682/779/860
f 680/777/857 679/776/861 726/828/862 739/842/858
f 679/776/861 741/844/863 725/829/864 726/828/862
f 741/844/863 742/845/865 723/826/866 725/829/864
f 742/845/865 716/818/867 743/846/868 723/826/866
f 366/405/869 744/847/870 743/846/868 716/818/867
f 367/404/871 727/830/872 744/847/870 366/405/869
f 715/817/873 728/831/874 727/830/872 367/404/871
f 715/817/873 364/402/875 730/832/876 728/831/874
f 365/401/877 745/848/878 747/849/879 746/850/880
f 720/822/881 748/851/882 747/849/879 745/848/878
f 719/821/883 749/852/884 748/851/882 720/822/881
f 718/820/885 750/853/886 749/852/884 719/821/883
f 718/820/885 362/399/887 734/836/888 750/853/886
f 362/399/887 361/398/889 733/837/890 734/836/888
f 361/398/889 751/854/891 731/834/892 733/837/890
f 751/854/891 752/855/893 753/856/894 731/834/892
f 754/857/895 755/858/896 753/856/894 752/855/893
f 664/762/897 735/838/898 755/858/896 754/857/895
f 665/761/899 736/839/900 735/838/898 664/762/897
f 665/761/899 722/824/901 738/840/902 736/839/900
f 722/824/901 756/859/903 757/860/904 738/840/902
f 756/859/903 758/861/905 759/862/906 757/860/904
f 684/780/907 760/863/908 759/862/906 758/861/905
f 698/864/810 761/865/909 762/866/910 699/867/811
f 763/868/911 764/869/912 766/870/913 765/871/914
f 767/872/915 768/873/916 770/874/917 769/875/918
f 148/876/919 2624/877/920 157/181/196 149/180/195
f 73/89/97 772/878/921 762/866/910 71/86/94
f 773/879/922 72/88/96 69/84/92 66/82/90
f 774/880/923 773/879/922 66/82/90 65/80/88
f 775/881/924 64/81/89 67/83/91 278/308/323
f 168/196/209 165/193/206 773/879/922 774/880/923
f 776/882/925 183/211/224 180/208/221 777/883/926
f 28/43/53 139/159/172 698/799/810 23/37/47
f 619/717/731 656/753/767 662/759/773 778/884/927
f 619/885/731 778/886/927 291/321/336 290/320/335
f 778/886/927 779/887/928 780/888/929 291/321/336
f 357/397/410 317/348/361 315/347/360 371/421/423
f 355/391/407 357/394/410 371/423/423 370/419/422
f 781/889/930 741/844/931 679/776/790 677/774/788
f 781/890/930 299/328/343 297/327/342 782/891/932
f 668/765/779 781/889/930 677/774/788 672/769/783
f 299/328/343 781/890/930 668/892/779 783/893/933
f 693/894/805 689/786/934 784/895/935 670/896/782
f 27/41/51 785/897/936 786/898/937 622/719/733
f 18/32/42 787/899/938 788/900/939 16/31/41
f 787/901/938 789/902/940 790/903/941 788/904/939
f 700/905/812 772/878/921 789/902/940 787/901/938
f 78/94/102 791/906/942 790/903/941 76/92/100
f 374/825/840 792/907/943 347/383/397 335/371/385
f 47/66/71 793/908/944 794/909/945 51/67/75
f 796/910/946 798/911/947 797/912/948 795/913/949
f 798/911/947 799/914/950 800/915/951 797/912/948
f 799/916/950 802/917/952 801/918/953 800/919/951
f 802/917/952 804/920/954 803/921/955 801/918/953
f 804/920/954 806/922/956 805/923/957 803/921/955
f 806/922/956 807/924/958 793/925/944 805/923/957
f 807/926/958 808/927/959 794/909/945 793/908/944
f 809/928/960 810/929/961 62/78/86 60/77/85
f 60/77/85 61/76/84 811/930/962 809/928/960
f 61/76/84 812/931/963 813/932/964 811/930/962
f 813/932/964 812/931/963 815/933/965 814/934/966
f 814/934/966 815/933/965 817/935/967 816/936/968
f 816/936/968 817/935/967 819/937/969 818/938/970
f 761/865/909 70/87/95 71/86/94 762/866/910
f 63/79/87 64/81/89 775/881/924 820/939/971
f 58/74/82 63/79/87 820/939/971 821/940/972
f 821/940/972 822/941/973 59/75/83 58/74/82
f 812/931/963 59/75/83 822/941/973 823/942/974
f 823/942/974 824/943/975 815/933/965 812/931/963
f 815/933/965 824/943/975 825/944/976 817/935/967
f 817/935/967 825/944/976 826/945/977 819/937/969
f 819/937/969 826/945/977 828/946/978 827/947/979
f 827/947/979 828/946/978 830/948/980 829/949/981
f 831/950/982 832/951/983 196/224/237 194/222/235
f 832/951/983 818/938/970 198/226/239 196/224/237
f 833/952/984 834/953/985 832/951/983 831/950/982
f 835/954/986 834/953/985 833/952/984 836/955/987
f 837/956/988 835/954/986 836/955/987 838/957/989
f 837/956/988 838/957/989 840/958/990 839/959/991
f 841/960/992 839/959/991 840/958/990 842/961/993
f 842/961/993 169/197/210 170/198/211 841/960/992
f 167/195/208 169/197/210 277/307/322 177/205/218
f 75/91/99 789/902/940 772/878/921 73/89/97
f 843/962/994 831/950/982 194/222/235 192/220/233
f 842/961/993 840/958/990 795/913/949 173/202/215
f 696/794/807 693/793/805 670/768/782 671/767/781
f 700/801/812 787/899/938 18/32/42 20/35/45
f 280/310/325 14/28/38 16/31/41 788/900/939
f 844/963/995 845/964/996 822/941/973 821/940/972
f 821/940/972 820/939/971 846/965/997 844/963/995
f 847/966/998 846/965/997 820/939/971 775/881/924
f 138/802/171 847/966/998 775/881/924 278/308/323
f 139/803/172 279/309/324 761/865/909 698/864/810
f 772/878/921 700/905/812 699/867/811 762/866/910
f 694/791/806 848/967/999 54/71/79 264/294/309
f 280/968/325 788/904/939 790/903/941 791/906/942
f 694/791/806 280/968/325 791/906/942 848/967/999
f 809/928/960 811/930/962 839/959/991 841/960/992
f 783/893/933 301/331/346 298/329/344 299/328/343
f 849/969/1000 850/970/1001 852/971/1002 851/972/1003
f 853/973/1004 854/974/1005 852/971/1002 850/970/1001
f 322/356/369 324/358/372 356/392/408 355/391/407
f 778/884/927 662/759/773 664/762/776 754/857/1006
f 855/975/1007 856/976/1008 857/977/1009 845/964/996
f 37/51/1010 858/978/1011 375/429/428 38/52/62
f 859/979/1012 860/980/1013 862/981/1014 861/982/1015
f 861/983/1015 862/984/1014 863/985/1016 162/190/203
f 864/986/1017 164/191/204 162/190/203 863/985/1016
f 865/987/1018 866/988/1019 164/191/204 864/986/1017
f 867/989/1020 868/990/1021 866/991/1019 865/992/1018
f 869/993/1022 870/994/1023 872/995/1024 871/996/1025
f 870/994/1023 869/993/1022 873/997/1026 874/998/1027
f 869/993/1022 871/996/1025 875/999/1028 873/997/1026
f 876/1000/1029 877/1001/1030 879/1002/1031 878/1003/1032
f 877/1001/1030 880/1004/1033 881/1005/1034 879/1002/1031
f 882/1006/1035 883/1007/1036 806/922/956 804/920/954
f 883/1007/1036 884/1008/1037 807/924/958 806/922/956
f 884/1009/1037 885/1010/1038 808/927/959 807/926/958
f 885/1010/1038 886/1011/1039 887/1012/1040 808/927/959
f 887/1012/1040 886/1011/1039 889/1013/1041 888/1014/1042
f 888/1014/1042 889/1013/1041 891/1015/1043 890/1016/1044
f 890/1016/1044 891/1015/1043 893/1017/1045 892/1018/1046
f 894/1019/1047 892/1018/1046 893/1017/1045 895/1020/1048
f 870/1021/1049 894/1019/1047 895/1020/1048 859/979/1012
f 808/927/959 887/1012/1040 896/1022/1050 794/909/945
f 887/1012/1040 888/1014/1042 897/1023/1051 896/1022/1050
f 888/1014/1042 890/1016/1044 898/1024/1052 897/1023/1051
f 890/1016/1044 892/1018/1046 899/1025/1053 898/1024/1052
f 892/1018/1046 894/1019/1047 900/1026/1054 899/1025/1053
f 894/1019/1047 870/1021/1049 874/1027/1055 900/1026/1054
f 901/1028/1056 902/1029/1057 903/1030/1058 856/976/1059
f 2606/1031/1060 2603/114/121 95/111/119 142/1032/1061
f 111/130/1062 93/109/1063 904/1033/1064 112/131/1065
f 291/321/336 780/888/929 325/360/374 293/322/337
f 292/323/338 2606/361/375 142/1034/1066 140/163/176
f 844/963/995 905/1035/1067 855/975/1007 845/964/996
f 564/691/672 319/1036/1068 906/1037/1069 609/692/721
f 35/50/60 847/966/998 138/802/171 33/47/57
f 907/1038/1070 846/965/997 847/966/998 35/50/60
f 170/198/211 168/196/209 774/880/923 810/929/961
f 828/946/978 908/1039/1071 909/1040/1072 830/948/980
f 184/212/225 202/230/243 911/1041/1073 910/1042/1074
f 897/1023/1051 898/1024/1052 913/1043/1075 912/1044/1076
f 771/1045/1077 914/1046/1078 763/868/911 765/871/914
f 915/1047/1079 916/1048/1080 767/872/915 769/875/918
f 711/1049/1081 917/1050/1082 2628/1051/1083 2629/1052/1084
f 853/973/1004 919/1053/1085 46/60/70 43/58/68
f 49/62/72 920/1054/1086 262/292/307 48/63/73
f 921/1055/1087 922/1056/1088 924/1057/1089 923/1058/1090
f 925/1059/1091 926/1060/1092 923/1058/1090 924/1057/1089
f 927/1061/1093 928/1062/1094 926/1060/1092 925/1059/1091
f 860/980/1013 929/1063/1095 928/1062/1094 927/1061/1093
f 895/1020/1048 929/1063/1095 860/980/1013 859/979/1012
f 930/1064/1096 931/1065/1097 933/1066/1098 932/1067/1099
f 931/1065/1097 930/1064/1096 935/1068/1100 934/1069/1101
f 889/1013/1041 934/1069/1101 935/1068/1100 891/1015/1043
f 928/1062/1094 936/1070/1102 937/1071/1103 926/1060/1092
f 929/1063/1095 938/1072/1104 936/1070/1102 928/1062/1094
f 895/1020/1048 893/1017/1045 938/1072/1104 929/1063/1095
f 932/1067/1099 933/1066/1098 940/1073/1105 939/1074/1106
f 939/1074/1106 940/1073/1105 942/1075/1107 941/1076/1108
f 943/1077/1109 939/1074/1106 941/1076/1108 944/1078/1110
f 945/1079/1111 946/1080/1112 921/1055/1087 944/1078/1110
f 846/965/997 907/1038/1070 905/1035/1067 844/963/995
f 810/929/961 809/928/960 841/960/992 170/198/211
f 919/1053/1085 853/973/1004 948/1081/1113 947/1082/1114
f 947/1083/1114 948/1084/1113 172/200/213 171/199/212
f 949/1085/1115 44/57/67 42/56/66 577/645/686
f 950/1086/1116 949/1085/1115 577/645/686 951/1087/1117
f 952/1088/1118 912/1089/1119 615/706/727 614/703/726
f 614/703/726 613/702/725 953/1090/1120 952/1088/1118
f 954/1091/1121 343/379/393 345/382/396 955/1092/1122
f 331/367/381 308/338/353 309/341/354 374/825/840
f 777/1093/926 850/970/1001 849/969/1000 776/1094/925
f 690/787/801 689/786/800 693/894/805 692/1095/804
f 676/772/786 678/775/789 681/778/792 686/783/797
f 721/823/838 663/760/774 666/763/777 659/756/770
f 857/977/1009 823/942/974 822/941/973 845/964/996
f 175/203/216 238/266/279 240/269/282 57/73/81
f 163/192/205 164/191/204 866/988/1019 395/1096/1123
f 872/995/1124 861/983/1015 162/190/203 131/150/1125
f 870/1021/1049 859/979/1012 861/982/1015 872/1097/1124
f 893/1017/1045 891/1015/1043 935/1068/1100 938/1072/1104
f 46/60/70 803/921/955 805/923/957 45/59/69
f 46/60/70 919/1053/1085 801/918/953 803/921/955
f 801/918/953 919/1053/1085 947/1082/1114 800/919/951
f 800/915/951 947/1083/1114 171/199/212 797/912/948
f 948/1084/1113 777/883/926 180/208/221 172/200/213
f 277/307/322 178/206/219 230/258/271 232/260/273
f 53/69/77 242/271/284 225/253/266 182/210/223
f 823/942/974 857/977/1009 868/990/1021 824/943/975
f 886/1011/1039 956/1098/1126 934/1069/1101 889/1013/1041
f 794/909/945 953/1099/1127 50/64/74 51/67/75
f 813/932/964 837/956/988 839/959/991 811/930/962
f 868/990/1021 857/977/1009 903/1030/1128 866/991/1019
f 957/1100/1129 865/987/1018 864/986/1017 958/1101/1130
f 958/1101/1130 864/986/1017 863/985/1016 959/1102/1131
f 862/984/1014 960/1103/1132 959/1102/1131 863/985/1016
f 862/981/1014 860/980/1013 927/1061/1093 960/1104/1132
f 938/1072/1104 935/1068/1100 930/1064/1096 936/1070/1102
f 886/1011/1039 885/1010/1038 961/1105/1133 956/1098/1126
f 805/923/957 793/925/944 47/61/71 45/59/69
f 962/1106/1134 882/1006/1035 804/920/954 802/917/952
f 802/917/952 799/916/950 963/1107/1135 962/1106/1134
f 798/911/947 964/1108/1136 963/1109/1135 799/914/950
f 173/202/215 795/913/949 797/912/948 171/199/212
f 796/910/946 965/1110/1137 964/1108/1136 798/911/947
f 838/957/989 796/910/946 795/913/949 840/958/990
f 837/956/988 813/932/964 814/934/966 835/954/986
f 824/943/975 868/990/1021 867/989/1020 825/944/976
f 867/989/1020 865/992/1018 957/1111/1129 966/1112/1138
f 956/1098/1126 967/1113/1139 931/1065/1097 934/1069/1101
f 968/1114/1140 961/1105/1133 885/1010/1038 884/1009/1037
f 838/957/989 836/955/987 965/1110/1137 796/910/946
f 835/954/986 814/934/966 816/936/968 834/953/985
f 825/944/976 867/989/1020 966/1112/1138 826/945/977
f 969/1115/1141 957/1100/1129 958/1101/1130 970/1116/1142
f 970/1116/1142 958/1101/1130 959/1102/1131 971/1117/1143
f 959/1102/1131 960/1103/1132 972/1118/1144 971/1117/1143
f 960/1104/1132 927/1061/1093 925/1059/1091 972/1119/1144
f 936/1070/1102 930/1064/1096 932/1067/1099 937/1071/1103
f 931/1065/1097 967/1113/1139 973/1120/1145 933/1066/1098
f 967/1113/1139 956/1098/1126 961/1105/1133 974/1121/1146
f 968/1114/1140 975/1122/1147 974/1121/1146 961/1105/1133
f 976/1123/1148 968/1124/1140 884/1008/1037 883/1007/1036
f 883/1007/1036 882/1006/1035 977/1125/1149 976/1123/1148
f 978/1126/1150 977/1125/1149 882/1006/1035 962/1106/1134
f 979/1127/1151 978/1126/1150 962/1106/1134 963/1107/1135
f 964/1108/1136 980/1128/1152 979/1129/1151 963/1109/1135
f 965/1110/1137 981/1130/1153 980/1128/1152 964/1108/1136
f 981/1130/1153 965/1110/1137 836/955/987 833/952/984
f 834/953/985 816/936/968 818/938/970 832/951/983
f 826/945/977 966/1112/1138 908/1039/1071 828/946/978
f 966/1112/1138 957/1111/1129 969/1131/1141 908/1039/1071
f 974/1121/1146 982/1132/1154 973/1120/1145 967/1113/1139
f 981/1130/1153 833/952/984 831/950/982 843/962/994
f 908/1039/1071 969/1131/1141 983/1133/1155 909/1040/1072
f 969/1115/1141 970/1116/1142 984/1134/1156 983/1135/1155
f 970/1116/1142 971/1117/1143 985/1136/1157 984/1134/1156
f 971/1117/1143 972/1118/1144 986/1137/1158 985/1136/1157
f 972/1119/1144 925/1059/1091 924/1057/1089 986/1138/1158
f 926/1060/1092 937/1071/1103 943/1077/1109 923/1058/1090
f 973/1120/1145 987/1139/1159 940/1073/1105 933/1066/1098
f 982/1132/1154 988/1140/1160 987/1139/1159 973/1120/1145
f 975/1122/1147 989/1141/1161 982/1132/1154 974/1121/1146
f 990/1142/1162 975/1143/1147 968/1124/1140 976/1123/1148
f 976/1123/1148 977/1125/1149 991/1144/1163 990/1142/1162
f 977/1125/1149 978/1126/1150 992/1145/1164 991/1144/1163
f 993/1146/1165 992/1145/1164 978/1126/1150 979/1127/1151
f 994/1147/1166 993/1148/1165 979/1129/1151 980/1128/1152
f 980/1128/1152 981/1130/1153 843/962/994 994/1147/1166
f 818/938/970 819/937/969 827/947/979 198/226/239
f 989/1141/1161 995/1149/1167 988/1140/1160 982/1132/1154
f 990/1142/1162 996/1150/1168 989/1151/1161 975/1143/1147
f 192/220/233 997/1152/1169 994/1147/1166 843/962/994
f 998/1153/1170 999/1154/1171 830/948/980 909/1040/1072
f 829/949/981 830/948/980 999/1154/1171 911/1041/1073
f 1000/1155/1172 998/1153/1170 909/1040/1072 983/1133/1155
f 984/1134/1156 1001/1156/1173 1000/1157/1172 983/1135/1155
f 984/1134/1156 985/1136/1157 1002/1158/1174 1001/1156/1173
f 985/1136/1157 986/1137/1158 1003/1159/1175 1002/1158/1174
f 986/1138/1158 924/1057/1089 922/1056/1088 1003/1160/1175
f 923/1058/1090 943/1077/1109 944/1078/1110 921/1055/1087
f 987/1139/1159 1004/1161/1176 942/1075/1107 940/1073/1105
f 988/1140/1160 1005/1162/1177 1004/1161/1176 987/1139/1159
f 995/1149/1167 1006/1163/1178 1005/1162/1177 988/1140/1160
f 996/1150/1168 1007/1164/1179 995/1165/1167 989/1151/1161
f 991/1144/1163 1008/1166/1180 996/1150/1168 990/1142/1162
f 991/1144/1163 992/1145/1164 1009/1167/1181 1008/1166/1180
f 1010/1168/1182 1009/1167/1181 992/1145/1164 993/1146/1165
f 997/1152/1169 1010/1169/1182 993/1148/1165 994/1147/1166
f 198/226/239 827/947/979 829/949/981 200/228/241
f 1007/1164/1179 1011/1170/1183 1006/1171/1178 995/1165/1167
f 1008/1166/1180 1012/1172/1184 1007/1164/1179 996/1150/1168
f 192/220/233 190/218/231 1013/1173/1185 997/1152/1169
f 1010/1169/1182 997/1152/1169 1013/1173/1185 1014/1174/1186
f 1015/1175/1187 1016/1176/1188 999/1154/1171 998/1153/1170
f 910/1042/1074 911/1041/1073 999/1154/1171 1016/1176/1188
f 1000/1155/1172 1017/1177/1189 1015/1175/1187 998/1153/1170
f 1001/1156/1173 1018/1178/1190 1017/1179/1189 1000/1157/1172
f 1001/1156/1173 1002/1158/1174 1019/1180/1191 1018/1178/1190
f 1002/1158/1174 1003/1159/1175 1020/1181/1192 1019/1180/1191
f 1003/1160/1175 922/1056/1088 1021/1182/1193 1020/1183/1192
f 922/1056/1088 921/1055/1087 946/1080/1112 1021/1182/1193
f 945/1079/1111 942/1075/1107 1004/1161/1176 1022/1184/1194
f 1005/1162/1177 1023/1185/1195 1022/1184/1194 1004/1161/1176
f 1006/1163/1178 1024/1186/1196 1023/1185/1195 1005/1162/1177
f 1011/1187/1183 1025/1188/1197 1024/1189/1196 1006/1190/1178
f 1012/1172/1184 1026/1191/1198 1011/1170/1183 1007/1164/1179
f 1009/1167/1181 1027/1192/1199 1012/1172/1184 1008/1166/1180
f 1010/1168/1182 1014/1193/1186 1027/1192/1199 1009/1167/1181
f 1013/1173/1185 190/218/231 188/216/229 1028/1194/1200
f 1015/1175/1187 1029/1195/1201 910/1042/1074 1016/1176/1188
f 1020/1183/1192 1021/1182/1193 946/1080/1112 1030/1196/1202
f 1024/1186/1196 1031/1197/1203 1022/1184/1194 1023/1185/1195
f 1026/1198/1198 1032/1199/1204 1025/1188/1197 1011/1187/1183
f 1027/1192/1199 1033/1200/1205 1026/1191/1198 1012/1172/1184
f 1013/1173/1185 1028/1194/1200 1034/1201/1206 1014/1174/1186
f 185/213/226 1035/1202/1207 1028/1194/1200 188/216/229
f 1036/1203/1208 1029/1204/1201 1015/1205/1187 1017/1179/1189
f 1037/1206/1209 184/212/225 910/1042/1074 1029/1195/1201
f 1018/1178/1190 1038/1207/1210 1036/1203/1208 1017/1179/1189
f 1039/1208/1211 1038/1207/1210 1018/1178/1190 1019/1180/1191
f 1019/1180/1191 1020/1181/1192 1030/1209/1202 1039/1208/1211
f 945/1079/1111 1040/1210/1212 1030/1196/1202 946/1080/1112
f 1031/1197/1203 1040/1210/1212 945/1079/1111 1022/1184/1194
f 1025/1188/1197 1041/1211/1213 1031/1212/1203 1024/1189/1196
f 1032/1199/1204 1042/1213/1214 1041/1211/1213 1025/1188/1197
f 1014/1193/1186 1034/1214/1206 1033/1200/1205 1027/1192/1199
f 1026/1198/1198 1033/1215/1205 1043/1216/1215 1032/1199/1204
f 1044/1217/1216 1040/1218/1212 1031/1212/1203 1041/1211/1213
f 1034/1201/1206 1028/1194/1200 1035/1202/1207 1045/1219/1217
f 1045/1219/1217 1035/1202/1207 185/213/226 1046/1220/1218
f 1046/1220/1218 185/213/226 184/212/225 1037/1206/1209
f 1047/1221/1219 1037/1222/1209 1029/1204/1201 1036/1203/1208
f 1038/1207/1210 1048/1223/1220 1047/1221/1219 1036/1203/1208
f 1039/1208/1211 1044/1217/1216 1048/1223/1220 1038/1207/1210
f 1040/1218/1212 1044/1217/1216 1039/1208/1211 1030/1209/1202
f 1041/1211/1213 1042/1213/1214 1048/1223/1220 1044/1217/1216
f 1032/1199/1204 1043/1216/1215 1049/1224/1221 1042/1213/1214
f 1033/1215/1205 1034/1225/1206 1045/1226/1217 1043/1216/1215
f 1047/1221/1219 1049/1224/1221 1046/1227/1218 1037/1222/1209
f 1042/1213/1214 1049/1224/1221 1047/1221/1219 1048/1223/1220
f 1043/1216/1215 1045/1226/1217 1046/1227/1218 1049/1224/1221
f 771/1228/1222 565/633/674 567/636/677 914/1229/1223
f 570/638/679 916/1230/1224 915/1231/1225 572/639/680
f 575/644/685 603/1232/1226 1050/1233/1227 573/641/682
f 896/1022/1050 897/1023/1051 912/1044/1076 952/1234/1228
f 898/1024/1052 899/1025/1053 1051/1235/1229 913/1043/1075
f 899/1025/1053 900/1026/1054 1052/1236/1230 1051/1235/1229
f 900/1026/1054 874/1027/1055 1053/1237/1231 1052/1236/1230
f 794/909/945 896/1022/1050 952/1234/1228 953/1099/1127
f 848/967/999 79/95/103 52/68/76 54/71/79
f 776/882/925 692/789/804 264/294/309 183/211/224
f 849/969/1000 690/787/801 692/1095/804 776/1094/925
f 349/385/399 350/386/402 950/1086/1116 951/1087/1117
f 1054/1238/1232 878/1003/1032 768/873/916 767/872/915
f 880/1004/1033 1055/1239/1233 1056/1240/1234 881/1005/1034
f 2624/877/920 2625/1241/1235 159/187/200 157/181/196
f 395/458/1236 903/1030/1237 902/1029/1238 1057/1242/1239
f 404/469/459 406/471/461 708/811/826 1058/1243/1240
f 402/467/457 404/469/459 1058/1243/1240 1059/1244/1241
f 400/464/454 402/467/457 1059/1244/1241 601/676/710
f 412/477/467 1060/1245/1242 604/681/715 414/478/468
f 877/1246/1243 876/1247/1244 581/650/690 583/653/693
f 701/804/813 261/289/816 2632/156/170 136/155/169
f 873/997/1026 875/999/1028 588/658/698 587/657/697
f 874/998/1027 873/997/1026 587/657/697 592/662/702
f 111/130/1245 116/135/1246 91/107/115 93/109/117
f 116/135/1246 117/136/1247 88/105/113 91/107/115
f 117/136/1247 120/139/1248 86/103/111 88/105/113
f 120/139/1248 119/138/1249 85/101/109 86/103/111
f 119/138/1249 123/142/1250 80/96/104 85/101/109
f 81/97/105 126/146/1251 387/448/440 83/98/106
f 126/146/1251 128/148/1252 390/452/443 387/448/440
f 128/148/1252 132/152/1253 393/456/446 390/452/443
f 132/152/1253 133/151/1254 161/189/451 393/456/446
f 683/781/795 684/780/794 758/861/1255 1061/1248/1256
f 678/775/789 680/777/791 682/779/793 681/778/792
f 734/836/851 732/835/850 749/852/1257 750/853/1258
f 726/828/843 724/827/842 740/843/1259 739/842/1260
f 753/856/1261 755/858/1262 735/838/853 737/841/856
f 743/846/1263 744/847/1264 727/830/845 729/833/848
f 311/343/356 310/342/355 369/416/421 363/400/415
f 353/403/406 354/408/405 312/345/358 313/344/357
f 328/364/378 327/363/377 351/387/403 1062/1249/1265
f 752/855/1266 751/854/1267 358/1250/409 779/1251/928
f 358/393/409 356/392/408 780/888/929 779/887/928
f 324/358/372 325/360/374 780/888/929 356/392/408
f 751/854/1267 361/398/413 357/397/410 358/1250/409
f 906/1252/1268 342/378/392 343/379/393 954/1091/1121
f 792/907/943 955/1092/1122 345/382/396 347/383/397
f 342/378/392 906/1252/1268 339/374/388 337/373/387
f 339/374/388 906/1252/1268 319/351/364 318/350/363
f 295/325/340 620/798/732 619/885/731 290/320/335
f 667/764/778 661/757/771 659/756/770 666/763/777
f 660/758/772 1063/1253/1269 1064/1254/1270 658/755/769
f 687/785/799 688/784/798 1064/1254/1270 1063/1253/1269
f 675/773/787 676/772/786 686/783/797 685/782/796
f 670/896/782 784/895/935 783/893/933 668/892/779
f 784/895/935 303/332/347 301/331/346 783/893/933
f 300/330/401 302/333/803 691/788/802 350/386/402
f 851/972/1003 852/971/1002 949/1085/1115 950/1086/1116
f 44/57/67 949/1085/1115 852/971/1002 854/974/1005
f 621/720/734 622/719/733 786/898/937 654/751/765
f 22/36/1271 634/731/1272 632/730/1273 26/40/1274
f 26/40/1274 632/730/1273 631/729/1275 785/897/1276
f 785/897/1276 631/729/1275 1065/1255/1277 786/898/1278
f 654/751/1279 786/898/1278 1065/1255/1277 1066/1256/1280
f 655/752/1281 654/751/1279 1066/1256/1280 1067/1257/1282
f 657/754/1283 655/752/1281 1067/1257/1282 638/735/1284
f 667/764/1285 657/754/1283 638/735/1284 636/734/1286
f 661/757/1287 667/764/1285 636/734/1286 635/733/1288
f 660/758/1289 661/757/1287 635/733/1288 648/746/1290
f 1063/1253/1291 660/758/1289 648/746/1290 1068/1258/1292
f 1063/1253/1291 1068/1258/1292 645/743/1293 687/785/1294
f 687/785/1294 645/743/1293 647/745/1295 685/782/1296
f 675/773/1297 1069/1259/1298 626/723/1299 673/770/1300
f 673/770/1300 626/723/1299 624/722/1301 674/771/1302
f 674/771/1302 624/722/1301 623/721/1303 669/766/1304
f 669/766/1304 623/721/1303 650/749/1305 671/767/1306
f 652/748/1307 696/794/1308 671/767/1306 650/749/1305
f 695/795/1309 696/794/1308 652/748/1307 1070/1260/1310
f 697/796/1311 695/795/1309 1070/1260/1310 627/725/1312
f 281/311/1313 697/796/1311 627/725/1312 629/728/1314
f 281/311/1313 629/728/1314 630/727/1315 15/29/1316
f 15/29/1316 630/727/1315 644/742/1317 17/30/1318
f 17/30/1318 644/742/1317 1071/1261/1319 19/33/1320
f 19/33/1320 1071/1261/1319 642/740/1321 21/34/1322
f 1072/1262/1323 21/34/1322 642/740/1321 640/738/1324
f 24/39/1325 1072/1262/1323 640/738/1324 639/737/1326
f 631/729/743 633/732/746 653/1263/1327 1065/1255/1328
f 653/1263/1327 637/736/750 1066/1256/1329 1065/1255/1328
f 1066/1256/1329 637/736/750 638/735/749 1067/1257/1330
f 647/745/759 625/724/738 626/723/737 1069/1259/1331
f 652/748/762 628/726/740 627/725/739 1070/1260/1332
f 187/214/227 189/217/230 212/240/253 205/233/246
f 197/225/238 220/248/261 218/246/259 195/223/236
f 243/270/283 1074/1264/1333 1075/1265/1334 227/254/267
f 227/254/267 1075/1265/1334 1076/1266/1335 226/255/268
f 226/255/268 1076/1266/1335 1077/1267/1336 229/257/270
f 231/259/272 229/257/270 1077/1267/1336 1078/1268/1337
f 233/261/274 231/259/272 1078/1268/1337 1079/1269/1338
f 235/263/276 233/261/274 1079/1269/1338 1080/1270/1339
f 237/265/278 235/263/276 1080/1270/1339 1081/1271/1340
f 239/267/280 237/265/278 1081/1271/1340 1082/1272/1341
f 241/268/281 239/267/280 1082/1272/1341 1083/1273/1342
f 241/268/281 1083/1273/1342 1074/1264/1333 243/270/283
f 1084/1274/1343 1085/1275/1344 1087/1276/1345 1086/1277/1346
f 1087/1276/1345 1085/1275/1344 1089/1278/1347 1088/1279/1348
f 1089/1278/1347 1090/1280/1349 1091/1281/1350 1088/1279/1348
f 1092/1282/1351 1093/1283/1352 1095/1284/1353 1094/1285/1354
f 1095/1284/1353 1093/1283/1352 1097/1286/1355 1096/1287/1356
f 1093/1283/1352 1098/1288/1357 1099/1289/1358 1097/1286/1355
f 1098/1288/1357 1100/1290/1359 1102/1291/1360 1101/1292/1361
f 1103/1293/1362 1104/1294/1363 1106/1295/1364 1105/1296/1365
f 1107/1297/1366 1108/1298/1367 1110/1299/1368 1109/1300/1369
f 1111/1301/1370 1112/1302/1371 1114/1303/1372 1113/1304/1373
f 1115/1305/1374 1116/1306/1375 1112/1302/1371 1111/1301/1370
f 1115/1305/1374 1117/1307/1376 1119/1308/1377 1118/1309/1378
f 1120/1310/1379 1121/1311/1380 1118/1312/1378 1119/1313/1377
f 1122/1314/1381 1123/1315/1382 1125/1316/1383 1124/1317/1384
f 1126/1318/1385 1122/1314/1381 1124/1317/1384 1127/1319/1386
f 1128/1320/1387 1129/1321/1388 1131/1322/1389 1130/1323/1390
f 1129/1321/1388 1128/1320/1387 1133/1324/1391 1132/1325/1392
f 1135/1326/1393 1132/1325/1392 1133/1324/1391 1134/1327/1394
f 1134/1327/1394 1137/1328/1395 1136/1329/1396 1135/1326/1393
f 1137/1328/1395 1138/1330/1397 1139/1331/1398 1136/1329/1396
f 1138/1330/1397 1140/1332/1399 1141/1333/1400 1139/1331/1398
f 1142/1334/1401 1139/1331/1398 1141/1333/1400 1143/1335/1402
f 1144/1336/1403 1142/1334/1401 1143/1335/1402 1145/1337/1404
f 1146/1338/1405 1147/1339/1406 1126/1318/1385 1148/1340/1407
f 1147/1339/1406 1149/1341/1408 1122/1314/1381 1126/1318/1385
f 1150/1342/1409 1151/1343/1410 1153/1344/1411 1152/1345/1412
f 1154/1346/1413 1155/1347/1414 1151/1343/1410 1150/1342/1409
f 1154/1346/1413 1156/1348/1415 1157/1349/1416 1155/1347/1414
f 1156/1348/1415 1158/1350/1417 1159/1351/1418 1157/1349/1416
f 1160/1352/1419 1159/1351/1418 1158/1350/1417 1161/1353/1420
f 1162/1354/1421 1160/1352/1419 1161/1353/1420 1163/1355/1422
f 1164/1356/1423 1165/1357/1424 1166/1359/1425
f 1166/1359/1425 1167/1358/1426 2611/1360/1427 2608/1361/1428
f 1168/1362/1429 1169/1363/1430 1171/1364/1431 1170/1365/1432
f 1165/1357/1433 1164/1356/1434 1173/1366/1435 1172/1367/1436
f 1167/1358/1437 1165/1357/1433 1172/1367/1436 1174/1368/1438
f 1176/1369/1439 1177/1370/1440 1179/1371/1441 1178/1372/1442
f 2609/1373/1443 2610/1374/1444 1176/1369/1445 1180/1375/1446
f 1181/1376/1447 1182/1377/1448 114/132/143 112/131/142
f 1182/1377/1449 1181/1376/1450 1184/1378/1451 1183/1379/1452
f 1185/1380/1453 1186/1381/1454 1183/1379/1452 1184/1378/1451
f 1187/1382/1455 1188/1383/1456 1190/1384/1457 1189/1385/1458
f 1191/1386/1459 1192/1387/1460 1188/1383/1456 1187/1382/1455
f 1152/1345/1461 1193/1388/1462 1192/1387/1460 1191/1386/1459
f 1194/1389/1463 1193/1388/1462 1152/1345/1461 1195/1390/1464
f 1196/1391/1465 1194/1389/1463 1195/1390/1464 1197/1392/1466
f 1198/1393/1467 1199/1394/1468 1201/1395/1469 1200/1396/1470
f 1198/1393/1467 1196/1391/1465 1197/1392/1466 1199/1394/1468
f 1202/1397/1471 1205/1398/1472 1204/1399/1473 1770/1400/1474
f 1103/1401/1362 1098/1288/1357 1207/1402/1475 1206/1403/1476
f 1101/1404/1477 1208/1405/1478 2618/1406/1479 1209/1407/1480
f 1208/1408/1481 1102/1291/1482 1212/1409/1483 1211/1410/1484
f 1100/1411/1485 1105/1296/1486 1214/1412/1487 1213/1413/1488
f 1215/1414/1489 1216/1415/1490 1160/1352/1419 1217/1416/1491
f 1218/1417/1492 1219/1418/1493 1221/1419/1494 1220/1420/1495
f 1220/1420/1495 1221/1419/1494 1223/1421/1496 1222/1422/1497
f 1224/1423/1498 1225/1424/1499 1222/1422/1497 1223/1421/1496
f 1222/1425/1500 1226/1426/1501 1227/1427/1502 1220/1428/1503
f 1225/1429/1504 1228/1430/1505 1226/1431/1501 1222/1432/1500
f 1227/1427/1502 1226/1426/1501 160/188/201 159/187/200
f 1229/1433/1506 1230/1434/1507 1232/1435/1508 1231/1436/1509
f 1144/1336/1403 1148/1340/1407 1234/1437/1510 1233/1438/1511
f 1235/1439/1512 1236/1440/1513 1233/1438/1511 1234/1437/1510
f 1237/1441/1514 1238/1442/1515 1236/1440/1513 1235/1439/1512
f 1239/1443/1516 1240/1444/1517 1242/1445/1518 1241/1446/1519
f 1148/1340/1407 1126/1318/1385 1127/1319/1386 1243/1447/1520
f 1148/1340/1407 1243/1447/1520 1244/1448/1521 1234/1437/1510
f 1234/1437/1510 1244/1448/1521 1245/1449/1522 1235/1439/1512
f 1246/1450/1523 1247/1451/1524 1241/1446/1519 1242/1445/1518
f 1241/1446/1519 1247/1451/1524 1249/1452/1525 1248/1453/1526
f 1250/1454/1527 1251/1455/1528 1248/1453/1526 1249/1452/1525
f 1251/1455/1528 1250/1454/1527 1124/1317/1384 1125/1316/1383
f 1252/1456/1529 1253/1457/1530 1255/1458/1531 1254/1459/1532
f 1254/1459/1532 1255/1458/1531 1257/1460/1533 1256/1461/1534
f 1258/1462/1535 1256/1461/1534 1257/1460/1533 1259/1463/1536
f 1260/1464/1537 1258/1462/1535 1259/1463/1536 1261/1465/1538
f 1260/1464/1537 1261/1465/1538 1263/1466/1539 1262/1467/1540
f 1264/1468/1541 1262/1467/1540 1263/1466/1539 1265/1469/1542
f 1266/1470/1543 1264/1468/1541 1265/1469/1542 1267/1471/1544
f 1266/1470/1543 1267/1471/1544 1269/1472/1545 1268/1473/1546
f 1268/1473/1546 1269/1472/1545 1271/1474/1547 1270/1475/1548
f 1252/1456/1529 1270/1475/1548 1271/1474/1547 1253/1457/1530
f 1272/1476/1549 1273/1477/1550 1275/1478/1551 1274/1479/1552
f 1276/1480/1553 1277/1481/1554 1273/1477/1550 1272/1476/1549
f 1278/1482/1555 1279/1483/1556 1277/1481/1554 1276/1480/1553
f 1274/1479/1552 1275/1478/1551 1281/1484/1557 1280/1485/1558
f 1282/1486/1559 1283/1487/1560 1285/1488/1561 1284/1489/1562
f 1283/1487/1560 1280/1485/1558 1281/1484/1557 1285/1488/1561
f 1286/1490/1563 1282/1486/1559 1284/1489/1562 1287/1491/1564
f 1288/1492/1565 1286/1490/1563 1287/1491/1564 1289/1493/1566
f 1290/1494/1567 1291/1495/1568 1279/1483/1556 1278/1482/1555
f 1290/1494/1567 1288/1492/1565 1289/1493/1566 1291/1495/1568
f 1292/1496/1569 1293/1497/1570 1295/1498/1571 1294/1499/1572
f 1296/1500/1573 1297/1501/1574 1293/1497/1570 1292/1496/1569
f 1298/1502/1575 1299/1503/1576 1297/1501/1574 1296/1500/1573
f 1300/1504/1577 1301/1505/1578 1299/1503/1576 1298/1502/1575
f 1302/1506/1579 1303/1507/1580 1301/1505/1578 1300/1504/1577
f 1304/1508/1581 1305/1509/1582 1303/1507/1580 1302/1506/1579
f 1306/1510/1583 1307/1511/1584 1305/1509/1582 1304/1508/1581
f 1306/1510/1583 1308/1512/1585 1309/1513/1586 1307/1511/1584
f 1308/1512/1585 1310/1514/1587 1311/1515/1588 1309/1513/1586
f 1310/1514/1587 1294/1499/1572 1295/1498/1571 1311/1515/1588
f 1271/1474/1547 1276/1480/1553 1272/1476/1549 1253/1457/1530
f 1253/1457/1530 1272/1476/1549 1274/1479/1552 1255/1458/1531
f 1259/1463/1536 1257/1460/1533 1280/1485/1558 1283/1487/1560
f 1267/1471/1544 1290/1494/1567 1278/1482/1555 1269/1472/1545
f 1269/1472/1545 1278/1482/1555 1276/1480/1553 1271/1474/1547
f 1267/1471/1544 1265/1469/1542 1288/1492/1565 1290/1494/1567
f 1263/1466/1539 1261/1465/1538 1282/1486/1559 1286/1490/1563
f 1261/1465/1538 1259/1463/1536 1283/1487/1560 1282/1486/1559
f 1127/1319/1386 1124/1317/1384 1310/1514/1587 1308/1512/1585
f 1243/1447/1520 1306/1510/1583 1304/1508/1581 1244/1448/1521
f 1244/1448/1521 1304/1508/1581 1302/1506/1579 1245/1449/1522
f 1249/1452/1525 1292/1496/1569 1294/1499/1572 1250/1454/1527
f 1247/1451/1524 1296/1500/1573 1292/1496/1569 1249/1452/1525
f 1246/1450/1523 1298/1502/1575 1296/1500/1573 1247/1451/1524
f 1289/1493/1566 1312/1516/1589 1313/1517/1590 1291/1495/1568
f 1217/1416/1591 1162/1354/1592 247/275/289 246/274/288
f 114/132/303 1182/1377/1593 1314/1518/1594 260/288/304
f 1102/1519/1482 1100/1411/1485 1213/1413/1488 1212/1520/1483
f 1117/1307/1376 1111/1301/1370 1316/1521/1595 1315/1522/1596
f 1251/1455/1528 1125/1316/1383 1123/1315/1382 1317/1523/1597
f 1237/1441/1514 1318/1524/1598 1246/1450/1523 1242/1445/1518
f 1319/1525/1599 1320/1526/1600 1138/1330/1397 1137/1328/1395
f 1321/1527/1601 1084/1274/1343 1086/1277/1346 1322/1528/1602
f 1284/1489/1562 1285/1488/1561 1324/1529/1603 1323/1530/1604
f 1287/1491/1564 1284/1489/1562 1323/1530/1604 1325/1531/1605
f 1289/1493/1566 1287/1491/1564 1325/1531/1605 1312/1516/1589
f 1291/1495/1568 1313/1517/1590 1326/1532/1606 1279/1483/1556
f 1279/1483/1556 1326/1532/1606 1327/1533/1607 1277/1481/1554
f 1277/1481/1554 1327/1533/1607 1328/1534/1608 1273/1477/1550
f 1273/1477/1550 1328/1534/1608 1329/1535/1609 1275/1478/1551
f 1285/1488/1561 1281/1484/1557 1330/1536/1610 1324/1529/1603
f 1331/1537/1611 1332/1538/1612 1334/1539/1613 1333/1540/1614
f 1335/1541/1615 1101/1404/1477 1209/1407/1480 1336/1542/1616
f 1336/1542/1616 1209/1407/1480 1332/1538/1612 1331/1537/1611
f 1337/1543/1617 1338/1544/1618 1340/1545/1619 1339/1546/1620
f 1341/1547/1621 1342/1548/1622 1344/1549/1623 1343/1550/1624
f 1343/1550/1624 1338/1544/1618 1337/1543/1617 1341/1547/1621
f 1345/1551/1625 1346/1552/1626 1348/1553/1627 1347/1554/1628
f 1349/1555/1629 1350/1556/1630 1347/1557/1628 1348/1558/1627
f 1351/1559/1631 1352/1560/1632 1354/1561/1633 1353/1562/1634
f 1355/1563/1635 1356/1564/1636 1358/1565/1637 1357/1566/1638
f 1359/1567/1639 1360/1568/1640 1221/1569/1641 1361/1570/1642
f 1223/1421/1643 1221/1419/1641 1360/1571/1640 1362/1572/1644
f 1363/1573/1645 1224/1423/1646 1223/1421/1643 1362/1572/1644
f 1364/1574/1647 1224/1423/1646 1363/1573/1645 1365/1575/1648
f 1364/1574/1647 1365/1575/1648 1366/1576/1649 2612/1577/1650
f 2612/1577/1650 1366/1576/1649 1334/1539/1613 2613/1578/1651
f 1367/1579/1652 1341/1547/1621 1369/1580/1653 1368/1581/1654
f 1368/1581/1654 1346/1552/1626 1345/1551/1625 1367/1579/1652
f 1370/1582/1655 1371/1583/1656 1349/1555/1629 1372/1584/1657
f 1373/1585/1658 1371/1583/1656 1370/1582/1655 1374/1586/1659
f 1375/1587/1660 1376/1588/1661 1373/1585/1658 1374/1586/1659
f 1377/1589/1662 1378/1590/1663 1380/1591/1664 1379/1592/1665
f 1378/1590/1663 1381/1593/1666 1359/1567/1639 1380/1591/1664
f 1377/1589/1662 1379/1592/1665 1383/1594/1667 1382/1595/1668
f 1384/1596/1669 1385/1597/1670 1387/1598/1671 1386/1599/1672
f 1388/1600/1673 1389/1601/1674 1387/1598/1671 1385/1597/1670
f 1390/1602/1675 1391/1603/1676 1341/1547/1677 1367/1579/1678
f 1392/1604/1679 1393/1605/1680 1395/1606/1681 1394/1607/1682
f 1396/1608/1683 1397/1609/1684 1399/1610/1685 1398/1611/1686
f 1400/1612/1687 1401/1613/1688 1356/1564/1636 1355/1563/1635
f 1397/1614/1684 1358/1565/1637 1403/1615/1689 1402/1616/1690
f 1353/1562/1634 1404/1617/1691 1406/1618/1692 1405/1619/1693
f 1393/1620/1680 1407/1621/1694 1408/1622/1695 1354/1561/1633
f 1352/1560/1632 1351/1559/1631 1375/1623/1660 1374/1624/1659
f 1395/1625/1681 1352/1560/1632 1374/1624/1659 1370/1626/1655
f 1394/1607/1682 1395/1606/1681 1370/1627/1655 1372/1628/1657
f 1372/1584/1657 1348/1558/1627 1346/1629/1626 1394/1630/1682
f 1386/1631/1672 1387/1632/1671 1409/1633/1696 1400/1612/1687
f 1389/1634/1674 1375/1623/1660 1351/1559/1631 1410/1635/1697
f 1387/1632/1671 1389/1634/1674 1410/1635/1697 1409/1633/1696
f 1386/1631/1672 1400/1612/1687 1355/1563/1635 1382/1636/1668
f 1357/1566/1638 1377/1637/1662 1382/1636/1668 1355/1563/1635
f 1411/1638/1698 1362/1572/1644 1360/1571/1640 1381/1639/1666
f 1412/1640/1699 1378/1641/1663 1377/1637/1662 1357/1566/1638
f 1411/1638/1698 1381/1639/1666 1378/1642/1663 1412/1643/1699
f 1413/1644/1700 1350/1645/1701 1415/1646/1702 1414/1647/1703
f 1109/1300/1369 1215/1648/1489 376/430/429 375/429/428
f 1109/1300/1369 1110/1299/1368 1216/1649/1490 1215/1648/1489
f 1159/1351/1418 1160/1352/1419 1216/1415/1490 1416/1650/1704
f 1416/1651/1704 1216/1649/1490 1110/1299/1368 1417/1652/1705
f 1159/1351/1418 1416/1650/1704 1418/1653/1706 1157/1349/1416
f 1416/1651/1704 1417/1652/1705 1419/1654/1707 1418/1655/1706
f 1157/1349/1416 1418/1653/1706 1420/1656/1708 1155/1347/1414
f 1418/1655/1706 1419/1654/1707 1421/1657/1709 1420/1658/1708
f 1151/1343/1410 1155/1347/1414 1420/1656/1708 1422/1659/1710
f 1153/1344/1411 1151/1343/1410 1422/1659/1710 1423/1660/1711
f 1423/1661/1711 1422/1662/1710 1425/1663/1712 1424/1664/1713
f 1153/1344/1411 1423/1660/1711 1427/1665/1714 1426/1666/1715
f 1423/1661/1711 1424/1664/1713 1428/1667/1716 1427/1668/1714
f 1426/1666/1715 1427/1665/1714 1430/1669/1717 1429/1670/1718
f 1430/1671/1717 1427/1668/1714 1428/1667/1716 1431/1672/1719
f 1429/1670/1718 1430/1669/1717 1433/1673/1720 1432/1674/1721
f 1434/1675/1722 1230/1676/1723 1433/1677/1720 1435/1678/1724
f 1230/1434/1723 1229/1433/1725 1432/1674/1721 1433/1673/1720
f 1436/1679/1726 1437/1680/1727 1439/1681/1728 1438/1682/1729
f 1438/1682/1729 1439/1681/1728 1441/1683/1730 1440/1684/1731
f 1440/1684/1731 1441/1683/1730 1443/1685/1732 1442/1686/1733
f 1442/1686/1733 1443/1685/1732 1445/1687/1734 1444/1688/1735
f 1446/1689/1736 1444/1688/1735 1445/1687/1734 1447/1690/1737
f 1448/1691/1738 1446/1689/1736 1447/1690/1737 1449/1692/1739
f 1450/1693/1740 1451/1694/1741 1453/1695/1742 1452/1696/1743
f 1436/1679/1726 1454/1697/1744 1456/1698/1745 1455/1699/1746
f 1454/1700/1744 1457/1701/1747 1458/1702/1748 1456/1703/1745
f 1459/1704/1749 1460/1705/1750 1462/1706/1751 1461/1707/1752
f 1463/1708/1753 1464/1709/1754 1457/1710/1755 1454/1697/1744
f 1465/1711/1756 1466/1712/1757 1468/1713/1758 1467/1714/1759
f 1469/1715/1760 1470/1716/1761 1472/1717/1762 1471/1718/1763
f 1473/1719/1764 1471/1718/1763 1472/1717/1762 1474/1720/1765
f 1475/1721/1766 1476/1722/1767 1478/1723/1768 1477/1724/1769
f 1479/1725/1770 1477/1724/1769 1478/1723/1768 1480/1726/1771
f 1481/1727/1772 1482/1728/1773 1484/1729/1774 1483/1730/1775
f 1485/1731/1776 1486/1732/1777 1488/1733/1778 1487/1734/1779
f 1489/1735/1780 1487/1734/1779 1488/1733/1778 1490/1736/1781
f 1491/1737/1782 1492/1738/1783 1494/1739/1784 1493/1740/1785
f 1491/1737/1782 1495/1741/1786 1497/1742/1787 1496/1743/1788
f 1498/1744/1789 1499/1745/1790 1501/1746/1791 1500/1747/1792
f 1502/1748/1793 1503/1749/1794 1504/1750/1795 1499/1745/1790
f 1505/1751/1796 1506/1752/1797 1508/1753/1798 1507/1754/1799
f 1509/1755/1800 1510/1756/1801 1511/1757/1802 1506/1752/1797
f 1512/1758/1803 1513/1759/1804 1515/1760/1805 1514/1761/1806
f 1516/1762/1807 1517/1763/1808 1518/1764/1809 1513/1759/1804
f 1519/1765/1810 1520/1766/1811 1522/1767/1812 1521/1768/1813
f 1519/1765/1810 1523/1769/1814 1525/1770/1815 1524/1771/1816
f 1526/1772/1817 1527/1773/1818 1529/1774/1819 1528/1775/1820
f 1530/1776/1821 1531/1777/1822 1533/1778/1823 1532/1779/1824
f 1534/1780/1825 1535/1781/1826 1536/1782/1827 1531/1777/1822
f 1537/1783/1828 1525/1770/1815 1523/1769/1814 1538/1784/1829
f 1541/1785/1830 1526/1772/1817 1539/1786/1831 1540/1787/1832
f 1542/1788/1833 1543/1789/1834 1545/1790/1835 1544/1791/1836
f 1546/1792/1837 1497/1742/1787 1495/1741/1786 1547/1793/1838
f 1548/1794/1839 1549/1795/1840 1551/1796/1841 1550/1797/1842
f 1552/1798/1843 1513/1759/1804 1554/1799/1844 1553/1800/1845
f 1533/1778/1823 1531/1777/1822 1554/1799/1844 1555/1801/1846
f 1556/1802/1847 1557/1803/1848 1493/1740/1785 1494/1739/1784
f 1558/1804/1849 1559/1805/1850 1561/1806/1851 1560/1807/1852
f 1562/1808/1853 1555/1801/1846 1554/1799/1844 1513/1759/1804
f 1536/1782/1827 1563/1809/1854 1554/1799/1844 1531/1777/1822
f 1511/1757/1802 1564/1810/1855 1554/1799/1844 1506/1752/1797
f 1504/1750/1795 1553/1800/1845 1554/1799/1844 1499/1745/1790
f 1561/1806/1856 1565/1811/1857 1498/1744/1858 1560/1807/1859
f 1566/1812/1860 1567/1813/1861 1569/1814/1862 1568/1815/1863
f 1570/1816/1864 1561/1806/1851 1559/1805/1850 1571/1817/1865
f 1572/1818/1866 1573/1819/1867 1575/1820/1868 1574/1821/1869
f 1512/1758/1803 1576/1822/1870 1562/1808/1853 1513/1759/1804
f 1530/1776/1821 1577/1823/1871 1578/1824/1872 1531/1777/1822
f 1505/1751/1796 1579/1825/1873 1580/1826/1874 1506/1752/1797
f 1534/1780/1825 1531/1777/1822 1582/1827/1875 1581/1828/1876
f 1509/1755/1800 1506/1752/1797 1584/1829/1877 1583/1830/1878
f 1498/1744/1789 1565/1811/1879 1585/1831/1880 1499/1745/1790
f 1502/1748/1793 1499/1745/1790 1587/1832/1881 1586/1833/1882
f 1516/1762/1807 1513/1759/1804 1552/1798/1843 1588/1834/1883
f 1543/1789/1834 1542/1788/1833 1590/1835/1884 1589/1836/1885
f 1591/1837/1886 1592/1838/1887 1594/1839/1888 1593/1840/1889
f 1558/1804/1849 1595/1841/1890 1597/1842/1891 1596/1843/1892
f 1571/1817/1865 1598/1844/1893 1599/1845/1894 1570/1816/1864
f 1600/1846/1895 1601/1847/1896 1521/1768/1813 1522/1767/1812
f 1544/1791/1836 1545/1790/1835 1529/1774/1819 1602/1848/1897
f 1568/1815/1863 1546/1792/1837 1547/1793/1838 1566/1812/1860
f 1568/1815/1898 1569/1814/1899 1518/1764/1900 1517/1763/1901
f 1569/1814/1899 1603/1849/1902 1604/1850/1903 1518/1764/1900
f 1590/1835/1904 1515/1760/1905 1604/1850/1903 1603/1849/1902
f 1575/1820/1906 1605/1851/1907 1606/1852/1908 1580/1826/1909
f 1591/1837/1910 1584/1829/1911 1606/1852/1908 1605/1851/1907
f 1548/1794/1912 1550/1797/1913 1511/1757/1914 1510/1756/1915
f 1593/1840/1916 1583/1830/1917 1584/1829/1911 1591/1837/1910
f 1522/1767/1918 1520/1766/1919 1536/1782/1920 1535/1781/1921
f 1607/1853/1922 1608/1854/1923 1609/1855/1924 1578/1824/1925
f 1610/1856/1926 1582/1827/1927 1609/1855/1924 1608/1854/1923
f 1611/1857/1928 1581/1828/1929 1582/1827/1927 1610/1856/1926
f 1494/1739/1930 1492/1738/1931 1504/1750/1932 1503/1749/1933
f 1612/1858/1934 1587/1832/1935 1613/1859/1936 1599/1845/1937
f 1614/1860/1938 1586/1833/1939 1587/1832/1935 1612/1858/1934
f 1561/1806/1856 1570/1816/1940 1585/1831/1941 1565/1811/1857
f 1595/1841/1942 1500/1747/1943 1501/1746/1944 1597/1842/1945
f 1615/1861/1946 1607/1853/1922 1578/1824/1925 1577/1823/1947
f 1541/1785/1948 1532/1779/1949 1533/1778/1950 1616/1862/1951
f 1497/1742/1952 1588/1834/1953 1552/1798/1954 1496/1743/1955
f 1574/1821/1956 1575/1820/1906 1580/1826/1909 1579/1825/1957
f 1525/1770/1958 1507/1754/1959 1508/1753/1960 1524/1771/1961
f 1602/1848/1962 1617/1863/1963 1562/1808/1964 1576/1822/1965
f 1542/1788/1966 1514/1761/1967 1515/1760/1905 1590/1835/1904
f 1582/1827/1875 1531/1777/1822 1578/1824/1872 1609/1855/1968
f 1587/1832/1881 1499/1745/1790 1585/1831/1880 1613/1859/1969
f 1594/1839/1888 1549/1795/1840 1548/1794/1839 1618/1864/1970
f 1219/1418/1493 1619/1865/1971 1620/1866/1972 1221/1419/1494
f 1621/1867/1973 1622/1868/1974 1624/1869/1975 1623/1870/1976
f 1625/1871/1977 1626/1872/1978 1628/1873/1979 1627/1874/1980
f 1629/1875/1981 1630/1876/1982 1632/1877/1983 1631/1878/1984
f 1633/1879/1985 1634/1880/1986 1635/1881/1987 1113/1304/1373
f 1413/1882/1700 1390/1602/1675 1345/1551/1988 1347/1554/1989
f 1637/1884/1990 1638/1885/1991 1640/1886/1992 1639/1887/1993
f 1204/1399/1473 1205/1398/1472 1642/1888/1994 1641/1889/1995
f 1643/1890/1996 1644/1891/1997 1646/1892/1998 1645/1893/1999
f 1647/1894/2000 1648/1895/2001 1644/1891/1997 1643/1890/1996
f 1649/1896/2002 1442/1686/1733 1444/1688/1735 1596/1843/1892
f 1549/1795/1840 1438/1682/1729 1440/1684/1731 1551/1796/1841
f 1594/1839/1888 1436/1679/1726 1438/1682/1729 1549/1795/1840
f 1559/1805/1850 1558/1804/1849 1446/1689/1736 1448/1691/1738
f 1448/1691/1738 1451/1694/1741 1650/1897/2003 1460/1705/1750
f 1641/1898/1995 1642/1899/1994 1652/1900/2004 1651/1901/2005
f 1639/1902/1993 1640/1903/1992 1654/1904/2006 1653/1905/2007
f 1644/1906/1997 1648/1907/2001 1450/1693/1740 1655/1908/2008
f 1648/1907/2001 1650/1897/2003 1451/1694/1741 1450/1693/1740
f 1437/1680/1727 1656/1909/2009 1657/1910/2010 1439/1681/1728
f 1658/1911/2011 1458/1702/1748 1630/1912/2012 1659/1913/2013
f 1449/1692/1739 1447/1690/1737 1661/1914/2014 1660/1915/2015
f 1647/1894/2000 1462/1916/2016 1650/1917/2003 1648/1895/2001
f 1559/1805/1850 1460/1705/1750 1459/1704/1749 1571/1817/1865
f 1662/1918/2017 1461/1919/1752 1462/1916/1751 1663/1920/2018
f 1471/1921/1763 1620/1866/1972 1619/1865/1971 1469/1922/1760
f 1472/1717/1762 1470/1716/1761 1664/1923/2019 1601/1847/1896
f 1472/1717/1762 1601/1847/1896 1665/1924/2020 1474/1720/1765
f 1620/1925/1972 1471/1926/1763 1473/1927/1764 1666/1928/2021
f 1482/1728/1773 1589/1836/1885 1667/1929/2022 1484/1729/1774
f 1668/1930/2023 1635/1881/1987 1481/1931/1772 1483/1932/1775
f 1669/1933/2024 1543/1789/1834 1589/1836/1885 1482/1728/1773
f 1635/1881/1987 1634/1880/1986 1670/1934/2025 1481/1931/1772
f 1478/1723/1768 1476/1722/1767 1671/1935/2026 1539/1786/1831
f 1414/1647/1703 1475/1936/1766 1477/1937/1769 1413/1644/1700
f 1672/1938/2027 1485/1939/1776 1487/1940/1779 1673/1941/2028
f 1673/1941/2028 1487/1940/1779 1489/1942/1780 1674/1943/2029
f 1623/1870/1976 1624/1869/1975 1676/1944/2030 1675/1945/2031
f 1626/1872/1978 1625/1871/1977 1466/1946/1757 1465/1947/1756
f 1594/1839/1888 1592/1838/1887 1463/1708/1753 1454/1697/1744
f 1457/1948/1755 1464/1949/1754 1631/1878/1984 1632/1877/1983
f 1636/1883/2032 1413/1882/1700 1477/1950/1769 1479/1951/1770
f 1480/1726/1771 1478/1723/1768 1539/1786/1831 1677/1952/2033
f 1668/1930/2023 1316/1521/1595 1113/1304/1373 1635/1881/1987
f 1678/1953/2034 1679/1954/2035 1681/1955/2036 1680/1956/2037
f 1097/1286/1355 1099/1289/1358 1680/1956/2037 1681/1955/2036
f 1682/1957/2038 1683/1958/2039 1685/1959/2040 1684/1960/2041
f 1686/1961/2042 1687/1962/2043 1689/1963/2044 1688/1964/2045
f 1690/1965/2046 1691/1966/2047 1693/1967/2048 1692/1968/2049
f 1694/1969/2050 1695/1970/2051 1697/1971/2052 1696/1972/2053
f 1693/1967/2048 1691/1966/2047 1699/1973/2054 1698/1974/2055
f 1700/1975/2056 1701/1976/2057 1699/1973/2054 1691/1966/2047
f 1702/1977/2058 1688/1964/2045 1689/1963/2044 1703/1978/2059
f 1704/1979/2060 1705/1980/2061 1683/1958/2039 1706/1981/2062
f 1707/1982/2063 1708/1983/2064 1695/1970/2051 1694/1969/2050
f 1710/1984/2065 1688/1964/2045 1711/1985/2066 1709/1986/2067
f 1711/1985/2066 1683/1958/2039 1682/1957/2038 1709/1986/2067
f 1713/1987/2068 1679/1954/2035 1678/1953/2034 1714/1988/2069
f 1715/1989/2070 1716/1990/2071 1714/1988/2069 1678/1953/2034
f 1717/1991/2072 1718/1992/2073 1720/1993/2074 1719/1994/2075
f 1721/1995/2076 1722/1996/2077 1724/1997/2078 1723/1998/2079
f 1715/1989/2070 1721/1995/2076 1723/1998/2079 1725/1999/2080
f 1725/1999/2080 1726/2000/2081 1716/1990/2071 1715/1989/2070
f 1727/2001/2082 1728/2002/2083 1730/2003/2084 1729/2004/2085
f 1731/2005/2086 1727/2001/2082 1733/2006/2087 1732/2007/2088
f 1732/2007/2088 1734/2008/2089 1735/2009/2090 1731/2005/2086
f 1731/2005/2086 1735/2009/2090 1737/2010/2091 1736/2011/2092
f 1736/2011/2092 1737/2010/2091 1739/2012/2093 1738/2013/2094
f 1740/2014/2095 1741/2015/2096 1743/2016/2097 1742/2017/2098
f 1744/2018/2099 1745/2019/2100 1747/2020/2101 1746/2021/2102
f 1748/2022/2103 1342/1548/2104 1750/2023/2105 1749/2024/2106
f 1751/2025/2107 1317/1523/1597 1753/2026/2108 1752/2027/2109
f 1753/2028/2108 1754/2029/2110 1755/2030/2111 1752/2031/2109
f 1321/1527/1601 1322/1528/1602 1756/2032/2112 1753/2028/2108
f 1099/2033/1358 1335/1541/1615 1336/1542/1616 1680/2034/2037
f 1093/1283/1352 1092/1282/1351 1758/2035/2113 1757/2036/2114
f 1759/2037/2115 1758/2035/2113 1092/1282/1351 1090/1280/1349
f 1206/2038/1476 1207/2039/1475 1320/1526/1600 1319/1525/1599
f 1760/2040/2116 1314/1518/2117 1182/1377/2118 1183/1379/2119
f 1760/2040/2116 1761/2041/2120 1762/2042/2121 1203/2043/2122
f 1316/1521/1595 1668/1930/2023 1763/2044/2123 1315/1522/1596
f 1574/1821/1869 1537/1783/1828 1538/1784/1829 1572/1818/1866
f 1527/1773/1818 1617/1863/2124 1602/1848/1897 1529/1774/1819
f 1527/1773/1818 1526/1772/1817 1541/1785/1830 1616/1862/2125
f 1523/1769/1814 1519/1765/1810 1521/1768/1813 1764/2045/2126
f 1584/1829/1877 1506/1752/1797 1580/1826/1874 1606/1852/2127
f 1495/1741/1786 1491/1737/1782 1493/1740/1785 1765/2046/2128
f 1515/1760/1805 1513/1759/1804 1518/1764/1809 1604/1850/2129
f 1447/1690/1737 1445/1687/1734 1766/2047/2130 1661/1914/2014
f 1656/1909/2009 1437/1680/1727 1768/2048/2131 1767/2049/2132
f 2627/2050/2133 1204/1399/1473 1769/2051/2134 1771/2052/2135
f 1205/1398/1472 1203/2043/2122 1762/2042/2121 1772/2053/2136
f 1354/1561/1633 1408/1622/1695 1773/2054/2137 1353/1562/1634
f 1774/2055/2138 1407/1621/1694 1393/1620/1680 1775/2056/2139
f 1403/1615/1689 1358/1565/1637 1356/1564/1636 1776/2057/2140
f 1356/1564/1636 1401/1613/1688 1778/2058/2141 1777/2059/2142
f 1723/1998/2079 1724/1997/2078 1780/2060/2143 1779/2061/2144
f 1376/1588/1661 1415/2062/2145 1371/1583/1656 1373/1585/1658
f 1781/2063/2146 1782/2064/2147 1784/2065/2148 1783/2066/2149
f 1785/2067/2150 1786/2068/2151 1788/2069/2152 1787/2070/2153
f 1789/2071/2154 1790/2072/2155 1792/2073/2156 1791/2074/2157
f 1793/2075/2158 1794/2076/2159 1796/2077/2160 1795/2078/2161
f 1739/2012/2162 1742/2017/2163 1798/2079/2164 1797/2080/2165
f 1739/2012/2162 1797/2080/2165 1784/2065/2166 1738/2013/2167
f 1738/2013/2167 1784/2065/2166 1782/2064/2168 1799/2081/2169
f 1799/2081/2169 1782/2064/2168 1781/2063/2170 1800/2082/2171
f 1800/2082/2171 1781/2063/2170 1801/2083/2172 1774/2055/2173
f 1407/1621/2174 1774/2055/2173 1801/2083/2172 1802/2084/2175
f 1408/1622/2176 1407/1621/2174 1802/2084/2175 1785/2067/2177
f 1773/2054/2178 1408/1622/2176 1785/2067/2177 1787/2070/2179
f 1773/2054/2178 1787/2070/2179 1788/2069/2180 1404/1617/2181
f 1406/1618/2182 1803/2085/2183 1805/2086/2184 1804/2087/2185
f 1778/2058/2186 1804/2087/2185 1805/2086/2184 1806/2088/2187
f 1777/2059/2188 1778/2058/2186 1806/2088/2187 1807/2089/2189
f 1776/2057/2190 1777/2059/2188 1807/2089/2189 1808/2090/2191
f 1776/2057/2190 1808/2090/2191 1792/2073/2192 1403/1615/2193
f 1403/1615/2193 1792/2073/2192 1790/2072/2194 1402/1616/2195
f 1402/1616/2195 1790/2072/2194 1789/2071/2196 1809/2091/2197
f 1809/2091/2197 1789/2071/2196 1811/2092/2198 1810/2093/2199
f 1812/2094/2200 1810/2093/2199 1811/2092/2198 1813/2095/2201
f 1722/1996/2202 1812/2094/2200 1813/2095/2201 1793/2075/2203
f 1724/1997/2204 1722/1996/2202 1793/2075/2203 1795/2078/2205
f 1724/1997/2204 1795/2078/2205 1796/2077/2206 1780/2060/2207
f 1780/2060/2207 1796/2077/2206 1815/2096/2208 1814/2097/2209
f 1814/2097/2209 1815/2096/2208 1817/2098/2210 1816/2099/2211
f 1743/2016/2212 1816/2099/2211 1817/2098/2210 1818/2100/2213
f 1757/2101/2114 1758/2102/2113 1820/2103/2214 1819/2104/2215
f 1821/2105/2216 1822/2106/2217 766/870/913 764/869/912
f 1823/2107/2218 1824/2108/2219 770/874/917 768/873/916
f 1227/1427/1502 2626/2109/2220 1218/2110/2221 1220/1428/1503
f 1143/1335/1402 1141/1333/1400 1820/2103/2214 1826/2111/2222
f 1827/2112/2223 1136/1329/1396 1139/1331/1398 1142/1334/1401
f 1828/2113/2224 1135/1326/1393 1136/1329/1396 1827/2112/2223
f 1829/2114/2225 1319/1525/1599 1137/1328/1395 1134/1327/1394
f 1236/1440/1513 1828/2113/2224 1827/2112/2223 1233/1438/1511
f 1830/2115/2226 1831/2116/2227 1248/1453/1526 1251/1455/1528
f 1098/1288/1357 1093/1283/1352 1757/2036/2114 1207/1402/1475
f 1678/1953/2034 1832/2117/2228 1721/1995/2076 1715/1989/2070
f 1678/2118/2034 1331/1537/1611 1333/1540/1614 1832/2119/2228
f 1832/2119/2228 1333/1540/1614 1834/2120/2229 1833/2121/2230
f 1397/1614/1684 1412/1640/1699 1357/1566/1638 1358/1565/1637
f 1396/1608/1683 1411/1638/1698 1412/1643/1699 1397/1609/1684
f 1835/2122/2231 1736/2011/2092 1738/2013/2094 1799/2081/2232
f 1835/2123/2231 1836/2124/2233 1339/1546/1620 1340/1545/1619
f 1727/2001/2082 1731/2005/2086 1736/2011/2092 1835/2122/2231
f 1340/1545/1619 1837/2125/2234 1727/2126/2082 1835/2123/2231
f 1838/2127/2235 1748/2022/2236 1752/2128/2109 1728/2129/2083
f 1839/2130/2237 1097/1286/1355 1681/1955/2036 1840/2131/2238
f 1089/1278/1347 1085/1275/1344 1842/2132/2239 1841/2133/2240
f 1841/2134/2240 1842/2135/2239 1844/2136/2241 1843/2137/2242
f 1759/2138/2115 1841/2134/2240 1843/2137/2242 1826/2111/2222
f 1147/1339/1406 1146/1338/1405 1844/2136/2241 1845/2139/2243
f 1415/2062/2145 1376/1588/1661 1388/1600/1673 1846/2140/2244
f 1118/1312/1378 1121/1311/1380 1848/2141/2245 1847/2142/2246
f 1852/2143/2247 1851/2144/2248 1849/2145/2249 1850/2146/2250
f 1853/2147/2251 1852/2143/2247 1850/2146/2250 1854/2148/2252
f 1856/2149/2253 1853/2150/2251 1854/2151/2252 1855/2152/2254
f 1858/2153/2255 1856/2149/2253 1855/2152/2254 1857/2154/2256
f 1860/2155/2257 1858/2153/2255 1857/2154/2256 1859/2156/2258
f 1861/2157/2259 1860/2155/2257 1859/2156/2258 1847/2158/2246
f 1862/2159/2260 1861/2160/2259 1847/2142/2246 1848/2141/2245
f 1863/2161/2261 1129/1321/1388 1132/1325/1392 1864/2162/2262
f 1129/1321/1388 1863/2161/2261 1865/2163/2263 1131/1322/1389
f 1867/2164/2264 1866/2165/2265 1131/1322/1389 1865/2163/2263
f 1867/2164/2264 1868/2166/2266 1869/2167/2267 1866/2165/2265
f 1868/2166/2266 1870/2168/2268 1871/2169/2269 1869/2167/2267
f 1870/2168/2268 1872/2170/2270 1873/2171/2271 1871/2169/2269
f 1320/1526/1600 1819/2104/2215 1140/1332/1399 1138/1330/1397
f 1829/2114/2225 1134/1327/1394 1133/1324/1391 1874/2172/2272
f 1128/1320/1387 1875/2173/2273 1874/2172/2272 1133/1324/1391
f 1875/2173/2273 1128/1320/1387 1130/1323/1390 1876/2174/2274
f 1866/2165/2265 1877/2175/2275 1876/2174/2274 1130/1323/1390
f 1877/2175/2275 1866/2165/2265 1869/2167/2267 1878/2176/2276
f 1869/2167/2267 1871/2169/2269 1879/2177/2277 1878/2176/2276
f 1871/2169/2269 1873/2171/2271 1880/2178/2278 1879/2177/2277
f 1873/2171/2271 1881/2179/2279 1882/2180/2280 1880/2178/2278
f 1881/2179/2279 1883/2181/2281 1884/2182/2282 1882/2180/2280
f 1885/2183/2283 1262/1467/1540 1264/1468/1541 1886/2184/2284
f 1886/2184/2284 1264/1468/1541 1266/1470/1543 1872/2170/2270
f 1887/2185/2285 1885/2183/2283 1886/2184/2284 1888/2186/2286
f 1889/2187/2287 1890/2188/2288 1887/2185/2285 1888/2186/2286
f 1891/2189/2289 1892/2190/2290 1890/2188/2288 1889/2187/2287
f 1892/2190/2290 1891/2189/2289 1893/2191/2291 1894/2192/2292
f 1895/2193/2293 1896/2194/2294 1894/2192/2292 1893/2191/2291
f 1896/2194/2294 1895/2193/2293 1238/1442/1515 1237/1441/1514
f 1235/1439/1512 1245/1449/1522 1318/1524/1598 1237/1441/1514
f 1145/1337/1404 1143/1335/1402 1826/2111/2222 1843/2137/2242
f 1897/2195/2295 1260/1464/1537 1262/1467/1540 1885/2183/2283
f 1896/2194/2294 1240/1444/1517 1849/2145/2249 1894/2192/2292
f 1752/2031/2109 1755/2030/2111 1730/2003/2084 1728/2002/2083
f 1759/2037/2115 1090/1280/1349 1089/1278/1347 1841/2133/2240
f 1321/1527/1601 1842/2132/2239 1085/1275/1344 1084/1274/1343
f 1898/2196/2296 1875/2173/2273 1876/2174/2274 1899/2197/2297
f 1875/2173/2273 1898/2196/2296 1900/2198/2298 1874/2172/2272
f 1901/2199/2299 1829/2114/2225 1874/2172/2272 1900/2198/2298
f 1206/2038/1476 1319/1525/1599 1829/2114/2225 1901/2199/2299
f 1207/2039/1475 1757/2101/2114 1819/2104/2215 1320/1526/1600
f 1826/2111/2222 1820/2103/2214 1758/2102/2113 1759/2138/2115
f 1753/2026/2108 1317/1523/1597 1123/1315/1382 1902/2200/2300
f 1321/2201/1601 1845/2139/2243 1844/2136/2241 1842/2135/2239
f 1753/2026/2108 1902/2200/2300 1845/2139/2243 1321/2201/1601
f 1863/2161/2261 1895/2193/2293 1893/2191/2291 1865/2163/2263
f 1837/2125/2234 1340/1545/1619 1338/1544/1618 1343/1550/1624
f 1903/2202/2301 1904/2203/2302 1906/2204/2303 1905/2205/2304
f 1907/2206/2305 1905/2205/2304 1906/2204/2303 1908/2207/2306
f 1363/1573/1645 1396/1608/1683 1398/1611/1686 1365/1575/1648
f 1832/2117/2228 1812/2094/2307 1722/1996/2077 1721/1995/2076
f 1909/2208/2308 1899/2197/2297 1911/2209/2309 1910/2210/2310
f 1107/1297/2311 1109/1300/1369 375/429/428 858/978/1011
f 1912/2211/2312 1913/2212/2313 1915/2213/2314 1914/2214/2315
f 1913/2215/2313 1231/1436/1509 1916/2216/2316 1915/2217/2314
f 1917/2218/2317 1916/2216/2316 1231/1436/1509 1232/1435/1508
f 1918/2219/2318 1917/2218/2317 1232/1435/1508 1919/2220/2319
f 1920/2221/2320 1918/2222/2318 1919/2223/2319 1921/2224/2321
f 1922/2225/2322 1923/2226/2323 1925/2227/2324 1924/2228/2325
f 1922/2225/2322 1924/2228/2325 1927/2229/2326 1926/2230/2327
f 1923/2226/2323 1922/2225/2322 1926/2230/2327 1928/2231/2328
f 1929/2232/2329 878/1003/1032 879/1002/1031 1930/2233/2330
f 1930/2233/2330 879/1002/1031 881/1005/1034 1931/2234/2331
f 1932/2235/2332 1858/2153/2255 1860/2155/2257 1933/2236/2333
f 1933/2236/2333 1860/2155/2257 1861/2157/2259 1934/2237/2334
f 1934/2238/2334 1861/2160/2259 1862/2159/2260 1935/2239/2335
f 1935/2239/2335 1862/2159/2260 1937/2240/2336 1936/2241/2337
f 1937/2240/2336 1938/2242/2338 1939/2243/2339 1936/2241/2337
f 1938/2242/2338 1940/2244/2340 1941/2245/2341 1939/2243/2339
f 1940/2244/2340 1942/2246/2342 1943/2247/2343 1941/2245/2341
f 1944/2248/2344 1945/2249/2345 1943/2247/2343 1942/2246/2342
f 1924/2250/2346 1912/2211/2312 1945/2249/2345 1944/2248/2344
f 1937/2240/2336 1862/2159/2260 1848/2141/2245 1946/2251/2347
f 1938/2242/2338 1937/2240/2336 1946/2251/2347 1947/2252/2348
f 1940/2244/2340 1938/2242/2338 1947/2252/2348 1948/2253/2349
f 1942/2246/2342 1940/2244/2340 1948/2253/2349 1949/2254/2350
f 1944/2248/2344 1942/2246/2342 1949/2254/2350 1950/2255/2351
f 1924/2250/2346 1944/2248/2344 1950/2255/2351 1927/2256/2352
f 1951/2257/2353 1910/2210/2354 1953/2258/2355 1952/2259/2356
f 2608/1361/1428 2613/2260/2357 1210/2261/2358 1166/1359/1425
f 1181/1376/2359 112/131/1065 904/1033/1064 1163/1355/2360
f 1333/1540/1614 1334/1539/1613 1366/1576/1649 1834/2120/2229
f 1332/1538/1612 1209/1407/1480 1210/2262/2361 2613/1578/1651
f 1898/2196/2296 1899/2197/2297 1909/2208/2308 1954/2263/2362
f 1620/1925/1972 1666/1928/2021 1955/2264/2363 1361/2265/2364
f 1104/1294/1363 1103/1293/1362 1206/2038/1476 1901/2199/2299
f 1956/2266/2365 1104/1294/1363 1901/2199/2299 1900/2198/2298
f 1238/1442/1515 1864/2162/2262 1828/2113/2224 1236/1440/1513
f 1882/2180/2280 1884/2182/2282 1958/2267/2366 1957/2268/2367
f 1252/1456/1529 1959/2269/2368 1960/2270/2369 1270/1475/1548
f 1947/2252/2348 1961/2271/2370 1962/2272/2371 1948/2253/2349
f 1825/2273/2372 1822/2106/2217 1821/2105/2216 1963/2274/2373
f 1964/2275/2374 1824/2108/2219 1823/2107/2218 1965/2276/2375
f 1770/2277/2376 2627/2278/2377 2628/1051/1083 917/1050/1082
f 1907/2206/2305 1112/1302/1371 1116/1306/1375 1966/2279/2378
f 1119/1308/1377 1117/1307/1376 1315/1522/1596 1967/2280/2379
f 1968/2281/2380 1969/2282/2381 1971/2283/2382 1970/2284/2383
f 1972/2285/2384 1971/2283/2382 1969/2282/2381 1973/2286/2385
f 1974/2287/2386 1972/2285/2384 1973/2286/2385 1975/2288/2387
f 1914/2214/2315 1974/2287/2386 1975/2288/2387 1976/2289/2388
f 1945/2249/2345 1912/2211/2312 1914/2214/2315 1976/2289/2388
f 1977/2290/2389 1978/2291/2390 1980/2292/2391 1979/2293/2392
f 1979/2293/2392 1981/2294/2393 1982/2295/2394 1977/2290/2389
f 1939/2243/2339 1941/2245/2341 1982/2295/2394 1981/2294/2393
f 1975/2288/2387 1973/2286/2385 1984/2296/2395 1983/2297/2396
f 1976/2289/2388 1975/2288/2387 1983/2297/2396 1985/2298/2397
f 1945/2249/2345 1976/2289/2388 1985/2298/2397 1943/2247/2343
f 1978/2291/2390 1986/2299/2398 1987/2300/2399 1980/2292/2391
f 1986/2299/2398 1988/2301/2400 1989/2302/2401 1987/2300/2399
f 1990/2303/2402 1991/2304/2403 1988/2301/2400 1986/2299/2398
f 1992/2305/2404 1991/2304/2403 1968/2281/2380 1993/2306/2405
f 1900/2198/2298 1898/2196/2296 1954/2263/2362 1956/2266/2365
f 1864/2162/2262 1238/1442/1515 1895/2193/2293 1863/2161/2261
f 1966/2279/2378 1994/2307/2406 1995/2308/2407 1907/2206/2305
f 1994/2309/2406 1239/1443/1516 1241/1446/1519 1995/2310/2407
f 1996/2311/2408 1633/1879/1985 1113/1304/1373 1114/1303/1372
f 1997/2312/2409 1998/2313/2410 1633/1879/1985 1996/2311/2408
f 1999/2314/2411 1673/1941/2028 1674/1943/2029 1961/2315/2412
f 1673/1941/2028 1999/2314/2411 2000/2316/2413 1672/1938/2027
f 2001/2317/2414 2002/2318/2415 1385/1597/1670 1384/1596/1669
f 1371/1583/1656 1415/2062/2145 1350/1556/1630 1349/1555/1629
f 1831/2319/2227 1830/2320/2226 1903/2202/2301 1905/2205/2304
f 1749/2024/2106 1751/2321/2107 1752/2128/2109 1748/2022/2103
f 1735/2009/2090 1746/2021/2102 1740/2014/2095 1737/2010/2091
f 1779/2061/2144 1719/1994/2075 1725/1999/2080 1723/1998/2079
f 1911/2209/2309 1899/2197/2297 1876/2174/2274 1877/2175/2275
f 1243/1447/1520 1127/1319/1386 1308/1512/1585 1306/1510/1583
f 1230/1434/1507 1434/2322/2416 1919/2220/2319 1232/1435/1508
f 1925/2227/2417 1200/1396/2418 1231/1436/1509 1913/2215/2313
f 1924/2250/2346 1925/2323/2417 1913/2212/2313 1912/2211/2312
f 1943/2247/2343 1985/2298/2397 1982/2295/2394 1941/2245/2341
f 1116/1306/1375 1115/1305/1374 1859/2156/2258 1857/2154/2256
f 1116/1306/1375 1857/2154/2256 1855/2152/2254 1966/2279/2378
f 1855/2152/2254 1854/2151/2252 1994/2307/2406 1966/2279/2378
f 1854/2148/2252 1850/2146/2250 1239/1443/1516 1994/2309/2406
f 1995/2310/2407 1241/1446/1519 1248/1453/1526 1831/2116/2227
f 1318/1524/1598 1300/1504/1577 1298/1502/1575 1246/1450/1523
f 1124/1317/1384 1250/1454/1527 1294/1499/1572 1310/1514/1587
f 1877/2175/2275 1878/2176/2276 1921/2224/2321 1911/2209/2309
f 1936/2241/2337 1939/2243/2339 1981/2294/2393 2003/2324/2419
f 1848/2141/2245 1121/1311/1380 1120/1310/1379 2000/2325/2420
f 1891/2189/2289 1867/2164/2264 1865/2163/2263 1893/2191/2291
f 1911/2209/2309 1953/2258/2421 1910/2210/2310
f 2004/2326/2422 2005/2327/2423 1917/2218/2317 1918/2219/2318
f 2005/2327/2423 2006/2328/2424 1916/2216/2316 1917/2218/2317
f 1915/2217/2314 1916/2216/2316 2006/2328/2424 2007/2329/2425
f 1915/2213/2314 2007/2330/2425 1974/2287/2386 1914/2214/2315
f 1985/2298/2397 1983/2297/2396 1977/2290/2389 1982/2295/2394
f 1936/2241/2337 2003/2324/2419 2008/2331/2426 1935/2239/2335
f 1859/2156/2258 1115/1305/1374 1118/1309/1378 1847/2158/2246
f 2009/2332/2427 1856/2149/2253 1858/2153/2255 1932/2235/2332
f 1856/2149/2253 2009/2332/2427 2010/2333/2428 1853/2150/2251
f 1852/2143/2247 1853/2147/2251 2010/2334/2428 2011/2335/2429
f 1240/1444/1517 1239/1443/1516 1850/2146/2250 1849/2145/2249
f 1851/2144/2248 1852/2143/2247 2011/2335/2429 2012/2336/2430
f 1851/2144/2248 1892/2190/2290 1894/2192/2292 1849/2145/2249
f 1891/2189/2289 1889/2187/2287 1868/2166/2266 1867/2164/2264
f 1878/2176/2276 1879/2177/2277 1920/2221/2320 1921/2224/2321
f 1920/2221/2320 2013/2337/2431 2004/2338/2422 1918/2222/2318
f 2003/2324/2419 1981/2294/2393 1979/2293/2392 2014/2339/2432
f 2015/2340/2433 1934/2238/2334 1935/2239/2335 2008/2331/2426
f 1892/2190/2290 1851/2144/2248 2012/2336/2430 1890/2188/2288
f 1889/2187/2287 1888/2186/2286 1870/2168/2268 1868/2166/2266
f 1879/2177/2277 1880/2178/2278 2013/2337/2431 1920/2221/2320
f 2016/2341/2434 2017/2342/2435 2005/2327/2423 2004/2326/2422
f 2017/2342/2435 2018/2343/2436 2006/2328/2424 2005/2327/2423
f 2006/2328/2424 2018/2343/2436 2019/2344/2437 2007/2329/2425
f 2007/2330/2425 2019/2345/2437 1972/2285/2384 1974/2287/2386
f 1983/2297/2396 1984/2296/2395 1978/2291/2390 1977/2290/2389
f 1979/2293/2392 1980/2292/2391 2020/2346/2438 2014/2339/2432
f 2014/2339/2432 2021/2347/2439 2008/2331/2426 2003/2324/2419
f 2015/2340/2433 2008/2331/2426 2021/2347/2439 2022/2348/2440
f 2023/2349/2441 1933/2236/2333 1934/2237/2334 2015/2350/2433
f 1933/2236/2333 2023/2349/2441 2024/2351/2442 1932/2235/2332
f 2025/2352/2443 2009/2332/2427 1932/2235/2332 2024/2351/2442
f 2026/2353/2444 2010/2333/2428 2009/2332/2427 2025/2352/2443
f 2011/2335/2429 2010/2334/2428 2026/2354/2444 2027/2355/2445
f 2012/2336/2430 2011/2335/2429 2027/2355/2445 2028/2356/2446
f 2028/2356/2446 1887/2185/2285 1890/2188/2288 2012/2336/2430
f 1888/2186/2286 1886/2184/2284 1872/2170/2270 1870/2168/2268
f 1880/2178/2278 1882/2180/2280 1957/2268/2367 2013/2337/2431
f 2013/2337/2431 1957/2268/2367 2016/2357/2434 2004/2338/2422
f 2021/2347/2439 2014/2339/2432 2020/2346/2438 2029/2358/2447
f 2028/2356/2446 1897/2195/2295 1885/2183/2283 1887/2185/2285
f 1957/2268/2367 1958/2267/2366 2030/2359/2448 2016/2357/2434
f 2016/2341/2434 2030/2360/2448 2031/2361/2449 2017/2342/2435
f 2017/2342/2435 2031/2361/2449 2032/2362/2450 2018/2343/2436
f 2018/2343/2436 2032/2362/2450 2033/2363/2451 2019/2344/2437
f 2019/2345/2437 2033/2364/2451 1971/2283/2382 1972/2285/2384
f 1973/2286/2385 1969/2282/2381 1990/2303/2402 1984/2296/2395
f 2020/2346/2438 1980/2292/2391 1987/2300/2399 2034/2365/2452
f 2029/2358/2447 2020/2346/2438 2034/2365/2452 2035/2366/2453
f 2022/2348/2440 2021/2347/2439 2029/2358/2447 2036/2367/2454
f 2037/2368/2455 2023/2349/2441 2015/2350/2433 2022/2369/2440
f 2023/2349/2441 2037/2368/2455 2038/2370/2456 2024/2351/2442
f 2024/2351/2442 2038/2370/2456 2039/2371/2457 2025/2352/2443
f 2040/2372/2458 2026/2353/2444 2025/2352/2443 2039/2371/2457
f 2041/2373/2459 2027/2355/2445 2026/2354/2444 2040/2374/2458
f 2027/2355/2445 2041/2373/2459 1897/2195/2295 2028/2356/2446
f 1872/2170/2270 1266/1470/1543 1881/2179/2279 1873/2171/2271
f 2036/2367/2454 2029/2358/2447 2035/2366/2453 2042/2375/2460
f 2037/2368/2455 2022/2369/2440 2036/2376/2454 2043/2377/2461
f 1260/1464/1537 1897/2195/2295 2041/2373/2459 2044/2378/2462
f 2045/2379/2463 1958/2267/2366 1884/2182/2282 2046/2380/2464
f 1883/2181/2281 1960/2270/2369 2046/2380/2464 1884/2182/2282
f 2047/2381/2465 2030/2359/2448 1958/2267/2366 2045/2379/2463
f 2031/2361/2449 2030/2360/2448 2047/2382/2465 2048/2383/2466
f 2031/2361/2449 2048/2383/2466 2049/2384/2467 2032/2362/2450
f 2032/2362/2450 2049/2384/2467 2050/2385/2468 2033/2363/2451
f 2033/2364/2451 2050/2386/2468 1970/2284/2383 1971/2283/2382
f 1969/2282/2381 1968/2281/2380 1991/2304/2403 1990/2303/2402
f 2034/2365/2452 1987/2300/2399 1989/2302/2401 2051/2387/2469
f 2035/2366/2453 2034/2365/2452 2051/2387/2469 2052/2388/2470
f 2042/2375/2460 2035/2366/2453 2052/2388/2470 2053/2389/2471
f 2043/2377/2461 2036/2376/2454 2042/2390/2460 2054/2391/2472
f 2038/2370/2456 2037/2368/2455 2043/2377/2461 2055/2392/2473
f 2038/2370/2456 2055/2392/2473 2056/2393/2474 2039/2371/2457
f 2057/2394/2475 2040/2372/2458 2039/2371/2457 2056/2393/2474
f 2044/2378/2462 2041/2373/2459 2040/2374/2458 2057/2395/2475
f 1266/1470/1543 1268/1473/1546 1883/2181/2281 1881/2179/2279
f 2054/2391/2472 2042/2390/2460 2053/2396/2471 2058/2397/2476
f 2055/2392/2473 2043/2377/2461 2054/2391/2472 2059/2398/2477
f 1260/1464/1537 2044/2378/2462 2060/2399/2478 1258/1462/1535
f 2057/2395/2475 2061/2400/2479 2060/2399/2478 2044/2378/2462
f 2062/2401/2480 2045/2379/2463 2046/2380/2464 2063/2402/2481
f 1959/2269/2368 2063/2402/2481 2046/2380/2464 1960/2270/2369
f 2047/2381/2465 2045/2379/2463 2062/2401/2480 2064/2403/2482
f 2048/2383/2466 2047/2382/2465 2064/2404/2482 2065/2405/2483
f 2048/2383/2466 2065/2405/2483 2066/2406/2484 2049/2384/2467
f 2049/2384/2467 2066/2406/2484 2067/2407/2485 2050/2385/2468
f 2050/2386/2468 2067/2408/2485 2068/2409/2486 1970/2284/2383
f 1970/2284/2383 2068/2409/2486 1993/2306/2405 1968/2281/2380
f 1992/2305/2404 2069/2410/2487 2051/2387/2469 1989/2302/2401
f 2052/2388/2470 2051/2387/2469 2069/2410/2487 2070/2411/2488
f 2053/2389/2471 2052/2388/2470 2070/2411/2488 2071/2412/2489
f 2058/2413/2476 2053/2414/2471 2071/2415/2489 2072/2416/2490
f 2059/2398/2477 2054/2391/2472 2058/2397/2476 2073/2417/2491
f 2056/2393/2474 2055/2392/2473 2059/2398/2477 2074/2418/2492
f 2057/2394/2475 2056/2393/2474 2074/2418/2492 2061/2419/2479
f 2060/2399/2478 2075/2420/2493 1256/1461/1534 1258/1462/1535
f 2062/2401/2480 2063/2402/2481 1959/2269/2368 2076/2421/2494
f 2067/2408/2485 2077/2422/2495 1993/2306/2405 2068/2409/2486
f 2071/2412/2489 2070/2411/2488 2069/2410/2487 2078/2423/2496
f 2073/2424/2491 2058/2413/2476 2072/2416/2490 2079/2425/2497
f 2074/2418/2492 2059/2398/2477 2073/2417/2491 2080/2426/2498
f 2060/2399/2478 2061/2400/2479 2081/2427/2499 2075/2420/2493
f 1254/1459/1532 1256/1461/1534 2075/2420/2493 2082/2428/2500
f 2083/2429/2501 2064/2404/2482 2062/2430/2480 2076/2431/2494
f 2084/2432/2502 2076/2421/2494 1959/2269/2368 1252/1456/1529
f 2065/2405/2483 2064/2404/2482 2083/2429/2501 2085/2433/2503
f 2086/2434/2504 2066/2406/2484 2065/2405/2483 2085/2433/2503
f 2066/2406/2484 2086/2434/2504 2077/2435/2495 2067/2407/2485
f 1992/2305/2404 1993/2306/2405 2077/2422/2495 2087/2436/2505
f 2078/2423/2496 2069/2410/2487 1992/2305/2404 2087/2436/2505
f 2072/2416/2490 2071/2415/2489 2078/2437/2496 2088/2438/2506
f 2079/2425/2497 2072/2416/2490 2088/2438/2506 2089/2439/2507
f 2061/2419/2479 2074/2418/2492 2080/2426/2498 2081/2440/2499
f 2073/2424/2491 2079/2425/2497 2090/2441/2508 2080/2442/2498
f 2091/2443/2509 2088/2438/2506 2078/2437/2496 2087/2444/2505
f 2081/2427/2499 2092/2445/2510 2082/2428/2500 2075/2420/2493
f 2092/2445/2510 2093/2446/2511 1254/1459/1532 2082/2428/2500
f 2093/2446/2511 2084/2432/2502 1252/1456/1529 1254/1459/1532
f 2094/2447/2512 2083/2429/2501 2076/2431/2494 2084/2448/2502
f 2085/2433/2503 2083/2429/2501 2094/2447/2512 2095/2449/2513
f 2086/2434/2504 2085/2433/2503 2095/2449/2513 2091/2443/2509
f 2087/2444/2505 2077/2435/2495 2086/2434/2504 2091/2443/2509
f 2088/2438/2506 2091/2443/2509 2095/2449/2513 2089/2439/2507
f 2079/2425/2497 2089/2439/2507 2096/2450/2514 2090/2441/2508
f 2080/2442/2498 2090/2441/2508 2092/2451/2510 2081/2452/2499
f 2094/2447/2512 2084/2448/2502 2093/2453/2511 2096/2450/2514
f 2089/2439/2507 2095/2449/2513 2094/2447/2512 2096/2450/2514
f 2090/2441/2508 2096/2450/2514 2093/2453/2511 2092/2451/2510
f 1825/2454/2515 1963/2455/2516 1622/1868/1974 1621/1867/1973
f 1627/1874/1980 1628/1873/1979 1964/2456/2517 1965/2457/2518
f 1630/1876/1982 1629/1875/1981 2097/2458/2519 1659/2459/2520
f 1946/2251/2347 1999/2460/2521 1961/2271/2370 1947/2252/2348
f 1948/2253/2349 1962/2272/2371 2098/2461/2522 1949/2254/2350
f 1949/2254/2350 2098/2461/2522 2099/2462/2523 1950/2255/2351
f 1950/2255/2351 2099/2462/2523 2100/2463/2524 1927/2256/2352
f 1848/2141/2245 2000/2325/2420 1999/2460/2521 1946/2251/2347
f 1902/2200/2300 1149/1341/1408 1147/1339/1406 1845/2139/2243
f 1830/2115/2226 1251/1455/1528 1317/1523/1597 1751/2025/2107
f 1903/2202/2301 1830/2320/2226 1751/2321/2107 1749/2024/2106
f 1390/1602/1675 1998/2313/2410 1997/2312/2409 1391/1603/1676
f 2101/2464/2525 1823/2107/2218 768/873/916 878/1003/1032
f 1931/2234/2331 881/1005/1034 1056/1240/1234 2102/2465/2526
f 2626/2109/2220 1227/1427/1502 159/187/200 2625/1241/1235
f 1434/1675/2527 2103/2466/2528 1952/2259/2529 1953/2258/2530
f 1443/1685/1732 2104/2467/2531 1766/2047/2130 1445/1687/1734
f 1441/1683/1730 2105/2468/2532 2104/2467/2531 1443/1685/1732
f 1439/1681/1728 1657/1910/2010 2105/2468/2532 1441/1683/1730
f 1452/1696/1743 1453/1695/1742 1660/1915/2015 2106/2469/2533
f 1930/2470/2534 1638/1885/1991 1637/1884/1990 1929/2471/2535
f 2630/2472/2536 1314/1518/2117 1760/2040/2116 1203/2043/2122
f 1926/2230/2327 1643/1890/1996 1645/1893/1999 1928/2231/2328
f 1927/2229/2326 1647/1894/2000 1643/1890/1996 1926/2230/2327
f 1181/1376/2537 1163/1355/1422 1161/1353/1420 1184/1378/2538
f 1184/1378/2538 1161/1353/1420 1158/1350/1417 1185/1380/2539
f 1185/1380/2539 1158/1350/1417 1156/1348/1415 1189/1385/2540
f 1189/1385/2540 1156/1348/1415 1154/1346/1413 1187/1382/2541
f 1187/1382/2541 1154/1346/1413 1150/1342/1409 1191/1386/2542
f 1152/1345/1412 1153/1344/1411 1426/1666/1715 1195/1390/2543
f 1195/1390/2543 1426/1666/1715 1429/1670/1718 1197/1392/2544
f 1197/1392/2544 1429/1670/1718 1432/1674/1721 1199/1394/2545
f 1199/1394/2545 1432/1674/1721 1229/1433/1725 1201/1395/2546
f 1741/2015/2096 2107/2473/2547 1816/2099/2548 1743/2016/2097
f 1737/2010/2091 1740/2014/2095 1742/2017/2098 1739/2012/2093
f 1792/2073/2156 1808/2090/2549 1807/2089/2550 1791/2074/2157
f 1784/2065/2148 1797/2080/2551 1798/2079/2552 1783/2066/2149
f 1811/2092/2553 1794/2076/2159 1793/2075/2158 1813/2095/2554
f 1801/2083/2555 1786/2068/2151 1785/2067/2150 1802/2084/2556
f 1353/1562/1634 1405/1619/1693 1410/1635/1697 1351/1559/1631
f 1393/1620/1680 1354/1561/1633 1352/1560/1632 1395/1625/1681
f 1369/1580/1653 2108/2474/2557 1392/1604/1679 1368/1581/1654
f 1810/2093/2558 1833/2475/2230 1399/2476/1685 1809/2091/2559
f 1399/1610/1685 1833/2121/2230 1834/2120/2229 1398/1611/1686
f 1365/1575/1648 1398/1611/1686 1834/2120/2229 1366/1576/1649
f 1809/2091/2559 1399/2476/1685 1397/1614/1684 1402/1616/1690
f 1955/2477/2560 2001/2317/2414 1384/1596/1669 1383/1594/1667
f 1846/2140/2244 1388/1600/1673 1385/1597/1670 2002/2318/2415
f 1383/1594/1667 1379/1592/1665 1380/1591/1664 1955/2477/2560
f 1380/1591/1664 1359/1567/1639 1361/1570/1642 1955/2477/2560
f 1336/1542/1616 1331/1537/1611 1678/2118/2034 1680/2034/2037
f 1726/2000/2081 1725/1999/2080 1719/1994/2075 1720/1993/2074
f 1718/1992/2073 1717/1991/2072 2110/2478/2561 2109/2479/2562
f 1745/2019/2100 2109/2479/2562 2110/2478/2561 1747/2020/2101
f 1734/2008/2089 1744/2018/2099 1746/2021/2102 1735/2009/2090
f 1728/2129/2083 1727/2126/2082 1837/2125/2234 1838/2127/2235
f 1838/2127/2235 1837/2125/2234 1343/1550/1624 1344/1549/1623
f 1341/1547/1677 1391/1603/1676 1750/2023/2105 1342/1548/2104
f 1904/2203/2302 1997/2312/2409 1996/2311/2408 1906/2204/2303
f 1114/1303/1372 1908/2207/2306 1906/2204/2303 1996/2311/2408
f 1679/1954/2035 1713/1987/2068 1840/2131/2238 1681/1955/2036
f 1095/1284/2563 1096/1287/2564 1692/1968/2565 1693/1967/2566
f 1096/1287/2564 1839/2130/2567 1690/1965/2568 1692/1968/2565
f 1690/1965/2568 1839/2130/2567 1840/2131/2569 2111/2480/2570
f 1713/1987/2571 2112/2481/2572 2111/2480/2570 1840/2131/2569
f 1714/1988/2573 2113/2482/2574 2112/2481/2572 1713/1987/2571
f 1716/1990/2575 1697/1971/2576 2113/2482/2574 1714/1988/2573
f 1726/2000/2577 1696/1972/2578 1697/1971/2576 1716/1990/2575
f 1720/1993/2579 1694/1969/2580 1696/1972/2578 1726/2000/2577
f 1718/1992/2581 1707/1982/2582 1694/1969/2580 1720/1993/2579
f 2109/2479/2583 2114/2483/2584 1707/1982/2582 1718/1992/2581
f 2109/2479/2583 1745/2019/2585 1704/1979/2586 2114/2483/2584
f 1745/2019/2585 1744/2018/2587 1705/1980/2588 1704/1979/2586
f 1734/2008/2589 1732/2007/2590 1685/1959/2591 2115/2484/2592
f 1732/2007/2590 1733/2006/2593 1684/1960/2594 1685/1959/2591
f 1733/2006/2593 1729/2004/2595 1682/1957/2596 1684/1960/2594
f 1729/2004/2595 1730/2003/2597 1709/1986/2598 1682/1957/2596
f 1755/2030/2599 1710/1984/2600 1709/1986/2598 1730/2003/2597
f 1754/2029/2601 2116/2485/2602 1710/1984/2600 1755/2030/2599
f 1756/2032/2603 1686/1961/2604 2116/2485/2602 1754/2029/2601
f 1322/1528/2605 1687/1962/2606 1686/1961/2604 1756/2032/2603
f 1322/1528/2605 1086/1277/2607 1689/1963/2608 1687/1962/2606
f 1086/1277/2607 1087/1276/2609 1703/1978/2610 1689/1963/2608
f 1087/1276/2609 1088/1279/2611 2117/2486/2612 1703/1978/2610
f 1088/1279/2611 1091/1281/2613 1701/1976/2614 2117/2486/2612
f 2118/2487/2615 1699/1973/2616 1701/1976/2614 1091/1281/2613
f 1094/1285/2617 1698/1974/2618 1699/1973/2616 2118/2487/2615
f 1691/1966/2047 1690/1965/2046 2111/2480/2619 1712/2488/2620
f 1712/2488/2620 2111/2480/2619 2112/2481/2621 1695/1970/2051
f 2112/2481/2621 2113/2482/2622 1697/1971/2052 1695/1970/2051
f 1705/1980/2061 2115/2484/2623 1685/1959/2040 1683/1958/2039
f 1710/1984/2065 2116/2485/2624 1686/1961/2042 1688/1964/2045
f 1255/1458/1531 1274/1479/1552 1280/1485/1558 1257/1460/1533
f 1265/1469/1542 1263/1466/1539 1286/1490/1563 1288/1492/1565
f 1311/1515/1588 1295/1498/1571 2121/2489/2625 2120/2490/2626
f 1295/1498/1571 1293/1497/1570 2122/2491/2627 2121/2489/2625
f 1293/1497/1570 1297/1501/1574 2123/2492/2628 2122/2491/2627
f 1299/1503/1576 2124/2493/2629 2123/2492/2628 1297/1501/1574
f 1301/1505/1578 2125/2494/2630 2124/2493/2629 1299/1503/1576
f 1303/1507/1580 2126/2495/2631 2125/2494/2630 1301/1505/1578
f 1305/1509/1582 2127/2496/2632 2126/2495/2631 1303/1507/1580
f 1307/1511/1584 2128/2497/2633 2127/2496/2632 1305/1509/1582
f 1309/1513/1586 2129/2498/2634 2128/2497/2633 1307/1511/1584
f 1309/1513/1586 1311/1515/1588 2120/2490/2626 2129/2498/2634
f 20/35/45 21/34/44 1072/1262/2635 25/38/48
f 1072/1262/2635 24/39/49 25/38/48
f 294/324/339 28/2499/53 29/797/52
f 294/324/339 30/162/175 28/2499/53
f 31/46/56 34/2500/58 33/157/57 28/43/53
f 35/50/60 36/49/59 907/1038/1070
f 902/1029/1057 901/1028/1056 2130/2501/2636 37/51/1010
f 858/978/1011 37/51/1010 2130/2501/2636 2131/2502/2637
f 378/435/431 2132/2503/2638 39/54/2639 40/53/63
f 380/438/433 2133/2504/2640 2132/2503/2641 378/435/431
f 382/441/435 2134/2505/2642 2133/2504/2643 380/438/433
f 386/446/439 2135/2506/2644 2134/2505/2645 382/441/435
f 385/445/438 2136/2507/2646 2135/2506/2647 386/446/439
f 389/451/442 2137/2508/2648 2136/2507/2649 385/445/438
f 392/455/445 2138/2509/2650 2137/2508/2651 389/451/442
f 396/459/449 1057/1242/2652 2138/2509/2653 392/455/445
f 395/458/448 1057/1242/2654 396/459/449
f 41/55/65 45/59/69 48/63/73
f 812/931/963 61/76/84 59/75/83
f 77/93/101 76/92/100 75/91/99 74/90/98
f 2139/2510/2655 2140/2511/2656 2141/2512/2657 2142/2513/2658
f 2142/2513/2658 2141/2512/2657 855/975/2659 905/1035/2660
f 2143/2514/2661 2139/2510/2655 2142/2513/2658 2144/2515/2662
f 2144/2515/2662 2142/2513/2658 905/1035/2660 907/1038/2663
f 2145/2516/2664 2143/2514/2661 2144/2515/2662 2146/2517/2665
f 2146/2517/2665 2144/2515/2662 907/1038/2663 36/49/2666
f 246/274/288 146/169/287 145/168/183 376/2518/429
f 307/339/351 308/338/353 330/366/380
f 104/122/2667 2147/2519/2668 2148/2520/2669
f 107/126/2670 109/125/2671 2149/2521/2672
f 2150/2522/2673 2151/2523/2674 2152/2524/2675
f 100/119/2676 2153/2525/2677 2154/2526/2678
f 2149/2521/2679 2152/2524/2680 2151/2523/2681 2155/2527/2682
f 2156/2528/2683 2154/2526/2684 2153/2525/2685 2157/2529/2686
f 100/119/2676 2158/2530/2687 2159/2531/2688 2153/2525/2677
f 108/124/2689 105/123/140 110/129/139
f 108/124/2689 110/129/139 2160/2532/2690 2161/2533/2691
f 99/117/2692 2162/2534/2693 2163/2535/2694 2164/2536/2695
f 2150/2522/2696 2165/2537/2697 2163/2535/2698 2162/2534/2699
f 2158/2530/2700 100/119/126 101/118/125 2166/2538/2701
f 2150/2522/2702 2162/2534/2703 99/117/124 98/116/123
f 98/116/2704 2167/2539/2705 2168/2540/2706 2150/2522/2673
f 2167/2539/2705 98/116/2704 100/119/2676 2154/2526/2678
f 2168/2540/2706 2151/2523/2674 2150/2522/2673
f 2169/2541/2707 2165/2537/2708 2150/2522/2673 2152/2524/2675
f 2148/2520/2709 2167/2539/2710 2154/2526/2684 2156/2528/2683
f 2147/2519/2711 2168/2540/2712 2167/2539/2710 2148/2520/2709
f 2151/2523/2681 2168/2540/2712 2147/2519/2711 2155/2527/2682
f 2170/2542/2713 2169/2541/2714 2152/2524/2680 2149/2521/2679
f 2153/2525/2685 2159/2531/2715 2171/2543/2716 2157/2529/2686
f 2156/2528/2717 2157/2529/2718 103/121/2719 102/120/2720
f 2148/2520/2669 2156/2528/2717 102/120/2720 104/122/2667
f 107/126/2670 2149/2521/2672 2155/2527/2721 106/2544/2722
f 103/121/2719 2157/2529/2718 2171/2543/2723 2172/2545/2724
f 106/2544/2722 2155/2527/2721 2147/2519/2668 104/122/2667
f 2173/2546/2725 2170/2542/2726 2149/2521/2672 109/125/2671
f 94/110/2727 2174/2547/2728 2175/2548/2729 95/111/119
f 103/121/129 2172/2545/2730 2174/2547/2731 94/110/130
f 2161/2533/2732 2173/2546/2733 109/125/135 108/124/134
f 101/118/2734 99/117/2735 2164/2536/2736 2166/2538/2737
f 162/190/203 133/151/2738 131/150/1125
f 120/139/152 117/136/149 118/137/150 122/140/153
f 134/2549/2739 2176/2550/2740 917/1050/1082 711/1049/1081
f 143/165/178 2177/2551/2741 2178/2552/2742 144/166/179
f 2574/2553/2743 2571/2554/2744 2588/2555/2745 2589/2556/2746
f 156/185/197 160/2557/201 2181/2558/2747 158/186/199
f 155/178/193 2623/2559/2748 154/177/192
f 903/2560/1128 395/1096/1123 866/988/1019
f 169/197/210 842/961/993 173/202/215 174/201/214
f 234/262/275 177/205/218 277/307/322 232/260/273
f 282/312/2749 2182/2561/2750 283/313/2751
f 284/314/2752 2182/2561/2750 282/312/2749
f 244/273/2753 2182/2561/2750 284/314/2752
f 245/272/2754 2182/2561/2750 244/273/2753
f 285/315/2755 2182/2561/2750 245/272/2754
f 286/316/2756 2182/2561/2750 285/315/2755
f 287/317/2757 2182/2561/2750 286/316/2756
f 288/318/2758 2182/2561/2750 287/317/2757
f 289/319/2759 2182/2561/2750 288/318/2758
f 283/313/2751 2182/2561/2750 289/319/2759
f 689/786/934 302/333/348 303/332/347
f 300/330/345 328/364/378 296/326/341
f 372/2562/424 309/341/427 305/340/2760
f 318/350/363 320/353/366 340/376/390
f 564/2563/672 151/352/188 319/351/1068
f 342/378/392 341/377/391 344/380/394 343/379/393
f 347/383/397 348/384/398 334/370/384 335/371/385
f 355/391/407 370/419/422 321/354/368 322/356/369
f 327/363/377 306/337/352 352/388/404 351/387/403
f 316/349/362 718/820/835 719/821/836
f 363/400/415 369/416/421 368/413/420 2183/2564/2761
f 2183/2564/2761 368/413/420 359/395/411 360/396/412
f 304/334/2762 326/362/400 349/385/399
f 386/446/439 382/441/435 381/440/434 383/447/436
f 396/459/449 392/455/445 391/454/444 394/460/447
f 599/674/709 2184/2565/2763 412/477/467 411/476/466
f 2185/2566/2764 2186/2567/2765 2184/2565/2763 599/674/709
f 2187/2568/2766 2188/2569/2767 2186/2567/2765 2185/2566/2764
f 2189/2570/2768 2190/2571/2769 2188/2569/2767 2187/2568/2766
f 2191/2572/2770 2192/2573/2771 2190/2571/2769 2189/2570/2768
f 2193/2574/2772 2194/2575/2773 2192/2573/2771 2191/2572/2770
f 2195/2576/2774 2196/2577/2775 2194/2575/2773 2193/2574/2772
f 2197/2578/2776 2198/2579/2777 2196/2577/2775 2195/2576/2774
f 2199/2580/2778 2200/2581/2779 2198/2579/2777 2197/2578/2776
f 596/667/706 2201/2582/2780 2200/2581/2779 2199/2580/2778
f 595/666/705 2202/2583/2781 2201/2582/2780 596/667/706
f 2202/2583/2781 595/666/705 2203/2584/2782 2204/2585/2783
f 2205/2586/2784 2206/2587/2785 2204/2585/2783 2203/2584/2782
f 2207/2588/2786 2208/2589/2787 2206/2587/2785 2205/2586/2784
f 598/671/708 2209/2590/2788 2208/2589/2787 2207/2588/2786
f 597/670/707 2210/2591/2789 2209/2590/2788 598/671/708
f 2211/2592/2790 2212/2593/2791 2210/2591/2789 597/670/707
f 415/480/470 709/812/827 2212/2593/2791 2211/2592/2790
f 709/812/827 415/480/470 397/462/452 399/465/455
f 413/479/469 414/478/468 410/475/465 409/474/464
f 520/588/576 422/490/478 409/474/464
f 2213/2594/2792 2214/2595/2793 2215/2596/2794 2216/2597/2795
f 2214/2595/2793 421/488/476 420/487/475 2215/2596/2794
f 425/493/481 428/497/485 429/496/484 424/491/479
f 426/494/482 617/2598/729 2217/2599/2796 427/495/483
f 2217/2599/2796 617/2598/729 616/2600/728 2218/2601/2797
f 616/2600/728 430/498/486 432/501/489 2218/2601/2797
f 434/502/490 2219/2602/2798 2220/2603/2799 435/503/491
f 2219/2602/2798 2221/2604/2800 2222/2605/2801 2220/2603/2799
f 2221/2604/2800 2223/2606/2802 2224/2607/2803 2222/2605/2801
f 2224/2607/2803 2223/2606/2802 436/504/492 438/507/495
f 440/508/496 2225/2608/2804 2226/2609/2805 441/509/497
f 2225/2608/2804 612/2610/724 611/698/723 2226/2609/2805
f 612/2610/724 442/510/498 444/513/501 611/698/723
f 443/511/499 2227/2611/2806 2228/2612/2807 445/512/500
f 2227/2611/2806 2229/2613/2808 2230/2614/2809 2228/2612/2807
f 2229/2613/2808 2231/2615/2810 2232/2616/2811 2230/2614/2809
f 2232/2616/2811 2231/2615/2810 446/514/502 448/517/505
f 450/518/506 2213/2594/2792 2216/2597/2795 451/519/507
f 543/611/602 562/630/671 544/612/603
f 250/279/294 552/620/611 553/621/612 248/276/291
f 254/283/298 517/585/573 518/586/574 252/280/295
f 522/589/577 546/615/606 521/590/578
f 515/583/571 468/537/525 469/536/524 524/592/580
f 515/583/571 461/530/518 462/529/517 525/593/581
f 507/575/2812 477/545/2813 478/547/615 528/596/614
f 458/525/652 542/610/655 477/545/2813 507/575/2812
f 562/630/2814 470/538/2815 471/540/629 510/578/628
f 543/611/632 538/606/633 470/538/2815 562/630/2814
f 552/620/2816 495/563/2817 496/565/2818 483/550/2819
f 250/279/640 536/604/641 495/563/2817 552/620/2816
f 517/585/2820 463/531/2821 464/533/2822 455/522/2823
f 254/283/646 540/608/647 463/531/2821 517/585/2820
f 546/615/2824 460/528/2825 459/527/584 521/590/583
f 501/569/2826 491/559/2827 532/601/651 257/285/650
f 502/568/2828 492/560/2829 491/559/2827 501/569/2826
f 498/566/2830 466/534/2831 534/603/657 530/598/656
f 486/553/658 467/535/661 466/534/2831 498/566/2830
f 489/558/2832 516/584/2833 494/561/2834 705/808/2835
f 561/629/665 523/591/664 516/584/2833 489/558/2832
f 480/548/2836 524/592/2837 469/536/660 484/552/659
f 482/551/2838 497/564/2839 524/592/2837 480/548/2836
f 2233/2617/2840 525/593/2841 462/529/2842 547/614/2843
f 512/579/631 472/539/630 525/593/2841 2233/2617/2840
f 452/520/2844 514/582/2845 513/581/654 456/524/653
f 454/523/2846 465/532/2847 514/582/2845 452/520/2844
f 504/572/2848 473/541/2849 531/599/663 554/622/662
f 503/571/666 474/542/667 473/541/2849 504/572/2848
f 560/628/648 559/627/644 551/618/643 549/617/649
f 501/569/557 257/285/300 256/284/299 500/570/558
f 563/632/673 566/634/675 565/633/674 150/174/189
f 567/636/677 568/635/676 571/640/681 572/639/680
f 570/638/679 569/637/678 574/642/683 573/641/682
f 575/680/714 576/2618/2850 419/485/473
f 577/645/686 578/647/688 2234/2619/2851 951/1087/1117
f 951/1087/1117 2234/2619/2851 580/649/689 349/385/399
f 423/684/717 607/686/2852 592/662/702
f 2235/2620/2853 2236/2621/2854 419/485/473 417/484/471
f 582/651/691 581/650/690 2236/2621/2854 2235/2620/2853
f 2237/2622/2855 2238/2623/2856 583/653/693 584/652/692
f 2239/2624/2857 2240/2625/2858 2238/2623/2856 2237/2622/2855
f 2241/2626/2859 712/2627/2860 2240/2625/2858 2239/2624/2857
f 585/655/695 135/654/694 712/2627/2860 2241/2626/2859
f 2242/2628/2861 714/816/831 137/154/168 586/656/696
f 2243/2629/2862 2244/2630/2863 714/816/831 2242/2628/2861
f 2245/2631/2864 2246/2632/2865 2244/2630/2863 2243/2629/2862
f 2247/2633/2866 2248/2634/2867 2246/2632/2865 2245/2631/2864
f 2249/2635/2868 2250/2636/2869 2248/2634/2867 2247/2633/2866
f 2251/2637/2870 2252/2638/2871 2250/2636/2869 2249/2635/2868
f 2253/2639/2872 2254/2640/2873 2252/2638/2871 2251/2637/2870
f 590/659/699 588/658/698 2254/2640/2873 2253/2639/2872
f 522/589/577 407/472/462 405/470/460 545/613/604
f 511/580/568 593/663/703 403/468/458 401/466/456
f 593/663/703 2233/2617/2874 547/614/605 545/613/604
f 416/482/472 544/612/603 397/462/452
f 2235/2641/2853 417/481/471 415/480/470 2211/2592/2790
f 2239/2642/2857 2237/2643/2855 2207/2588/2786 2205/2586/2784
f 2241/2644/2859 2239/2642/2857 2205/2586/2784 2203/2584/2782
f 2243/2645/2862 2242/2646/2861 2199/2580/2778 2197/2578/2776
f 2245/2647/2864 2243/2645/2862 2197/2578/2776 2195/2576/2774
f 2247/2648/2866 2245/2647/2864 2195/2576/2774 2193/2574/2772
f 2249/2649/2868 2247/2648/2866 2193/2574/2772 2191/2572/2770
f 2251/2650/2870 2249/2649/2868 2191/2572/2770 2189/2570/2768
f 2253/2651/2872 2251/2650/2870 2189/2570/2768 2187/2568/2766
f 595/666/705 585/665/695 2241/2644/2859 2203/2584/2782
f 596/667/706 2199/2580/2778 2242/2646/2861 586/668/696
f 582/669/691 2235/2641/2853 2211/2592/2790 597/670/707
f 598/671/708 2207/2588/2786 2237/2643/2855 584/672/692
f 590/2652/699 2253/2651/2872 2187/2568/2766 2185/2566/2764
f 589/673/700 590/2652/699 2185/2566/2764 599/674/709
f 419/485/473 576/2618/2850 418/486/474
f 422/2653/478 423/684/717 594/683/704
f 2222/2605/2801 2224/2607/2803 258/287/302 2255/2654/2875
f 2256/2655/2876 2257/2656/2877 2223/2657/2802 2221/2658/2800
f 2220/2603/2799 2222/2605/2801 2255/2654/2875 249/277/292
f 2258/2659/2878 2256/2655/2876 2221/2658/2800 2219/2660/2798
f 2215/2596/2794 420/487/475 548/616/607 550/619/610
f 2259/2661/2879 606/685/718 421/687/476 2214/2662/2793
f 2215/2596/2794 550/619/610 253/281/296 2216/2597/2795
f 2260/2663/2880 2259/2661/2879 2214/2662/2793 2213/2664/2792
f 2230/2614/2809 2232/2616/2811 508/576/564 527/595/586
f 2261/2665/2881 2262/2666/2882 2231/2667/2810 2229/2668/2808
f 2228/2612/2807 2230/2614/2809 527/595/586 272/302/317
f 704/807/819 2261/2669/2881 2229/2670/2808 2227/2671/2806
f 445/512/500 2228/2612/2807 272/302/317 271/301/316
f 610/695/722 704/807/819 2227/2671/2806 443/696/499
f 435/503/491 2220/2603/2799 249/277/292 248/276/291
f 609/692/721 2258/2659/2878 2219/2660/2798 434/693/490
f 436/701/492 2223/2657/2802 2257/2656/2877 373/426/425
f 256/284/299 258/287/302 2224/2607/2803 438/507/495
f 451/519/507 2216/2597/2795 253/281/296 252/280/295
f 615/706/727 2260/2663/2880 2213/2664/2792 450/707/506
f 446/705/502 2231/2667/2810 2262/2666/2882 613/702/725
f 2263/2672/2883 508/576/564 2232/2616/2811 448/517/505
f 518/586/574 2263/2672/2883 448/517/505 449/516/504
f 449/516/504 451/519/507 252/280/295 518/586/574
f 499/567/555 529/597/588 2217/2599/2796 2218/2601/2797
f 2218/2601/2797 432/501/489 608/690/720 499/567/555
f 566/634/675 563/632/673 430/689/486 616/708/728
f 266/296/311 265/295/310 429/496/484 427/495/483
f 427/495/483 2217/2599/2796 529/597/588 266/296/311
f 571/640/681 568/635/676 617/709/729 426/710/482
f 424/491/479 429/496/484 265/295/310 269/300/315
f 574/642/683 569/637/678 428/711/485 425/713/481
f 2226/2609/2805 611/698/723 505/574/562 506/573/561
f 2234/2619/2851 578/647/688 612/699/724 2225/2673/2804
f 441/509/497 2226/2609/2805 506/573/561 618/716/730
f 580/649/689 2234/2619/2851 2225/2673/2804 440/714/496
f 874/998/1027 592/662/702 607/686/2852 1053/2674/2884
f 414/478/468 604/681/715 410/475/465
f 641/739/753 642/740/754 1071/1261/2885 2264/2675/2886
f 2264/2675/2886 1071/1261/2885 644/742/756 643/741/755
f 646/744/758 645/743/757 1068/1258/2887 1073/2676/2888
f 1073/2676/2888 1068/1258/2887 648/746/760 649/747/761
f 721/823/838 659/756/770 658/755/769 2265/2677/2889
f 722/824/839 721/823/838 2265/2677/2889 756/859/2890
f 674/771/785 669/766/780 668/765/779
f 683/781/795 688/784/798 686/783/797 681/778/792
f 785/897/936 27/41/51 26/40/50
f 743/846/1263 729/833/848 724/827/842 723/826/841
f 753/856/1261 737/841/856 732/835/850 731/834/849
f 2271/2678/2891 757/860/2892 759/862/2893 2267/2679/2894
f 2267/2679/2894 759/862/2893 760/863/2895 2268/2680/2896
f 364/402/875 365/401/877 746/850/880 730/832/876
f 684/780/907 682/779/860 740/843/859 760/863/908
f 296/326/341 328/364/378 1062/1249/1265 297/327/342
f 2141/2512/2657 2140/2511/2656 2131/2502/2637 2130/2501/2636
f 2141/2512/2657 2130/2501/2636 901/1028/1056
f 1050/2681/2897 1054/1238/1232 767/872/915 916/1048/1080
f 602/2683/2898 1050/2681/2897 603/2682/2899
f 2615/2685/2900 2616/2686/2901 2177/2551/2741 143/165/178
f 2181/2558/2747 2621/2687/2902 2622/2688/2903 158/186/199
f 2596/2689/2904 2586/2690/2905 2146/2517/2665 2595/2691/2906
f 2571/2554/2744 2575/2692/2907 2587/2693/2908 2588/2555/2745
f 763/868/911 914/1046/1078 915/1047/1079 769/875/918
f 878/1003/1032 1054/1238/1232 2272/2684/2909 876/1000/1029
f 774/880/923 65/80/88 62/78/86 810/929/961
f 297/327/342 1062/1249/1265 717/2694/834 782/891/932
f 365/401/416 363/400/415 2183/2564/2761 745/848/2910
f 745/848/2910 2183/2564/2761 360/396/412 720/822/837
f 758/861/1255 756/859/2890 2265/2677/2889 1061/1248/1256
f 2265/2677/2889 658/755/769 1064/1254/1270 1061/1248/1256
f 1061/1248/1256 1064/1254/1270 688/784/798 683/781/795
f 2299/2695/2911 2273/2696/2912 2274/2697/2913 2300/2698/2914
f 2300/2698/2914 2274/2697/2913 2275/2699/2915 2301/2700/2916
f 2301/2700/2916 2275/2699/2915 2276/2701/2917 2302/2702/2918
f 2302/2702/2918 2276/2701/2917 2277/2703/2919 2303/2704/2920
f 2303/2704/2920 2277/2703/2919 2278/2705/2921 2304/2706/2922
f 2304/2706/2922 2278/2705/2921 2279/2707/2923 2305/2708/2924
f 2305/2708/2924 2279/2707/2923 2280/2709/2925 2306/2710/2926
f 2306/2710/2926 2280/2709/2925 2281/2711/2927 2307/2712/2928
f 2307/2712/2928 2281/2711/2927 2282/2713/2929 2308/2714/2930
f 2308/2714/2930 2282/2713/2929 2283/2715/2931 2309/2716/2932
f 2309/2716/2932 2283/2715/2931 2284/2717/2933 2310/2718/2934
f 2310/2718/2934 2284/2717/2933 2285/2719/2935 2311/2720/2936
f 2286/2721/2937 2312/2722/2938 2311/2720/2936 2285/2719/2935
f 2312/2722/2938 2286/2721/2937 2287/2723/2939 2313/2724/2940
f 2313/2724/2940 2287/2723/2939 2288/2725/2941 2314/2726/2942
f 2314/2726/2942 2288/2725/2941 2289/2727/2943 2315/2728/2944
f 2315/2728/2944 2289/2727/2943 2290/2729/2945 2316/2730/2946
f 2316/2730/2946 2290/2729/2945 2291/2731/2947 2317/2732/2948
f 2317/2732/2948 2291/2731/2947 2292/2733/2949 2318/2734/2950
f 2318/2734/2950 2292/2733/2949 2293/2735/2951 2319/2736/2952
f 2319/2736/2952 2293/2735/2951 2294/2737/2953 2320/2738/2954
f 2320/2738/2954 2294/2737/2953 2295/2739/2955 2321/2740/2956
f 2321/2740/2956 2295/2739/2955 2296/2741/2957 2322/2742/2958
f 2322/2742/2958 2296/2741/2957 2297/2743/2959 2323/2744/2960
f 2323/2744/2960 2297/2743/2959 2298/2745/2961 2324/2746/2962
f 2324/2746/2962 2298/2745/2961 2273/2696/2912 2299/2695/2911
f 605/682/2963 2299/2747/2964 2300/2748/2965 708/811/2966
f 708/811/2966 2300/2748/2965 2301/2749/2967 1058/1243/2968
f 1058/1243/2968 2301/2749/2967 2302/2750/2969 1059/1244/2970
f 1059/1244/2970 2302/2750/2969 2303/2751/2971 601/676/2972
f 601/676/2972 2303/2751/2971 2304/2752/2973 600/677/2974
f 600/677/2974 2304/2752/2973 2305/2753/2975 710/813/2976
f 710/813/2976 2305/2753/2975 2306/2754/2977 2325/2755/2978
f 2325/2755/2978 2306/2754/2977 2307/2756/2979 2326/2757/2980
f 2326/2757/2980 2307/2756/2979 2308/2758/2981 2327/2759/2982
f 2327/2759/2982 2308/2758/2981 2309/2760/2983 2328/2761/2984
f 2328/2761/2984 2309/2760/2983 2310/2762/2985 2329/2763/2986
f 2329/2763/2986 2310/2762/2985 2311/2764/2987 2330/2765/2988
f 2312/2766/2989 2331/2767/2990 2330/2765/2988 2311/2764/2987
f 2331/2767/2990 2312/2766/2989 2313/2768/2991 2332/2769/2992
f 2332/2769/2992 2313/2768/2991 2314/2770/2993 2333/2771/2994
f 2333/2771/2994 2314/2770/2993 2315/2772/2995 2334/2773/2996
f 2334/2773/2996 2315/2772/2995 2316/2774/2997 2335/2775/2998
f 2335/2775/2998 2316/2774/2997 2317/2776/2999 2336/2777/3000
f 2336/2777/3000 2317/2776/2999 2318/2778/3001 2337/2779/3002
f 2337/2779/3002 2318/2778/3001 2319/2780/3003 2338/2781/3004
f 2338/2781/3004 2319/2780/3003 2320/2782/3005 2339/2783/3006
f 2339/2783/3006 2320/2782/3005 2321/2784/3007 2340/2785/3008
f 2340/2785/3008 2321/2784/3007 2322/2786/3009 2341/2787/3010
f 2341/2787/3010 2322/2786/3009 2323/2788/3011 1060/1245/3012
f 1060/1245/3012 2323/2788/3011 2324/2789/3013 604/681/3014
f 604/681/3014 2324/2789/3013 2299/2747/2964 605/682/2963
f 849/969/1000 851/972/1003 691/788/802 690/787/801
f 715/817/832 311/343/356 364/402/417
f 872/995/1024 131/150/3015 130/149/3016 871/996/1025
f 129/147/3017 2342/2790/3018 871/996/1025 130/149/3016
f 127/145/3019 2343/2791/3020 2342/2790/3018 129/147/3017
f 125/144/3021 2344/2792/3022 2343/2791/3020 127/145/3019
f 124/143/3023 2345/2793/3024 2344/2792/3022 125/144/3021
f 121/141/3025 2346/2794/3026 2345/2793/3024 124/143/3023
f 122/140/3027 2347/2795/3028 2346/2794/3026 121/141/3025
f 118/137/3029 702/805/817 2347/2795/3028 122/140/3027
f 115/134/814 701/804/813 702/805/817 118/137/3029
f 871/996/1025 2342/2790/3018 2348/2796/3030 875/999/1028
f 2342/2790/3018 2343/2791/3020 2349/2797/3031 2348/2796/3030
f 2343/2791/3020 2344/2792/3022 2350/2798/3032 2349/2797/3031
f 2344/2792/3022 2345/2793/3024 2351/2799/3033 2350/2798/3032
f 2345/2793/3024 2346/2794/3026 2352/2800/3034 2351/2799/3033
f 2346/2794/3026 2347/2795/3028 2353/2801/3035 2352/2800/3034
f 2347/2795/3028 702/805/817 703/806/818 2353/2801/3035
f 918/2802/3036 1056/1240/1234 1055/1239/1233 713/2803/3037
f 141/164/177 2614/2804/3038 2615/2685/2900 143/165/178
f 92/108/290 247/275/289 904/1033/1064 93/109/1063
f 2602/128/138 2607/2805/3039 323/2806/3040 110/129/139
f 2623/2807/3041 155/183/198 158/186/199 2622/2688/2903
f 261/289/305 260/288/304 2631/2808/3042 2632/156/3043
f 36/49/2666 34/48/182 2595/2691/2906 2146/2517/2665
f 856/976/1059 855/975/2659 2141/2512/2657 901/1028/1056
f 945/1079/1111 944/1078/1110 941/1076/1108
f 945/1079/1111 941/1076/1108 942/1075/1107
f 943/1077/1109 937/1071/1103 932/1067/1099 939/1074/1106
f 374/427/426 373/426/425 2257/2656/2877 792/2809/3044
f 792/2809/3044 2257/2656/2877 2256/2655/2876 955/2810/3045
f 955/2810/3045 2256/2655/2876 2258/2659/2878 954/2811/3046
f 954/2811/3046 2258/2659/2878 609/692/721 906/1037/1069
f 565/633/674 771/1228/1222 148/171/186 150/174/189
f 1053/2674/3047 607/686/719 606/685/718 1052/2812/3048
f 1052/2812/3048 606/685/718 2259/2661/2879 1051/2813/3049
f 1051/2813/3049 2259/2661/2879 2260/2663/2880 913/2814/3050
f 913/2814/3050 2260/2663/2880 615/706/727 912/1089/1119
f 953/1090/1120 613/702/725 2262/2666/2882 50/2815/3051
f 50/2815/3051 2262/2666/2882 2261/2665/2881 920/2816/1086
f 920/1054/1086 2261/2669/2881 704/807/819 262/292/307
f 43/58/68 44/57/67 854/974/1005 853/973/1004
f 914/1229/1223 567/636/677 572/639/680 915/1231/1225
f 916/1230/1224 570/638/679 573/641/682 1050/1233/1227
f 764/869/912 763/868/911 769/875/918 770/874/917
f 506/573/561 490/557/545 488/556/544 618/716/730
f 500/570/558 618/716/730 488/556/544 487/555/543
f 553/621/612 481/549/537 706/809/822 608/690/720
f 608/690/720 706/809/822 485/554/542 499/567/555
f 518/586/574 453/521/509 707/810/824 2263/2672/2883
f 2263/2672/2883 707/810/824 457/526/514 508/576/564
f 2255/2654/2875 258/287/302 259/286/301 557/626/3052
f 249/277/292 2255/2654/2875 557/626/3052 251/278/293
f 511/580/568 512/579/567 2233/2617/2874 593/663/703
f 253/281/296 550/619/610 551/618/609 255/282/297
f 902/1029/1238 37/51/3053 39/54/3054
f 902/1029/1238 39/54/3054 2132/2503/3055
f 902/1029/1238 2132/2503/3055 2133/2504/3056
f 902/1029/1238 2133/2504/3056 2134/2505/3057
f 902/1029/1238 2134/2505/3057 2135/2506/3058
f 902/1029/1238 2135/2506/3058 2136/2507/3059
f 902/1029/1238 2136/2507/3059 2137/2508/3060
f 902/1029/1238 2137/2508/3060 2138/2509/3061
f 902/1029/1238 2138/2509/3061 1057/1242/1239
f 709/812/827 710/813/828 2325/2755/3062 2212/2593/2791
f 2212/2593/2791 2325/2755/3062 2326/2757/3063 2210/2591/2789
f 2210/2591/2789 2326/2757/3063 2327/2759/3064 2209/2590/2788
f 2209/2590/2788 2327/2759/3064 2328/2761/3065 2208/2589/2787
f 2208/2589/2787 2328/2761/3065 2329/2763/3066 2206/2587/2785
f 2206/2587/2785 2329/2763/3066 2330/2765/3067 2204/2585/2783
f 2331/2767/3068 2202/2583/2781 2204/2585/2783 2330/2765/3067
f 2202/2583/2781 2331/2767/3068 2332/2769/3069 2201/2582/2780
f 2201/2582/2780 2332/2769/3069 2333/2771/3070 2200/2581/2779
f 2200/2581/2779 2333/2771/3070 2334/2773/3071 2198/2579/2777
f 2198/2579/2777 2334/2773/3071 2335/2775/3072 2196/2577/2775
f 2196/2577/2775 2335/2775/3072 2336/2777/3073 2194/2575/2773
f 2194/2575/2773 2336/2777/3073 2337/2779/3074 2192/2573/2771
f 2192/2573/2771 2337/2779/3074 2338/2781/3075 2190/2571/2769
f 2190/2571/2769 2338/2781/3075 2339/2783/3076 2188/2569/2767
f 2188/2569/2767 2339/2783/3076 2340/2785/3077 2186/2567/2765
f 2186/2567/2765 2340/2785/3077 2341/2787/3078 2184/2565/2763
f 2184/2565/2763 2341/2787/3078 1060/1245/1242 412/477/467
f 602/678/712 419/485/473 2236/2621/2854 2272/2817/3079
f 2272/2817/3079 2236/2621/2854 581/650/690 876/1247/1244
f 877/1246/1243 583/653/693 2238/2623/2856 880/2818/3080
f 880/2818/3080 2238/2623/2856 2240/2625/2858 1055/2819/3081
f 1055/2819/3081 2240/2625/2858 712/2627/2860 713/2820/3082
f 703/806/818 714/816/831 2244/2630/2863 2353/2801/3035
f 2353/2801/3035 2244/2630/2863 2246/2632/2865 2352/2800/3034
f 2352/2800/3034 2246/2632/2865 2248/2634/2867 2351/2799/3033
f 2351/2799/3033 2248/2634/2867 2250/2636/2869 2350/2798/3032
f 2350/2798/3032 2250/2636/2869 2252/2638/2871 2349/2797/3031
f 2349/2797/3031 2252/2638/2871 2254/2640/2873 2348/2796/3030
f 2348/2796/3030 2254/2640/2873 588/658/698 875/999/1028
f 2268/2680/2896 760/863/2895 740/843/1259 724/827/842
f 738/840/855 757/860/2892 2271/2678/2891 737/841/856
f 2270/2821/3083 748/851/3084 749/852/1257 732/835/850
f 2266/2822/3085 747/849/3086 748/851/3084 2270/2821/3083
f 2269/2823/3087 746/850/3088 747/849/3086 2266/2822/3085
f 730/832/847 746/850/3088 2269/2823/3087 729/833/848
f 781/889/930 782/2824/932 742/845/3089 741/844/931
f 782/2824/932 717/819/834 716/818/833 742/845/3089
f 351/387/403 353/390/406 717/2694/834 1062/1249/1265
f 752/855/1266 779/1251/928 778/884/927 754/857/1006
f 851/972/1003 950/1086/1116 350/386/402 691/788/802
f 76/92/100 790/903/941 789/902/940 75/91/99
f 689/786/934 303/332/347 784/895/935
f 850/970/1001 777/1093/926 948/1081/1113 853/973/1004
f 773/879/922 165/193/206 74/90/98 72/88/96
f 695/795/808 697/796/809 694/792/806
f 675/773/1297 685/782/1296 647/745/1295 1069/1259/1298
f 22/36/1271 24/39/1325 639/737/1326 634/731/1272
f 213/241/254 289/319/334 288/318/333 207/234/247
f 146/169/184 92/108/116 90/106/114
f 161/189/202 133/151/2738 162/190/203
f 549/617/608 548/616/607 520/588/576 519/587/575
f 459/527/515 461/530/518 560/628/670 526/594/3090
f 483/550/2819 496/565/2818 497/564/2839 482/551/2838
f 455/522/2823 464/533/2822 465/532/2847 454/523/2846
f 546/615/2824 547/614/2843 462/529/2842 460/528/2825
f 502/568/2828 705/808/2835 494/561/2834 492/560/2829
f 263/293/308 42/56/66 41/55/65
f 920/2816/1086 49/2825/72 50/2815/74
f 829/949/981 911/1041/1073 202/230/243 200/228/241
f 81/97/105 80/96/104 123/142/1250
f 141/164/3091 32/45/55 30/44/54
f 1074/1264/3092 2354/2826/3093 1075/1265/3094
f 1075/1265/3094 2354/2826/3093 1076/1266/3095
f 1076/1266/3095 2354/2826/3093 1077/1267/3096
f 1077/1267/3096 2354/2826/3093 1078/1268/3097
f 1078/1268/3097 2354/2826/3093 1079/1269/3098
f 1079/1269/3098 2354/2826/3093 1080/1270/3099
f 1080/1270/3099 2354/2826/3093 1081/1271/3100
f 1081/1271/3100 2354/2826/3093 1082/1272/3101
f 1082/1272/3101 2354/2826/3093 1083/1273/3102
f 1083/1273/3102 2354/2826/3093 1074/1264/3092
f 1090/1280/1349 1092/1282/1351 2118/2487/3103 1091/1281/1350
f 2118/2487/3103 1092/1282/1351 1094/1285/1354
f 1335/1541/1615 1099/2033/1358 1098/2827/1357
f 1335/1541/1615 1098/2827/1357 1101/1404/1477
f 1100/1290/1359 1098/1288/1357 1103/1401/1362 1105/2828/1365
f 1104/1294/1363 1956/2266/2365 1106/1295/1364
f 1952/2259/2356 1107/1297/2311 2355/2829/3104 1951/2257/2353
f 858/978/1011 2131/2502/2637 2355/2829/3104 1107/1297/2311
f 1417/1652/1705 1110/1299/1368 1108/1298/3105 2356/2830/3106
f 1419/1654/1707 1417/1652/1705 2356/2830/3107 2357/2831/3108
f 1421/1657/1709 1419/1654/1707 2357/2831/3109 2358/2832/3110
f 1425/1663/1712 1421/1657/1709 2358/2832/3111 2359/2833/3112
f 1424/1664/1713 1425/1663/1712 2359/2833/3113 2360/2834/3114
f 1428/1667/1716 1424/1664/1713 2360/2834/3115 2361/2835/3116
f 1431/1672/1719 1428/1667/1716 2361/2835/3117 2362/2836/3118
f 1435/1678/1724 1431/1672/1719 2362/2836/3119 2103/2466/3120
f 1434/1675/1722 1435/1678/1724 2103/2466/3121
f 1111/1301/1370 1117/1307/1376 1115/1305/1374
f 1866/2165/2265 1130/1323/1390 1131/1322/1389
f 1148/1340/1407 1144/1336/1403 1145/1337/1404 1146/1338/1405
f 2139/2510/2655 2363/2837/3122 2364/2838/3123 2140/2511/2656
f 2363/2837/3122 1954/2263/3124 1909/2208/3125 2364/2838/3123
f 2143/2514/2661 2365/2839/3126 2363/2837/3122 2139/2510/2655
f 2365/2839/3126 1956/2266/3127 1954/2263/3124 2363/2837/3122
f 2145/2516/2664 2366/2840/3128 2365/2839/3126 2143/2514/2661
f 2366/2840/3128 1106/1295/3129 1956/2266/3127 2365/2839/3126
f 1348/1558/1627 1372/1584/1657 1349/1555/1629
f 1174/1368/3130 2367/2841/3131 2368/2842/3132
f 1177/1370/3133 2369/2843/3134 1179/1371/3135
f 2370/2844/3136 2371/2845/3137 2372/2846/3138
f 1169/1363/3139 2373/2847/3140 2374/2848/3141
f 2369/2843/3142 2375/2849/3143 2372/2846/3144 2371/2845/3145
f 2376/2850/3146 2377/2851/3147 2374/2848/3148 2373/2847/3149
f 1169/1363/3139 2374/2848/3141 2159/2531/2688 2158/2530/2687
f 1178/1372/3150 1180/1375/1446 1176/1369/1445
f 1178/1372/3150 2161/2533/2691 2160/2532/2690 1180/1375/1446
f 1170/1365/3151 2164/2536/2695 2163/2535/2694 2378/2852/3152
f 2370/2844/3153 2378/2852/3154 2163/2535/2698 2165/2537/2697
f 2158/2530/2700 2166/2538/2701 1171/1364/1431 1169/1363/1430
f 2370/2844/3155 1168/1362/1429 1170/1365/1432 2378/2852/3156
f 1168/1362/3157 2370/2844/3136 2379/2853/3158 2380/2854/3159
f 2380/2854/3159 2373/2847/3140 1169/1363/3139 1168/1362/3157
f 2379/2853/3158 2370/2844/3136 2372/2846/3138
f 2169/2541/2707 2371/2845/3137 2370/2844/3136 2165/2537/2708
f 2367/2841/3160 2376/2850/3146 2373/2847/3149 2380/2854/3161
f 2368/2842/3162 2367/2841/3160 2380/2854/3161 2379/2853/3163
f 2372/2846/3144 2375/2849/3143 2368/2842/3162 2379/2853/3163
f 2170/2542/2713 2369/2843/3142 2371/2845/3145 2169/2541/2714
f 2374/2848/3148 2377/2851/3147 2171/2543/2716 2159/2531/2715
f 2376/2850/3164 1172/1367/3165 1173/1366/3166 2377/2851/3167
f 2367/2841/3131 1174/1368/3130 1172/1367/3165 2376/2850/3164
f 1177/1370/3133 1175/2855/3168 2375/2849/3169 2369/2843/3134
f 1173/1366/3166 2172/2545/2724 2171/2543/2723 2377/2851/3167
f 1175/2855/3168 1174/1368/3130 2368/2842/3132 2375/2849/3169
f 2173/2546/2725 1179/1371/3135 2369/2843/3134 2170/2542/2726
f 1164/1356/1423 1166/1359/1425 2175/2548/2729 2174/2547/2728
f 1173/1366/1435 1164/1356/1434 2174/2547/2731 2172/2545/2730
f 2161/2533/2732 1178/1372/1442 1179/1371/1441 2173/2546/2733
f 1171/1364/3170 2166/2538/2737 2164/2536/2736 1170/1365/3171
f 1231/1436/1509 1200/1396/2418 1201/1395/3172
f 1189/1385/1458 1190/1384/1457 1186/1381/1454 1185/1380/1453
f 1202/2856/3173 1770/2277/2376 917/1050/1082 2176/2550/2740
f 1211/1410/1484 1212/1409/1483 2178/2552/2742 2177/2551/2741
f 1213/1413/1488 1214/1412/1487 2180/2857/3174 2179/2858/3175
f 246/274/288 376/2518/429 1215/1414/1489 1217/1416/1591
f 1226/1431/1501 1228/1430/1505 2181/2558/2747 160/2557/201
f 2619/2859/3176 1224/1423/1498 1364/1574/3177
f 1953/2860/2421 1919/2220/2319 1434/2322/2416
f 1237/1441/1514 1242/1445/1518 1240/1444/1517 1896/2194/2294
f 1302/1506/1579 1300/1504/1577 1318/1524/1598 1245/1449/1522
f 1323/1530/3178 1324/1529/3179 2381/2861/3180
f 1325/1531/3181 1323/1530/3178 2381/2861/3180
f 1312/1516/3182 1325/1531/3181 2381/2861/3180
f 1313/1517/3183 1312/1516/3182 2381/2861/3180
f 1326/1532/3184 1313/1517/3183 2381/2861/3180
f 1327/1533/3185 1326/1532/3184 2381/2861/3180
f 1328/1534/3186 1327/1533/3185 2381/2861/3180
f 1329/1535/3187 1328/1534/3186 2381/2861/3180
f 1330/1536/3188 1329/1535/3187 2381/2861/3180
f 1324/1529/3179 1330/1536/3188 2381/2861/3180
f 1748/2022/2236 1344/1549/1623 1342/1548/1622
f 1341/1547/1621 1337/1543/1617 1369/1580/1653
f 1413/2862/1700 1347/1557/1989 1350/1556/1701
f 1359/1567/1639 1381/1593/1666 1360/1568/1640
f 1620/2863/1972 1361/1570/2364 1221/1569/1494
f 1383/1594/1667 1384/1596/1669 1386/1599/1672 1382/1595/1668
f 1388/1600/1673 1376/1588/1661 1375/1587/1660 1389/1601/1674
f 1396/1608/1683 1363/1573/1645 1362/1572/1644 1411/1638/1698
f 1368/1581/1654 1392/1604/1679 1394/1607/1682 1346/1552/1626
f 1356/1564/1636 1777/2059/2142 1776/2057/2140
f 1405/1619/1693 2382/2864/3189 1409/1633/1696 1410/1635/1697
f 2382/2864/3189 1401/1613/1688 1400/1612/1687 1409/1633/1696
f 1345/1551/1988 1390/1602/1675 1367/1579/1678
f 1425/1663/1712 1422/1662/1710 1420/1658/1708 1421/1657/1709
f 1435/1678/1724 1433/1677/1720 1430/1671/1717 1431/1672/1719
f 1655/1908/2008 1450/1693/1740 1452/1696/1743 2383/2865/3190
f 2384/2866/3191 1655/1908/2008 2383/2865/3190 2385/2867/3192
f 2386/2868/3193 2384/2866/3191 2385/2867/3192 2387/2869/3194
f 2388/2870/3195 2386/2868/3193 2387/2869/3194 2389/2871/3196
f 2390/2872/3197 2388/2870/3195 2389/2871/3196 2391/2873/3198
f 2392/2874/3199 2390/2872/3197 2391/2873/3198 2393/2875/3200
f 2394/2876/3201 2392/2874/3199 2393/2875/3200 2395/2877/3202
f 2396/2878/3203 2394/2876/3201 2395/2877/3202 2397/2879/3204
f 2398/2880/3205 2396/2878/3203 2397/2879/3204 2399/2881/3206
f 1652/1900/2004 2398/2880/3205 2399/2881/3206 2400/2882/3207
f 1651/1901/2005 1652/1900/2004 2400/2882/3207 2401/2883/3208
f 1651/1901/2005 2401/2883/3208 2403/2884/3209 2402/2885/3210
f 2404/2886/3211 2402/2885/3210 2403/2884/3209 2405/2887/3212
f 2406/2888/3213 2404/2886/3211 2405/2887/3212 2407/2889/3214
f 1654/1904/2006 2406/2888/3213 2407/2889/3214 2408/2890/3215
f 1653/1905/2007 1654/1904/2006 2408/2890/3215 2409/2891/3216
f 2410/2892/3217 1653/1905/2007 2409/2891/3216 2411/2893/3218
f 1455/1699/1746 2410/2892/3217 2411/2893/3218 1768/2048/2131
f 1768/2048/2131 1437/1680/1727 1436/1679/1726 1455/1699/1746
f 1451/1694/1741 1448/1691/1738 1449/1692/1739 1453/1695/1742
f 1559/1805/1850 1448/1691/1738 1460/1705/1750
f 2412/2894/3219 2413/2895/3220 2414/2896/3221 2415/2897/3222
f 2415/2897/3222 2414/2896/3221 1459/1704/1749 1461/1707/1752
f 1464/1709/1754 1463/1708/1753 1468/1713/1758 1466/1712/1757
f 1465/1711/1756 1467/1714/1759 2416/2898/3223 1676/2899/2030
f 2416/2898/3223 2417/2900/3224 1675/2901/2031 1676/2899/2030
f 1675/2901/2031 2417/2900/3224 1470/1716/1761 1469/1715/1760
f 1473/1719/1764 1474/1720/1765 2418/2902/3225 2419/2903/3226
f 2419/2903/3226 2418/2902/3225 2420/2904/3227 2421/2905/3228
f 2421/2905/3228 2420/2904/3227 2422/2906/3229 2423/2907/3230
f 2422/2906/3229 1476/1722/1767 1475/1721/1766 2423/2907/3230
f 1479/1725/1770 1480/1726/1771 2424/2908/3231 2425/2909/3232
f 2425/2909/3232 2424/2908/3231 1669/1933/2024 1670/2910/2025
f 1670/2910/2025 1669/1933/2024 1482/1728/1773 1481/1727/1772
f 1483/1730/1775 1484/1729/1774 2426/2911/3233 2427/2912/3234
f 2427/2912/3234 2426/2911/3233 2428/2913/3235 2429/2914/3236
f 2429/2914/3236 2428/2913/3235 2430/2915/3237 2431/2916/3238
f 2430/2915/3237 1486/1732/1777 1485/1731/1776 2431/2916/3238
f 1489/1735/1780 1490/1736/1781 2413/2895/3220 2412/2894/3219
f 1593/1840/1889 1594/1839/1888 1618/1864/1970
f 1611/1857/3239 1665/1924/2020 1601/1847/1896 1600/1846/1895
f 1614/1860/3240 2432/2917/3241 1557/1803/1848 1556/1802/1847
f 1558/1804/1849 1560/1807/1852 1595/1841/1890
f 1554/1799/1844 1563/1809/1854 1508/1753/1798 1506/1752/1797
f 1554/1799/1844 1564/1810/1855 1501/1746/1791 1499/1745/1790
f 1546/1792/3242 1568/1815/1898 1517/1763/1901 1516/1762/3243
f 1497/1742/1952 1546/1792/3242 1516/1762/3243 1588/1834/1953
f 1618/1864/3244 1548/1794/1912 1510/1756/1915 1509/1755/3245
f 1593/1840/1916 1618/1864/3244 1509/1755/3245 1583/1830/1917
f 1600/1846/3246 1522/1767/1918 1535/1781/1921 1534/1780/3247
f 1611/1857/1928 1600/1846/3246 1534/1780/3247 1581/1828/1929
f 1556/1802/3248 1494/1739/1930 1503/1749/1933 1502/1748/3249
f 1614/1860/1938 1556/1802/3248 1502/1748/3249 1586/1833/1939
f 1595/1841/1942 1560/1807/1859 1498/1744/1858 1500/1747/1943
f 1540/1787/3250 1615/1861/1946 1577/1823/1947 1530/1776/3251
f 1541/1785/1948 1540/1787/3250 1530/1776/3251 1532/1779/1949
f 1537/1783/3252 1574/1821/1956 1579/1825/1957 1505/1751/3253
f 1525/1770/1958 1537/1783/3252 1505/1751/3253 1507/1754/1959
f 1527/1773/3254 1616/1862/1951 1533/1778/1950 1555/1801/3255
f 1617/1863/1963 1527/1773/3254 1555/1801/3255 1562/1808/1964
f 1519/1765/3256 1524/1771/1961 1508/1753/1960 1563/1809/3257
f 1520/1766/1919 1519/1765/3256 1563/1809/3257 1536/1782/1920
f 2433/2918/3258 1597/1842/1945 1501/1746/1944 1564/1810/3259
f 1550/1797/1913 2433/2918/3258 1564/1810/3259 1511/1757/1914
f 1491/1737/3260 1496/1743/1955 1552/1798/1954 1553/1800/3261
f 1492/1738/1931 1491/1737/3260 1553/1800/3261 1504/1750/1932
f 1544/1791/3262 1602/1848/1962 1576/1822/1965 1512/1758/3263
f 1542/1788/1966 1544/1791/3262 1512/1758/3263 1514/1761/1967
f 1611/1857/3239 1610/1856/3264 2434/2919/3265 1665/1924/2020
f 1614/1860/3240 1612/1858/3266 2435/2920/3267 2432/2917/3241
f 1585/1831/1941 1570/1816/1940 1599/1845/1937 1613/1859/1936
f 1540/1787/1832 1539/1786/1831 1671/1935/2026 1615/1861/3268
f 2436/2921/3269 1607/1853/3270 1615/1861/3268 1671/1935/2026
f 1619/1865/1971 1219/1418/1493 1621/1867/1973 1623/1870/1976
f 1622/1868/1974 1628/1873/1979 1626/1872/1978 1624/1869/1975
f 1627/1874/1980 1629/1875/1981 1631/1878/1984 1625/1871/1977
f 1630/1912/2012 1458/1702/1748 1632/2922/3271
f 1633/1879/1985 1998/2313/2410 2437/2923/3272 1634/1880/1986
f 1998/2313/2410 1390/1602/1675 1636/1883/2032 2437/2923/3272
f 1462/1916/2016 1647/1894/2000 1663/1920/3273
f 2438/2924/3274 1456/1703/1745 1458/1702/1748 2439/2925/3275
f 1639/1887/1993 2438/2924/3274 2439/2925/3275 1637/1884/1990
f 2440/2926/3276 1640/1886/1992 1638/1885/1991 2441/2927/3277
f 2442/2928/3278 2440/2926/3276 2441/2927/3277 2443/2929/3279
f 2444/2930/3280 2442/2928/3278 2443/2929/3279 1769/2051/2134
f 1204/1399/1473 1641/1889/1995 2444/2930/3280 1769/2051/2134
f 2445/2931/3281 1642/1888/1994 1205/1398/1472 1772/2053/2136
f 2446/2932/3282 2445/2931/3281 1772/2053/2136 2447/2933/3283
f 2448/2934/3284 2446/2932/3282 2447/2933/3283 2449/2935/3285
f 2450/2936/3286 2448/2934/3284 2449/2935/3285 2451/2937/3287
f 2452/2938/3288 2450/2936/3286 2451/2937/3287 2453/2939/3289
f 2454/2940/3290 2452/2938/3288 2453/2939/3289 2455/2941/3291
f 2456/2942/3292 2454/2940/3290 2455/2941/3291 2457/2943/3293
f 1646/1892/1998 2456/2942/3292 2457/2943/3293 1645/1893/1999
f 1558/1804/1849 1596/1843/1892 1444/1688/1735 1446/1689/1736
f 1551/1796/1841 1440/1684/1731 1442/1686/1733 1649/1896/2002
f 1649/1896/2002 1596/1843/1892 1597/1842/1891 2433/2918/3294
f 1454/1697/1744 1436/1679/1726 1594/1839/1888
f 2438/2944/3274 2410/2892/3217 1455/1699/1746 1456/1698/1745
f 2442/2945/3278 2404/2886/3211 2406/2888/3213 2440/2946/3276
f 2444/2947/3280 2402/2885/3210 2404/2886/3211 2442/2945/3278
f 2446/2948/3282 2396/2878/3203 2398/2880/3205 2445/2949/3281
f 2448/2950/3284 2394/2876/3201 2396/2878/3203 2446/2948/3282
f 2450/2951/3286 2392/2874/3199 2394/2876/3201 2448/2950/3284
f 2452/2952/3288 2390/2872/3197 2392/2874/3199 2450/2951/3286
f 2454/2953/3290 2388/2870/3195 2390/2872/3197 2452/2952/3288
f 2456/2954/3292 2386/2868/3193 2388/2870/3195 2454/2953/3290
f 1641/1898/1995 1651/1901/2005 2402/2885/3210 2444/2947/3280
f 1652/1900/2004 1642/1899/1994 2445/2949/3281 2398/2880/3205
f 1639/1902/1993 1653/1905/2007 2410/2892/3217 2438/2944/3274
f 1654/1904/2006 1640/1903/1992 2440/2946/3276 2406/2888/3213
f 1646/2955/1998 2384/2866/3191 2386/2868/3193 2456/2954/3292
f 1644/1906/1997 1655/1908/2008 2384/2866/3191 1646/2955/1998
f 1458/1702/1748 1457/1701/1747 1632/2922/3271
f 1460/2956/1750 1650/1917/2003 1462/1916/2016
f 2420/2904/3227 2458/2957/3295 2436/2921/3269 2422/2906/3229
f 2459/2958/3296 2421/2959/3228 2423/2960/3230 2460/2961/3297
f 2418/2902/3225 2434/2919/3265 2458/2957/3295 2420/2904/3227
f 2461/2962/3298 2419/2963/3226 2421/2959/3228 2459/2958/3296
f 2414/2896/3221 1598/1844/1893 1571/1817/1865 1459/1704/1749
f 2462/2964/3299 2415/2965/3222 1461/1919/1752 1662/1918/2017
f 2414/2896/3221 2413/2895/3220 2435/2920/3267 1598/1844/1893
f 2463/2966/3300 2412/2967/3219 2415/2965/3222 2462/2964/3299
f 2428/2913/3235 1566/1812/1860 1547/1793/1838 2430/2915/3237
f 2464/2968/3301 2429/2969/3236 2431/2970/3238 2465/2971/3302
f 2426/2911/3233 1567/1813/1861 1566/1812/1860 2428/2913/3235
f 1763/2044/2123 2427/2972/3234 2429/2973/3236 2464/2974/3301
f 1484/1729/1774 1667/1929/2022 1567/1813/1861 2426/2911/3233
f 1668/1930/2023 1483/1932/1775 2427/2972/3234 1763/2044/2123
f 1474/1720/1765 1665/1924/2020 2434/2919/3265 2418/2902/3225
f 1666/1928/2021 1473/1927/1764 2419/2963/3226 2461/2962/3298
f 1475/1936/1766 1414/1647/1703 2460/2961/3297 2423/2960/3230
f 1671/1935/2026 1476/1722/1767 2422/2906/3229 2436/2921/3269
f 1490/1736/1781 2432/2917/3241 2435/2920/3267 2413/2895/3220
f 1674/1943/2029 1489/1942/1780 2412/2967/3219 2463/2966/3300
f 1485/1939/1776 1672/1938/2027 2465/2971/3302 2431/2970/3238
f 2466/2975/3303 1486/1732/1777 2430/2915/3237 1547/1793/1838
f 1557/1803/1848 1488/1733/1778 1486/1732/1777 2466/2975/3303
f 1488/1733/1778 1557/1803/1848 2432/2917/3241 1490/1736/1781
f 1538/1784/1829 2417/2900/3224 2416/2898/3223 1572/1818/1866
f 2417/2900/3224 1538/1784/1829 1664/1923/2019 1470/1716/1761
f 1623/1870/1976 1675/1945/2031 1469/1922/1760 1619/1865/1971
f 1573/1819/1867 1467/1714/1759 1468/1713/1758 2467/2976/3304
f 1467/1714/1759 1573/1819/1867 1572/1818/1866 2416/2898/3223
f 1626/1872/1978 1465/1947/1756 1676/1944/2030 1624/1869/1975
f 1463/1708/1753 1592/1838/1887 2467/2976/3304 1468/1713/1758
f 1631/1878/1984 1464/1949/1754 1466/1946/1757 1625/1871/1977
f 2424/2908/3231 1545/1790/1835 1543/1789/1834 1669/1933/2024
f 2437/2923/3272 2425/2977/3232 1670/1934/2025 1634/1880/1986
f 1480/1726/1771 1677/1952/2033 1545/1790/1835 2424/2908/3231
f 1636/1883/2032 1479/1951/1770 2425/2977/3232 2437/2923/3272
f 1927/2229/2326 2100/2978/3305 1663/1920/3273 1647/1894/2000
f 1453/1695/1742 1449/1692/1739 1660/1915/2015
f 1700/1975/2056 2468/2979/3306 2117/2486/3307 1701/1976/2057
f 2468/2979/3306 1702/1977/2058 1703/1978/2059 2117/2486/3307
f 1706/1981/2062 2119/2980/3308 2114/2483/3309 1704/1979/2060
f 2119/2980/3308 1708/1983/2064 1707/1982/2063 2114/2483/3309
f 1779/2061/2144 2469/2981/3310 1717/1991/2072 1719/1994/2075
f 1780/2060/2143 1814/2097/3311 2469/2981/3310 1779/2061/2144
f 1733/2006/2087 1727/2001/2082 1729/2004/2085
f 1741/2015/2096 1740/2014/2095 1746/2021/2102 1747/2020/2101
f 1839/2130/2237 1096/1287/1356 1097/1286/1355
f 1801/2083/2555 1781/2063/2146 1783/2066/2149 1786/2068/2151
f 1811/2092/2553 1789/2071/2154 1791/2074/2157 1794/2076/2159
f 2475/2982/3312 2473/2983/3313 1817/2098/3314 1815/2096/3315
f 2473/2983/3313 2472/2984/3316 1818/2100/3317 1817/2098/3314
f 1404/1617/2181 1788/2069/2180 1803/2085/2183 1406/1618/2182
f 1743/2016/2212 1818/2100/2213 1798/2079/2164 1742/2017/2163
f 1337/1543/1617 1339/1546/1620 2108/2474/2557 1369/1580/1653
f 2364/2838/3123 2355/2829/3104 2131/2502/2637 2140/2511/2656
f 2364/2838/3123 1951/2257/2353 2355/2829/3104
f 2097/2985/3318 1965/2276/2375 1823/2107/2218 2101/2464/2525
f 2101/2464/2525 2476/2986/3319 1658/2987/3320 2097/2985/3318
f 2617/2989/3321 1211/1410/1484 2177/2551/2741 2616/2686/2901
f 2181/2558/2747 1228/1430/1505 2620/2990/3322 2621/2687/2902
f 2600/2991/3323 2601/2992/3324 2366/2840/3128 2145/2516/2664
f 2178/2993/2742 1212/1520/1483 1213/1413/1488 2179/2858/3175
f 1821/2105/2216 1824/2108/2219 1964/2275/2374 1963/2274/2373
f 878/1003/1032 1929/2232/2329 2476/2986/3319 2101/2464/2525
f 1828/2113/2224 1864/2162/2262 1132/1325/1392 1135/1326/1393
f 1339/1546/1620 1836/2124/2233 1775/2994/2139 2108/2474/2557
f 1406/1618/1692 1804/2087/3325 2382/2864/3189 1405/1619/1693
f 1804/2087/3325 1778/2058/2141 1401/1613/1688 2382/2864/3189
f 1816/2099/2548 2107/2473/2547 2469/2981/3310 1814/2097/3311
f 2469/2981/3310 2107/2473/2547 2110/2478/2561 1717/1991/2072
f 2107/2473/2547 1741/2015/2096 1747/2020/2101 2110/2478/2561
f 2503/2995/3326 2504/2996/3327 2478/2997/3328 2477/2998/3329
f 2504/2996/3327 2505/2999/3330 2479/3000/3331 2478/2997/3328
f 2505/2999/3330 2506/3001/3332 2480/3002/3333 2479/3000/3331
f 2506/3001/3332 2507/3003/3334 2481/3004/3335 2480/3002/3333
f 2507/3003/3334 2508/3005/3336 2482/3006/3337 2481/3004/3335
f 2508/3005/3336 2509/3007/3338 2483/3008/3339 2482/3006/3337
f 2509/3007/3338 2510/3009/3340 2484/3010/3341 2483/3008/3339
f 2510/3009/3340 2511/3011/3342 2485/3012/3343 2484/3010/3341
f 2511/3011/3342 2512/3013/3344 2486/3014/3345 2485/3012/3343
f 2512/3013/3344 2513/3015/3346 2487/3016/3347 2486/3014/3345
f 2513/3015/3346 2514/3017/3348 2488/3018/3349 2487/3016/3347
f 2514/3017/3348 2515/3019/3350 2489/3020/3351 2488/3018/3349
f 2516/3021/3352 2490/3022/3353 2489/3020/3351 2515/3019/3350
f 2516/3021/3352 2517/3023/3354 2491/3024/3355 2490/3022/3353
f 2517/3023/3354 2518/3025/3356 2492/3026/3357 2491/3024/3355
f 2518/3025/3356 2519/3027/3358 2493/3028/3359 2492/3026/3357
f 2519/3027/3358 2520/3029/3360 2494/3030/3361 2493/3028/3359
f 2520/3029/3360 2521/3031/3362 2495/3032/3363 2494/3030/3361
f 2521/3031/3362 2522/3033/3364 2496/3034/3365 2495/3032/3363
f 2522/3033/3364 2523/3035/3366 2497/3036/3367 2496/3034/3365
f 2523/3035/3366 2524/3037/3368 2498/3038/3369 2497/3036/3367
f 2524/3037/3368 2525/3039/3370 2499/3040/3371 2498/3038/3369
f 2525/3039/3370 2526/3041/3372 2500/3042/3373 2499/3040/3371
f 2526/3041/3372 2527/3043/3374 2501/3044/3375 2500/3042/3373
f 2527/3043/3374 2528/3045/3376 2502/3046/3377 2501/3044/3375
f 2528/3045/3376 2503/2995/3326 2477/2998/3329 2502/3046/3377
f 1661/1914/3378 1766/2047/3379 2504/3047/3380 2503/3048/3381
f 1766/2047/3379 2104/2467/3382 2505/3049/3383 2504/3047/3380
f 2104/2467/3382 2105/2468/3384 2506/3050/3385 2505/3049/3383
f 2105/2468/3384 1657/1910/3386 2507/3051/3387 2506/3050/3385
f 1657/1910/3386 1656/1909/3388 2508/3052/3389 2507/3051/3387
f 1656/1909/3388 1767/2049/3390 2509/3053/3391 2508/3052/3389
f 1767/2049/3390 2529/3054/3392 2510/3055/3393 2509/3053/3391
f 2529/3054/3392 2530/3056/3394 2511/3057/3395 2510/3055/3393
f 2530/3056/3394 2531/3058/3396 2512/3059/3397 2511/3057/3395
f 2531/3058/3396 2532/3060/3398 2513/3061/3399 2512/3059/3397
f 2532/3060/3398 2533/3062/3400 2514/3063/3401 2513/3061/3399
f 2533/3062/3400 2534/3064/3402 2515/3065/3403 2514/3063/3401
f 2535/3066/3404 2516/3067/3405 2515/3065/3403 2534/3064/3402
f 2535/3066/3404 2536/3068/3406 2517/3069/3407 2516/3067/3405
f 2536/3068/3406 2537/3070/3408 2518/3071/3409 2517/3069/3407
f 2537/3070/3408 2538/3072/3410 2519/3073/3411 2518/3071/3409
f 2538/3072/3410 2539/3074/3412 2520/3075/3413 2519/3073/3411
f 2539/3074/3412 2540/3076/3414 2521/3077/3415 2520/3075/3413
f 2540/3076/3414 2541/3078/3416 2522/3079/3417 2521/3077/3415
f 2541/3078/3416 2542/3080/3418 2523/3081/3419 2522/3079/3417
f 2542/3080/3418 2543/3082/3420 2524/3083/3421 2523/3081/3419
f 2543/3082/3420 2544/3084/3422 2525/3085/3423 2524/3083/3421
f 2544/3084/3422 2545/3086/3424 2526/3087/3425 2525/3085/3423
f 2545/3086/3424 2106/2469/3426 2527/3088/3427 2526/3087/3425
f 2106/2469/3426 1660/1915/3428 2528/3089/3429 2527/3088/3427
f 1660/1915/3428 1661/1914/3378 2503/3048/3381 2528/3089/3429
f 1903/2202/2301 1749/2024/2106 1750/2023/2105 1904/2203/2302
f 1773/2054/2137 1404/1617/1691 1353/1562/1634
f 1925/2227/2324 1923/2226/2323 1198/1393/3430 1200/1396/3431
f 1196/1391/3432 1198/1393/3430 1923/2226/2323 2546/3090/3433
f 1194/1389/3434 1196/1391/3432 2546/3090/3433 2547/3091/3435
f 1193/1388/3436 1194/1389/3434 2547/3091/3435 2548/3092/3437
f 1192/1387/3438 1193/1388/3436 2548/3092/3437 2549/3093/3439
f 1188/1383/3440 1192/1387/3438 2549/3093/3439 2550/3094/3441
f 1190/1384/3442 1188/1383/3440 2550/3094/3441 2551/3095/3443
f 1186/1381/3444 1190/1384/3442 2551/3095/3443 1761/2041/2120
f 1183/1379/2119 1186/1381/3444 1761/2041/2120 1760/2040/2116
f 2546/3090/3433 1923/2226/2323 1928/2231/2328 2552/3096/3445
f 2547/3091/3435 2546/3090/3433 2552/3096/3445 2553/3097/3446
f 2548/3092/3437 2547/3091/3435 2553/3097/3446 2554/3098/3447
f 2549/3093/3439 2548/3092/3437 2554/3098/3447 2555/3099/3448
f 2550/3094/3441 2549/3093/3439 2555/3099/3448 2556/3100/3449
f 2551/3095/3443 2550/3094/3441 2556/3100/3449 2557/3101/3450
f 1761/2041/2120 2551/3095/3443 2557/3101/3450 1762/2042/2121
f 918/2802/3036 1771/3102/3451 2102/2465/2526 1056/1240/1234
f 1208/1408/1481 1211/1410/1484 2617/2989/3321 2618/3103/3452
f 1162/1354/1592 1163/1355/2360 904/1033/1064 247/275/289
f 2612/3104/3453 2609/1373/1443 1180/1375/1446 1364/3105/3454
f 2619/3106/3455 2620/2990/3322 1228/1430/1505 1225/1429/1504
f 1314/1518/1594 2630/2472/3456 2631/2808/3042 260/288/304
f 1106/1295/3129 2366/2840/3128 2601/2992/3324 1105/1296/1486
f 1910/2210/2354 1951/2257/2353 2364/2838/3123 1909/2208/3125
f 1992/2305/2404 1988/2301/2400 1991/2304/2403
f 1992/2305/2404 1989/2302/2401 1988/2301/2400
f 1990/2303/2402 1986/2299/2398 1978/2291/2390 1984/2296/2395
f 1415/1646/1702 1846/3107/3457 2460/2961/3297 1414/1647/1703
f 1846/3107/3457 2002/3108/3458 2459/2958/3296 2460/2961/3297
f 2002/3108/3458 2001/3109/3459 2461/2962/3298 2459/2958/3296
f 2001/3109/3459 1955/2264/2363 1666/1928/2021 2461/2962/3298
f 1621/1867/1973 1219/1418/1493 1218/1417/1492 1825/2454/2515
f 2100/2978/3460 2099/3110/3461 1662/1918/2017 1663/1920/2018
f 2099/3110/3461 2098/3111/3462 2462/2964/3299 1662/1918/2017
f 2098/3111/3462 1962/3112/3463 2463/2966/3300 2462/2964/3299
f 1962/3112/3463 1961/2315/2412 1674/1943/2029 2463/2966/3300
f 2000/2316/2413 1120/3113/3464 2465/2971/3302 1672/1938/2027
f 1120/3113/3464 1967/3114/2379 2464/2968/3301 2465/2971/3302
f 1967/2280/2379 1315/1522/1596 1763/2044/2123 2464/2974/3301
f 1112/1302/1371 1907/2206/2305 1908/2207/2306 1114/1303/1372
f 1963/2455/2516 1964/2456/2517 1628/1873/1979 1622/1868/1974
f 1965/2457/2518 2097/2458/2519 1629/1875/1981 1627/1874/1980
f 764/869/912 770/874/917 1824/2108/2219 1821/2105/2216
f 1545/1790/1835 1677/1952/2033 1528/1775/1820 1529/1774/1819
f 1539/1786/1831 1526/1772/1817 1528/1775/1820 1677/1952/2033
f 1601/1847/1896 1664/1923/2019 1764/2045/2126 1521/1768/1813
f 1664/1923/2019 1538/1784/1829 1523/1769/1814 1764/2045/2126
f 1573/1819/1867 2467/2976/3304 1605/1851/3465 1575/1820/1868
f 2467/2976/3304 1592/1838/1887 1591/1837/1886 1605/1851/3465
f 1557/1803/1848 2466/2975/3303 1765/2046/2128 1493/1740/1785
f 2466/2975/3303 1547/1793/1838 1495/1741/1786 1765/2046/2128
f 1567/1813/1861 1667/1929/2022 1603/1849/3466 1569/1814/1862
f 1667/1929/2022 1589/1836/1885 1590/1835/1884 1603/1849/3466
f 2458/2957/3295 1608/1854/3467 1607/1853/3270 2436/2921/3269
f 2434/2919/3265 1610/1856/3264 1608/1854/3467 2458/2957/3295
f 1551/1796/1841 1649/1896/2002 2433/2918/3294 1550/1797/1842
f 2435/2920/3267 1612/1858/3266 1599/1845/1894 1598/1844/1893
f 1952/2259/2529 1108/1298/3468 1107/1297/3469
f 1952/2259/2529 2356/2830/3470 1108/1298/3468
f 1952/2259/2529 2357/2831/3471 2356/2830/3470
f 1952/2259/2529 2358/2832/3472 2357/2831/3471
f 1952/2259/2529 2359/2833/3473 2358/2832/3472
f 1952/2259/2529 2360/2834/3474 2359/2833/3473
f 1952/2259/2529 2361/2835/3475 2360/2834/3474
f 1952/2259/2529 2362/2836/3476 2361/2835/3475
f 1952/2259/2529 2103/2466/2528 2362/2836/3476
f 1768/2048/2131 2411/2893/3218 2529/3054/3477 1767/2049/2132
f 2411/2893/3218 2409/2891/3216 2530/3056/3478 2529/3054/3477
f 2409/2891/3216 2408/2890/3215 2531/3058/3479 2530/3056/3478
f 2408/2890/3215 2407/2889/3214 2532/3060/3480 2531/3058/3479
f 2407/2889/3214 2405/2887/3212 2533/3062/3481 2532/3060/3480
f 2405/2887/3212 2403/2884/3209 2534/3064/3482 2533/3062/3481
f 2401/2883/3208 2535/3066/3483 2534/3064/3482 2403/2884/3209
f 2401/2883/3208 2400/2882/3207 2536/3068/3484 2535/3066/3483
f 2400/2882/3207 2399/2881/3206 2537/3070/3485 2536/3068/3484
f 2399/2881/3206 2397/2879/3204 2538/3072/3486 2537/3070/3485
f 2397/2879/3204 2395/2877/3202 2539/3074/3487 2538/3072/3486
f 2395/2877/3202 2393/2875/3200 2540/3076/3488 2539/3074/3487
f 2393/2875/3200 2391/2873/3198 2541/3078/3489 2540/3076/3488
f 2391/2873/3198 2389/2871/3196 2542/3080/3490 2541/3078/3489
f 2389/2871/3196 2387/2869/3194 2543/3082/3491 2542/3080/3490
f 2387/2869/3194 2385/2867/3192 2544/3084/3492 2543/3082/3491
f 2385/2867/3192 2383/2865/3190 2545/3086/3493 2544/3084/3492
f 2383/2865/3190 1452/1696/1743 2106/2469/2533 2545/3086/3493
f 1658/1911/2011 2476/3115/3494 2439/2925/3275 1458/1702/1748
f 2476/3115/3494 1929/2471/2535 1637/1884/1990 2439/2925/3275
f 1930/2470/2534 1931/3116/3495 2441/2927/3277 1638/1885/1991
f 1931/3116/3495 2102/3117/3496 2443/2929/3279 2441/2927/3277
f 2102/3117/3496 1771/2052/2135 1769/2051/2134 2443/2929/3279
f 1762/2042/2121 2557/3101/3450 2447/2933/3283 1772/2053/2136
f 2557/3101/3450 2556/3100/3449 2449/2935/3285 2447/2933/3283
f 2556/3100/3449 2555/3099/3448 2451/2937/3287 2449/2935/3285
f 2555/3099/3448 2554/3098/3447 2453/2939/3289 2451/2937/3287
f 2554/3098/3447 2553/3097/3446 2455/2941/3291 2453/2939/3289
f 2553/3097/3446 2552/3096/3445 2457/2943/3293 2455/2941/3291
f 2552/3096/3445 1928/2231/2328 1645/1893/1999 2457/2943/3293
f 2472/2984/3316 1783/2066/2149 1798/2079/2552 1818/2100/3317
f 1796/2077/2160 1794/2076/2159 2475/2982/3312 1815/2096/3315
f 2474/3118/3497 1791/2074/2157 1807/2089/2550 1806/2088/3498
f 2470/3119/3499 2474/3118/3497 1806/2088/3498 1805/2086/3500
f 2471/3120/3501 2470/3119/3499 1805/2086/3500 1803/2085/3502
f 1788/2069/2152 1786/2068/2151 2471/3120/3501 1803/2085/3502
f 1835/2122/2231 1799/2081/2232 1800/2082/3503 1836/3121/2233
f 1836/3121/2233 1800/2082/3503 1774/2055/2138 1775/2056/2139
f 1392/1604/1679 2108/2474/2557 1775/2994/2139 1393/1605/1680
f 1810/2093/2558 1812/2094/2307 1832/2117/2228 1833/2475/2230
f 1904/2203/2302 1750/2023/2105 1391/1603/1676 1997/2312/2409
f 1146/1338/1405 1145/1337/1404 1843/2137/2242 1844/2136/2241
f 1748/2022/2236 1838/2127/2235 1344/1549/1623
f 1905/2205/2304 1907/2206/2305 1995/2308/2407 1831/2319/2227
f 1827/2112/2223 1142/1334/1401 1144/1336/1403 1233/1438/1511
f 1754/2029/2110 1753/2028/2108 1756/2032/2112
f 1734/2008/2589 2115/2484/2592 1705/1980/2588 1744/2018/2587
f 1095/1284/2563 1693/1967/2566 1698/1974/2618 1094/1285/2617
f 1281/1484/1557 1275/1478/1551 1329/1535/1609 1330/1536/1610
f 1217/1416/1491 1160/1352/1419 1162/1354/1421
f 1229/1433/1506 1231/1436/1509 1201/1395/3172
f 1316/1521/1595 1111/1301/1370 1113/1304/1373
f 1967/3122/2379 1120/1310/1379 1119/1313/1377
f 1883/2181/2281 1268/1473/1546 1270/1475/1548 1960/2270/2369
f 1152/1345/1412 1191/1386/2542 1150/1342/1409
f 1208/1408/3504 1101/1292/1361 1102/1291/1360
f 2120/2490/3505 2121/2489/3506 2558/3123/3507
f 2121/2489/3506 2122/2491/3508 2558/3123/3507
f 2122/2491/3508 2123/2492/3509 2558/3123/3507
f 2123/2492/3509 2124/2493/3510 2558/3123/3507
f 2124/2493/3510 2125/2494/3511 2558/3123/3507
f 2125/2494/3511 2126/2495/3512 2558/3123/3507
f 2126/2495/3512 2127/2496/3513 2558/3123/3507
f 2127/2496/3513 2128/2497/3514 2558/3123/3507
f 2128/2497/3514 2129/2498/3515 2558/3123/3507
f 2129/2498/3515 2120/2490/3505 2558/3123/3507
f 2593/3124/3516 2594/3125/3517 144/291/179 2178/2993/2742
f 2583/3126/3518 2584/24/34 13/27/37 144/291/179
f 2594/3125/3517 2583/3126/3518 144/291/179
f 2587/2693/2908 2593/3124/3516 2178/2993/2742
f 2592/3127/3519 2565/3128/3520 2567/3129/3521 2591/3130/3522
f 2559/3131/3523 2565/3128/3520 2592/3127/3519 2586/2690/2905
f 2590/3132/3524 2569/3133/3525 2598/3134/3526 2599/3135/3527
f 2591/3130/3522 2567/3129/3521 2569/3133/3525 2590/3132/3524
f 2561/13/13 2564/23/32 2/2/33 1/1/14
f 6/6/20 2573/18/22 2570/16/19
f 2560/12/12 2559/3131/3523 2597/3136/3528 2561/13/13
f 2559/3131/3523 2560/12/12 2566/14/15 2565/3128/3520
f 2561/13/13 2562/3137/3529 2563/3138/3530 2564/23/32
f 2564/23/32 2563/3138/3530 2581/3139/3531 2582/22/30
f 2565/3128/3520 2566/14/15 2568/15/17 2567/3129/3521
f 2567/3129/3521 2568/15/17 2570/16/19 2569/3133/3525
f 2569/3133/3525 2570/16/19 2573/18/22 2598/3134/3526
f 2572/17/21 2571/2554/2744 2574/2553/2743 2573/18/22
f 2571/2554/2744 2572/17/21 2576/19/24 2575/2692/2907
f 2575/2692/2907 2576/19/24 2578/20/26 2577/3140/3532
f 2577/3140/3532 2578/20/26 2580/21/28 2579/3141/3533
f 2579/3141/3533 2580/21/28 2582/22/30 2581/3139/3531
f 2581/3139/3531 2563/3138/3530 2584/24/34 2583/3126/3518
f 2563/3138/3530 2562/3137/3529 2585/25/35 2584/24/34
f 2597/3136/3528 2559/3131/3523 2586/2690/2905 2596/2689/2904
f 2588/2555/2745 2587/2693/2908 2178/2993/2742 2179/2858/3175
f 2589/2556/2746 2588/2555/2745 2179/2858/3175 2180/2857/3174
f 2145/2516/2664 2590/3132/3524 2599/3135/3527 2600/2991/3323
f 2145/2516/2664 2591/3130/3522 2590/3132/3524
f 2146/2517/2665 2592/3127/3519 2591/3130/3522 2145/2516/2664
f 2586/2690/2905 2592/3127/3519 2146/2517/2665
f 2575/2692/2907 2577/3140/3532 2593/3124/3516 2587/2693/2908
f 2577/3140/3532 2579/3141/3533 2594/3125/3517 2593/3124/3516
f 2579/3141/3533 2581/3139/3531 2583/3126/3518 2594/3125/3517
f 2595/2691/2906 34/48/182 12/26/36
f 2585/25/35 2596/2689/2904 2595/2691/2906 12/26/36
f 2562/3137/3529 2597/3136/3528 2596/2689/2904 2585/25/35
f 2561/13/13 2597/3136/3528 2562/3137/3529
f 2598/3134/3526 2573/18/22 2574/2553/2743
f 2599/3135/3527 2598/3134/3526 2574/2553/2743 2589/2556/2746
f 2600/2991/3323 2599/3135/3527 2589/2556/2746 2180/2857/3174
f 2180/2857/3174 1214/1412/1487 2601/2992/3324 2600/2991/3323
f 1105/1296/1486 2601/2992/3324 1214/1412/1487
f 106/2544/3534 2605/127/3535 105/123/133 107/126/136
f 2604/115/3536 106/2544/3534 104/122/132 97/112/131
f 2610/1374/3537 1175/2855/3538 1177/1370/1440 1176/1369/1439
f 1175/2855/3538 2611/1360/3539 1167/1358/1437 1174/1368/1438
f 2602/128/3540 2603/114/3541 2606/1031/3542 2607/2805/3543
f 2603/114/3541 2602/128/3540 2605/127/3544 2604/115/3545
f 2608/1361/3546 2609/1373/3547 2612/3104/3548 2613/2260/3549
f 2609/1373/3547 2608/1361/3546 2611/1360/3550 2610/1374/3551
f 106/2544/3534 2604/115/3536 2605/127/3535
f 2610/1374/3537 2611/1360/3539 1175/2855/3538
f 2613/1578/1651 1334/1539/1613 1332/1538/1612
f 2606/361/375 292/323/338 293/322/337
f 2614/160/173 140/163/176 142/1034/1066
f 2615/2685/2900 2614/2804/3038 142/1032/1061 95/111/119
f 95/111/119 2175/2548/2729 2616/2686/2901 2615/2685/2900
f 1166/1359/1425 2617/2989/3321 2616/2686/2901 2175/2548/2729
f 2618/3103/3452 2617/2989/3321 1166/1359/1425 1210/2261/2358
f 1209/1407/1480 2618/1406/1479 1210/2262/2361
f 1364/3105/3454 1180/1375/1446 2620/2990/3322 2619/3106/3455
f 2621/2687/2902 2620/2990/3322 1180/1375/1446 2160/2532/2690
f 2622/2688/2903 2621/2687/2902 2160/2532/2690 110/129/139
f 323/2806/3040 2623/2807/3041 2622/2688/2903 110/129/139
f 148/876/919 771/1045/1077 765/871/914 2624/877/920
f 765/871/914 766/870/913 2625/1241/1235 2624/877/920
f 1822/2106/2217 2626/2109/2220 2625/1241/1235 766/870/913
f 1218/2110/2221 2626/2109/2220 1822/2106/2217 1825/2273/2372
f 2628/1051/1083 2627/2278/2377 1771/3102/3451 918/2802/3036
f 2629/1052/1084 2628/1051/1083 918/2802/3036 713/2803/3037
f 135/654/694 2629/815/830 713/2820/3082 712/2627/2860
f 1204/1399/1473 2627/2050/2133 1770/1400/1474
f 2631/2808/3042 2630/2472/3456 1202/1397/3173 2176/3142/2740
f 2632/156/3043 2631/2808/3042 2176/3142/2740 134/153/2739
f 135/654/694 137/154/168 134/153/167 711/814/829
f 1203/2043/2122 1205/1398/1472 1202/1397/1471 2630/2472/2536
f 94/110/2727 95/111/119 96/113/118
f 1166/1359/1425 1165/1357/1424 1167/1358/1426
f 1413/1882/1700 1636/1883/2032 1390/1602/1675
f 372/648/424 305/335/2760 304/334/2762 349/385/399
f 2097/2985/3318 1658/2987/3320 1659/2988/3552
f 1054/1238/1232 1050/2681/2897 602/2683/2898 2272/2684/2909
f 154/177/192 2623/2559/2748 323/357/3553
f 1225/1424/1499 1224/1423/1498 2619/2859/3176
f 903/1030/1128 857/977/1009 856/976/1008
f 1921/2224/2321 1919/2223/2319 1953/2258/2421 1911/2209/2309
f 1140/1332/1399 1819/2104/2215 1820/2103/2214 1141/1333/1400
f 1902/2200/2300 1123/1315/1382 1122/1314/1381 1149/1341/1408
f 279/309/324 68/85/93 70/87/95 761/865/909
f 848/967/999 791/906/942 78/94/102 79/95/103
